sample,sample_accession,library_name,experiment_accession,run_accession
RCN12025,SAMEA117703754,RCN12025_GRC1,ERX13789722,ERR14388603
RCN12025,SAMEA117703754,RCN12025_GRC2,ERX13789723,ERR14388604
RCN12025,SAMEA117703754,RCN12025_SPEC,ERX13789724,ERR14388605
RCN12026,SAMEA117703755,RCN12026_GRC1,ERX13789725,ERR14388606
RCN12026,SAMEA117703755,RCN12026_GRC2,ERX13789726,ERR14388607
RCN12026,SAMEA117703755,RCN12026_SPEC,ERX13789727,ERR14388608
RCN12028,SAMEA117703757,RCN12028_GRC1,ERX13789731,ERR14388612
RCN12028,SAMEA117703757,RCN12028_GRC2,ERX13789732,ERR14388613
RCN12028,SAMEA117703757,RCN12028_SPEC,ERX13789733,ERR14388614
RCN12031,SAMEA117703760,RCN12031_GRC1,ERX13789740,ERR14388621
RCN12031,SAMEA117703760,RCN12031_GRC2,ERX13789741,ERR14388622
RCN12031,SAMEA117703760,RCN12031_SPEC,ERX13789742,ERR14388623
RCN12032,SAMEA117703761,RCN12032_GRC1,ERX13789743,ERR14388624
RCN12032,SAMEA117703761,RCN12032_GRC2,ERX13789744,ERR14388625
RCN12032,SAMEA117703761,RCN12032_SPEC,ERX13789745,ERR14388626
RCN12033,SAMEA117703762,RCN12033_GRC1,ERX13789746,ERR14388627
RCN12033,SAMEA117703762,RCN12033_GRC2,ERX13789747,ERR14388628
RCN12033,SAMEA117703762,RCN12033_SPEC,ERX13789748,ERR14388629
RCN12035,SAMEA117703764,RCN12035_GRC1,ERX13789752,ERR14388633
RCN12035,SAMEA117703764,RCN12035_GRC2,ERX13789753,ERR14388634
RCN12035,SAMEA117703764,RCN12035_SPEC,ERX13789754,ERR14388635
RCN12036,SAMEA117703765,RCN12036_GRC1,ERX13789755,ERR14388636
RCN12036,SAMEA117703765,RCN12036_GRC2,ERX13789756,ERR14388637
RCN12036,SAMEA117703765,RCN12036_SPEC,ERX13789757,ERR14388638
RCN12040,SAMEA117703769,RCN12040_GRC1,ERX13789767,ERR14388648
RCN12040,SAMEA117703769,RCN12040_GRC2,ERX13789768,ERR14388649
RCN12040,SAMEA117703769,RCN12040_SPEC,ERX13789769,ERR14388650
RCN12041,SAMEA117703770,RCN12041_GRC1,ERX13789770,ERR14388651
RCN12041,SAMEA117703770,RCN12041_GRC2,ERX13789771,ERR14388652
RCN12041,SAMEA117703770,RCN12041_SPEC,ERX13789772,ERR14388653
RCN12043,SAMEA117703772,RCN12043_GRC1,ERX13789776,ERR14388657
RCN12043,SAMEA117703772,RCN12043_GRC2,ERX13789777,ERR14388658
RCN12043,SAMEA117703772,RCN12043_SPEC,ERX13789778,ERR14388659
RCN12044,SAMEA117703773,RCN12044_GRC1,ERX13789779,ERR14388660
RCN12044,SAMEA117703773,RCN12044_GRC2,ERX13789780,ERR14388661
RCN12044,SAMEA117703773,RCN12044_SPEC,ERX13789781,ERR14388662
RCN12051,SAMEA117703779,RCN12051_GRC1,ERX13789797,ERR14388678
RCN12051,SAMEA117703779,RCN12051_GRC2,ERX13789798,ERR14388679
RCN12051,SAMEA117703779,RCN12051_SPEC,ERX13789799,ERR14388680
RCN12058,SAMEA117703785,RCN12058_GRC1,ERX13789815,ERR14388696
RCN12058,SAMEA117703785,RCN12058_GRC2,ERX13789816,ERR14388697
RCN12058,SAMEA117703785,RCN12058_SPEC,ERX13789817,ERR14388698
RCN12059,SAMEA117703786,RCN12059_GRC1,ERX13789818,ERR14388699
RCN12059,SAMEA117703786,RCN12059_GRC2,ERX13789819,ERR14388700
RCN12059,SAMEA117703786,RCN12059_SPEC,ERX13789820,ERR14388701
RCN12060,SAMEA117703787,RCN12060_GRC1,ERX13789821,ERR14388702
RCN12060,SAMEA117703787,RCN12060_GRC2,ERX13789822,ERR14388703
RCN12060,SAMEA117703787,RCN12060_SPEC,ERX13789823,ERR14388704
RCN12070,SAMEA117703795,RCN12070_GRC1,ERX13789845,ERR14388726
RCN12070,SAMEA117703795,RCN12070_GRC2,ERX13789846,ERR14388727
RCN12070,SAMEA117703795,RCN12070_SPEC,ERX13789847,ERR14388728
RCN12071,SAMEA117703796,RCN12071_GRC1,ERX13789848,ERR14388729
RCN12071,SAMEA117703796,RCN12071_GRC2,ERX13789849,ERR14388730
RCN12071,SAMEA117703796,RCN12071_SPEC,ERX13789850,ERR14388731
RCN12072,SAMEA117703797,RCN12072_GRC1,ERX13789851,ERR14388732
RCN12072,SAMEA117703797,RCN12072_GRC2,ERX13789852,ERR14388733
RCN12072,SAMEA117703797,RCN12072_SPEC,ERX13789853,ERR14388734
RCN12075,SAMEA117703800,RCN12075_GRC1,ERX13789860,ERR14388741
RCN12075,SAMEA117703800,RCN12075_GRC2,ERX13789861,ERR14388742
RCN12075,SAMEA117703800,RCN12075_SPEC,ERX13789862,ERR14388743
RCN12076,SAMEA117703801,RCN12076_GRC1,ERX13789863,ERR14388744
RCN12076,SAMEA117703801,RCN12076_GRC2,ERX13789864,ERR14388745
RCN12076,SAMEA117703801,RCN12076_SPEC,ERX13789865,ERR14388746
RCN12080,SAMEA117703805,RCN12080_GRC1,ERX13789875,ERR14388756
RCN12080,SAMEA117703805,RCN12080_GRC2,ERX13789876,ERR14388757
RCN12080,SAMEA117703805,RCN12080_SPEC,ERX13789877,ERR14388758
RCN12082,SAMEA117703807,RCN12082_GRC1,ERX13789881,ERR14388762
RCN12082,SAMEA117703807,RCN12082_GRC2,ERX13789882,ERR14388763
RCN12082,SAMEA117703807,RCN12082_SPEC,ERX13789883,ERR14388764
RCN12083,SAMEA117703808,RCN12083_GRC1,ERX13789884,ERR14388765
RCN12083,SAMEA117703808,RCN12083_GRC2,ERX13789885,ERR14388766
RCN12083,SAMEA117703808,RCN12083_SPEC,ERX13789886,ERR14388767
RCN12084,SAMEA117703809,RCN12084_GRC1,ERX13789887,ERR14388768
RCN12084,SAMEA117703809,RCN12084_GRC2,ERX13789888,ERR14388769
RCN12084,SAMEA117703809,RCN12084_SPEC,ERX13789889,ERR14388770
RCN12100,SAMEA117703822,RCN12100_GRC1,ERX13789926,ERR14388807
RCN12100,SAMEA117703822,RCN12100_GRC2,ERX13789927,ERR14388808
RCN12100,SAMEA117703822,RCN12100_SPEC,ERX13789928,ERR14388809
RCN12103,SAMEA117703825,RCN12103_GRC1,ERX13789935,ERR14388816
RCN12103,SAMEA117703825,RCN12103_GRC2,ERX13789936,ERR14388817
RCN12103,SAMEA117703825,RCN12103_SPEC,ERX13789937,ERR14388818
RCN12111,SAMEA117703831,RCN12111_GRC1,ERX13789953,ERR14388834
RCN12111,SAMEA117703831,RCN12111_GRC2,ERX13789954,ERR14388835
RCN12111,SAMEA117703831,RCN12111_SPEC,ERX13789955,ERR14388836
RCN12112,SAMEA117703832,RCN12112_GRC1,ERX13789956,ERR14388837
RCN12112,SAMEA117703832,RCN12112_GRC2,ERX13789957,ERR14388838
RCN12112,SAMEA117703832,RCN12112_SPEC,ERX13789958,ERR14388839
RCN12115,SAMEA117703834,RCN12115_GRC1,ERX13789962,ERR14388843
RCN12115,SAMEA117703834,RCN12115_GRC2,ERX13789963,ERR14388844
RCN12115,SAMEA117703834,RCN12115_SPEC,ERX13789964,ERR14388845
RCN12116,SAMEA117703835,RCN12116_GRC1,ERX13789965,ERR14388846
RCN12116,SAMEA117703835,RCN12116_GRC2,ERX13789966,ERR14388847
RCN12116,SAMEA117703835,RCN12116_SPEC,ERX13789967,ERR14388848
RCN12676,SAMEA117703989,RCN12676_GRC1,ERX13790427,ERR14389308
RCN12676,SAMEA117703989,RCN12676_GRC2,ERX13790428,ERR14389309
RCN12676,SAMEA117703989,RCN12676_SPEC,ERX13790429,ERR14389310
RCN12688,SAMEA117704000,RCN12688_GRC1,ERX13790460,ERR14389341
RCN12688,SAMEA117704000,RCN12688_GRC2,ERX13790461,ERR14389342
RCN12688,SAMEA117704000,RCN12688_SPEC,ERX13790462,ERR14389343
RCN12689,SAMEA117704001,RCN12689_GRC1,ERX13790463,ERR14389344
RCN12689,SAMEA117704001,RCN12689_GRC2,ERX13790464,ERR14389345
RCN12689,SAMEA117704001,RCN12689_SPEC,ERX13790465,ERR14389346
RCN12693,SAMEA117704005,RCN12693_GRC1,ERX13790475,ERR14389356
RCN12693,SAMEA117704005,RCN12693_GRC2,ERX13790476,ERR14389357
RCN12693,SAMEA117704005,RCN12693_SPEC,ERX13790477,ERR14389358
RCN12694,SAMEA117704006,RCN12694_GRC1,ERX13790478,ERR14389359
RCN12694,SAMEA117704006,RCN12694_GRC2,ERX13790479,ERR14389360
RCN12694,SAMEA117704006,RCN12694_SPEC,ERX13790480,ERR14389361
RCN12696,SAMEA117704008,RCN12696_GRC1,ERX13790484,ERR14389365
RCN12696,SAMEA117704008,RCN12696_GRC2,ERX13790485,ERR14389366
RCN12696,SAMEA117704008,RCN12696_SPEC,ERX13790486,ERR14389367
RCN12698,SAMEA117704010,RCN12698_GRC1,ERX13790490,ERR14389371
RCN12698,SAMEA117704010,RCN12698_GRC2,ERX13790491,ERR14389372
RCN12698,SAMEA117704010,RCN12698_SPEC,ERX13790492,ERR14389373
RCN12700,SAMEA117704012,RCN12700_GRC1,ERX13790496,ERR14389377
RCN12700,SAMEA117704012,RCN12700_GRC2,ERX13790497,ERR14389378
RCN12700,SAMEA117704012,RCN12700_SPEC,ERX13790498,ERR14389379
RCN12704,SAMEA117704016,RCN12704_GRC1,ERX13790508,ERR14389389
RCN12704,SAMEA117704016,RCN12704_GRC2,ERX13790509,ERR14389390
RCN12704,SAMEA117704016,RCN12704_SPEC,ERX13790510,ERR14389391
RCN12710,SAMEA117704022,RCN12710_GRC1,ERX13790526,ERR14389407
RCN12710,SAMEA117704022,RCN12710_GRC2,ERX13790527,ERR14389408
RCN12710,SAMEA117704022,RCN12710_SPEC,ERX13790528,ERR14389409
RCN12712,SAMEA117704024,RCN12712_GRC1,ERX13790532,ERR14389413
RCN12712,SAMEA117704024,RCN12712_GRC2,ERX13790533,ERR14389414
RCN12712,SAMEA117704024,RCN12712_SPEC,ERX13790534,ERR14389415
RCN12716,SAMEA117704028,RCN12716_GRC1,ERX13790544,ERR14389425
RCN12716,SAMEA117704028,RCN12716_GRC2,ERX13790545,ERR14389426
RCN12716,SAMEA117704028,RCN12716_SPEC,ERX13790546,ERR14389427
RCN12720,SAMEA117704031,RCN12720_GRC1,ERX13790553,ERR14389434
RCN12720,SAMEA117704031,RCN12720_GRC2,ERX13790554,ERR14389435
RCN12720,SAMEA117704031,RCN12720_SPEC,ERX13790555,ERR14389436
RCN12722,SAMEA117704033,RCN12722_GRC1,ERX13790559,ERR14389440
RCN12722,SAMEA117704033,RCN12722_GRC2,ERX13790560,ERR14389441
RCN12722,SAMEA117704033,RCN12722_SPEC,ERX13790561,ERR14389442
RCN12725,SAMEA117704036,RCN12725_GRC1,ERX13790568,ERR14389449
RCN12725,SAMEA117704036,RCN12725_GRC2,ERX13790569,ERR14389450
RCN12725,SAMEA117704036,RCN12725_SPEC,ERX13790570,ERR14389451
RCN12726,SAMEA117704037,RCN12726_GRC1,ERX13790571,ERR14389452
RCN12726,SAMEA117704037,RCN12726_GRC2,ERX13790572,ERR14389453
RCN12726,SAMEA117704037,RCN12726_SPEC,ERX13790573,ERR14389454
RCN12732,SAMEA117704043,RCN12732_GRC1,ERX13790589,ERR14389470
RCN12732,SAMEA117704043,RCN12732_GRC2,ERX13790590,ERR14389471
RCN12732,SAMEA117704043,RCN12732_SPEC,ERX13790591,ERR14389472
RCN12733,SAMEA117704044,RCN12733_GRC1,ERX13790592,ERR14389473
RCN12733,SAMEA117704044,RCN12733_GRC2,ERX13790593,ERR14389474
RCN12733,SAMEA117704044,RCN12733_SPEC,ERX13790594,ERR14389475
RCN12734,SAMEA117704045,RCN12734_GRC1,ERX13790595,ERR14389476
RCN12734,SAMEA117704045,RCN12734_GRC2,ERX13790596,ERR14389477
RCN12734,SAMEA117704045,RCN12734_SPEC,ERX13790597,ERR14389478
RCN12736,SAMEA117704047,RCN12736_GRC1,ERX13790601,ERR14389482
RCN12736,SAMEA117704047,RCN12736_GRC2,ERX13790602,ERR14389483
RCN12736,SAMEA117704047,RCN12736_SPEC,ERX13790603,ERR14389484
RCN12737,SAMEA117704048,RCN12737_GRC1,ERX13790604,ERR14389485
RCN12737,SAMEA117704048,RCN12737_GRC2,ERX13790605,ERR14389486
RCN12737,SAMEA117704048,RCN12737_SPEC,ERX13790606,ERR14389487
RCN12738,SAMEA117704049,RCN12738_GRC1,ERX13790607,ERR14389488
RCN12738,SAMEA117704049,RCN12738_GRC2,ERX13790608,ERR14389489
RCN12738,SAMEA117704049,RCN12738_SPEC,ERX13790609,ERR14389490
RCN12740,SAMEA117704051,RCN12740_GRC1,ERX13790613,ERR14389494
RCN12740,SAMEA117704051,RCN12740_GRC2,ERX13790614,ERR14389495
RCN12740,SAMEA117704051,RCN12740_SPEC,ERX13790615,ERR14389496
RCN12741,SAMEA117704052,RCN12741_GRC1,ERX13790616,ERR14389497
RCN12741,SAMEA117704052,RCN12741_GRC2,ERX13790617,ERR14389498
RCN12741,SAMEA117704052,RCN12741_SPEC,ERX13790618,ERR14389499
RCN12742,SAMEA117704053,RCN12742_GRC1,ERX13790619,ERR14389500
RCN12742,SAMEA117704053,RCN12742_GRC2,ERX13790620,ERR14389501
RCN12742,SAMEA117704053,RCN12742_SPEC,ERX13790621,ERR14389502
RCN12744,SAMEA117704055,RCN12744_GRC1,ERX13790625,ERR14389506
RCN12744,SAMEA117704055,RCN12744_GRC2,ERX13790626,ERR14389507
RCN12744,SAMEA117704055,RCN12744_SPEC,ERX13790627,ERR14389508
RCN12745,SAMEA117704056,RCN12745_GRC1,ERX13790628,ERR14389509
RCN12745,SAMEA117704056,RCN12745_GRC2,ERX13790629,ERR14389510
RCN12745,SAMEA117704056,RCN12745_SPEC,ERX13790630,ERR14389511
RCN12746,SAMEA117704057,RCN12746_GRC1,ERX13790631,ERR14389512
RCN12746,SAMEA117704057,RCN12746_GRC2,ERX13790632,ERR14389513
RCN12746,SAMEA117704057,RCN12746_SPEC,ERX13790633,ERR14389514
RCN12749,SAMEA117704058,RCN12749_GRC1,ERX13790634,ERR14389515
RCN12749,SAMEA117704058,RCN12749_GRC2,ERX13790635,ERR14389516
RCN12749,SAMEA117704058,RCN12749_SPEC,ERX13790636,ERR14389517
RCN12750,SAMEA117704059,RCN12750_GRC1,ERX13790637,ERR14389518
RCN12750,SAMEA117704059,RCN12750_GRC2,ERX13790638,ERR14389519
RCN12750,SAMEA117704059,RCN12750_SPEC,ERX13790639,ERR14389520
RCN12751,SAMEA117704060,RCN12751_GRC1,ERX13790640,ERR14389521
RCN12751,SAMEA117704060,RCN12751_GRC2,ERX13790641,ERR14389522
RCN12751,SAMEA117704060,RCN12751_SPEC,ERX13790642,ERR14389523
RCN12752,SAMEA117704061,RCN12752_GRC1,ERX13790643,ERR14389524
RCN12752,SAMEA117704061,RCN12752_GRC2,ERX13790644,ERR14389525
RCN12752,SAMEA117704061,RCN12752_SPEC,ERX13790645,ERR14389526
RCN13267,SAMEA117704185,RCN13267_GRC1,ERX13791015,ERR14389896
RCN13267,SAMEA117704185,RCN13267_GRC2,ERX13791016,ERR14389897
RCN13267,SAMEA117704185,RCN13267_SPEC,ERX13791017,ERR14389898
RCN13271,SAMEA117704189,RCN13271_GRC1,ERX13791027,ERR14389908
RCN13271,SAMEA117704189,RCN13271_GRC2,ERX13791028,ERR14389909
RCN13271,SAMEA117704189,RCN13271_SPEC,ERX13791029,ERR14389910
RCN13273,SAMEA117704191,RCN13273_GRC1,ERX13791033,ERR14389914
RCN13273,SAMEA117704191,RCN13273_GRC2,ERX13791034,ERR14389915
RCN13273,SAMEA117704191,RCN13273_SPEC,ERX13791035,ERR14389916
RCN13274,SAMEA117704192,RCN13274_GRC1,ERX13791036,ERR14389917
RCN13274,SAMEA117704192,RCN13274_GRC2,ERX13791037,ERR14389918
RCN13274,SAMEA117704192,RCN13274_SPEC,ERX13791038,ERR14389919
RCN13275,SAMEA117704193,RCN13275_GRC1,ERX13791039,ERR14389920
RCN13275,SAMEA117704193,RCN13275_GRC2,ERX13791040,ERR14389921
RCN13275,SAMEA117704193,RCN13275_SPEC,ERX13791041,ERR14389922
RCN13278,SAMEA117704196,RCN13278_GRC1,ERX13791048,ERR14389929
RCN13278,SAMEA117704196,RCN13278_GRC2,ERX13791049,ERR14389930
RCN13278,SAMEA117704196,RCN13278_SPEC,ERX13791050,ERR14389931
RCN13279,SAMEA117704197,RCN13279_GRC1,ERX13791051,ERR14389932
RCN13279,SAMEA117704197,RCN13279_GRC2,ERX13791052,ERR14389933
RCN13279,SAMEA117704197,RCN13279_SPEC,ERX13791053,ERR14389934
RCN13280,SAMEA117704198,RCN13280_GRC1,ERX13791054,ERR14389935
RCN13280,SAMEA117704198,RCN13280_GRC2,ERX13791055,ERR14389936
RCN13280,SAMEA117704198,RCN13280_SPEC,ERX13791056,ERR14389937
RCN13281,SAMEA117704199,RCN13281_GRC1,ERX13791057,ERR14389938
RCN13281,SAMEA117704199,RCN13281_GRC2,ERX13791058,ERR14389939
RCN13281,SAMEA117704199,RCN13281_SPEC,ERX13791059,ERR14389940
RCN13285,SAMEA117704203,RCN13285_GRC1,ERX13791069,ERR14389950
RCN13285,SAMEA117704203,RCN13285_GRC2,ERX13791070,ERR14389951
RCN13285,SAMEA117704203,RCN13285_SPEC,ERX13791071,ERR14389952
RCN13286,SAMEA117704204,RCN13286_GRC1,ERX13791072,ERR14389953
RCN13286,SAMEA117704204,RCN13286_GRC2,ERX13791073,ERR14389954
RCN13286,SAMEA117704204,RCN13286_SPEC,ERX13791074,ERR14389955
RCN13288,SAMEA117704206,RCN13288_GRC1,ERX13791078,ERR14389959
RCN13288,SAMEA117704206,RCN13288_GRC2,ERX13791079,ERR14389960
RCN13288,SAMEA117704206,RCN13288_SPEC,ERX13791080,ERR14389961
RCN13303,SAMEA117704221,RCN13303_GRC1,ERX13791123,ERR14390004
RCN13303,SAMEA117704221,RCN13303_GRC2,ERX13791124,ERR14390005
RCN13303,SAMEA117704221,RCN13303_SPEC,ERX13791125,ERR14390006
RCN13306,SAMEA117704224,RCN13306_GRC1,ERX13791132,ERR14390013
RCN13306,SAMEA117704224,RCN13306_GRC2,ERX13791133,ERR14390014
RCN13306,SAMEA117704224,RCN13306_SPEC,ERX13791134,ERR14390015
RCN13310,SAMEA117704228,RCN13310_GRC1,ERX13791144,ERR14390025
RCN13310,SAMEA117704228,RCN13310_GRC2,ERX13791145,ERR14390026
RCN13310,SAMEA117704228,RCN13310_SPEC,ERX13791146,ERR14390027
RCN13312,SAMEA117704230,RCN13312_GRC1,ERX13791150,ERR14390031
RCN13312,SAMEA117704230,RCN13312_GRC2,ERX13791151,ERR14390032
RCN13312,SAMEA117704230,RCN13312_SPEC,ERX13791152,ERR14390033
RCN13313,SAMEA117704231,RCN13313_GRC1,ERX13791153,ERR14390034
RCN13313,SAMEA117704231,RCN13313_GRC2,ERX13791154,ERR14390035
RCN13313,SAMEA117704231,RCN13313_SPEC,ERX13791155,ERR14390036
RCN13338,SAMEA117704251,RCN13338_GRC1,ERX13791213,ERR14390094
RCN13338,SAMEA117704251,RCN13338_GRC2,ERX13791214,ERR14390095
RCN13338,SAMEA117704251,RCN13338_SPEC,ERX13791215,ERR14390096
RCN13339,SAMEA117704252,RCN13339_GRC1,ERX13791216,ERR14390097
RCN13339,SAMEA117704252,RCN13339_GRC2,ERX13791217,ERR14390098
RCN13339,SAMEA117704252,RCN13339_SPEC,ERX13791218,ERR14390099
RCN13342,SAMEA117704255,RCN13342_GRC1,ERX13791225,ERR14390106
RCN13342,SAMEA117704255,RCN13342_GRC2,ERX13791226,ERR14390107
RCN13342,SAMEA117704255,RCN13342_SPEC,ERX13791227,ERR14390108
RCN13344,SAMEA117704257,RCN13344_GRC1,ERX13791231,ERR14390112
RCN13344,SAMEA117704257,RCN13344_GRC2,ERX13791232,ERR14390113
RCN13344,SAMEA117704257,RCN13344_SPEC,ERX13791233,ERR14390114
RCN13346,SAMEA117704259,RCN13346_GRC1,ERX13791237,ERR14390118
RCN13346,SAMEA117704259,RCN13346_GRC2,ERX13791238,ERR14390119
RCN13346,SAMEA117704259,RCN13346_SPEC,ERX13791239,ERR14390120
RCN13348,SAMEA117704261,RCN13348_GRC1,ERX13791243,ERR14390124
RCN13348,SAMEA117704261,RCN13348_GRC2,ERX13791244,ERR14390125
RCN13348,SAMEA117704261,RCN13348_SPEC,ERX13791245,ERR14390126
RCN13350,SAMEA117704263,RCN13350_GRC1,ERX13791249,ERR14390130
RCN13350,SAMEA117704263,RCN13350_GRC2,ERX13791250,ERR14390131
RCN13350,SAMEA117704263,RCN13350_SPEC,ERX13791251,ERR14390132
RCN13351,SAMEA117704264,RCN13351_GRC1,ERX13791252,ERR14390133
RCN13351,SAMEA117704264,RCN13351_GRC2,ERX13791253,ERR14390134
RCN13351,SAMEA117704264,RCN13351_SPEC,ERX13791254,ERR14390135
RCN13353,SAMEA117704266,RCN13353_GRC1,ERX13791258,ERR14390139
RCN13353,SAMEA117704266,RCN13353_GRC2,ERX13791259,ERR14390140
RCN13353,SAMEA117704266,RCN13353_SPEC,ERX13791260,ERR14390141
RCN13356,SAMEA117704269,RCN13356_GRC1,ERX13791267,ERR14390148
RCN13356,SAMEA117704269,RCN13356_GRC2,ERX13791268,ERR14390149
RCN13356,SAMEA117704269,RCN13356_SPEC,ERX13791269,ERR14390150
RCN13364,SAMEA117704277,RCN13364_GRC1,ERX13791291,ERR14390172
RCN13364,SAMEA117704277,RCN13364_GRC2,ERX13791292,ERR14390173
RCN13364,SAMEA117704277,RCN13364_SPEC,ERX13791293,ERR14390174
RCN13374,SAMEA117704286,RCN13374_GRC1,ERX13791318,ERR14390199
RCN13374,SAMEA117704286,RCN13374_GRC2,ERX13791319,ERR14390200
RCN13374,SAMEA117704286,RCN13374_SPEC,ERX13791320,ERR14390201
RCN13382,SAMEA117704294,RCN13382_GRC1,ERX13791342,ERR14390223
RCN13382,SAMEA117704294,RCN13382_GRC2,ERX13791343,ERR14390224
RCN13382,SAMEA117704294,RCN13382_SPEC,ERX13791344,ERR14390225
RCN13383,SAMEA117704295,RCN13383_GRC1,ERX13791345,ERR14390226
RCN13383,SAMEA117704295,RCN13383_GRC2,ERX13791346,ERR14390227
RCN13383,SAMEA117704295,RCN13383_SPEC,ERX13791347,ERR14390228
RCN13385,SAMEA117704297,RCN13385_GRC1,ERX13791351,ERR14390232
RCN13385,SAMEA117704297,RCN13385_GRC2,ERX13791352,ERR14390233
RCN13385,SAMEA117704297,RCN13385_SPEC,ERX13791353,ERR14390234
RCN13386,SAMEA117704298,RCN13386_GRC1,ERX13791354,ERR14390235
RCN13386,SAMEA117704298,RCN13386_GRC2,ERX13791355,ERR14390236
RCN13386,SAMEA117704298,RCN13386_SPEC,ERX13791356,ERR14390237
RCN13388,SAMEA117704300,RCN13388_GRC1,ERX13791360,ERR14390241
RCN13388,SAMEA117704300,RCN13388_GRC2,ERX13791361,ERR14390242
RCN13388,SAMEA117704300,RCN13388_SPEC,ERX13791362,ERR14390243
RCN13389,SAMEA117704301,RCN13389_GRC1,ERX13791363,ERR14390244
RCN13389,SAMEA117704301,RCN13389_GRC2,ERX13791364,ERR14390245
RCN13389,SAMEA117704301,RCN13389_SPEC,ERX13791365,ERR14390246
RCN13391,SAMEA117704303,RCN13391_GRC1,ERX13791369,ERR14390250
RCN13391,SAMEA117704303,RCN13391_GRC2,ERX13791370,ERR14390251
RCN13391,SAMEA117704303,RCN13391_SPEC,ERX13791371,ERR14390252
RCN13398,SAMEA117704309,RCN13398_GRC1,ERX13791387,ERR14390268
RCN13398,SAMEA117704309,RCN13398_GRC2,ERX13791388,ERR14390269
RCN13398,SAMEA117704309,RCN13398_SPEC,ERX13791389,ERR14390270
RCN13414,SAMEA117704325,RCN13414_GRC1,ERX13791435,ERR14390316
RCN13414,SAMEA117704325,RCN13414_GRC2,ERX13791436,ERR14390317
RCN13414,SAMEA117704325,RCN13414_SPEC,ERX13791437,ERR14390318
RCN13416,SAMEA117704327,RCN13416_GRC1,ERX13791441,ERR14390322
RCN13416,SAMEA117704327,RCN13416_GRC2,ERX13791442,ERR14390323
RCN13416,SAMEA117704327,RCN13416_SPEC,ERX13791443,ERR14390324
RCN13427,SAMEA117704337,RCN13427_GRC1,ERX13791471,ERR14390352
RCN13427,SAMEA117704337,RCN13427_GRC2,ERX13791472,ERR14390353
RCN13427,SAMEA117704337,RCN13427_SPEC,ERX13791473,ERR14390354
RCN13446,SAMEA117704355,RCN13446_GRC1,ERX13791525,ERR14390406
RCN13446,SAMEA117704355,RCN13446_GRC2,ERX13791526,ERR14390407
RCN13446,SAMEA117704355,RCN13446_SPEC,ERX13791527,ERR14390408
RCN13452,SAMEA117704360,RCN13452_GRC1,ERX13791540,ERR14390421
RCN13452,SAMEA117704360,RCN13452_GRC2,ERX13791541,ERR14390422
RCN13452,SAMEA117704360,RCN13452_SPEC,ERX13791542,ERR14390423
RCN13455,SAMEA117704362,RCN13455_GRC1,ERX13791546,ERR14390427
RCN13455,SAMEA117704362,RCN13455_GRC2,ERX13791547,ERR14390428
RCN13455,SAMEA117704362,RCN13455_SPEC,ERX13791548,ERR14390429
RCN13462,SAMEA117704368,RCN13462_GRC1,ERX13791564,ERR14390445
RCN13462,SAMEA117704368,RCN13462_GRC2,ERX13791565,ERR14390446
RCN13462,SAMEA117704368,RCN13462_SPEC,ERX13791566,ERR14390447
RCN13466,SAMEA117704371,RCN13466_GRC1,ERX13791573,ERR14390454
RCN13466,SAMEA117704371,RCN13466_GRC2,ERX13791574,ERR14390455
RCN13466,SAMEA117704371,RCN13466_SPEC,ERX13791575,ERR14390456
RCN13468,SAMEA117704373,RCN13468_GRC1,ERX13791579,ERR14390460
RCN13468,SAMEA117704373,RCN13468_GRC2,ERX13791580,ERR14390461
RCN13468,SAMEA117704373,RCN13468_SPEC,ERX13791581,ERR14390462
RCN13474,SAMEA117704379,RCN13474_GRC1,ERX13791597,ERR14390478
RCN13474,SAMEA117704379,RCN13474_GRC2,ERX13791598,ERR14390479
RCN13474,SAMEA117704379,RCN13474_SPEC,ERX13791599,ERR14390480
RCN13475,SAMEA117704380,RCN13475_GRC1,ERX13791600,ERR14390481
RCN13475,SAMEA117704380,RCN13475_GRC2,ERX13791601,ERR14390482
RCN13475,SAMEA117704380,RCN13475_SPEC,ERX13791602,ERR14390483
RCN13476,SAMEA117704381,RCN13476_GRC1,ERX13791603,ERR14390484
RCN13476,SAMEA117704381,RCN13476_GRC2,ERX13791604,ERR14390485
RCN13476,SAMEA117704381,RCN13476_SPEC,ERX13791605,ERR14390486
RCN13479,SAMEA117704384,RCN13479_GRC1,ERX13791612,ERR14390493
RCN13479,SAMEA117704384,RCN13479_GRC2,ERX13791613,ERR14390494
RCN13479,SAMEA117704384,RCN13479_SPEC,ERX13791614,ERR14390495
RCN13480,SAMEA117704385,RCN13480_GRC1,ERX13791615,ERR14390496
RCN13480,SAMEA117704385,RCN13480_GRC2,ERX13791616,ERR14390497
RCN13480,SAMEA117704385,RCN13480_SPEC,ERX13791617,ERR14390498
RCN13482,SAMEA117704387,RCN13482_GRC1,ERX13791621,ERR14390502
RCN13482,SAMEA117704387,RCN13482_GRC2,ERX13791622,ERR14390503
RCN13482,SAMEA117704387,RCN13482_SPEC,ERX13791623,ERR14390504
RCN13487,SAMEA117704392,RCN13487_GRC1,ERX13791636,ERR14390517
RCN13487,SAMEA117704392,RCN13487_GRC2,ERX13791637,ERR14390518
RCN13487,SAMEA117704392,RCN13487_SPEC,ERX13791638,ERR14390519
RCN13488,SAMEA117704393,RCN13488_GRC1,ERX13791639,ERR14390520
RCN13488,SAMEA117704393,RCN13488_GRC2,ERX13791640,ERR14390521
RCN13488,SAMEA117704393,RCN13488_SPEC,ERX13791641,ERR14390522
RCN13495,SAMEA117704400,RCN13495_GRC1,ERX13791660,ERR14390541
RCN13495,SAMEA117704400,RCN13495_GRC2,ERX13791661,ERR14390542
RCN13495,SAMEA117704400,RCN13495_SPEC,ERX13791662,ERR14390543
RCN13501,SAMEA117704406,RCN13501_GRC1,ERX13791678,ERR14390559
RCN13501,SAMEA117704406,RCN13501_GRC2,ERX13791679,ERR14390560
RCN13501,SAMEA117704406,RCN13501_SPEC,ERX13791680,ERR14390561
RCN13503,SAMEA117704408,RCN13503_GRC1,ERX13791684,ERR14390565
RCN13503,SAMEA117704408,RCN13503_GRC2,ERX13791685,ERR14390566
RCN13503,SAMEA117704408,RCN13503_SPEC,ERX13791686,ERR14390567
RCN13505,SAMEA117704410,RCN13505_GRC1,ERX13791690,ERR14390571
RCN13505,SAMEA117704410,RCN13505_GRC2,ERX13791691,ERR14390572
RCN13505,SAMEA117704410,RCN13505_SPEC,ERX13791692,ERR14390573
RCN13507,SAMEA117704412,RCN13507_GRC1,ERX13791696,ERR14390577
RCN13507,SAMEA117704412,RCN13507_GRC2,ERX13791697,ERR14390578
RCN13507,SAMEA117704412,RCN13507_SPEC,ERX13791698,ERR14390579
RCN13508,SAMEA117704413,RCN13508_GRC1,ERX13791699,ERR14390580
RCN13508,SAMEA117704413,RCN13508_GRC2,ERX13791700,ERR14390581
RCN13508,SAMEA117704413,RCN13508_SPEC,ERX13791701,ERR14390582
RCN13512,SAMEA117704416,RCN13512_GRC1,ERX13791708,ERR14390589
RCN13512,SAMEA117704416,RCN13512_GRC2,ERX13791709,ERR14390590
RCN13512,SAMEA117704416,RCN13512_SPEC,ERX13791710,ERR14390591
RCN13540,SAMEA117704442,RCN13540_GRC1,ERX13791786,ERR14390667
RCN13540,SAMEA117704442,RCN13540_GRC2,ERX13791787,ERR14390668
RCN13540,SAMEA117704442,RCN13540_SPEC,ERX13791788,ERR14390669
RCN13542,SAMEA117704444,RCN13542_GRC1,ERX13791792,ERR14390673
RCN13542,SAMEA117704444,RCN13542_GRC2,ERX13791793,ERR14390674
RCN13542,SAMEA117704444,RCN13542_SPEC,ERX13791794,ERR14390675
RCN13545,SAMEA117704447,RCN13545_GRC1,ERX13791801,ERR14390682
RCN13545,SAMEA117704447,RCN13545_GRC2,ERX13791802,ERR14390683
RCN13545,SAMEA117704447,RCN13545_SPEC,ERX13791803,ERR14390684
RCN13548,SAMEA117704449,RCN13548_GRC1,ERX13791807,ERR14390688
RCN13548,SAMEA117704449,RCN13548_GRC2,ERX13791808,ERR14390689
RCN13548,SAMEA117704449,RCN13548_SPEC,ERX13791809,ERR14390690
RCN13549,SAMEA117704450,RCN13549_GRC1,ERX13791810,ERR14390691
RCN13549,SAMEA117704450,RCN13549_GRC2,ERX13791811,ERR14390692
RCN13549,SAMEA117704450,RCN13549_SPEC,ERX13791812,ERR14390693
RCN13554,SAMEA117704454,RCN13554_GRC1,ERX13791822,ERR14390703
RCN13554,SAMEA117704454,RCN13554_GRC2,ERX13791823,ERR14390704
RCN13554,SAMEA117704454,RCN13554_SPEC,ERX13791824,ERR14390705
RCN13557,SAMEA117704457,RCN13557_GRC1,ERX13791831,ERR14390712
RCN13557,SAMEA117704457,RCN13557_GRC2,ERX13791832,ERR14390713
RCN13557,SAMEA117704457,RCN13557_SPEC,ERX13791833,ERR14390714
RCN13558,SAMEA117704458,RCN13558_GRC1,ERX13791834,ERR14390715
RCN13558,SAMEA117704458,RCN13558_GRC2,ERX13791835,ERR14390716
RCN13558,SAMEA117704458,RCN13558_SPEC,ERX13791836,ERR14390717
RCN13561,SAMEA117704461,RCN13561_GRC1,ERX13791843,ERR14390724
RCN13561,SAMEA117704461,RCN13561_GRC2,ERX13791844,ERR14390725
RCN13561,SAMEA117704461,RCN13561_SPEC,ERX13791845,ERR14390726
RCN13562,SAMEA117704462,RCN13562_GRC1,ERX13791846,ERR14390727
RCN13562,SAMEA117704462,RCN13562_GRC2,ERX13791847,ERR14390728
RCN13562,SAMEA117704462,RCN13562_SPEC,ERX13791848,ERR14390729
RCN13564,SAMEA117704464,RCN13564_GRC1,ERX13791852,ERR14390733
RCN13564,SAMEA117704464,RCN13564_GRC2,ERX13791853,ERR14390734
RCN13564,SAMEA117704464,RCN13564_SPEC,ERX13791854,ERR14390735
RCN13567,SAMEA117704467,RCN13567_GRC1,ERX13791861,ERR14390742
RCN13567,SAMEA117704467,RCN13567_GRC2,ERX13791862,ERR14390743
RCN13567,SAMEA117704467,RCN13567_SPEC,ERX13791863,ERR14390744
RCN13568,SAMEA117704468,RCN13568_GRC1,ERX13791864,ERR14390745
RCN13568,SAMEA117704468,RCN13568_GRC2,ERX13791865,ERR14390746
RCN13568,SAMEA117704468,RCN13568_SPEC,ERX13791866,ERR14390747
RCN13570,SAMEA117704470,RCN13570_GRC1,ERX13791870,ERR14390751
RCN13570,SAMEA117704470,RCN13570_GRC2,ERX13791871,ERR14390752
RCN13570,SAMEA117704470,RCN13570_SPEC,ERX13791872,ERR14390753
RCN13581,SAMEA117704480,RCN13581_GRC1,ERX13791900,ERR14390781
RCN13581,SAMEA117704480,RCN13581_GRC2,ERX13791901,ERR14390782
RCN13581,SAMEA117704480,RCN13581_SPEC,ERX13791902,ERR14390783
RCN14197,SAMEA117704513,RCN14197_GRC1,ERX13791999,ERR14390880
RCN14197,SAMEA117704513,RCN14197_GRC2,ERX13792000,ERR14390881
RCN14197,SAMEA117704513,RCN14197_SPEC,ERX13792001,ERR14390882
RCN14210,SAMEA117704526,RCN14210_GRC1,ERX13792038,ERR14390919
RCN14210,SAMEA117704526,RCN14210_GRC2,ERX13792039,ERR14390920
RCN14210,SAMEA117704526,RCN14210_SPEC,ERX13792040,ERR14390921
RCN14217,SAMEA117704533,RCN14217_GRC1,ERX13792059,ERR14390940
RCN14217,SAMEA117704533,RCN14217_GRC2,ERX13792060,ERR14390941
RCN14217,SAMEA117704533,RCN14217_SPEC,ERX13792061,ERR14390942
RCN14220,SAMEA117704536,RCN14220_GRC1,ERX13792068,ERR14390949
RCN14220,SAMEA117704536,RCN14220_GRC2,ERX13792069,ERR14390950
RCN14220,SAMEA117704536,RCN14220_SPEC,ERX13792070,ERR14390951
RCN14222,SAMEA117704538,RCN14222_GRC1,ERX13792074,ERR14390955
RCN14222,SAMEA117704538,RCN14222_GRC2,ERX13792075,ERR14390956
RCN14222,SAMEA117704538,RCN14222_SPEC,ERX13792076,ERR14390957
RCN14223,SAMEA117704539,RCN14223_GRC1,ERX13792077,ERR14390958
RCN14223,SAMEA117704539,RCN14223_GRC2,ERX13792078,ERR14390959
RCN14223,SAMEA117704539,RCN14223_SPEC,ERX13792079,ERR14390960
RCN14226,SAMEA117704542,RCN14226_GRC1,ERX13792086,ERR14390967
RCN14226,SAMEA117704542,RCN14226_GRC2,ERX13792087,ERR14390968
RCN14226,SAMEA117704542,RCN14226_SPEC,ERX13792088,ERR14390969
RCN14233,SAMEA117704549,RCN14233_GRC1,ERX13792107,ERR14390988
RCN14233,SAMEA117704549,RCN14233_GRC2,ERX13792108,ERR14390989
RCN14233,SAMEA117704549,RCN14233_SPEC,ERX13792109,ERR14390990
RCN14234,SAMEA117704550,RCN14234_GRC1,ERX13792110,ERR14390991
RCN14234,SAMEA117704550,RCN14234_GRC2,ERX13792111,ERR14390992
RCN14234,SAMEA117704550,RCN14234_SPEC,ERX13792112,ERR14390993
RCN14238,SAMEA117704553,RCN14238_GRC1,ERX13792119,ERR14391000
RCN14238,SAMEA117704553,RCN14238_GRC2,ERX13792120,ERR14391001
RCN14238,SAMEA117704553,RCN14238_SPEC,ERX13792121,ERR14391002
RCN14239,SAMEA117704554,RCN14239_GRC1,ERX13792122,ERR14391003
RCN14239,SAMEA117704554,RCN14239_GRC2,ERX13792123,ERR14391004
RCN14239,SAMEA117704554,RCN14239_SPEC,ERX13792124,ERR14391005
RCN14241,SAMEA117704556,RCN14241_GRC1,ERX13792128,ERR14391009
RCN14241,SAMEA117704556,RCN14241_GRC2,ERX13792129,ERR14391010
RCN14241,SAMEA117704556,RCN14241_SPEC,ERX13792130,ERR14391011
RCN14251,SAMEA117704565,RCN14251_GRC1,ERX13792155,ERR14391036
RCN14251,SAMEA117704565,RCN14251_GRC2,ERX13792156,ERR14391037
RCN14251,SAMEA117704565,RCN14251_SPEC,ERX13792157,ERR14391038
RCN14255,SAMEA117704569,RCN14255_GRC1,ERX13792167,ERR14391048
RCN14255,SAMEA117704569,RCN14255_GRC2,ERX13792168,ERR14391049
RCN14255,SAMEA117704569,RCN14255_SPEC,ERX13792169,ERR14391050
RCN14265,SAMEA117704579,RCN14265_GRC1,ERX13792197,ERR14391078
RCN14265,SAMEA117704579,RCN14265_GRC2,ERX13792198,ERR14391079
RCN14265,SAMEA117704579,RCN14265_SPEC,ERX13792199,ERR14391080
RCN14270,SAMEA117704584,RCN14270_GRC1,ERX13792212,ERR14391093
RCN14270,SAMEA117704584,RCN14270_GRC2,ERX13792213,ERR14391094
RCN14270,SAMEA117704584,RCN14270_SPEC,ERX13792214,ERR14391095
RCN14271,SAMEA117704585,RCN14271_GRC1,ERX13792215,ERR14391096
RCN14271,SAMEA117704585,RCN14271_GRC2,ERX13792216,ERR14391097
RCN14271,SAMEA117704585,RCN14271_SPEC,ERX13792217,ERR14391098
RCN14277,SAMEA117704591,RCN14277_GRC1,ERX13792233,ERR14391114
RCN14277,SAMEA117704591,RCN14277_GRC2,ERX13792234,ERR14391115
RCN14277,SAMEA117704591,RCN14277_SPEC,ERX13792235,ERR14391116
RCN14278,SAMEA117704592,RCN14278_GRC1,ERX13792236,ERR14391117
RCN14278,SAMEA117704592,RCN14278_GRC2,ERX13792237,ERR14391118
RCN14278,SAMEA117704592,RCN14278_SPEC,ERX13792238,ERR14391119
RCN14279,SAMEA117704593,RCN14279_GRC1,ERX13792239,ERR14391120
RCN14279,SAMEA117704593,RCN14279_GRC2,ERX13792240,ERR14391121
RCN14279,SAMEA117704593,RCN14279_SPEC,ERX13792241,ERR14391122
RCN14280,SAMEA117704594,RCN14280_GRC1,ERX13792242,ERR14391123
RCN14280,SAMEA117704594,RCN14280_GRC2,ERX13792243,ERR14391124
RCN14280,SAMEA117704594,RCN14280_SPEC,ERX13792244,ERR14391125
RCN14281,SAMEA117704595,RCN14281_GRC1,ERX13792245,ERR14391126
RCN14281,SAMEA117704595,RCN14281_GRC2,ERX13792246,ERR14391127
RCN14281,SAMEA117704595,RCN14281_SPEC,ERX13792247,ERR14391128
RCN14284,SAMEA117704598,RCN14284_GRC1,ERX13792254,ERR14391135
RCN14284,SAMEA117704598,RCN14284_GRC2,ERX13792255,ERR14391136
RCN14284,SAMEA117704598,RCN14284_SPEC,ERX13792256,ERR14391137
RCN14285,SAMEA117704599,RCN14285_GRC1,ERX13792257,ERR14391138
RCN14285,SAMEA117704599,RCN14285_GRC2,ERX13792258,ERR14391139
RCN14285,SAMEA117704599,RCN14285_SPEC,ERX13792259,ERR14391140
RCN14286,SAMEA117704600,RCN14286_GRC1,ERX13792260,ERR14391141
RCN14286,SAMEA117704600,RCN14286_GRC2,ERX13792261,ERR14391142
RCN14286,SAMEA117704600,RCN14286_SPEC,ERX13792262,ERR14391143
RCN14288,SAMEA117704602,RCN14288_GRC1,ERX13792266,ERR14391147
RCN14288,SAMEA117704602,RCN14288_GRC2,ERX13792267,ERR14391148
RCN14288,SAMEA117704602,RCN14288_SPEC,ERX13792268,ERR14391149
RCN14289,SAMEA117704603,RCN14289_GRC1,ERX13792269,ERR14391150
RCN14289,SAMEA117704603,RCN14289_GRC2,ERX13792270,ERR14391151
RCN14289,SAMEA117704603,RCN14289_SPEC,ERX13792271,ERR14391152
RCN14292,SAMEA117704606,RCN14292_GRC1,ERX13792278,ERR14391159
RCN14292,SAMEA117704606,RCN14292_GRC2,ERX13792279,ERR14391160
RCN14292,SAMEA117704606,RCN14292_SPEC,ERX13792280,ERR14391161
RCN14293,SAMEA117704607,RCN14293_GRC1,ERX13792281,ERR14391162
RCN14293,SAMEA117704607,RCN14293_GRC2,ERX13792282,ERR14391163
RCN14293,SAMEA117704607,RCN14293_SPEC,ERX13792283,ERR14391164
RCN14294,SAMEA117704608,RCN14294_GRC1,ERX13792284,ERR14391165
RCN14294,SAMEA117704608,RCN14294_GRC2,ERX13792285,ERR14391166
RCN14294,SAMEA117704608,RCN14294_SPEC,ERX13792286,ERR14391167
RCN14296,SAMEA117704610,RCN14296_GRC1,ERX13792290,ERR14391171
RCN14296,SAMEA117704610,RCN14296_GRC2,ERX13792291,ERR14391172
RCN14296,SAMEA117704610,RCN14296_SPEC,ERX13792292,ERR14391173
RCN14302,SAMEA117704615,RCN14302_GRC1,ERX13792305,ERR14391186
RCN14302,SAMEA117704615,RCN14302_GRC2,ERX13792306,ERR14391187
RCN14302,SAMEA117704615,RCN14302_SPEC,ERX13792307,ERR14391188
RCN14303,SAMEA117704616,RCN14303_GRC1,ERX13792308,ERR14391189
RCN14303,SAMEA117704616,RCN14303_GRC2,ERX13792309,ERR14391190
RCN14303,SAMEA117704616,RCN14303_SPEC,ERX13792310,ERR14391191
RCN14304,SAMEA117704617,RCN14304_GRC1,ERX13792311,ERR14391192
RCN14304,SAMEA117704617,RCN14304_GRC2,ERX13792312,ERR14391193
RCN14304,SAMEA117704617,RCN14304_SPEC,ERX13792313,ERR14391194
RCN14309,SAMEA117704622,RCN14309_GRC1,ERX13792326,ERR14391207
RCN14309,SAMEA117704622,RCN14309_GRC2,ERX13792327,ERR14391208
RCN14309,SAMEA117704622,RCN14309_SPEC,ERX13792328,ERR14391209
RCN14310,SAMEA117704623,RCN14310_GRC1,ERX13792329,ERR14391210
RCN14310,SAMEA117704623,RCN14310_GRC2,ERX13792330,ERR14391211
RCN14310,SAMEA117704623,RCN14310_SPEC,ERX13792331,ERR14391212
RCN14312,SAMEA117704625,RCN14312_GRC1,ERX13792335,ERR14391216
RCN14312,SAMEA117704625,RCN14312_GRC2,ERX13792336,ERR14391217
RCN14312,SAMEA117704625,RCN14312_SPEC,ERX13792337,ERR14391218
RCN14317,SAMEA117704630,RCN14317_GRC1,ERX13792350,ERR14391231
RCN14317,SAMEA117704630,RCN14317_GRC2,ERX13792351,ERR14391232
RCN14317,SAMEA117704630,RCN14317_SPEC,ERX13792352,ERR14391233
RCN14318,SAMEA117704631,RCN14318_GRC1,ERX13792353,ERR14391234
RCN14318,SAMEA117704631,RCN14318_GRC2,ERX13792354,ERR14391235
RCN14318,SAMEA117704631,RCN14318_SPEC,ERX13792355,ERR14391236
RCN14319,SAMEA117704632,RCN14319_GRC1,ERX13792356,ERR14391237
RCN14319,SAMEA117704632,RCN14319_GRC2,ERX13792357,ERR14391238
RCN14319,SAMEA117704632,RCN14319_SPEC,ERX13792358,ERR14391239
RCN14320,SAMEA117704633,RCN14320_GRC1,ERX13792359,ERR14391240
RCN14320,SAMEA117704633,RCN14320_GRC2,ERX13792360,ERR14391241
RCN14320,SAMEA117704633,RCN14320_SPEC,ERX13792361,ERR14391242
RCN14321,SAMEA117704634,RCN14321_GRC1,ERX13792362,ERR14391243
RCN14321,SAMEA117704634,RCN14321_GRC2,ERX13792363,ERR14391244
RCN14321,SAMEA117704634,RCN14321_SPEC,ERX13792364,ERR14391245
RCN14324,SAMEA117704637,RCN14324_GRC1,ERX13792371,ERR14391252
RCN14324,SAMEA117704637,RCN14324_GRC2,ERX13792372,ERR14391253
RCN14324,SAMEA117704637,RCN14324_SPEC,ERX13792373,ERR14391254
RCN14574,SAMEA117704641,RCN14574_GRC1,ERX13792383,ERR14391264
RCN14574,SAMEA117704641,RCN14574_GRC2,ERX13792384,ERR14391265
RCN14574,SAMEA117704641,RCN14574_SPEC,ERX13792385,ERR14391266
RCN14575,SAMEA117704642,RCN14575_GRC1,ERX13792386,ERR14391267
RCN14575,SAMEA117704642,RCN14575_GRC2,ERX13792387,ERR14391268
RCN14575,SAMEA117704642,RCN14575_SPEC,ERX13792388,ERR14391269
RCN14576,SAMEA117704643,RCN14576_GRC1,ERX13792389,ERR14391270
RCN14576,SAMEA117704643,RCN14576_GRC2,ERX13792390,ERR14391271
RCN14576,SAMEA117704643,RCN14576_SPEC,ERX13792391,ERR14391272
RCN14577,SAMEA117704644,RCN14577_GRC1,ERX13792392,ERR14391273
RCN14577,SAMEA117704644,RCN14577_GRC2,ERX13792393,ERR14391274
RCN14577,SAMEA117704644,RCN14577_SPEC,ERX13792394,ERR14391275
RCN14580,SAMEA117704646,RCN14580_GRC1,ERX13792398,ERR14391279
RCN14580,SAMEA117704646,RCN14580_GRC2,ERX13792399,ERR14391280
RCN14580,SAMEA117704646,RCN14580_SPEC,ERX13792400,ERR14391281
RCN14581,SAMEA117704647,RCN14581_GRC1,ERX13792401,ERR14391282
RCN14581,SAMEA117704647,RCN14581_GRC2,ERX13792402,ERR14391283
RCN14581,SAMEA117704647,RCN14581_SPEC,ERX13792403,ERR14391284
RCN14587,SAMEA117704653,RCN14587_GRC1,ERX13792419,ERR14391300
RCN14587,SAMEA117704653,RCN14587_GRC2,ERX13792420,ERR14391301
RCN14587,SAMEA117704653,RCN14587_SPEC,ERX13792421,ERR14391302
RCN14588,SAMEA117704654,RCN14588_GRC1,ERX13792422,ERR14391303
RCN14588,SAMEA117704654,RCN14588_GRC2,ERX13792423,ERR14391304
RCN14588,SAMEA117704654,RCN14588_SPEC,ERX13792424,ERR14391305
RCN14589,SAMEA117704655,RCN14589_GRC1,ERX13792425,ERR14391306
RCN14589,SAMEA117704655,RCN14589_GRC2,ERX13792426,ERR14391307
RCN14589,SAMEA117704655,RCN14589_SPEC,ERX13792427,ERR14391308
RCN14590,SAMEA117704656,RCN14590_GRC1,ERX13792428,ERR14391309
RCN14590,SAMEA117704656,RCN14590_GRC2,ERX13792429,ERR14391310
RCN14590,SAMEA117704656,RCN14590_SPEC,ERX13792430,ERR14391311
RCN14591,SAMEA117704657,RCN14591_GRC1,ERX13792431,ERR14391312
RCN14591,SAMEA117704657,RCN14591_GRC2,ERX13792432,ERR14391313
RCN14591,SAMEA117704657,RCN14591_SPEC,ERX13792433,ERR14391314
RCN14592,SAMEA117704658,RCN14592_GRC1,ERX13792434,ERR14391315
RCN14592,SAMEA117704658,RCN14592_GRC2,ERX13792435,ERR14391316
RCN14592,SAMEA117704658,RCN14592_SPEC,ERX13792436,ERR14391317
RCN14593,SAMEA117704659,RCN14593_GRC1,ERX13792437,ERR14391318
RCN14593,SAMEA117704659,RCN14593_GRC2,ERX13792438,ERR14391319
RCN14593,SAMEA117704659,RCN14593_SPEC,ERX13792439,ERR14391320
RCN14594,SAMEA117704660,RCN14594_GRC1,ERX13792440,ERR14391321
RCN14594,SAMEA117704660,RCN14594_GRC2,ERX13792441,ERR14391322
RCN14594,SAMEA117704660,RCN14594_SPEC,ERX13792442,ERR14391323
RCN14596,SAMEA117704662,RCN14596_GRC1,ERX13792446,ERR14391327
RCN14596,SAMEA117704662,RCN14596_GRC2,ERX13792447,ERR14391328
RCN14596,SAMEA117704662,RCN14596_SPEC,ERX13792448,ERR14391329
RCN14600,SAMEA117704666,RCN14600_GRC1,ERX13792458,ERR14391339
RCN14600,SAMEA117704666,RCN14600_GRC2,ERX13792459,ERR14391340
RCN14600,SAMEA117704666,RCN14600_SPEC,ERX13792460,ERR14391341
RCN14602,SAMEA117704668,RCN14602_GRC1,ERX13792464,ERR14391345
RCN14602,SAMEA117704668,RCN14602_GRC2,ERX13792465,ERR14391346
RCN14602,SAMEA117704668,RCN14602_SPEC,ERX13792466,ERR14391347
RCN14603,SAMEA117704669,RCN14603_GRC1,ERX13792467,ERR14391348
RCN14603,SAMEA117704669,RCN14603_GRC2,ERX13792468,ERR14391349
RCN14603,SAMEA117704669,RCN14603_SPEC,ERX13792469,ERR14391350
RCN14604,SAMEA117704670,RCN14604_GRC1,ERX13792470,ERR14391351
RCN14604,SAMEA117704670,RCN14604_GRC2,ERX13792471,ERR14391352
RCN14604,SAMEA117704670,RCN14604_SPEC,ERX13792472,ERR14391353
RCN14605,SAMEA117704671,RCN14605_GRC1,ERX13792473,ERR14391354
RCN14605,SAMEA117704671,RCN14605_GRC2,ERX13792474,ERR14391355
RCN14605,SAMEA117704671,RCN14605_SPEC,ERX13792475,ERR14391356
RCN14606,SAMEA117704672,RCN14606_GRC1,ERX13792476,ERR14391357
RCN14606,SAMEA117704672,RCN14606_GRC2,ERX13792477,ERR14391358
RCN14606,SAMEA117704672,RCN14606_SPEC,ERX13792478,ERR14391359
RCN14608,SAMEA117704674,RCN14608_GRC1,ERX13792482,ERR14391363
RCN14608,SAMEA117704674,RCN14608_GRC2,ERX13792483,ERR14391364
RCN14608,SAMEA117704674,RCN14608_SPEC,ERX13792484,ERR14391365
RCN14609,SAMEA117704675,RCN14609_GRC1,ERX13792485,ERR14391366
RCN14609,SAMEA117704675,RCN14609_GRC2,ERX13792486,ERR14391367
RCN14609,SAMEA117704675,RCN14609_SPEC,ERX13792487,ERR14391368
RCN14610,SAMEA117704676,RCN14610_GRC1,ERX13792488,ERR14391369
RCN14610,SAMEA117704676,RCN14610_GRC2,ERX13792489,ERR14391370
RCN14610,SAMEA117704676,RCN14610_SPEC,ERX13792490,ERR14391371
RCN14611,SAMEA117704677,RCN14611_GRC1,ERX13792491,ERR14391372
RCN14611,SAMEA117704677,RCN14611_GRC2,ERX13792492,ERR14391373
RCN14611,SAMEA117704677,RCN14611_SPEC,ERX13792493,ERR14391374
RCN14612,SAMEA117704678,RCN14612_GRC1,ERX13792494,ERR14391375
RCN14612,SAMEA117704678,RCN14612_GRC2,ERX13792495,ERR14391376
RCN14612,SAMEA117704678,RCN14612_SPEC,ERX13792496,ERR14391377
RCN14614,SAMEA117704680,RCN14614_GRC1,ERX13792500,ERR14391381
RCN14614,SAMEA117704680,RCN14614_GRC2,ERX13792501,ERR14391382
RCN14614,SAMEA117704680,RCN14614_SPEC,ERX13792502,ERR14391383
RCN14616,SAMEA117704682,RCN14616_GRC1,ERX13792506,ERR14391387
RCN14616,SAMEA117704682,RCN14616_GRC2,ERX13792507,ERR14391388
RCN14616,SAMEA117704682,RCN14616_SPEC,ERX13792508,ERR14391389
RCN14618,SAMEA117704684,RCN14618_GRC1,ERX13792512,ERR14391393
RCN14618,SAMEA117704684,RCN14618_GRC2,ERX13792513,ERR14391394
RCN14618,SAMEA117704684,RCN14618_SPEC,ERX13792514,ERR14391395
RCN14621,SAMEA117704685,RCN14621_GRC1,ERX13792515,ERR14391396
RCN14621,SAMEA117704685,RCN14621_GRC2,ERX13792516,ERR14391397
RCN14621,SAMEA117704685,RCN14621_SPEC,ERX13792517,ERR14391398
RCN14622,SAMEA117704686,RCN14622_GRC1,ERX13792518,ERR14391399
RCN14622,SAMEA117704686,RCN14622_GRC2,ERX13792519,ERR14391400
RCN14622,SAMEA117704686,RCN14622_SPEC,ERX13792520,ERR14391401
RCN14623,SAMEA117704687,RCN14623_GRC1,ERX13792521,ERR14391402
RCN14623,SAMEA117704687,RCN14623_GRC2,ERX13792522,ERR14391403
RCN14623,SAMEA117704687,RCN14623_SPEC,ERX13792523,ERR14391404
RCN14624,SAMEA117704688,RCN14624_GRC1,ERX13792524,ERR14391405
RCN14624,SAMEA117704688,RCN14624_GRC2,ERX13792525,ERR14391406
RCN14624,SAMEA117704688,RCN14624_SPEC,ERX13792526,ERR14391407
RCN14625,SAMEA117704689,RCN14625_GRC1,ERX13792527,ERR14391408
RCN14625,SAMEA117704689,RCN14625_GRC2,ERX13792528,ERR14391409
RCN14625,SAMEA117704689,RCN14625_SPEC,ERX13792529,ERR14391410
RCN14626,SAMEA117704690,RCN14626_GRC1,ERX13792530,ERR14391411
RCN14626,SAMEA117704690,RCN14626_GRC2,ERX13792531,ERR14391412
RCN14626,SAMEA117704690,RCN14626_SPEC,ERX13792532,ERR14391413
RCN14627,SAMEA117704691,RCN14627_GRC1,ERX13792533,ERR14391414
RCN14627,SAMEA117704691,RCN14627_GRC2,ERX13792534,ERR14391415
RCN14627,SAMEA117704691,RCN14627_SPEC,ERX13792535,ERR14391416
RCN14628,SAMEA117704692,RCN14628_GRC1,ERX13792536,ERR14391417
RCN14628,SAMEA117704692,RCN14628_GRC2,ERX13792537,ERR14391418
RCN14628,SAMEA117704692,RCN14628_SPEC,ERX13792538,ERR14391419
RCN14629,SAMEA117704693,RCN14629_GRC1,ERX13792539,ERR14391420
RCN14629,SAMEA117704693,RCN14629_GRC2,ERX13792540,ERR14391421
RCN14629,SAMEA117704693,RCN14629_SPEC,ERX13792541,ERR14391422
RCN14631,SAMEA117704695,RCN14631_GRC1,ERX13792545,ERR14391426
RCN14631,SAMEA117704695,RCN14631_GRC2,ERX13792546,ERR14391427
RCN14631,SAMEA117704695,RCN14631_SPEC,ERX13792547,ERR14391428
RCN14633,SAMEA117704697,RCN14633_GRC1,ERX13792551,ERR14391432
RCN14633,SAMEA117704697,RCN14633_GRC2,ERX13792552,ERR14391433
RCN14633,SAMEA117704697,RCN14633_SPEC,ERX13792553,ERR14391434
RCN14635,SAMEA117704699,RCN14635_GRC1,ERX13792557,ERR14391438
RCN14635,SAMEA117704699,RCN14635_GRC2,ERX13792558,ERR14391439
RCN14635,SAMEA117704699,RCN14635_SPEC,ERX13792559,ERR14391440
RCN14636,SAMEA117704700,RCN14636_GRC1,ERX13792560,ERR14391441
RCN14636,SAMEA117704700,RCN14636_GRC2,ERX13792561,ERR14391442
RCN14636,SAMEA117704700,RCN14636_SPEC,ERX13792562,ERR14391443
RCN14639,SAMEA117704702,RCN14639_GRC1,ERX13792566,ERR14391447
RCN14639,SAMEA117704702,RCN14639_GRC2,ERX13792567,ERR14391448
RCN14639,SAMEA117704702,RCN14639_SPEC,ERX13792568,ERR14391449
RCN14640,SAMEA117704703,RCN14640_GRC1,ERX13792569,ERR14391450
RCN14640,SAMEA117704703,RCN14640_GRC2,ERX13792570,ERR14391451
RCN14640,SAMEA117704703,RCN14640_SPEC,ERX13792571,ERR14391452
RCN14643,SAMEA117704706,RCN14643_GRC1,ERX13792578,ERR14391459
RCN14643,SAMEA117704706,RCN14643_GRC2,ERX13792579,ERR14391460
RCN14643,SAMEA117704706,RCN14643_SPEC,ERX13792580,ERR14391461
RCN14644,SAMEA117704707,RCN14644_GRC1,ERX13792581,ERR14391462
RCN14644,SAMEA117704707,RCN14644_GRC2,ERX13792582,ERR14391463
RCN14644,SAMEA117704707,RCN14644_SPEC,ERX13792583,ERR14391464
RCN14645,SAMEA117704708,RCN14645_GRC1,ERX13792584,ERR14391465
RCN14645,SAMEA117704708,RCN14645_GRC2,ERX13792585,ERR14391466
RCN14645,SAMEA117704708,RCN14645_SPEC,ERX13792586,ERR14391467
RCN14648,SAMEA117704711,RCN14648_GRC1,ERX13792593,ERR14391474
RCN14648,SAMEA117704711,RCN14648_GRC2,ERX13792594,ERR14391475
RCN14648,SAMEA117704711,RCN14648_SPEC,ERX13792595,ERR14391476
RCN14649,SAMEA117704712,RCN14649_GRC1,ERX13792596,ERR14391477
RCN14649,SAMEA117704712,RCN14649_GRC2,ERX13792597,ERR14391478
RCN14649,SAMEA117704712,RCN14649_SPEC,ERX13792598,ERR14391479
RCN14650,SAMEA117704713,RCN14650_GRC1,ERX13792599,ERR14391480
RCN14650,SAMEA117704713,RCN14650_GRC2,ERX13792600,ERR14391481
RCN14650,SAMEA117704713,RCN14650_SPEC,ERX13792601,ERR14391482
RCN14651,SAMEA117704714,RCN14651_GRC1,ERX13792602,ERR14391483
RCN14651,SAMEA117704714,RCN14651_GRC2,ERX13792603,ERR14391484
RCN14651,SAMEA117704714,RCN14651_SPEC,ERX13792604,ERR14391485
RCN14652,SAMEA117704715,RCN14652_GRC1,ERX13792605,ERR14391486
RCN14652,SAMEA117704715,RCN14652_GRC2,ERX13792606,ERR14391487
RCN14652,SAMEA117704715,RCN14652_SPEC,ERX13792607,ERR14391488
RCN14653,SAMEA117704716,RCN14653_GRC1,ERX13792608,ERR14391489
RCN14653,SAMEA117704716,RCN14653_GRC2,ERX13792609,ERR14391490
RCN14653,SAMEA117704716,RCN14653_SPEC,ERX13792610,ERR14391491
RCN14654,SAMEA117704717,RCN14654_GRC1,ERX13792611,ERR14391492
RCN14654,SAMEA117704717,RCN14654_GRC2,ERX13792612,ERR14391493
RCN14654,SAMEA117704717,RCN14654_SPEC,ERX13792613,ERR14391494
RCN14655,SAMEA117704718,RCN14655_GRC1,ERX13792614,ERR14391495
RCN14655,SAMEA117704718,RCN14655_GRC2,ERX13792615,ERR14391496
RCN14655,SAMEA117704718,RCN14655_SPEC,ERX13792616,ERR14391497
RCN14657,SAMEA117704720,RCN14657_GRC1,ERX13792620,ERR14391501
RCN14657,SAMEA117704720,RCN14657_GRC2,ERX13792621,ERR14391502
RCN14657,SAMEA117704720,RCN14657_SPEC,ERX13792622,ERR14391503
RCN14658,SAMEA117704721,RCN14658_GRC1,ERX13792623,ERR14391504
RCN14658,SAMEA117704721,RCN14658_GRC2,ERX13792624,ERR14391505
RCN14658,SAMEA117704721,RCN14658_SPEC,ERX13792625,ERR14391506
RCN14660,SAMEA117704723,RCN14660_GRC1,ERX13792629,ERR14391510
RCN14660,SAMEA117704723,RCN14660_GRC2,ERX13792630,ERR14391511
RCN14660,SAMEA117704723,RCN14660_SPEC,ERX13792631,ERR14391512
RCN14661,SAMEA117704724,RCN14661_GRC1,ERX13792632,ERR14391513
RCN14661,SAMEA117704724,RCN14661_GRC2,ERX13792633,ERR14391514
RCN14661,SAMEA117704724,RCN14661_SPEC,ERX13792634,ERR14391515
RCN14662,SAMEA117704725,RCN14662_GRC1,ERX13792635,ERR14391516
RCN14662,SAMEA117704725,RCN14662_GRC2,ERX13792636,ERR14391517
RCN14662,SAMEA117704725,RCN14662_SPEC,ERX13792637,ERR14391518
RCN14663,SAMEA117704726,RCN14663_GRC1,ERX13792638,ERR14391519
RCN14663,SAMEA117704726,RCN14663_GRC2,ERX13792639,ERR14391520
RCN14663,SAMEA117704726,RCN14663_SPEC,ERX13792640,ERR14391521
RCN14664,SAMEA117704727,RCN14664_GRC1,ERX13792641,ERR14391522
RCN14664,SAMEA117704727,RCN14664_GRC2,ERX13792642,ERR14391523
RCN14664,SAMEA117704727,RCN14664_SPEC,ERX13792643,ERR14391524
RCN14666,SAMEA117704729,RCN14666_GRC1,ERX13792647,ERR14391528
RCN14666,SAMEA117704729,RCN14666_GRC2,ERX13792648,ERR14391529
RCN14666,SAMEA117704729,RCN14666_SPEC,ERX13792649,ERR14391530
RCN14672,SAMEA117704734,RCN14672_GRC1,ERX13792662,ERR14391543
RCN14672,SAMEA117704734,RCN14672_GRC2,ERX13792663,ERR14391544
RCN14672,SAMEA117704734,RCN14672_SPEC,ERX13792664,ERR14391545
RCN14673,SAMEA117704735,RCN14673_GRC1,ERX13792665,ERR14391546
RCN14673,SAMEA117704735,RCN14673_GRC2,ERX13792666,ERR14391547
RCN14673,SAMEA117704735,RCN14673_SPEC,ERX13792667,ERR14391548
RCN14674,SAMEA117704736,RCN14674_GRC1,ERX13792668,ERR14391549
RCN14674,SAMEA117704736,RCN14674_GRC2,ERX13792669,ERR14391550
RCN14674,SAMEA117704736,RCN14674_SPEC,ERX13792670,ERR14391551
RCN14676,SAMEA117704738,RCN14676_GRC1,ERX13792674,ERR14391555
RCN14676,SAMEA117704738,RCN14676_GRC2,ERX13792675,ERR14391556
RCN14676,SAMEA117704738,RCN14676_SPEC,ERX13792676,ERR14391557
RCN14677,SAMEA117704739,RCN14677_GRC1,ERX13792677,ERR14391558
RCN14677,SAMEA117704739,RCN14677_GRC2,ERX13792678,ERR14391559
RCN14677,SAMEA117704739,RCN14677_SPEC,ERX13792679,ERR14391560
RCN14680,SAMEA117704741,RCN14680_GRC1,ERX13792683,ERR14391564
RCN14680,SAMEA117704741,RCN14680_GRC2,ERX13792684,ERR14391565
RCN14680,SAMEA117704741,RCN14680_SPEC,ERX13792685,ERR14391566
RCN14681,SAMEA117704742,RCN14681_GRC1,ERX13792686,ERR14391567
RCN14681,SAMEA117704742,RCN14681_GRC2,ERX13792687,ERR14391568
RCN14681,SAMEA117704742,RCN14681_SPEC,ERX13792688,ERR14391569
RCN14682,SAMEA117704743,RCN14682_GRC1,ERX13792689,ERR14391570
RCN14682,SAMEA117704743,RCN14682_GRC2,ERX13792690,ERR14391571
RCN14682,SAMEA117704743,RCN14682_SPEC,ERX13792691,ERR14391572
RCN14683,SAMEA117704744,RCN14683_GRC1,ERX13792692,ERR14391573
RCN14683,SAMEA117704744,RCN14683_GRC2,ERX13792693,ERR14391574
RCN14683,SAMEA117704744,RCN14683_SPEC,ERX13792694,ERR14391575
RCN14684,SAMEA117704745,RCN14684_GRC1,ERX13792695,ERR14391576
RCN14684,SAMEA117704745,RCN14684_GRC2,ERX13792696,ERR14391577
RCN14684,SAMEA117704745,RCN14684_SPEC,ERX13792697,ERR14391578
RCN14685,SAMEA117704746,RCN14685_GRC1,ERX13792698,ERR14391579
RCN14685,SAMEA117704746,RCN14685_GRC2,ERX13792699,ERR14391580
RCN14685,SAMEA117704746,RCN14685_SPEC,ERX13792700,ERR14391581
RCN14688,SAMEA117704749,RCN14688_GRC1,ERX13792707,ERR14391588
RCN14688,SAMEA117704749,RCN14688_GRC2,ERX13792708,ERR14391589
RCN14688,SAMEA117704749,RCN14688_SPEC,ERX13792709,ERR14391590
RCN14689,SAMEA117704750,RCN14689_GRC1,ERX13792710,ERR14391591
RCN14689,SAMEA117704750,RCN14689_GRC2,ERX13792711,ERR14391592
RCN14689,SAMEA117704750,RCN14689_SPEC,ERX13792712,ERR14391593
RCN14691,SAMEA117704751,RCN14691_GRC1,ERX13792713,ERR14391594
RCN14691,SAMEA117704751,RCN14691_GRC2,ERX13792714,ERR14391595
RCN14691,SAMEA117704751,RCN14691_SPEC,ERX13792715,ERR14391596
RCN14693,SAMEA117704753,RCN14693_GRC1,ERX13792719,ERR14391600
RCN14693,SAMEA117704753,RCN14693_GRC2,ERX13792720,ERR14391601
RCN14693,SAMEA117704753,RCN14693_SPEC,ERX13792721,ERR14391602
RCN14696,SAMEA117704756,RCN14696_GRC1,ERX13792728,ERR14391609
RCN14696,SAMEA117704756,RCN14696_GRC2,ERX13792729,ERR14391610
RCN14696,SAMEA117704756,RCN14696_SPEC,ERX13792730,ERR14391611
RCN14697,SAMEA117704757,RCN14697_GRC1,ERX13792731,ERR14391612
RCN14697,SAMEA117704757,RCN14697_GRC2,ERX13792732,ERR14391613
RCN14697,SAMEA117704757,RCN14697_SPEC,ERX13792733,ERR14391614
RCN14698,SAMEA117704758,RCN14698_GRC1,ERX13792734,ERR14391615
RCN14698,SAMEA117704758,RCN14698_GRC2,ERX13792735,ERR14391616
RCN14698,SAMEA117704758,RCN14698_SPEC,ERX13792736,ERR14391617
RCN14699,SAMEA117704759,RCN14699_GRC1,ERX13792737,ERR14391618
RCN14699,SAMEA117704759,RCN14699_GRC2,ERX13792738,ERR14391619
RCN14699,SAMEA117704759,RCN14699_SPEC,ERX13792739,ERR14391620
RCN14700,SAMEA117704760,RCN14700_GRC1,ERX13792740,ERR14391621
RCN14700,SAMEA117704760,RCN14700_GRC2,ERX13792741,ERR14391622
RCN14700,SAMEA117704760,RCN14700_SPEC,ERX13792742,ERR14391623
RCN14701,SAMEA117704761,RCN14701_GRC1,ERX13792743,ERR14391624
RCN14701,SAMEA117704761,RCN14701_GRC2,ERX13792744,ERR14391625
RCN14701,SAMEA117704761,RCN14701_SPEC,ERX13792745,ERR14391626
RCN14705,SAMEA117704765,RCN14705_GRC1,ERX13792755,ERR14391636
RCN14705,SAMEA117704765,RCN14705_GRC2,ERX13792756,ERR14391637
RCN14705,SAMEA117704765,RCN14705_SPEC,ERX13792757,ERR14391638
RCN14706,SAMEA117704766,RCN14706_GRC1,ERX13792758,ERR14391639
RCN14706,SAMEA117704766,RCN14706_GRC2,ERX13792759,ERR14391640
RCN14706,SAMEA117704766,RCN14706_SPEC,ERX13792760,ERR14391641
RCN14707,SAMEA117704767,RCN14707_GRC1,ERX13792761,ERR14391642
RCN14707,SAMEA117704767,RCN14707_GRC2,ERX13792762,ERR14391643
RCN14707,SAMEA117704767,RCN14707_SPEC,ERX13792763,ERR14391644
RCN14708,SAMEA117704768,RCN14708_GRC1,ERX13792764,ERR14391645
RCN14708,SAMEA117704768,RCN14708_GRC2,ERX13792765,ERR14391646
RCN14708,SAMEA117704768,RCN14708_SPEC,ERX13792766,ERR14391647
RCN14709,SAMEA117704769,RCN14709_GRC1,ERX13792767,ERR14391648
RCN14709,SAMEA117704769,RCN14709_GRC2,ERX13792768,ERR14391649
RCN14709,SAMEA117704769,RCN14709_SPEC,ERX13792769,ERR14391650
RCN14713,SAMEA117704773,RCN14713_GRC1,ERX13792779,ERR14391660
RCN14713,SAMEA117704773,RCN14713_GRC2,ERX13792780,ERR14391661
RCN14713,SAMEA117704773,RCN14713_SPEC,ERX13792781,ERR14391662
RCN14714,SAMEA117704774,RCN14714_GRC1,ERX13792782,ERR14391663
RCN14714,SAMEA117704774,RCN14714_GRC2,ERX13792783,ERR14391664
RCN14714,SAMEA117704774,RCN14714_SPEC,ERX13792784,ERR14391665
RCN14715,SAMEA117704775,RCN14715_GRC1,ERX13792785,ERR14391666
RCN14715,SAMEA117704775,RCN14715_GRC2,ERX13792786,ERR14391667
RCN14715,SAMEA117704775,RCN14715_SPEC,ERX13792787,ERR14391668
RCN14717,SAMEA117704777,RCN14717_GRC1,ERX13792791,ERR14391672
RCN14717,SAMEA117704777,RCN14717_GRC2,ERX13792792,ERR14391673
RCN14717,SAMEA117704777,RCN14717_SPEC,ERX13792793,ERR14391674
RCN14721,SAMEA117704781,RCN14721_GRC1,ERX13792803,ERR14391684
RCN14721,SAMEA117704781,RCN14721_GRC2,ERX13792804,ERR14391685
RCN14721,SAMEA117704781,RCN14721_SPEC,ERX13792805,ERR14391686
RCN14724,SAMEA117704784,RCN14724_GRC1,ERX13792812,ERR14391693
RCN14724,SAMEA117704784,RCN14724_GRC2,ERX13792813,ERR14391694
RCN14724,SAMEA117704784,RCN14724_SPEC,ERX13792814,ERR14391695
RCN14725,SAMEA117704785,RCN14725_GRC1,ERX13792815,ERR14391696
RCN14725,SAMEA117704785,RCN14725_GRC2,ERX13792816,ERR14391697
RCN14725,SAMEA117704785,RCN14725_SPEC,ERX13792817,ERR14391698
RCN14727,SAMEA117704787,RCN14727_GRC1,ERX13792821,ERR14391702
RCN14727,SAMEA117704787,RCN14727_GRC2,ERX13792822,ERR14391703
RCN14727,SAMEA117704787,RCN14727_SPEC,ERX13792823,ERR14391704
RCN14728,SAMEA117704788,RCN14728_GRC1,ERX13792824,ERR14391705
RCN14728,SAMEA117704788,RCN14728_GRC2,ERX13792825,ERR14391706
RCN14728,SAMEA117704788,RCN14728_SPEC,ERX13792826,ERR14391707
RCN14729,SAMEA117704789,RCN14729_GRC1,ERX13792827,ERR14391708
RCN14729,SAMEA117704789,RCN14729_GRC2,ERX13792828,ERR14391709
RCN14729,SAMEA117704789,RCN14729_SPEC,ERX13792829,ERR14391710
RCN14730,SAMEA117704790,RCN14730_GRC1,ERX13792830,ERR14391711
RCN14730,SAMEA117704790,RCN14730_GRC2,ERX13792831,ERR14391712
RCN14730,SAMEA117704790,RCN14730_SPEC,ERX13792832,ERR14391713
RCN14731,SAMEA117704791,RCN14731_GRC1,ERX13792833,ERR14391714
RCN14731,SAMEA117704791,RCN14731_GRC2,ERX13792834,ERR14391715
RCN14731,SAMEA117704791,RCN14731_SPEC,ERX13792835,ERR14391716
RCN14732,SAMEA117704792,RCN14732_GRC1,ERX13792836,ERR14391717
RCN14732,SAMEA117704792,RCN14732_GRC2,ERX13792837,ERR14391718
RCN14732,SAMEA117704792,RCN14732_SPEC,ERX13792838,ERR14391719
RCN14733,SAMEA117704793,RCN14733_GRC1,ERX13792839,ERR14391720
RCN14733,SAMEA117704793,RCN14733_GRC2,ERX13792840,ERR14391721
RCN14733,SAMEA117704793,RCN14733_SPEC,ERX13792841,ERR14391722
RCN14738,SAMEA117704798,RCN14738_GRC1,ERX13792854,ERR14391735
RCN14738,SAMEA117704798,RCN14738_GRC2,ERX13792855,ERR14391736
RCN14738,SAMEA117704798,RCN14738_SPEC,ERX13792856,ERR14391737
RCN14739,SAMEA117704799,RCN14739_GRC1,ERX13792857,ERR14391738
RCN14739,SAMEA117704799,RCN14739_GRC2,ERX13792858,ERR14391739
RCN14739,SAMEA117704799,RCN14739_SPEC,ERX13792859,ERR14391740
RCN14740,SAMEA117704800,RCN14740_GRC1,ERX13792860,ERR14391741
RCN14740,SAMEA117704800,RCN14740_GRC2,ERX13792861,ERR14391742
RCN14740,SAMEA117704800,RCN14740_SPEC,ERX13792862,ERR14391743
RCN14741,SAMEA117704801,RCN14741_GRC1,ERX13792863,ERR14391744
RCN14741,SAMEA117704801,RCN14741_GRC2,ERX13792864,ERR14391745
RCN14741,SAMEA117704801,RCN14741_SPEC,ERX13792865,ERR14391746
RCN14744,SAMEA117704803,RCN14744_GRC1,ERX13792869,ERR14391750
RCN14744,SAMEA117704803,RCN14744_GRC2,ERX13792870,ERR14391751
RCN14744,SAMEA117704803,RCN14744_SPEC,ERX13792871,ERR14391752
RCN14746,SAMEA117704804,RCN14746_GRC1,ERX13792872,ERR14391753
RCN14746,SAMEA117704804,RCN14746_GRC2,ERX13792873,ERR14391754
RCN14746,SAMEA117704804,RCN14746_SPEC,ERX13792874,ERR14391755
RCN14748,SAMEA117704805,RCN14748_GRC1,ERX13792875,ERR14391756
RCN14748,SAMEA117704805,RCN14748_GRC2,ERX13792876,ERR14391757
RCN14748,SAMEA117704805,RCN14748_SPEC,ERX13792877,ERR14391758
RCN14752,SAMEA117704808,RCN14752_GRC1,ERX13792884,ERR14391765
RCN14752,SAMEA117704808,RCN14752_GRC2,ERX13792885,ERR14391766
RCN14752,SAMEA117704808,RCN14752_SPEC,ERX13792886,ERR14391767
RCN14753,SAMEA117704809,RCN14753_GRC1,ERX13792887,ERR14391768
RCN14753,SAMEA117704809,RCN14753_GRC2,ERX13792888,ERR14391769
RCN14753,SAMEA117704809,RCN14753_SPEC,ERX13792889,ERR14391770
RCN14754,SAMEA117704810,RCN14754_GRC1,ERX13792890,ERR14391771
RCN14754,SAMEA117704810,RCN14754_GRC2,ERX13792891,ERR14391772
RCN14754,SAMEA117704810,RCN14754_SPEC,ERX13792892,ERR14391773
RCN14756,SAMEA117704812,RCN14756_GRC1,ERX13792896,ERR14391777
RCN14756,SAMEA117704812,RCN14756_GRC2,ERX13792897,ERR14391778
RCN14756,SAMEA117704812,RCN14756_SPEC,ERX13792898,ERR14391779
RCN14757,SAMEA117704813,RCN14757_GRC1,ERX13792899,ERR14391780
RCN14757,SAMEA117704813,RCN14757_GRC2,ERX13792900,ERR14391781
RCN14757,SAMEA117704813,RCN14757_SPEC,ERX13792901,ERR14391782
RCN14760,SAMEA117704816,RCN14760_GRC1,ERX13792908,ERR14391789
RCN14760,SAMEA117704816,RCN14760_GRC2,ERX13792909,ERR14391790
RCN14760,SAMEA117704816,RCN14760_SPEC,ERX13792910,ERR14391791
RCN14762,SAMEA117704818,RCN14762_GRC1,ERX13792914,ERR14391795
RCN14762,SAMEA117704818,RCN14762_GRC2,ERX13792915,ERR14391796
RCN14762,SAMEA117704818,RCN14762_SPEC,ERX13792916,ERR14391797
RCN14763,SAMEA117704819,RCN14763_GRC1,ERX13792917,ERR14391798
RCN14763,SAMEA117704819,RCN14763_GRC2,ERX13792918,ERR14391799
RCN14763,SAMEA117704819,RCN14763_SPEC,ERX13792919,ERR14391800
RCN14766,SAMEA117704822,RCN14766_GRC1,ERX13792926,ERR14391807
RCN14766,SAMEA117704822,RCN14766_GRC2,ERX13792927,ERR14391808
RCN14766,SAMEA117704822,RCN14766_SPEC,ERX13792928,ERR14391809
RCN14770,SAMEA117704826,RCN14770_GRC1,ERX13792938,ERR14391819
RCN14770,SAMEA117704826,RCN14770_GRC2,ERX13792939,ERR14391820
RCN14770,SAMEA117704826,RCN14770_SPEC,ERX13792940,ERR14391821
RCN14771,SAMEA117704827,RCN14771_GRC1,ERX13792941,ERR14391822
RCN14771,SAMEA117704827,RCN14771_GRC2,ERX13792942,ERR14391823
RCN14771,SAMEA117704827,RCN14771_SPEC,ERX13792943,ERR14391824
RCN14777,SAMEA117704833,RCN14777_GRC1,ERX13792959,ERR14391840
RCN14777,SAMEA117704833,RCN14777_GRC2,ERX13792960,ERR14391841
RCN14777,SAMEA117704833,RCN14777_SPEC,ERX13792961,ERR14391842
RCN14787,SAMEA117704838,RCN14787_GRC1,ERX13792974,ERR14391855
RCN14787,SAMEA117704838,RCN14787_GRC2,ERX13792975,ERR14391856
RCN14787,SAMEA117704838,RCN14787_SPEC,ERX13792976,ERR14391857
RCN14794,SAMEA117704845,RCN14794_GRC1,ERX13792995,ERR14391876
RCN14794,SAMEA117704845,RCN14794_GRC2,ERX13792996,ERR14391877
RCN14794,SAMEA117704845,RCN14794_SPEC,ERX13792997,ERR14391878
RCN14795,SAMEA117704846,RCN14795_GRC1,ERX13792998,ERR14391879
RCN14795,SAMEA117704846,RCN14795_GRC2,ERX13792999,ERR14391880
RCN14795,SAMEA117704846,RCN14795_SPEC,ERX13793000,ERR14391881
RCN14799,SAMEA117704850,RCN14799_GRC1,ERX13793010,ERR14391891
RCN14799,SAMEA117704850,RCN14799_GRC2,ERX13793011,ERR14391892
RCN14799,SAMEA117704850,RCN14799_SPEC,ERX13793012,ERR14391893
RCN14800,SAMEA117704851,RCN14800_GRC1,ERX13793013,ERR14391894
RCN14800,SAMEA117704851,RCN14800_GRC2,ERX13793014,ERR14391895
RCN14800,SAMEA117704851,RCN14800_SPEC,ERX13793015,ERR14391896
RCN14802,SAMEA117704853,RCN14802_GRC1,ERX13793019,ERR14391900
RCN14802,SAMEA117704853,RCN14802_GRC2,ERX13793020,ERR14391901
RCN14802,SAMEA117704853,RCN14802_SPEC,ERX13793021,ERR14391902
RCN14803,SAMEA117704854,RCN14803_GRC1,ERX13793022,ERR14391903
RCN14803,SAMEA117704854,RCN14803_GRC2,ERX13793023,ERR14391904
RCN14803,SAMEA117704854,RCN14803_SPEC,ERX13793024,ERR14391905
RCN14807,SAMEA117704858,RCN14807_GRC1,ERX13793034,ERR14391915
RCN14807,SAMEA117704858,RCN14807_GRC2,ERX13793035,ERR14391916
RCN14807,SAMEA117704858,RCN14807_SPEC,ERX13793036,ERR14391917
RCN14810,SAMEA117704861,RCN14810_GRC1,ERX13793043,ERR14391924
RCN14810,SAMEA117704861,RCN14810_GRC2,ERX13793044,ERR14391925
RCN14810,SAMEA117704861,RCN14810_SPEC,ERX13793045,ERR14391926
RCN14811,SAMEA117704862,RCN14811_GRC1,ERX13793046,ERR14391927
RCN14811,SAMEA117704862,RCN14811_GRC2,ERX13793047,ERR14391928
RCN14811,SAMEA117704862,RCN14811_SPEC,ERX13793048,ERR14391929
RCN14814,SAMEA117704865,RCN14814_GRC1,ERX13793055,ERR14391936
RCN14814,SAMEA117704865,RCN14814_GRC2,ERX13793056,ERR14391937
RCN14814,SAMEA117704865,RCN14814_SPEC,ERX13793057,ERR14391938
RCN14816,SAMEA117704867,RCN14816_GRC1,ERX13793061,ERR14391942
RCN14816,SAMEA117704867,RCN14816_GRC2,ERX13793062,ERR14391943
RCN14816,SAMEA117704867,RCN14816_SPEC,ERX13793063,ERR14391944
RCN14818,SAMEA117704869,RCN14818_GRC1,ERX13793067,ERR14391948
RCN14818,SAMEA117704869,RCN14818_GRC2,ERX13793068,ERR14391949
RCN14818,SAMEA117704869,RCN14818_SPEC,ERX13793069,ERR14391950
RCN14819,SAMEA117704870,RCN14819_GRC1,ERX13793070,ERR14391951
RCN14819,SAMEA117704870,RCN14819_GRC2,ERX13793071,ERR14391952
RCN14819,SAMEA117704870,RCN14819_SPEC,ERX13793072,ERR14391953
RCN14827,SAMEA117704877,RCN14827_GRC1,ERX13793091,ERR14391972
RCN14827,SAMEA117704877,RCN14827_GRC2,ERX13793092,ERR14391973
RCN14827,SAMEA117704877,RCN14827_SPEC,ERX13793093,ERR14391974
RCN14834,SAMEA117704884,RCN14834_GRC1,ERX13793112,ERR14391993
RCN14834,SAMEA117704884,RCN14834_GRC2,ERX13793113,ERR14391994
RCN14834,SAMEA117704884,RCN14834_SPEC,ERX13793114,ERR14391995
RCN14835,SAMEA117704885,RCN14835_GRC1,ERX13793115,ERR14391996
RCN14835,SAMEA117704885,RCN14835_GRC2,ERX13793116,ERR14391997
RCN14835,SAMEA117704885,RCN14835_SPEC,ERX13793117,ERR14391998
RCN14839,SAMEA117704888,RCN14839_GRC1,ERX13793124,ERR14392005
RCN14839,SAMEA117704888,RCN14839_GRC2,ERX13793125,ERR14392006
RCN14839,SAMEA117704888,RCN14839_SPEC,ERX13793126,ERR14392007
RCN14840,SAMEA117704889,RCN14840_GRC1,ERX13793127,ERR14392008
RCN14840,SAMEA117704889,RCN14840_GRC2,ERX13793128,ERR14392009
RCN14840,SAMEA117704889,RCN14840_SPEC,ERX13793129,ERR14392010
RCN14843,SAMEA117704892,RCN14843_GRC1,ERX13793136,ERR14392017
RCN14843,SAMEA117704892,RCN14843_GRC2,ERX13793137,ERR14392018
RCN14843,SAMEA117704892,RCN14843_SPEC,ERX13793138,ERR14392019
RCN14847,SAMEA117704896,RCN14847_GRC1,ERX13793148,ERR14392029
RCN14847,SAMEA117704896,RCN14847_GRC2,ERX13793149,ERR14392030
RCN14847,SAMEA117704896,RCN14847_SPEC,ERX13793150,ERR14392031
RCN14848,SAMEA117704897,RCN14848_GRC1,ERX13793151,ERR14392032
RCN14848,SAMEA117704897,RCN14848_GRC2,ERX13793152,ERR14392033
RCN14848,SAMEA117704897,RCN14848_SPEC,ERX13793153,ERR14392034
RCN14849,SAMEA117704898,RCN14849_GRC1,ERX13793154,ERR14392035
RCN14849,SAMEA117704898,RCN14849_GRC2,ERX13793155,ERR14392036
RCN14849,SAMEA117704898,RCN14849_SPEC,ERX13793156,ERR14392037
RCN14850,SAMEA117704899,RCN14850_GRC1,ERX13793157,ERR14392038
RCN14850,SAMEA117704899,RCN14850_GRC2,ERX13793158,ERR14392039
RCN14850,SAMEA117704899,RCN14850_SPEC,ERX13793159,ERR14392040
RCN14904,SAMEA117704904,RCN14904_GRC1,ERX13793172,ERR14392053
RCN14904,SAMEA117704904,RCN14904_GRC2,ERX13793173,ERR14392054
RCN14904,SAMEA117704904,RCN14904_SPEC,ERX13793174,ERR14392055
RCN14906,SAMEA117704905,RCN14906_GRC1,ERX13793175,ERR14392056
RCN14906,SAMEA117704905,RCN14906_GRC2,ERX13793176,ERR14392057
RCN14906,SAMEA117704905,RCN14906_SPEC,ERX13793177,ERR14392058
RCN14912,SAMEA117704908,RCN14912_GRC1,ERX13793184,ERR14392065
RCN14912,SAMEA117704908,RCN14912_GRC2,ERX13793185,ERR14392066
RCN14912,SAMEA117704908,RCN14912_SPEC,ERX13793186,ERR14392067
RCN14913,SAMEA117704909,RCN14913_GRC1,ERX13793187,ERR14392068
RCN14913,SAMEA117704909,RCN14913_GRC2,ERX13793188,ERR14392069
RCN14913,SAMEA117704909,RCN14913_SPEC,ERX13793189,ERR14392070
RCN14915,SAMEA117704911,RCN14915_GRC1,ERX13793193,ERR14392074
RCN14915,SAMEA117704911,RCN14915_GRC2,ERX13793194,ERR14392075
RCN14915,SAMEA117704911,RCN14915_SPEC,ERX13793195,ERR14392076
RCN14916,SAMEA117704912,RCN14916_GRC1,ERX13793196,ERR14392077
RCN14916,SAMEA117704912,RCN14916_GRC2,ERX13793197,ERR14392078
RCN14916,SAMEA117704912,RCN14916_SPEC,ERX13793198,ERR14392079
RCN14918,SAMEA117704914,RCN14918_GRC1,ERX13793202,ERR14392083
RCN14918,SAMEA117704914,RCN14918_GRC2,ERX13793203,ERR14392084
RCN14918,SAMEA117704914,RCN14918_SPEC,ERX13793204,ERR14392085
RCN14919,SAMEA117704915,RCN14919_GRC1,ERX13793205,ERR14392086
RCN14919,SAMEA117704915,RCN14919_GRC2,ERX13793206,ERR14392087
RCN14919,SAMEA117704915,RCN14919_SPEC,ERX13793207,ERR14392088
RCN14921,SAMEA117704917,RCN14921_GRC1,ERX13793211,ERR14392092
RCN14921,SAMEA117704917,RCN14921_GRC2,ERX13793212,ERR14392093
RCN14921,SAMEA117704917,RCN14921_SPEC,ERX13793213,ERR14392094
RCN14925,SAMEA117704920,RCN14925_GRC1,ERX13793220,ERR14392101
RCN14925,SAMEA117704920,RCN14925_GRC2,ERX13793221,ERR14392102
RCN14925,SAMEA117704920,RCN14925_SPEC,ERX13793222,ERR14392103
RCN14926,SAMEA117704921,RCN14926_GRC1,ERX13793223,ERR14392104
RCN14926,SAMEA117704921,RCN14926_GRC2,ERX13793224,ERR14392105
RCN14926,SAMEA117704921,RCN14926_SPEC,ERX13793225,ERR14392106
RCN14927,SAMEA117704922,RCN14927_GRC1,ERX13793226,ERR14392107
RCN14927,SAMEA117704922,RCN14927_GRC2,ERX13793227,ERR14392108
RCN14927,SAMEA117704922,RCN14927_SPEC,ERX13793228,ERR14392109
RCN14928,SAMEA117704923,RCN14928_GRC1,ERX13793229,ERR14392110
RCN14928,SAMEA117704923,RCN14928_GRC2,ERX13793230,ERR14392111
RCN14928,SAMEA117704923,RCN14928_SPEC,ERX13793231,ERR14392112
RCN14929,SAMEA117704924,RCN14929_GRC1,ERX13793232,ERR14392113
RCN14929,SAMEA117704924,RCN14929_GRC2,ERX13793233,ERR14392114
RCN14929,SAMEA117704924,RCN14929_SPEC,ERX13793234,ERR14392115
RCN14932,SAMEA117704926,RCN14932_GRC1,ERX13793238,ERR14392119
RCN14932,SAMEA117704926,RCN14932_GRC2,ERX13793239,ERR14392120
RCN14932,SAMEA117704926,RCN14932_SPEC,ERX13793240,ERR14392121
RCN14935,SAMEA117704929,RCN14935_GRC1,ERX13793247,ERR14392128
RCN14935,SAMEA117704929,RCN14935_GRC2,ERX13793248,ERR14392129
RCN14935,SAMEA117704929,RCN14935_SPEC,ERX13793249,ERR14392130
RCN14938,SAMEA117704932,RCN14938_GRC1,ERX13793256,ERR14392137
RCN14938,SAMEA117704932,RCN14938_GRC2,ERX13793257,ERR14392138
RCN14938,SAMEA117704932,RCN14938_SPEC,ERX13793258,ERR14392139
RCN14939,SAMEA117704933,RCN14939_GRC1,ERX13793259,ERR14392140
RCN14939,SAMEA117704933,RCN14939_GRC2,ERX13793260,ERR14392141
RCN14939,SAMEA117704933,RCN14939_SPEC,ERX13793261,ERR14392142
RCN14941,SAMEA117704935,RCN14941_GRC1,ERX13793265,ERR14392146
RCN14941,SAMEA117704935,RCN14941_GRC2,ERX13793266,ERR14392147
RCN14941,SAMEA117704935,RCN14941_SPEC,ERX13793267,ERR14392148
RCN14952,SAMEA117704945,RCN14952_GRC1,ERX13793295,ERR14392176
RCN14952,SAMEA117704945,RCN14952_GRC2,ERX13793296,ERR14392177
RCN14952,SAMEA117704945,RCN14952_SPEC,ERX13793297,ERR14392178
RCN14954,SAMEA117704947,RCN14954_GRC1,ERX13793301,ERR14392182
RCN14954,SAMEA117704947,RCN14954_GRC2,ERX13793302,ERR14392183
RCN14954,SAMEA117704947,RCN14954_SPEC,ERX13793303,ERR14392184
RCN14969,SAMEA117704955,RCN14969_GRC1,ERX13793325,ERR14392206
RCN14969,SAMEA117704955,RCN14969_GRC2,ERX13793326,ERR14392207
RCN14969,SAMEA117704955,RCN14969_SPEC,ERX13793327,ERR14392208
RCN14975,SAMEA117704960,RCN14975_GRC1,ERX13793340,ERR14392221
RCN14975,SAMEA117704960,RCN14975_GRC2,ERX13793341,ERR14392222
RCN14975,SAMEA117704960,RCN14975_SPEC,ERX13793342,ERR14392223
RCN15000,SAMEA117704979,RCN15000_GRC1,ERX13793397,ERR14392278
RCN15000,SAMEA117704979,RCN15000_GRC2,ERX13793398,ERR14392279
RCN15000,SAMEA117704979,RCN15000_SPEC,ERX13793399,ERR14392280
RCN15002,SAMEA117704981,RCN15002_GRC1,ERX13793403,ERR14392284
RCN15002,SAMEA117704981,RCN15002_GRC2,ERX13793404,ERR14392285
RCN15002,SAMEA117704981,RCN15002_SPEC,ERX13793405,ERR14392286
RCN15003,SAMEA117704982,RCN15003_GRC1,ERX13793406,ERR14392287
RCN15003,SAMEA117704982,RCN15003_GRC2,ERX13793407,ERR14392288
RCN15003,SAMEA117704982,RCN15003_SPEC,ERX13793408,ERR14392289
RCN15004,SAMEA117704983,RCN15004_GRC1,ERX13793409,ERR14392290
RCN15004,SAMEA117704983,RCN15004_GRC2,ERX13793410,ERR14392291
RCN15004,SAMEA117704983,RCN15004_SPEC,ERX13793411,ERR14392292
RCN15006,SAMEA117704985,RCN15006_GRC1,ERX13793415,ERR14392296
RCN15006,SAMEA117704985,RCN15006_GRC2,ERX13793416,ERR14392297
RCN15006,SAMEA117704985,RCN15006_SPEC,ERX13793417,ERR14392298
RCN15010,SAMEA117704989,RCN15010_GRC1,ERX13793427,ERR14392308
RCN15010,SAMEA117704989,RCN15010_GRC2,ERX13793428,ERR14392309
RCN15010,SAMEA117704989,RCN15010_SPEC,ERX13793429,ERR14392310
RCN15020,SAMEA117704999,RCN15020_GRC1,ERX13793457,ERR14392338
RCN15020,SAMEA117704999,RCN15020_GRC2,ERX13793458,ERR14392339
RCN15020,SAMEA117704999,RCN15020_SPEC,ERX13793459,ERR14392340
RCN15027,SAMEA117705003,RCN15027_GRC1,ERX13793469,ERR14392350
RCN15027,SAMEA117705003,RCN15027_GRC2,ERX13793470,ERR14392351
RCN15027,SAMEA117705003,RCN15027_SPEC,ERX13793471,ERR14392352
RCN15037,SAMEA117705013,RCN15037_GRC1,ERX13793499,ERR14392380
RCN15037,SAMEA117705013,RCN15037_GRC2,ERX13793500,ERR14392381
RCN15037,SAMEA117705013,RCN15037_SPEC,ERX13793501,ERR14392382
RCN15044,SAMEA117705020,RCN15044_GRC1,ERX13793520,ERR14392401
RCN15044,SAMEA117705020,RCN15044_GRC2,ERX13793521,ERR14392402
RCN15044,SAMEA117705020,RCN15044_SPEC,ERX13793522,ERR14392403
RCN15063,SAMEA117705037,RCN15063_GRC1,ERX13793571,ERR14392452
RCN15063,SAMEA117705037,RCN15063_GRC2,ERX13793572,ERR14392453
RCN15063,SAMEA117705037,RCN15063_SPEC,ERX13793573,ERR14392454
RCN15070,SAMEA117705038,RCN15070_GRC1,ERX13793574,ERR14392455
RCN15070,SAMEA117705038,RCN15070_GRC2,ERX13793575,ERR14392456
RCN15070,SAMEA117705038,RCN15070_SPEC,ERX13793576,ERR14392457
RCN15072,SAMEA117705040,RCN15072_GRC1,ERX13793580,ERR14392461
RCN15072,SAMEA117705040,RCN15072_GRC2,ERX13793581,ERR14392462
RCN15072,SAMEA117705040,RCN15072_SPEC,ERX13793582,ERR14392463
RCN15073,SAMEA117705041,RCN15073_GRC1,ERX13793583,ERR14392464
RCN15073,SAMEA117705041,RCN15073_GRC2,ERX13793584,ERR14392465
RCN15073,SAMEA117705041,RCN15073_SPEC,ERX13793585,ERR14392466
RCN15074,SAMEA117705042,RCN15074_GRC1,ERX13793586,ERR14392467
RCN15074,SAMEA117705042,RCN15074_GRC2,ERX13793587,ERR14392468
RCN15074,SAMEA117705042,RCN15074_SPEC,ERX13793588,ERR14392469
RCN15086,SAMEA117705054,RCN15086_GRC1,ERX13793622,ERR14392503
RCN15086,SAMEA117705054,RCN15086_GRC2,ERX13793623,ERR14392504
RCN15086,SAMEA117705054,RCN15086_SPEC,ERX13793624,ERR14392505
RCN15089,SAMEA117705057,RCN15089_GRC1,ERX13793631,ERR14392512
RCN15089,SAMEA117705057,RCN15089_GRC2,ERX13793632,ERR14392513
RCN15089,SAMEA117705057,RCN15089_SPEC,ERX13793633,ERR14392514
RCN15090,SAMEA117705058,RCN15090_GRC1,ERX13793634,ERR14392515
RCN15090,SAMEA117705058,RCN15090_GRC2,ERX13793635,ERR14392516
RCN15090,SAMEA117705058,RCN15090_SPEC,ERX13793636,ERR14392517
RCN15095,SAMEA117705063,RCN15095_GRC1,ERX13793649,ERR14392530
RCN15095,SAMEA117705063,RCN15095_GRC2,ERX13793650,ERR14392531
RCN15095,SAMEA117705063,RCN15095_SPEC,ERX13793651,ERR14392532
RCN15183,SAMEA117705146,RCN15183_GRC1,ERX13793898,ERR14392779
RCN15183,SAMEA117705146,RCN15183_GRC2,ERX13793899,ERR14392780
RCN15183,SAMEA117705146,RCN15183_SPEC,ERX13793900,ERR14392781
RCN15184,SAMEA117705147,RCN15184_GRC1,ERX13793901,ERR14392782
RCN15184,SAMEA117705147,RCN15184_GRC2,ERX13793902,ERR14392783
RCN15184,SAMEA117705147,RCN15184_SPEC,ERX13793903,ERR14392784
RCN15191,SAMEA117705154,RCN15191_GRC1,ERX13793922,ERR14392803
RCN15191,SAMEA117705154,RCN15191_GRC2,ERX13793923,ERR14392804
RCN15191,SAMEA117705154,RCN15191_SPEC,ERX13793924,ERR14392805
RCN15193,SAMEA117705156,RCN15193_GRC1,ERX13793928,ERR14392809
RCN15193,SAMEA117705156,RCN15193_GRC2,ERX13793929,ERR14392810
RCN15193,SAMEA117705156,RCN15193_SPEC,ERX13793930,ERR14392811
RCN15195,SAMEA117705158,RCN15195_GRC1,ERX13793934,ERR14392815
RCN15195,SAMEA117705158,RCN15195_GRC2,ERX13793935,ERR14392816
RCN15195,SAMEA117705158,RCN15195_SPEC,ERX13793936,ERR14392817
RCN15196,SAMEA117705159,RCN15196_GRC1,ERX13793937,ERR14392818
RCN15196,SAMEA117705159,RCN15196_GRC2,ERX13793938,ERR14392819
RCN15196,SAMEA117705159,RCN15196_SPEC,ERX13793939,ERR14392820
RCN15197,SAMEA117705160,RCN15197_GRC1,ERX13793940,ERR14392821
RCN15197,SAMEA117705160,RCN15197_GRC2,ERX13793941,ERR14392822
RCN15197,SAMEA117705160,RCN15197_SPEC,ERX13793942,ERR14392823
RCN15201,SAMEA117705164,RCN15201_GRC1,ERX13793952,ERR14392833
RCN15201,SAMEA117705164,RCN15201_GRC2,ERX13793953,ERR14392834
RCN15201,SAMEA117705164,RCN15201_SPEC,ERX13793954,ERR14392835
RCN15202,SAMEA117705165,RCN15202_GRC1,ERX13793955,ERR14392836
RCN15202,SAMEA117705165,RCN15202_GRC2,ERX13793956,ERR14392837
RCN15202,SAMEA117705165,RCN15202_SPEC,ERX13793957,ERR14392838
RCN15208,SAMEA117705171,RCN15208_GRC1,ERX13793973,ERR14392854
RCN15208,SAMEA117705171,RCN15208_GRC2,ERX13793974,ERR14392855
RCN15208,SAMEA117705171,RCN15208_SPEC,ERX13793975,ERR14392856
RCN15212,SAMEA117705175,RCN15212_GRC1,ERX13793985,ERR14392866
RCN15212,SAMEA117705175,RCN15212_GRC2,ERX13793986,ERR14392867
RCN15212,SAMEA117705175,RCN15212_SPEC,ERX13793987,ERR14392868
RCN15218,SAMEA117705180,RCN15218_GRC1,ERX13794000,ERR14392881
RCN15218,SAMEA117705180,RCN15218_GRC2,ERX13794001,ERR14392882
RCN15218,SAMEA117705180,RCN15218_SPEC,ERX13794002,ERR14392883
RCN15220,SAMEA117705182,RCN15220_GRC1,ERX13794006,ERR14392887
RCN15220,SAMEA117705182,RCN15220_GRC2,ERX13794007,ERR14392888
RCN15220,SAMEA117705182,RCN15220_SPEC,ERX13794008,ERR14392889
RCN15221,SAMEA117705183,RCN15221_GRC1,ERX13794009,ERR14392890
RCN15221,SAMEA117705183,RCN15221_GRC2,ERX13794010,ERR14392891
RCN15221,SAMEA117705183,RCN15221_SPEC,ERX13794011,ERR14392892
RCN15227,SAMEA117705189,RCN15227_GRC1,ERX13794027,ERR14392908
RCN15227,SAMEA117705189,RCN15227_GRC2,ERX13794028,ERR14392909
RCN15227,SAMEA117705189,RCN15227_SPEC,ERX13794029,ERR14392910
RCN15228,SAMEA117705190,RCN15228_GRC1,ERX13794030,ERR14392911
RCN15228,SAMEA117705190,RCN15228_GRC2,ERX13794031,ERR14392912
RCN15228,SAMEA117705190,RCN15228_SPEC,ERX13794032,ERR14392913
RCN15233,SAMEA117705194,RCN15233_GRC1,ERX13794042,ERR14392923
RCN15233,SAMEA117705194,RCN15233_GRC2,ERX13794043,ERR14392924
RCN15233,SAMEA117705194,RCN15233_SPEC,ERX13794044,ERR14392925
RCN15235,SAMEA117705196,RCN15235_GRC1,ERX13794048,ERR14392929
RCN15235,SAMEA117705196,RCN15235_GRC2,ERX13794049,ERR14392930
RCN15235,SAMEA117705196,RCN15235_SPEC,ERX13794050,ERR14392931
RCN15236,SAMEA117705197,RCN15236_GRC1,ERX13794051,ERR14392932
RCN15236,SAMEA117705197,RCN15236_GRC2,ERX13794052,ERR14392933
RCN15236,SAMEA117705197,RCN15236_SPEC,ERX13794053,ERR14392934
RCN15237,SAMEA117705198,RCN15237_GRC1,ERX13794054,ERR14392935
RCN15237,SAMEA117705198,RCN15237_GRC2,ERX13794055,ERR14392936
RCN15237,SAMEA117705198,RCN15237_SPEC,ERX13794056,ERR14392937
RCN15238,SAMEA117705199,RCN15238_GRC1,ERX13794057,ERR14392938
RCN15238,SAMEA117705199,RCN15238_GRC2,ERX13794058,ERR14392939
RCN15238,SAMEA117705199,RCN15238_SPEC,ERX13794059,ERR14392940
RCN15241,SAMEA117705202,RCN15241_GRC1,ERX13794066,ERR14392947
RCN15241,SAMEA117705202,RCN15241_GRC2,ERX13794067,ERR14392948
RCN15241,SAMEA117705202,RCN15241_SPEC,ERX13794068,ERR14392949
RCN15242,SAMEA117705203,RCN15242_GRC1,ERX13794069,ERR14392950
RCN15242,SAMEA117705203,RCN15242_GRC2,ERX13794070,ERR14392951
RCN15242,SAMEA117705203,RCN15242_SPEC,ERX13794071,ERR14392952
RCN15245,SAMEA117705206,RCN15245_GRC1,ERX13794078,ERR14392959
RCN15245,SAMEA117705206,RCN15245_GRC2,ERX13794079,ERR14392960
RCN15245,SAMEA117705206,RCN15245_SPEC,ERX13794080,ERR14392961
RCN15246,SAMEA117705207,RCN15246_GRC1,ERX13794081,ERR14392962
RCN15246,SAMEA117705207,RCN15246_GRC2,ERX13794082,ERR14392963
RCN15246,SAMEA117705207,RCN15246_SPEC,ERX13794083,ERR14392964
RCN15248,SAMEA117705209,RCN15248_GRC1,ERX13794087,ERR14392968
RCN15248,SAMEA117705209,RCN15248_GRC2,ERX13794088,ERR14392969
RCN15248,SAMEA117705209,RCN15248_SPEC,ERX13794089,ERR14392970
RCN15250,SAMEA117705211,RCN15250_GRC1,ERX13794093,ERR14392974
RCN15250,SAMEA117705211,RCN15250_GRC2,ERX13794094,ERR14392975
RCN15250,SAMEA117705211,RCN15250_SPEC,ERX13794095,ERR14392976
RCN15260,SAMEA117705219,RCN15260_GRC1,ERX13794117,ERR14392998
RCN15260,SAMEA117705219,RCN15260_GRC2,ERX13794118,ERR14392999
RCN15260,SAMEA117705219,RCN15260_SPEC,ERX13794119,ERR14393000
RCN15271,SAMEA117705229,RCN15271_GRC1,ERX13794147,ERR14393028
RCN15271,SAMEA117705229,RCN15271_GRC2,ERX13794148,ERR14393029
RCN15271,SAMEA117705229,RCN15271_SPEC,ERX13794149,ERR14393030
RCN15274,SAMEA117705232,RCN15274_GRC1,ERX13794156,ERR14393037
RCN15274,SAMEA117705232,RCN15274_GRC2,ERX13794157,ERR14393038
RCN15274,SAMEA117705232,RCN15274_SPEC,ERX13794158,ERR14393039
RCN15275,SAMEA117705233,RCN15275_GRC1,ERX13794159,ERR14393040
RCN15275,SAMEA117705233,RCN15275_GRC2,ERX13794160,ERR14393041
RCN15275,SAMEA117705233,RCN15275_SPEC,ERX13794161,ERR14393042
RCN15276,SAMEA117705234,RCN15276_GRC1,ERX13794162,ERR14393043
RCN15276,SAMEA117705234,RCN15276_GRC2,ERX13794163,ERR14393044
RCN15276,SAMEA117705234,RCN15276_SPEC,ERX13794164,ERR14393045
RCN15278,SAMEA117705236,RCN15278_GRC1,ERX13794168,ERR14393049
RCN15278,SAMEA117705236,RCN15278_GRC2,ERX13794169,ERR14393050
RCN15278,SAMEA117705236,RCN15278_SPEC,ERX13794170,ERR14393051
RCN15279,SAMEA117705237,RCN15279_GRC1,ERX13794171,ERR14393052
RCN15279,SAMEA117705237,RCN15279_GRC2,ERX13794172,ERR14393053
RCN15279,SAMEA117705237,RCN15279_SPEC,ERX13794173,ERR14393054
RCN15281,SAMEA117705239,RCN15281_GRC1,ERX13794177,ERR14393058
RCN15281,SAMEA117705239,RCN15281_GRC2,ERX13794178,ERR14393059
RCN15281,SAMEA117705239,RCN15281_SPEC,ERX13794179,ERR14393060
RCN15282,SAMEA117705240,RCN15282_GRC1,ERX13794180,ERR14393061
RCN15282,SAMEA117705240,RCN15282_GRC2,ERX13794181,ERR14393062
RCN15282,SAMEA117705240,RCN15282_SPEC,ERX13794182,ERR14393063
RCN15283,SAMEA117705241,RCN15283_GRC1,ERX13794183,ERR14393064
RCN15283,SAMEA117705241,RCN15283_GRC2,ERX13794184,ERR14393065
RCN15283,SAMEA117705241,RCN15283_SPEC,ERX13794185,ERR14393066
RCN15288,SAMEA117705244,RCN15288_GRC1,ERX13794192,ERR14393073
RCN15288,SAMEA117705244,RCN15288_GRC2,ERX13794193,ERR14393074
RCN15288,SAMEA117705244,RCN15288_SPEC,ERX13794194,ERR14393075
RCN15292,SAMEA117705248,RCN15292_GRC1,ERX13794204,ERR14393085
RCN15292,SAMEA117705248,RCN15292_GRC2,ERX13794205,ERR14393086
RCN15292,SAMEA117705248,RCN15292_SPEC,ERX13794206,ERR14393087
RCN15293,SAMEA117705249,RCN15293_GRC1,ERX13794207,ERR14393088
RCN15293,SAMEA117705249,RCN15293_GRC2,ERX13794208,ERR14393089
RCN15293,SAMEA117705249,RCN15293_SPEC,ERX13794209,ERR14393090
RCN15294,SAMEA117705250,RCN15294_GRC1,ERX13794210,ERR14393091
RCN15294,SAMEA117705250,RCN15294_GRC2,ERX13794211,ERR14393092
RCN15294,SAMEA117705250,RCN15294_SPEC,ERX13794212,ERR14393093
RCN15295,SAMEA117705251,RCN15295_GRC1,ERX13794213,ERR14393094
RCN15295,SAMEA117705251,RCN15295_GRC2,ERX13794214,ERR14393095
RCN15295,SAMEA117705251,RCN15295_SPEC,ERX13794215,ERR14393096
RCN15297,SAMEA117705253,RCN15297_GRC1,ERX13794219,ERR14393100
RCN15297,SAMEA117705253,RCN15297_GRC2,ERX13794220,ERR14393101
RCN15297,SAMEA117705253,RCN15297_SPEC,ERX13794221,ERR14393102
RCN15298,SAMEA117705254,RCN15298_GRC1,ERX13794222,ERR14393103
RCN15298,SAMEA117705254,RCN15298_GRC2,ERX13794223,ERR14393104
RCN15298,SAMEA117705254,RCN15298_SPEC,ERX13794224,ERR14393105
RCN15299,SAMEA117705255,RCN15299_GRC1,ERX13794225,ERR14393106
RCN15299,SAMEA117705255,RCN15299_GRC2,ERX13794226,ERR14393107
RCN15299,SAMEA117705255,RCN15299_SPEC,ERX13794227,ERR14393108
RCN15301,SAMEA117705257,RCN15301_GRC1,ERX13794231,ERR14393112
RCN15301,SAMEA117705257,RCN15301_GRC2,ERX13794232,ERR14393113
RCN15301,SAMEA117705257,RCN15301_SPEC,ERX13794233,ERR14393114
RCN15303,SAMEA117705259,RCN15303_GRC1,ERX13794237,ERR14393118
RCN15303,SAMEA117705259,RCN15303_GRC2,ERX13794238,ERR14393119
RCN15303,SAMEA117705259,RCN15303_SPEC,ERX13794239,ERR14393120
RCN15306,SAMEA117705262,RCN15306_GRC1,ERX13794246,ERR14393127
RCN15306,SAMEA117705262,RCN15306_GRC2,ERX13794247,ERR14393128
RCN15306,SAMEA117705262,RCN15306_SPEC,ERX13794248,ERR14393129
RCN15307,SAMEA117705263,RCN15307_GRC1,ERX13794249,ERR14393130
RCN15307,SAMEA117705263,RCN15307_GRC2,ERX13794250,ERR14393131
RCN15307,SAMEA117705263,RCN15307_SPEC,ERX13794251,ERR14393132
RCN15308,SAMEA117705264,RCN15308_GRC1,ERX13794252,ERR14393133
RCN15308,SAMEA117705264,RCN15308_GRC2,ERX13794253,ERR14393134
RCN15308,SAMEA117705264,RCN15308_SPEC,ERX13794254,ERR14393135
RCN15311,SAMEA117705267,RCN15311_GRC1,ERX13794261,ERR14393142
RCN15311,SAMEA117705267,RCN15311_GRC2,ERX13794262,ERR14393143
RCN15311,SAMEA117705267,RCN15311_SPEC,ERX13794263,ERR14393144
RCN15315,SAMEA117705271,RCN15315_GRC1,ERX13794273,ERR14393154
RCN15315,SAMEA117705271,RCN15315_GRC2,ERX13794274,ERR14393155
RCN15315,SAMEA117705271,RCN15315_SPEC,ERX13794275,ERR14393156
RCN15322,SAMEA117705278,RCN15322_GRC1,ERX13794294,ERR14393175
RCN15322,SAMEA117705278,RCN15322_GRC2,ERX13794295,ERR14393176
RCN15322,SAMEA117705278,RCN15322_SPEC,ERX13794296,ERR14393177
RCN15323,SAMEA117705279,RCN15323_GRC1,ERX13794297,ERR14393178
RCN15323,SAMEA117705279,RCN15323_GRC2,ERX13794298,ERR14393179
RCN15323,SAMEA117705279,RCN15323_SPEC,ERX13794299,ERR14393180
RCN15325,SAMEA117705281,RCN15325_GRC1,ERX13794303,ERR14393184
RCN15325,SAMEA117705281,RCN15325_GRC2,ERX13794304,ERR14393185
RCN15325,SAMEA117705281,RCN15325_SPEC,ERX13794305,ERR14393186
RCN15327,SAMEA117705283,RCN15327_GRC1,ERX13794309,ERR14393190
RCN15327,SAMEA117705283,RCN15327_GRC2,ERX13794310,ERR14393191
RCN15327,SAMEA117705283,RCN15327_SPEC,ERX13794311,ERR14393192
RCN15328,SAMEA117705284,RCN15328_GRC1,ERX13794312,ERR14393193
RCN15328,SAMEA117705284,RCN15328_GRC2,ERX13794313,ERR14393194
RCN15328,SAMEA117705284,RCN15328_SPEC,ERX13794314,ERR14393195
RCN15332,SAMEA117705288,RCN15332_GRC1,ERX13794324,ERR14393205
RCN15332,SAMEA117705288,RCN15332_GRC2,ERX13794325,ERR14393206
RCN15332,SAMEA117705288,RCN15332_SPEC,ERX13794326,ERR14393207
RCN15333,SAMEA117705289,RCN15333_GRC1,ERX13794327,ERR14393208
RCN15333,SAMEA117705289,RCN15333_GRC2,ERX13794328,ERR14393209
RCN15333,SAMEA117705289,RCN15333_SPEC,ERX13794329,ERR14393210
RCN15334,SAMEA117705290,RCN15334_GRC1,ERX13794330,ERR14393211
RCN15334,SAMEA117705290,RCN15334_GRC2,ERX13794331,ERR14393212
RCN15334,SAMEA117705290,RCN15334_SPEC,ERX13794332,ERR14393213
RCN15335,SAMEA117705291,RCN15335_GRC1,ERX13794333,ERR14393214
RCN15335,SAMEA117705291,RCN15335_GRC2,ERX13794334,ERR14393215
RCN15335,SAMEA117705291,RCN15335_SPEC,ERX13794335,ERR14393216
RCN15341,SAMEA117705295,RCN15341_GRC1,ERX13794345,ERR14393226
RCN15341,SAMEA117705295,RCN15341_GRC2,ERX13794346,ERR14393227
RCN15341,SAMEA117705295,RCN15341_SPEC,ERX13794347,ERR14393228
RCN15342,SAMEA117705296,RCN15342_GRC1,ERX13794348,ERR14393229
RCN15342,SAMEA117705296,RCN15342_GRC2,ERX13794349,ERR14393230
RCN15342,SAMEA117705296,RCN15342_SPEC,ERX13794350,ERR14393231
RCN15345,SAMEA117705298,RCN15345_GRC1,ERX13794354,ERR14393235
RCN15345,SAMEA117705298,RCN15345_GRC2,ERX13794355,ERR14393236
RCN15345,SAMEA117705298,RCN15345_SPEC,ERX13794356,ERR14393237
RCN15346,SAMEA117705299,RCN15346_GRC1,ERX13794357,ERR14393238
RCN15346,SAMEA117705299,RCN15346_GRC2,ERX13794358,ERR14393239
RCN15346,SAMEA117705299,RCN15346_SPEC,ERX13794359,ERR14393240
RCN15347,SAMEA117705300,RCN15347_GRC1,ERX13794360,ERR14393241
RCN15347,SAMEA117705300,RCN15347_GRC2,ERX13794361,ERR14393242
RCN15347,SAMEA117705300,RCN15347_SPEC,ERX13794362,ERR14393243
RCN15348,SAMEA117705301,RCN15348_GRC1,ERX13794363,ERR14393244
RCN15348,SAMEA117705301,RCN15348_GRC2,ERX13794364,ERR14393245
RCN15348,SAMEA117705301,RCN15348_SPEC,ERX13794365,ERR14393246
RCN15349,SAMEA117705302,RCN15349_GRC1,ERX13794366,ERR14393247
RCN15349,SAMEA117705302,RCN15349_GRC2,ERX13794367,ERR14393248
RCN15349,SAMEA117705302,RCN15349_SPEC,ERX13794368,ERR14393249
RCN15350,SAMEA117705303,RCN15350_GRC1,ERX13794369,ERR14393250
RCN15350,SAMEA117705303,RCN15350_GRC2,ERX13794370,ERR14393251
RCN15350,SAMEA117705303,RCN15350_SPEC,ERX13794371,ERR14393252
RCN15351,SAMEA117705304,RCN15351_GRC1,ERX13794372,ERR14393253
RCN15351,SAMEA117705304,RCN15351_GRC2,ERX13794373,ERR14393254
RCN15351,SAMEA117705304,RCN15351_SPEC,ERX13794374,ERR14393255
RCN15352,SAMEA117705305,RCN15352_GRC1,ERX13794375,ERR14393256
RCN15352,SAMEA117705305,RCN15352_GRC2,ERX13794376,ERR14393257
RCN15352,SAMEA117705305,RCN15352_SPEC,ERX13794377,ERR14393258
RCN15353,SAMEA117705306,RCN15353_GRC1,ERX13794378,ERR14393259
RCN15353,SAMEA117705306,RCN15353_GRC2,ERX13794379,ERR14393260
RCN15353,SAMEA117705306,RCN15353_SPEC,ERX13794380,ERR14393261
RCN15354,SAMEA117705307,RCN15354_GRC1,ERX13794381,ERR14393262
RCN15354,SAMEA117705307,RCN15354_GRC2,ERX13794382,ERR14393263
RCN15354,SAMEA117705307,RCN15354_SPEC,ERX13794383,ERR14393264
RCN15355,SAMEA117705308,RCN15355_GRC1,ERX13794384,ERR14393265
RCN15355,SAMEA117705308,RCN15355_GRC2,ERX13794385,ERR14393266
RCN15355,SAMEA117705308,RCN15355_SPEC,ERX13794386,ERR14393267
RCN15356,SAMEA117705309,RCN15356_GRC1,ERX13794387,ERR14393268
RCN15356,SAMEA117705309,RCN15356_GRC2,ERX13794388,ERR14393269
RCN15356,SAMEA117705309,RCN15356_SPEC,ERX13794389,ERR14393270
RCN15357,SAMEA117705310,RCN15357_GRC1,ERX13794390,ERR14393271
RCN15357,SAMEA117705310,RCN15357_GRC2,ERX13794391,ERR14393272
RCN15357,SAMEA117705310,RCN15357_SPEC,ERX13794392,ERR14393273
RCN15358,SAMEA117705311,RCN15358_GRC1,ERX13794393,ERR14393274
RCN15358,SAMEA117705311,RCN15358_GRC2,ERX13794394,ERR14393275
RCN15358,SAMEA117705311,RCN15358_SPEC,ERX13794395,ERR14393276
RCN15362,SAMEA117705314,RCN15362_GRC1,ERX13794402,ERR14393283
RCN15362,SAMEA117705314,RCN15362_GRC2,ERX13794403,ERR14393284
RCN15362,SAMEA117705314,RCN15362_SPEC,ERX13794404,ERR14393285
RCN15366,SAMEA117705318,RCN15366_GRC1,ERX13794414,ERR14393295
RCN15366,SAMEA117705318,RCN15366_GRC2,ERX13794415,ERR14393296
RCN15366,SAMEA117705318,RCN15366_SPEC,ERX13794416,ERR14393297
RCN15369,SAMEA117705320,RCN15369_GRC1,ERX13794420,ERR14393301
RCN15369,SAMEA117705320,RCN15369_GRC2,ERX13794421,ERR14393302
RCN15369,SAMEA117705320,RCN15369_SPEC,ERX13794422,ERR14393303
RCN15371,SAMEA117705322,RCN15371_GRC1,ERX13794426,ERR14393307
RCN15371,SAMEA117705322,RCN15371_GRC2,ERX13794427,ERR14393308
RCN15371,SAMEA117705322,RCN15371_SPEC,ERX13794428,ERR14393309
RCN15372,SAMEA117705323,RCN15372_GRC1,ERX13794429,ERR14393310
RCN15372,SAMEA117705323,RCN15372_GRC2,ERX13794430,ERR14393311
RCN15372,SAMEA117705323,RCN15372_SPEC,ERX13794431,ERR14393312
RCN15373,SAMEA117705324,RCN15373_GRC1,ERX13794432,ERR14393313
RCN15373,SAMEA117705324,RCN15373_GRC2,ERX13794433,ERR14393314
RCN15373,SAMEA117705324,RCN15373_SPEC,ERX13794434,ERR14393315
RCN15374,SAMEA117705325,RCN15374_GRC1,ERX13794435,ERR14393316
RCN15374,SAMEA117705325,RCN15374_GRC2,ERX13794436,ERR14393317
RCN15374,SAMEA117705325,RCN15374_SPEC,ERX13794437,ERR14393318
RCN15376,SAMEA117705327,RCN15376_GRC1,ERX13794441,ERR14393322
RCN15376,SAMEA117705327,RCN15376_GRC2,ERX13794442,ERR14393323
RCN15376,SAMEA117705327,RCN15376_SPEC,ERX13794443,ERR14393324
RCN15377,SAMEA117705328,RCN15377_GRC1,ERX13794444,ERR14393325
RCN15377,SAMEA117705328,RCN15377_GRC2,ERX13794445,ERR14393326
RCN15377,SAMEA117705328,RCN15377_SPEC,ERX13794446,ERR14393327
RCN15381,SAMEA117705329,RCN15381_GRC1,ERX13794447,ERR14393328
RCN15381,SAMEA117705329,RCN15381_GRC2,ERX13794448,ERR14393329
RCN15381,SAMEA117705329,RCN15381_SPEC,ERX13794449,ERR14393330
RCN15382,SAMEA117705330,RCN15382_GRC1,ERX13794450,ERR14393331
RCN15382,SAMEA117705330,RCN15382_GRC2,ERX13794451,ERR14393332
RCN15382,SAMEA117705330,RCN15382_SPEC,ERX13794452,ERR14393333
RCN15387,SAMEA117705331,RCN15387_GRC1,ERX13794453,ERR14393334
RCN15387,SAMEA117705331,RCN15387_GRC2,ERX13794454,ERR14393335
RCN15387,SAMEA117705331,RCN15387_SPEC,ERX13794455,ERR14393336
RCN15845,SAMEA117705346,RCN15845_GRC1,ERX13794498,ERR14393379
RCN15845,SAMEA117705346,RCN15845_GRC2,ERX13794499,ERR14393380
RCN15845,SAMEA117705346,RCN15845_SPEC,ERX13794500,ERR14393381
RCN15869,SAMEA117705366,RCN15869_GRC1,ERX13794558,ERR14393439
RCN15869,SAMEA117705366,RCN15869_GRC2,ERX13794559,ERR14393440
RCN15869,SAMEA117705366,RCN15869_SPEC,ERX13794560,ERR14393441
RCN15877,SAMEA117705374,RCN15877_GRC1,ERX13794582,ERR14393463
RCN15877,SAMEA117705374,RCN15877_GRC2,ERX13794583,ERR14393464
RCN15877,SAMEA117705374,RCN15877_SPEC,ERX13794584,ERR14393465
RCN15885,SAMEA117705382,RCN15885_GRC1,ERX13794606,ERR14393487
RCN15885,SAMEA117705382,RCN15885_GRC2,ERX13794607,ERR14393488
RCN15885,SAMEA117705382,RCN15885_SPEC,ERX13794608,ERR14393489
RCN15887,SAMEA117705384,RCN15887_GRC1,ERX13794612,ERR14393493
RCN15887,SAMEA117705384,RCN15887_GRC2,ERX13794613,ERR14393494
RCN15887,SAMEA117705384,RCN15887_SPEC,ERX13794614,ERR14393495
RCN15888,SAMEA117705385,RCN15888_GRC1,ERX13794615,ERR14393496
RCN15888,SAMEA117705385,RCN15888_GRC2,ERX13794616,ERR14393497
RCN15888,SAMEA117705385,RCN15888_SPEC,ERX13794617,ERR14393498
RCN15893,SAMEA117705390,RCN15893_GRC1,ERX13794630,ERR14393511
RCN15893,SAMEA117705390,RCN15893_GRC2,ERX13794631,ERR14393512
RCN15893,SAMEA117705390,RCN15893_SPEC,ERX13794632,ERR14393513
RCN15894,SAMEA117705391,RCN15894_GRC1,ERX13794633,ERR14393514
RCN15894,SAMEA117705391,RCN15894_GRC2,ERX13794634,ERR14393515
RCN15894,SAMEA117705391,RCN15894_SPEC,ERX13794635,ERR14393516
RCN15895,SAMEA117705392,RCN15895_GRC1,ERX13794636,ERR14393517
RCN15895,SAMEA117705392,RCN15895_GRC2,ERX13794637,ERR14393518
RCN15895,SAMEA117705392,RCN15895_SPEC,ERX13794638,ERR14393519
RCN15897,SAMEA117705394,RCN15897_GRC1,ERX13794642,ERR14393523
RCN15897,SAMEA117705394,RCN15897_GRC2,ERX13794643,ERR14393524
RCN15897,SAMEA117705394,RCN15897_SPEC,ERX13794644,ERR14393525
RCN15903,SAMEA117705399,RCN15903_GRC1,ERX13794657,ERR14393538
RCN15903,SAMEA117705399,RCN15903_GRC2,ERX13794658,ERR14393539
RCN15903,SAMEA117705399,RCN15903_SPEC,ERX13794659,ERR14393540
RCN15904,SAMEA117705400,RCN15904_GRC1,ERX13794660,ERR14393541
RCN15904,SAMEA117705400,RCN15904_GRC2,ERX13794661,ERR14393542
RCN15904,SAMEA117705400,RCN15904_SPEC,ERX13794662,ERR14393543
RCN15905,SAMEA117705401,RCN15905_GRC1,ERX13794663,ERR14393544
RCN15905,SAMEA117705401,RCN15905_GRC2,ERX13794664,ERR14393545
RCN15905,SAMEA117705401,RCN15905_SPEC,ERX13794665,ERR14393546
RCN15908,SAMEA117705404,RCN15908_GRC1,ERX13794672,ERR14393553
RCN15908,SAMEA117705404,RCN15908_GRC2,ERX13794673,ERR14393554
RCN15908,SAMEA117705404,RCN15908_SPEC,ERX13794674,ERR14393555
RCN15911,SAMEA117705407,RCN15911_GRC1,ERX13794681,ERR14393562
RCN15911,SAMEA117705407,RCN15911_GRC2,ERX13794682,ERR14393563
RCN15911,SAMEA117705407,RCN15911_SPEC,ERX13794683,ERR14393564
RCN15912,SAMEA117705408,RCN15912_GRC1,ERX13794684,ERR14393565
RCN15912,SAMEA117705408,RCN15912_GRC2,ERX13794685,ERR14393566
RCN15912,SAMEA117705408,RCN15912_SPEC,ERX13794686,ERR14393567
RCN15913,SAMEA117705409,RCN15913_GRC1,ERX13794687,ERR14393568
RCN15913,SAMEA117705409,RCN15913_GRC2,ERX13794688,ERR14393569
RCN15913,SAMEA117705409,RCN15913_SPEC,ERX13794689,ERR14393570
RCN15926,SAMEA117705422,RCN15926_GRC1,ERX13794726,ERR14393607
RCN15926,SAMEA117705422,RCN15926_GRC2,ERX13794727,ERR14393608
RCN15926,SAMEA117705422,RCN15926_SPEC,ERX13794728,ERR14393609
RCN15927,SAMEA117705423,RCN15927_GRC1,ERX13794729,ERR14393610
RCN15927,SAMEA117705423,RCN15927_GRC2,ERX13794730,ERR14393611
RCN15927,SAMEA117705423,RCN15927_SPEC,ERX13794731,ERR14393612
RCN15928,SAMEA117705424,RCN15928_GRC1,ERX13794732,ERR14393613
RCN15928,SAMEA117705424,RCN15928_GRC2,ERX13794733,ERR14393614
RCN15928,SAMEA117705424,RCN15928_SPEC,ERX13794734,ERR14393615
RCN15930,SAMEA117705426,RCN15930_GRC1,ERX13794738,ERR14393619
RCN15930,SAMEA117705426,RCN15930_GRC2,ERX13794739,ERR14393620
RCN15930,SAMEA117705426,RCN15930_SPEC,ERX13794740,ERR14393621
RCN15932,SAMEA117705428,RCN15932_GRC1,ERX13794744,ERR14393625
RCN15932,SAMEA117705428,RCN15932_GRC2,ERX13794745,ERR14393626
RCN15932,SAMEA117705428,RCN15932_SPEC,ERX13794746,ERR14393627
RCN15934,SAMEA117705430,RCN15934_GRC1,ERX13794750,ERR14393631
RCN15934,SAMEA117705430,RCN15934_GRC2,ERX13794751,ERR14393632
RCN15934,SAMEA117705430,RCN15934_SPEC,ERX13794752,ERR14393633
RCN15936,SAMEA117705432,RCN15936_GRC1,ERX13794756,ERR14393637
RCN15936,SAMEA117705432,RCN15936_GRC2,ERX13794757,ERR14393638
RCN15936,SAMEA117705432,RCN15936_SPEC,ERX13794758,ERR14393639
RCN15937,SAMEA117705433,RCN15937_GRC1,ERX13794759,ERR14393640
RCN15937,SAMEA117705433,RCN15937_GRC2,ERX13794760,ERR14393641
RCN15937,SAMEA117705433,RCN15937_SPEC,ERX13794761,ERR14393642
RCN15942,SAMEA117705438,RCN15942_GRC1,ERX13794774,ERR14393655
RCN15942,SAMEA117705438,RCN15942_GRC2,ERX13794775,ERR14393656
RCN15942,SAMEA117705438,RCN15942_SPEC,ERX13794776,ERR14393657
RCN15944,SAMEA117705440,RCN15944_GRC1,ERX13794780,ERR14393661
RCN15944,SAMEA117705440,RCN15944_GRC2,ERX13794781,ERR14393662
RCN15944,SAMEA117705440,RCN15944_SPEC,ERX13794782,ERR14393663
RCN15946,SAMEA117705442,RCN15946_GRC1,ERX13794786,ERR14393667
RCN15946,SAMEA117705442,RCN15946_GRC2,ERX13794787,ERR14393668
RCN15946,SAMEA117705442,RCN15946_SPEC,ERX13794788,ERR14393669
RCN15950,SAMEA117705446,RCN15950_GRC1,ERX13794798,ERR14393679
RCN15950,SAMEA117705446,RCN15950_GRC2,ERX13794799,ERR14393680
RCN15950,SAMEA117705446,RCN15950_SPEC,ERX13794800,ERR14393681
RCN15958,SAMEA117705453,RCN15958_GRC1,ERX13794819,ERR14393700
RCN15958,SAMEA117705453,RCN15958_GRC2,ERX13794820,ERR14393701
RCN15958,SAMEA117705453,RCN15958_SPEC,ERX13794821,ERR14393702
RCN15961,SAMEA117705456,RCN15961_GRC1,ERX13794828,ERR14393709
RCN15961,SAMEA117705456,RCN15961_GRC2,ERX13794829,ERR14393710
RCN15961,SAMEA117705456,RCN15961_SPEC,ERX13794830,ERR14393711
RCN15966,SAMEA117705461,RCN15966_GRC1,ERX13794843,ERR14393724
RCN15966,SAMEA117705461,RCN15966_GRC2,ERX13794844,ERR14393725
RCN15966,SAMEA117705461,RCN15966_SPEC,ERX13794845,ERR14393726
RCN15967,SAMEA117705462,RCN15967_GRC1,ERX13794846,ERR14393727
RCN15967,SAMEA117705462,RCN15967_GRC2,ERX13794847,ERR14393728
RCN15967,SAMEA117705462,RCN15967_SPEC,ERX13794848,ERR14393729
RCN15968,SAMEA117705463,RCN15968_GRC1,ERX13794849,ERR14393730
RCN15968,SAMEA117705463,RCN15968_GRC2,ERX13794850,ERR14393731
RCN15968,SAMEA117705463,RCN15968_SPEC,ERX13794851,ERR14393732
RCN15975,SAMEA117705470,RCN15975_GRC1,ERX13794870,ERR14393751
RCN15975,SAMEA117705470,RCN15975_GRC2,ERX13794871,ERR14393752
RCN15975,SAMEA117705470,RCN15975_SPEC,ERX13794872,ERR14393753
RCN15978,SAMEA117705473,RCN15978_GRC1,ERX13794879,ERR14393760
RCN15978,SAMEA117705473,RCN15978_GRC2,ERX13794880,ERR14393761
RCN15978,SAMEA117705473,RCN15978_SPEC,ERX13794881,ERR14393762
RCN15979,SAMEA117705474,RCN15979_GRC1,ERX13794882,ERR14393763
RCN15979,SAMEA117705474,RCN15979_GRC2,ERX13794883,ERR14393764
RCN15979,SAMEA117705474,RCN15979_SPEC,ERX13794884,ERR14393765
RCN15980,SAMEA117705475,RCN15980_GRC1,ERX13794885,ERR14393766
RCN15980,SAMEA117705475,RCN15980_GRC2,ERX13794886,ERR14393767
RCN15980,SAMEA117705475,RCN15980_SPEC,ERX13794887,ERR14393768
RCN15982,SAMEA117705477,RCN15982_GRC1,ERX13794891,ERR14393772
RCN15982,SAMEA117705477,RCN15982_GRC2,ERX13794892,ERR14393773
RCN15982,SAMEA117705477,RCN15982_SPEC,ERX13794893,ERR14393774
RCN15983,SAMEA117705478,RCN15983_GRC1,ERX13794894,ERR14393775
RCN15983,SAMEA117705478,RCN15983_GRC2,ERX13794895,ERR14393776
RCN15983,SAMEA117705478,RCN15983_SPEC,ERX13794896,ERR14393777
RCN15987,SAMEA117705482,RCN15987_GRC1,ERX13794906,ERR14393787
RCN15987,SAMEA117705482,RCN15987_GRC2,ERX13794907,ERR14393788
RCN15987,SAMEA117705482,RCN15987_SPEC,ERX13794908,ERR14393789
RCN15988,SAMEA117705483,RCN15988_GRC1,ERX13794909,ERR14393790
RCN15988,SAMEA117705483,RCN15988_GRC2,ERX13794910,ERR14393791
RCN15988,SAMEA117705483,RCN15988_SPEC,ERX13794911,ERR14393792
RCN15989,SAMEA117705484,RCN15989_GRC1,ERX13794912,ERR14393793
RCN15989,SAMEA117705484,RCN15989_GRC2,ERX13794913,ERR14393794
RCN15989,SAMEA117705484,RCN15989_SPEC,ERX13794914,ERR14393795
RCN15990,SAMEA117705485,RCN15990_GRC1,ERX13794915,ERR14393796
RCN15990,SAMEA117705485,RCN15990_GRC2,ERX13794916,ERR14393797
RCN15990,SAMEA117705485,RCN15990_SPEC,ERX13794917,ERR14393798
RCN15991,SAMEA117705486,RCN15991_GRC1,ERX13794918,ERR14393799
RCN15991,SAMEA117705486,RCN15991_GRC2,ERX13794919,ERR14393800
RCN15991,SAMEA117705486,RCN15991_SPEC,ERX13794920,ERR14393801
RCN15995,SAMEA117705489,RCN15995_GRC1,ERX13794927,ERR14393808
RCN15995,SAMEA117705489,RCN15995_GRC2,ERX13794928,ERR14393809
RCN15995,SAMEA117705489,RCN15995_SPEC,ERX13794929,ERR14393810
RCN15997,SAMEA117705491,RCN15997_GRC1,ERX13794933,ERR14393814
RCN15997,SAMEA117705491,RCN15997_GRC2,ERX13794934,ERR14393815
RCN15997,SAMEA117705491,RCN15997_SPEC,ERX13794935,ERR14393816
RCN15999,SAMEA117705493,RCN15999_GRC1,ERX13794939,ERR14393820
RCN15999,SAMEA117705493,RCN15999_GRC2,ERX13794940,ERR14393821
RCN15999,SAMEA117705493,RCN15999_SPEC,ERX13794941,ERR14393822
RCN16004,SAMEA117705498,RCN16004_GRC1,ERX13794954,ERR14393835
RCN16004,SAMEA117705498,RCN16004_GRC2,ERX13794955,ERR14393836
RCN16004,SAMEA117705498,RCN16004_SPEC,ERX13794956,ERR14393837
RCN16005,SAMEA117705499,RCN16005_GRC1,ERX13794957,ERR14393838
RCN16005,SAMEA117705499,RCN16005_GRC2,ERX13794958,ERR14393839
RCN16005,SAMEA117705499,RCN16005_SPEC,ERX13794959,ERR14393840
RCN16006,SAMEA117705500,RCN16006_GRC1,ERX13794960,ERR14393841
RCN16006,SAMEA117705500,RCN16006_GRC2,ERX13794961,ERR14393842
RCN16006,SAMEA117705500,RCN16006_SPEC,ERX13794962,ERR14393843
RCN16011,SAMEA117705505,RCN16011_GRC1,ERX13794975,ERR14393856
RCN16011,SAMEA117705505,RCN16011_GRC2,ERX13794976,ERR14393857
RCN16011,SAMEA117705505,RCN16011_SPEC,ERX13794977,ERR14393858
RCN16014,SAMEA117705508,RCN16014_GRC1,ERX13794984,ERR14393865
RCN16014,SAMEA117705508,RCN16014_GRC2,ERX13794985,ERR14393866
RCN16014,SAMEA117705508,RCN16014_SPEC,ERX13794986,ERR14393867
RCN16015,SAMEA117705509,RCN16015_GRC1,ERX13794987,ERR14393868
RCN16015,SAMEA117705509,RCN16015_GRC2,ERX13794988,ERR14393869
RCN16015,SAMEA117705509,RCN16015_SPEC,ERX13794989,ERR14393870
RCN16019,SAMEA117705511,RCN16019_GRC1,ERX13794993,ERR14393874
RCN16019,SAMEA117705511,RCN16019_GRC2,ERX13794994,ERR14393875
RCN16019,SAMEA117705511,RCN16019_SPEC,ERX13794995,ERR14393876
RCN16020,SAMEA117705512,RCN16020_GRC1,ERX13794996,ERR14393877
RCN16020,SAMEA117705512,RCN16020_GRC2,ERX13794997,ERR14393878
RCN16020,SAMEA117705512,RCN16020_SPEC,ERX13794998,ERR14393879
RCN16022,SAMEA117705514,RCN16022_GRC1,ERX13795002,ERR14393883
RCN16022,SAMEA117705514,RCN16022_GRC2,ERX13795003,ERR14393884
RCN16022,SAMEA117705514,RCN16022_SPEC,ERX13795004,ERR14393885
RCN16023,SAMEA117705515,RCN16023_GRC1,ERX13795005,ERR14393886
RCN16023,SAMEA117705515,RCN16023_GRC2,ERX13795006,ERR14393887
RCN16023,SAMEA117705515,RCN16023_SPEC,ERX13795007,ERR14393888
RCN16026,SAMEA117705517,RCN16026_GRC1,ERX13795011,ERR14393892
RCN16026,SAMEA117705517,RCN16026_GRC2,ERX13795012,ERR14393893
RCN16026,SAMEA117705517,RCN16026_SPEC,ERX13795013,ERR14393894
RCN16027,SAMEA117705518,RCN16027_GRC1,ERX13795014,ERR14393895
RCN16027,SAMEA117705518,RCN16027_GRC2,ERX13795015,ERR14393896
RCN16027,SAMEA117705518,RCN16027_SPEC,ERX13795016,ERR14393897
RCN16029,SAMEA117705519,RCN16029_GRC1,ERX13795017,ERR14393898
RCN16029,SAMEA117705519,RCN16029_GRC2,ERX13795018,ERR14393899
RCN16029,SAMEA117705519,RCN16029_SPEC,ERX13795019,ERR14393900
RCN16042,SAMEA117705528,RCN16042_GRC1,ERX13795044,ERR14393925
RCN16042,SAMEA117705528,RCN16042_GRC2,ERX13795045,ERR14393926
RCN16042,SAMEA117705528,RCN16042_SPEC,ERX13795046,ERR14393927
RCN16043,SAMEA117705529,RCN16043_GRC1,ERX13795047,ERR14393928
RCN16043,SAMEA117705529,RCN16043_GRC2,ERX13795048,ERR14393929
RCN16043,SAMEA117705529,RCN16043_SPEC,ERX13795049,ERR14393930
RCN16045,SAMEA117705531,RCN16045_GRC1,ERX13795053,ERR14393934
RCN16045,SAMEA117705531,RCN16045_GRC2,ERX13795054,ERR14393935
RCN16045,SAMEA117705531,RCN16045_SPEC,ERX13795055,ERR14393936
RCN16046,SAMEA117705532,RCN16046_GRC1,ERX13795056,ERR14393937
RCN16046,SAMEA117705532,RCN16046_GRC2,ERX13795057,ERR14393938
RCN16046,SAMEA117705532,RCN16046_SPEC,ERX13795058,ERR14393939
RCN16047,SAMEA117705533,RCN16047_GRC1,ERX13795059,ERR14393940
RCN16047,SAMEA117705533,RCN16047_GRC2,ERX13795060,ERR14393941
RCN16047,SAMEA117705533,RCN16047_SPEC,ERX13795061,ERR14393942
RCN16049,SAMEA117705535,RCN16049_GRC1,ERX13795065,ERR14393946
RCN16049,SAMEA117705535,RCN16049_GRC2,ERX13795066,ERR14393947
RCN16049,SAMEA117705535,RCN16049_SPEC,ERX13795067,ERR14393948
RCN16050,SAMEA117705536,RCN16050_GRC1,ERX13795068,ERR14393949
RCN16050,SAMEA117705536,RCN16050_GRC2,ERX13795069,ERR14393950
RCN16050,SAMEA117705536,RCN16050_SPEC,ERX13795070,ERR14393951
RCN18470,SAMEA117705537,RCN18470_GRC1,ERX13795071,ERR14393952
RCN18470,SAMEA117705537,RCN18470_GRC2,ERX13795072,ERR14393953
RCN18470,SAMEA117705537,RCN18470_SPEC,ERX13795073,ERR14393954
RCN18485,SAMEA117705550,RCN18485_GRC1,ERX13795110,ERR14393991
RCN18485,SAMEA117705550,RCN18485_GRC2,ERX13795111,ERR14393992
RCN18485,SAMEA117705550,RCN18485_SPEC,ERX13795112,ERR14393993
RCN18488,SAMEA117705553,RCN18488_GRC1,ERX13795119,ERR14394000
RCN18488,SAMEA117705553,RCN18488_GRC2,ERX13795120,ERR14394001
RCN18488,SAMEA117705553,RCN18488_SPEC,ERX13795121,ERR14394002
RCN18489,SAMEA117705554,RCN18489_GRC1,ERX13795122,ERR14394003
RCN18489,SAMEA117705554,RCN18489_GRC2,ERX13795123,ERR14394004
RCN18489,SAMEA117705554,RCN18489_SPEC,ERX13795124,ERR14394005
RCN18493,SAMEA117705557,RCN18493_GRC1,ERX13795131,ERR14394012
RCN18493,SAMEA117705557,RCN18493_GRC2,ERX13795132,ERR14394013
RCN18493,SAMEA117705557,RCN18493_SPEC,ERX13795133,ERR14394014
RCN18494,SAMEA117705558,RCN18494_GRC1,ERX13795134,ERR14394015
RCN18494,SAMEA117705558,RCN18494_GRC2,ERX13795135,ERR14394016
RCN18494,SAMEA117705558,RCN18494_SPEC,ERX13795136,ERR14394017
RCN18496,SAMEA117705560,RCN18496_GRC1,ERX13795140,ERR14394021
RCN18496,SAMEA117705560,RCN18496_GRC2,ERX13795141,ERR14394022
RCN18496,SAMEA117705560,RCN18496_SPEC,ERX13795142,ERR14394023
RCN18500,SAMEA117705564,RCN18500_GRC1,ERX13795152,ERR14394033
RCN18500,SAMEA117705564,RCN18500_GRC2,ERX13795153,ERR14394034
RCN18500,SAMEA117705564,RCN18500_SPEC,ERX13795154,ERR14394035
RCN18503,SAMEA117705567,RCN18503_GRC1,ERX13795161,ERR14394042
RCN18503,SAMEA117705567,RCN18503_GRC2,ERX13795162,ERR14394043
RCN18503,SAMEA117705567,RCN18503_SPEC,ERX13795163,ERR14394044
RCN18504,SAMEA117705568,RCN18504_GRC1,ERX13795164,ERR14394045
RCN18504,SAMEA117705568,RCN18504_GRC2,ERX13795165,ERR14394046
RCN18504,SAMEA117705568,RCN18504_SPEC,ERX13795166,ERR14394047
RCN18511,SAMEA117705573,RCN18511_GRC1,ERX13795179,ERR14394060
RCN18511,SAMEA117705573,RCN18511_GRC2,ERX13795180,ERR14394061
RCN18511,SAMEA117705573,RCN18511_SPEC,ERX13795181,ERR14394062
RCN18512,SAMEA117705574,RCN18512_GRC1,ERX13795182,ERR14394063
RCN18512,SAMEA117705574,RCN18512_GRC2,ERX13795183,ERR14394064
RCN18512,SAMEA117705574,RCN18512_SPEC,ERX13795184,ERR14394065
RCN18513,SAMEA117705575,RCN18513_GRC1,ERX13795185,ERR14394066
RCN18513,SAMEA117705575,RCN18513_GRC2,ERX13795186,ERR14394067
RCN18513,SAMEA117705575,RCN18513_SPEC,ERX13795187,ERR14394068
RCN18518,SAMEA117705579,RCN18518_GRC1,ERX13795197,ERR14394078
RCN18518,SAMEA117705579,RCN18518_GRC2,ERX13795198,ERR14394079
RCN18518,SAMEA117705579,RCN18518_SPEC,ERX13795199,ERR14394080
RCN18519,SAMEA117705580,RCN18519_GRC1,ERX13795200,ERR14394081
RCN18519,SAMEA117705580,RCN18519_GRC2,ERX13795201,ERR14394082
RCN18519,SAMEA117705580,RCN18519_SPEC,ERX13795202,ERR14394083
RCN18534,SAMEA117705594,RCN18534_GRC1,ERX13795242,ERR14394123
RCN18534,SAMEA117705594,RCN18534_GRC2,ERX13795243,ERR14394124
RCN18534,SAMEA117705594,RCN18534_SPEC,ERX13795244,ERR14394125
RCN18536,SAMEA117705596,RCN18536_GRC1,ERX13795248,ERR14394129
RCN18536,SAMEA117705596,RCN18536_GRC2,ERX13795249,ERR14394130
RCN18536,SAMEA117705596,RCN18536_SPEC,ERX13795250,ERR14394131
RCN18540,SAMEA117705599,RCN18540_GRC1,ERX13795257,ERR14394138
RCN18540,SAMEA117705599,RCN18540_GRC2,ERX13795258,ERR14394139
RCN18540,SAMEA117705599,RCN18540_SPEC,ERX13795259,ERR14394140
RCN18542,SAMEA117705601,RCN18542_GRC1,ERX13795263,ERR14394144
RCN18542,SAMEA117705601,RCN18542_GRC2,ERX13795264,ERR14394145
RCN18542,SAMEA117705601,RCN18542_SPEC,ERX13795265,ERR14394146
RCN18543,SAMEA117705602,RCN18543_GRC1,ERX13795266,ERR14394147
RCN18543,SAMEA117705602,RCN18543_GRC2,ERX13795267,ERR14394148
RCN18543,SAMEA117705602,RCN18543_SPEC,ERX13795268,ERR14394149
RCN18549,SAMEA117705608,RCN18549_GRC1,ERX13795284,ERR14394165
RCN18549,SAMEA117705608,RCN18549_GRC2,ERX13795285,ERR14394166
RCN18549,SAMEA117705608,RCN18549_SPEC,ERX13795286,ERR14394167
RCN18550,SAMEA117705609,RCN18550_GRC1,ERX13795287,ERR14394168
RCN18550,SAMEA117705609,RCN18550_GRC2,ERX13795288,ERR14394169
RCN18550,SAMEA117705609,RCN18550_SPEC,ERX13795289,ERR14394170
RCN18551,SAMEA117705610,RCN18551_GRC1,ERX13795290,ERR14394171
RCN18551,SAMEA117705610,RCN18551_GRC2,ERX13795291,ERR14394172
RCN18551,SAMEA117705610,RCN18551_SPEC,ERX13795292,ERR14394173
RCN18560,SAMEA117705618,RCN18560_GRC1,ERX13795314,ERR14394195
RCN18560,SAMEA117705618,RCN18560_GRC2,ERX13795315,ERR14394196
RCN18560,SAMEA117705618,RCN18560_SPEC,ERX13795316,ERR14394197
RCN18565,SAMEA117705623,RCN18565_GRC1,ERX13795329,ERR14394210
RCN18565,SAMEA117705623,RCN18565_GRC2,ERX13795330,ERR14394211
RCN18565,SAMEA117705623,RCN18565_SPEC,ERX13795331,ERR14394212
RCN18572,SAMEA117705630,RCN18572_GRC1,ERX13795350,ERR14394231
RCN18572,SAMEA117705630,RCN18572_GRC2,ERX13795351,ERR14394232
RCN18572,SAMEA117705630,RCN18572_SPEC,ERX13795352,ERR14394233
RCN18575,SAMEA117705633,RCN18575_GRC1,ERX13795359,ERR14394240
RCN18575,SAMEA117705633,RCN18575_GRC2,ERX13795360,ERR14394241
RCN18575,SAMEA117705633,RCN18575_SPEC,ERX13795361,ERR14394242
RCN18581,SAMEA117705639,RCN18581_GRC1,ERX13795377,ERR14394258
RCN18581,SAMEA117705639,RCN18581_GRC2,ERX13795378,ERR14394259
RCN18581,SAMEA117705639,RCN18581_SPEC,ERX13795379,ERR14394260
RCN18586,SAMEA117705644,RCN18586_GRC1,ERX13795392,ERR14394273
RCN18586,SAMEA117705644,RCN18586_GRC2,ERX13795393,ERR14394274
RCN18586,SAMEA117705644,RCN18586_SPEC,ERX13795394,ERR14394275
RCN18587,SAMEA117705645,RCN18587_GRC1,ERX13795395,ERR14394276
RCN18587,SAMEA117705645,RCN18587_GRC2,ERX13795396,ERR14394277
RCN18587,SAMEA117705645,RCN18587_SPEC,ERX13795397,ERR14394278
RCN18589,SAMEA117705647,RCN18589_GRC1,ERX13795401,ERR14394282
RCN18589,SAMEA117705647,RCN18589_GRC2,ERX13795402,ERR14394283
RCN18589,SAMEA117705647,RCN18589_SPEC,ERX13795403,ERR14394284
RCN18590,SAMEA117705648,RCN18590_GRC1,ERX13795404,ERR14394285
RCN18590,SAMEA117705648,RCN18590_GRC2,ERX13795405,ERR14394286
RCN18590,SAMEA117705648,RCN18590_SPEC,ERX13795406,ERR14394287
RCN18591,SAMEA117705649,RCN18591_GRC1,ERX13795407,ERR14394288
RCN18591,SAMEA117705649,RCN18591_GRC2,ERX13795408,ERR14394289
RCN18591,SAMEA117705649,RCN18591_SPEC,ERX13795409,ERR14394290
RCN18593,SAMEA117705651,RCN18593_GRC1,ERX13795413,ERR14394294
RCN18593,SAMEA117705651,RCN18593_GRC2,ERX13795414,ERR14394295
RCN18593,SAMEA117705651,RCN18593_SPEC,ERX13795415,ERR14394296
RCN18594,SAMEA117705652,RCN18594_GRC1,ERX13795416,ERR14394297
RCN18594,SAMEA117705652,RCN18594_GRC2,ERX13795417,ERR14394298
RCN18594,SAMEA117705652,RCN18594_SPEC,ERX13795418,ERR14394299
RCN18607,SAMEA117705658,RCN18607_GRC1,ERX13795434,ERR14394315
RCN18607,SAMEA117705658,RCN18607_GRC2,ERX13795435,ERR14394316
RCN18607,SAMEA117705658,RCN18607_SPEC,ERX13795436,ERR14394317
RCN18611,SAMEA117705662,RCN18611_GRC1,ERX13795446,ERR14394327
RCN18611,SAMEA117705662,RCN18611_GRC2,ERX13795447,ERR14394328
RCN18611,SAMEA117705662,RCN18611_SPEC,ERX13795448,ERR14394329
RCN18612,SAMEA117705663,RCN18612_GRC1,ERX13795449,ERR14394330
RCN18612,SAMEA117705663,RCN18612_GRC2,ERX13795450,ERR14394331
RCN18612,SAMEA117705663,RCN18612_SPEC,ERX13795451,ERR14394332
RCN18613,SAMEA117705664,RCN18613_GRC1,ERX13795452,ERR14394333
RCN18613,SAMEA117705664,RCN18613_GRC2,ERX13795453,ERR14394334
RCN18613,SAMEA117705664,RCN18613_SPEC,ERX13795454,ERR14394335
RCN18614,SAMEA117705665,RCN18614_GRC1,ERX13795455,ERR14394336
RCN18614,SAMEA117705665,RCN18614_GRC2,ERX13795456,ERR14394337
RCN18614,SAMEA117705665,RCN18614_SPEC,ERX13795457,ERR14394338
RCN18615,SAMEA117705666,RCN18615_GRC1,ERX13795458,ERR14394339
RCN18615,SAMEA117705666,RCN18615_GRC2,ERX13795459,ERR14394340
RCN18615,SAMEA117705666,RCN18615_SPEC,ERX13795460,ERR14394341
RCN18618,SAMEA117705669,RCN18618_GRC1,ERX13795467,ERR14394348
RCN18618,SAMEA117705669,RCN18618_GRC2,ERX13795468,ERR14394349
RCN18618,SAMEA117705669,RCN18618_SPEC,ERX13795469,ERR14394350
RCN18621,SAMEA117705672,RCN18621_GRC1,ERX13795476,ERR14394357
RCN18621,SAMEA117705672,RCN18621_GRC2,ERX13795477,ERR14394358
RCN18621,SAMEA117705672,RCN18621_SPEC,ERX13795478,ERR14394359
RCN18622,SAMEA117705673,RCN18622_GRC1,ERX13795479,ERR14394360
RCN18622,SAMEA117705673,RCN18622_GRC2,ERX13795480,ERR14394361
RCN18622,SAMEA117705673,RCN18622_SPEC,ERX13795481,ERR14394362
RCN18627,SAMEA117705677,RCN18627_GRC1,ERX13795491,ERR14394372
RCN18627,SAMEA117705677,RCN18627_GRC2,ERX13795492,ERR14394373
RCN18627,SAMEA117705677,RCN18627_SPEC,ERX13795493,ERR14394374
RCN18630,SAMEA117705680,RCN18630_GRC1,ERX13795500,ERR14394381
RCN18630,SAMEA117705680,RCN18630_GRC2,ERX13795501,ERR14394382
RCN18630,SAMEA117705680,RCN18630_SPEC,ERX13795502,ERR14394383
RCN18631,SAMEA117705681,RCN18631_GRC1,ERX13795503,ERR14394384
RCN18631,SAMEA117705681,RCN18631_GRC2,ERX13795504,ERR14394385
RCN18631,SAMEA117705681,RCN18631_SPEC,ERX13795505,ERR14394386
RCN18633,SAMEA117705683,RCN18633_GRC1,ERX13795509,ERR14394390
RCN18633,SAMEA117705683,RCN18633_GRC2,ERX13795510,ERR14394391
RCN18633,SAMEA117705683,RCN18633_SPEC,ERX13795511,ERR14394392
RCN18634,SAMEA117705684,RCN18634_GRC1,ERX13795512,ERR14394393
RCN18634,SAMEA117705684,RCN18634_GRC2,ERX13795513,ERR14394394
RCN18634,SAMEA117705684,RCN18634_SPEC,ERX13795514,ERR14394395
RCN18635,SAMEA117705685,RCN18635_GRC1,ERX13795515,ERR14394396
RCN18635,SAMEA117705685,RCN18635_GRC2,ERX13795516,ERR14394397
RCN18635,SAMEA117705685,RCN18635_SPEC,ERX13795517,ERR14394398
RCN18636,SAMEA117705686,RCN18636_GRC1,ERX13795518,ERR14394399
RCN18636,SAMEA117705686,RCN18636_GRC2,ERX13795519,ERR14394400
RCN18636,SAMEA117705686,RCN18636_SPEC,ERX13795520,ERR14394401
RCN18637,SAMEA117705687,RCN18637_GRC1,ERX13795521,ERR14394402
RCN18637,SAMEA117705687,RCN18637_GRC2,ERX13795522,ERR14394403
RCN18637,SAMEA117705687,RCN18637_SPEC,ERX13795523,ERR14394404
RCN18638,SAMEA117705688,RCN18638_GRC1,ERX13795524,ERR14394405
RCN18638,SAMEA117705688,RCN18638_GRC2,ERX13795525,ERR14394406
RCN18638,SAMEA117705688,RCN18638_SPEC,ERX13795526,ERR14394407
RCN18639,SAMEA117705689,RCN18639_GRC1,ERX13795527,ERR14394408
RCN18639,SAMEA117705689,RCN18639_GRC2,ERX13795528,ERR14394409
RCN18639,SAMEA117705689,RCN18639_SPEC,ERX13795529,ERR14394410
RCN18641,SAMEA117705691,RCN18641_GRC1,ERX13795533,ERR14394414
RCN18641,SAMEA117705691,RCN18641_GRC2,ERX13795534,ERR14394415
RCN18641,SAMEA117705691,RCN18641_SPEC,ERX13795535,ERR14394416
RCN18644,SAMEA117705694,RCN18644_GRC1,ERX13795542,ERR14394423
RCN18644,SAMEA117705694,RCN18644_GRC2,ERX13795543,ERR14394424
RCN18644,SAMEA117705694,RCN18644_SPEC,ERX13795544,ERR14394425
RCN18646,SAMEA117705695,RCN18646_GRC1,ERX13795545,ERR14394426
RCN18646,SAMEA117705695,RCN18646_GRC2,ERX13795546,ERR14394427
RCN18646,SAMEA117705695,RCN18646_SPEC,ERX13795547,ERR14394428
RCN18647,SAMEA117705696,RCN18647_GRC1,ERX13795548,ERR14394429
RCN18647,SAMEA117705696,RCN18647_GRC2,ERX13795549,ERR14394430
RCN18647,SAMEA117705696,RCN18647_SPEC,ERX13795550,ERR14394431
RCN18651,SAMEA117705700,RCN18651_GRC1,ERX13795560,ERR14394441
RCN18651,SAMEA117705700,RCN18651_GRC2,ERX13795561,ERR14394442
RCN18651,SAMEA117705700,RCN18651_SPEC,ERX13795562,ERR14394443
RCN18654,SAMEA117705703,RCN18654_GRC1,ERX13795569,ERR14394450
RCN18654,SAMEA117705703,RCN18654_GRC2,ERX13795570,ERR14394451
RCN18654,SAMEA117705703,RCN18654_SPEC,ERX13795571,ERR14394452
RCN18655,SAMEA117705704,RCN18655_GRC1,ERX13795572,ERR14394453
RCN18655,SAMEA117705704,RCN18655_GRC2,ERX13795573,ERR14394454
RCN18655,SAMEA117705704,RCN18655_SPEC,ERX13795574,ERR14394455
RCN18658,SAMEA117705707,RCN18658_GRC1,ERX13795581,ERR14394462
RCN18658,SAMEA117705707,RCN18658_GRC2,ERX13795582,ERR14394463
RCN18658,SAMEA117705707,RCN18658_SPEC,ERX13795583,ERR14394464
RCN18659,SAMEA117705708,RCN18659_GRC1,ERX13795584,ERR14394465
RCN18659,SAMEA117705708,RCN18659_GRC2,ERX13795585,ERR14394466
RCN18659,SAMEA117705708,RCN18659_SPEC,ERX13795586,ERR14394467
RCN18660,SAMEA117705709,RCN18660_GRC1,ERX13795587,ERR14394468
RCN18660,SAMEA117705709,RCN18660_GRC2,ERX13795588,ERR14394469
RCN18660,SAMEA117705709,RCN18660_SPEC,ERX13795589,ERR14394470
RCN18664,SAMEA117705712,RCN18664_GRC1,ERX13795596,ERR14394477
RCN18664,SAMEA117705712,RCN18664_GRC2,ERX13795597,ERR14394478
RCN18664,SAMEA117705712,RCN18664_SPEC,ERX13795598,ERR14394479
RCN18665,SAMEA117705713,RCN18665_GRC1,ERX13795599,ERR14394480
RCN18665,SAMEA117705713,RCN18665_GRC2,ERX13795600,ERR14394481
RCN18665,SAMEA117705713,RCN18665_SPEC,ERX13795601,ERR14394482
RCN18667,SAMEA117705715,RCN18667_GRC1,ERX13795605,ERR14394486
RCN18667,SAMEA117705715,RCN18667_GRC2,ERX13795606,ERR14394487
RCN18667,SAMEA117705715,RCN18667_SPEC,ERX13795607,ERR14394488
RCN18669,SAMEA117705717,RCN18669_GRC1,ERX13795611,ERR14394492
RCN18669,SAMEA117705717,RCN18669_GRC2,ERX13795612,ERR14394493
RCN18669,SAMEA117705717,RCN18669_SPEC,ERX13795613,ERR14394494
RCN18671,SAMEA117705719,RCN18671_GRC1,ERX13795617,ERR14394498
RCN18671,SAMEA117705719,RCN18671_GRC2,ERX13795618,ERR14394499
RCN18671,SAMEA117705719,RCN18671_SPEC,ERX13795619,ERR14394500
RCN18672,SAMEA117705720,RCN18672_GRC1,ERX13795620,ERR14394501
RCN18672,SAMEA117705720,RCN18672_GRC2,ERX13795621,ERR14394502
RCN18672,SAMEA117705720,RCN18672_SPEC,ERX13795622,ERR14394503
RCN18673,SAMEA117705721,RCN18673_GRC1,ERX13795623,ERR14394504
RCN18673,SAMEA117705721,RCN18673_GRC2,ERX13795624,ERR14394505
RCN18673,SAMEA117705721,RCN18673_SPEC,ERX13795625,ERR14394506
RCN18675,SAMEA117705723,RCN18675_GRC1,ERX13795629,ERR14394510
RCN18675,SAMEA117705723,RCN18675_GRC2,ERX13795630,ERR14394511
RCN18675,SAMEA117705723,RCN18675_SPEC,ERX13795631,ERR14394512
RCN18676,SAMEA117705724,RCN18676_GRC1,ERX13795632,ERR14394513
RCN18676,SAMEA117705724,RCN18676_GRC2,ERX13795633,ERR14394514
RCN18676,SAMEA117705724,RCN18676_SPEC,ERX13795634,ERR14394515
RCN18677,SAMEA117705725,RCN18677_GRC1,ERX13795635,ERR14394516
RCN18677,SAMEA117705725,RCN18677_GRC2,ERX13795636,ERR14394517
RCN18677,SAMEA117705725,RCN18677_SPEC,ERX13795637,ERR14394518
RCN18680,SAMEA117705727,RCN18680_GRC1,ERX13795641,ERR14394522
RCN18680,SAMEA117705727,RCN18680_GRC2,ERX13795642,ERR14394523
RCN18680,SAMEA117705727,RCN18680_SPEC,ERX13795643,ERR14394524
RCN18681,SAMEA117705728,RCN18681_GRC1,ERX13795644,ERR14394525
RCN18681,SAMEA117705728,RCN18681_GRC2,ERX13795645,ERR14394526
RCN18681,SAMEA117705728,RCN18681_SPEC,ERX13795646,ERR14394527
RCN18682,SAMEA117705729,RCN18682_GRC1,ERX13795647,ERR14394528
RCN18682,SAMEA117705729,RCN18682_GRC2,ERX13795648,ERR14394529
RCN18682,SAMEA117705729,RCN18682_SPEC,ERX13795649,ERR14394530
RCN18683,SAMEA117705730,RCN18683_GRC1,ERX13795650,ERR14394531
RCN18683,SAMEA117705730,RCN18683_GRC2,ERX13795651,ERR14394532
RCN18683,SAMEA117705730,RCN18683_SPEC,ERX13795652,ERR14394533
RCN18684,SAMEA117705731,RCN18684_GRC1,ERX13795653,ERR14394534
RCN18684,SAMEA117705731,RCN18684_GRC2,ERX13795654,ERR14394535
RCN18684,SAMEA117705731,RCN18684_SPEC,ERX13795655,ERR14394536
RCN18685,SAMEA117705732,RCN18685_GRC1,ERX13795656,ERR14394537
RCN18685,SAMEA117705732,RCN18685_GRC2,ERX13795657,ERR14394538
RCN18685,SAMEA117705732,RCN18685_SPEC,ERX13795658,ERR14394539
RCN18688,SAMEA117705735,RCN18688_GRC1,ERX13795665,ERR14394546
RCN18688,SAMEA117705735,RCN18688_GRC2,ERX13795666,ERR14394547
RCN18688,SAMEA117705735,RCN18688_SPEC,ERX13795667,ERR14394548
RCN18691,SAMEA117705738,RCN18691_GRC1,ERX13795674,ERR14394555
RCN18691,SAMEA117705738,RCN18691_GRC2,ERX13795675,ERR14394556
RCN18691,SAMEA117705738,RCN18691_SPEC,ERX13795676,ERR14394557
RCN18692,SAMEA117705739,RCN18692_GRC1,ERX13795677,ERR14394558
RCN18692,SAMEA117705739,RCN18692_GRC2,ERX13795678,ERR14394559
RCN18692,SAMEA117705739,RCN18692_SPEC,ERX13795679,ERR14394560
RCN18693,SAMEA117705740,RCN18693_GRC1,ERX13795680,ERR14394561
RCN18693,SAMEA117705740,RCN18693_GRC2,ERX13795681,ERR14394562
RCN18693,SAMEA117705740,RCN18693_SPEC,ERX13795682,ERR14394563
RCN18695,SAMEA117705742,RCN18695_GRC1,ERX13795686,ERR14394567
RCN18695,SAMEA117705742,RCN18695_GRC2,ERX13795687,ERR14394568
RCN18695,SAMEA117705742,RCN18695_SPEC,ERX13795688,ERR14394569
RCN18696,SAMEA117705743,RCN18696_GRC1,ERX13795689,ERR14394570
RCN18696,SAMEA117705743,RCN18696_GRC2,ERX13795690,ERR14394571
RCN18696,SAMEA117705743,RCN18696_SPEC,ERX13795691,ERR14394572
RCN18697,SAMEA117705744,RCN18697_GRC1,ERX13795692,ERR14394573
RCN18697,SAMEA117705744,RCN18697_GRC2,ERX13795693,ERR14394574
RCN18697,SAMEA117705744,RCN18697_SPEC,ERX13795694,ERR14394575
RCN18698,SAMEA117705745,RCN18698_GRC1,ERX13795695,ERR14394576
RCN18698,SAMEA117705745,RCN18698_GRC2,ERX13795696,ERR14394577
RCN18698,SAMEA117705745,RCN18698_SPEC,ERX13795697,ERR14394578
RCN18699,SAMEA117705746,RCN18699_GRC1,ERX13795698,ERR14394579
RCN18699,SAMEA117705746,RCN18699_GRC2,ERX13795699,ERR14394580
RCN18699,SAMEA117705746,RCN18699_SPEC,ERX13795700,ERR14394581
RCN18700,SAMEA117705747,RCN18700_GRC1,ERX13795701,ERR14394582
RCN18700,SAMEA117705747,RCN18700_GRC2,ERX13795702,ERR14394583
RCN18700,SAMEA117705747,RCN18700_SPEC,ERX13795703,ERR14394584
RCN18704,SAMEA117705750,RCN18704_GRC1,ERX13795710,ERR14394591
RCN18704,SAMEA117705750,RCN18704_GRC2,ERX13795711,ERR14394592
RCN18704,SAMEA117705750,RCN18704_SPEC,ERX13795712,ERR14394593
RCN18705,SAMEA117705751,RCN18705_GRC1,ERX13795713,ERR14394594
RCN18705,SAMEA117705751,RCN18705_GRC2,ERX13795714,ERR14394595
RCN18705,SAMEA117705751,RCN18705_SPEC,ERX13795715,ERR14394596
RCN18706,SAMEA117705752,RCN18706_GRC1,ERX13795716,ERR14394597
RCN18706,SAMEA117705752,RCN18706_GRC2,ERX13795717,ERR14394598
RCN18706,SAMEA117705752,RCN18706_SPEC,ERX13795718,ERR14394599
RCN18707,SAMEA117705753,RCN18707_GRC1,ERX13795719,ERR14394600
RCN18707,SAMEA117705753,RCN18707_GRC2,ERX13795720,ERR14394601
RCN18707,SAMEA117705753,RCN18707_SPEC,ERX13795721,ERR14394602
RCN18708,SAMEA117705754,RCN18708_GRC1,ERX13795722,ERR14394603
RCN18708,SAMEA117705754,RCN18708_GRC2,ERX13795723,ERR14394604
RCN18708,SAMEA117705754,RCN18708_SPEC,ERX13795724,ERR14394605
RCN18709,SAMEA117705755,RCN18709_GRC1,ERX13795725,ERR14394606
RCN18709,SAMEA117705755,RCN18709_GRC2,ERX13795726,ERR14394607
RCN18709,SAMEA117705755,RCN18709_SPEC,ERX13795727,ERR14394608
RCN18713,SAMEA117705759,RCN18713_GRC1,ERX13795737,ERR14394618
RCN18713,SAMEA117705759,RCN18713_GRC2,ERX13795738,ERR14394619
RCN18713,SAMEA117705759,RCN18713_SPEC,ERX13795739,ERR14394620
RCN18714,SAMEA117705760,RCN18714_GRC1,ERX13795740,ERR14394621
RCN18714,SAMEA117705760,RCN18714_GRC2,ERX13795741,ERR14394622
RCN18714,SAMEA117705760,RCN18714_SPEC,ERX13795742,ERR14394623
RCN18715,SAMEA117705761,RCN18715_GRC1,ERX13795743,ERR14394624
RCN18715,SAMEA117705761,RCN18715_GRC2,ERX13795744,ERR14394625
RCN18715,SAMEA117705761,RCN18715_SPEC,ERX13795745,ERR14394626
RCN18717,SAMEA117705763,RCN18717_GRC1,ERX13795749,ERR14394630
RCN18717,SAMEA117705763,RCN18717_GRC2,ERX13795750,ERR14394631
RCN18717,SAMEA117705763,RCN18717_SPEC,ERX13795751,ERR14394632
RCN18720,SAMEA117705766,RCN18720_GRC1,ERX13795758,ERR14394639
RCN18720,SAMEA117705766,RCN18720_GRC2,ERX13795759,ERR14394640
RCN18720,SAMEA117705766,RCN18720_SPEC,ERX13795760,ERR14394641
RCN18723,SAMEA117705768,RCN18723_GRC1,ERX13795764,ERR14394645
RCN18723,SAMEA117705768,RCN18723_GRC2,ERX13795765,ERR14394646
RCN18723,SAMEA117705768,RCN18723_SPEC,ERX13795766,ERR14394647
RCN18724,SAMEA117705769,RCN18724_GRC1,ERX13795767,ERR14394648
RCN18724,SAMEA117705769,RCN18724_GRC2,ERX13795768,ERR14394649
RCN18724,SAMEA117705769,RCN18724_SPEC,ERX13795769,ERR14394650
RCN18725,SAMEA117705770,RCN18725_GRC1,ERX13795770,ERR14394651
RCN18725,SAMEA117705770,RCN18725_GRC2,ERX13795771,ERR14394652
RCN18725,SAMEA117705770,RCN18725_SPEC,ERX13795772,ERR14394653
RCN18728,SAMEA117705773,RCN18728_GRC1,ERX13795779,ERR14394660
RCN18728,SAMEA117705773,RCN18728_GRC2,ERX13795780,ERR14394661
RCN18728,SAMEA117705773,RCN18728_SPEC,ERX13795781,ERR14394662
RCN18729,SAMEA117705774,RCN18729_GRC1,ERX13795782,ERR14394663
RCN18729,SAMEA117705774,RCN18729_GRC2,ERX13795783,ERR14394664
RCN18729,SAMEA117705774,RCN18729_SPEC,ERX13795784,ERR14394665
RCN18730,SAMEA117705775,RCN18730_GRC1,ERX13795785,ERR14394666
RCN18730,SAMEA117705775,RCN18730_GRC2,ERX13795786,ERR14394667
RCN18730,SAMEA117705775,RCN18730_SPEC,ERX13795787,ERR14394668
RCN18731,SAMEA117705776,RCN18731_GRC1,ERX13795788,ERR14394669
RCN18731,SAMEA117705776,RCN18731_GRC2,ERX13795789,ERR14394670
RCN18731,SAMEA117705776,RCN18731_SPEC,ERX13795790,ERR14394671
RCN18732,SAMEA117705777,RCN18732_GRC1,ERX13795791,ERR14394672
RCN18732,SAMEA117705777,RCN18732_GRC2,ERX13795792,ERR14394673
RCN18732,SAMEA117705777,RCN18732_SPEC,ERX13795793,ERR14394674
RCN18734,SAMEA117705779,RCN18734_GRC1,ERX13795797,ERR14394678
RCN18734,SAMEA117705779,RCN18734_GRC2,ERX13795798,ERR14394679
RCN18734,SAMEA117705779,RCN18734_SPEC,ERX13795799,ERR14394680
RCN18735,SAMEA117705780,RCN18735_GRC1,ERX13795800,ERR14394681
RCN18735,SAMEA117705780,RCN18735_GRC2,ERX13795801,ERR14394682
RCN18735,SAMEA117705780,RCN18735_SPEC,ERX13795802,ERR14394683
RCN18736,SAMEA117705781,RCN18736_GRC1,ERX13795803,ERR14394684
RCN18736,SAMEA117705781,RCN18736_GRC2,ERX13795804,ERR14394685
RCN18736,SAMEA117705781,RCN18736_SPEC,ERX13795805,ERR14394686
RCN18737,SAMEA117705782,RCN18737_GRC1,ERX13795806,ERR14394687
RCN18737,SAMEA117705782,RCN18737_GRC2,ERX13795807,ERR14394688
RCN18737,SAMEA117705782,RCN18737_SPEC,ERX13795808,ERR14394689
RCN18738,SAMEA117705783,RCN18738_GRC1,ERX13795809,ERR14394690
RCN18738,SAMEA117705783,RCN18738_GRC2,ERX13795810,ERR14394691
RCN18738,SAMEA117705783,RCN18738_SPEC,ERX13795811,ERR14394692
RCN18739,SAMEA117705784,RCN18739_GRC1,ERX13795812,ERR14394693
RCN18739,SAMEA117705784,RCN18739_GRC2,ERX13795813,ERR14394694
RCN18739,SAMEA117705784,RCN18739_SPEC,ERX13795814,ERR14394695
RCN18740,SAMEA117705785,RCN18740_GRC1,ERX13795815,ERR14394696
RCN18740,SAMEA117705785,RCN18740_GRC2,ERX13795816,ERR14394697
RCN18740,SAMEA117705785,RCN18740_SPEC,ERX13795817,ERR14394698
RCN18741,SAMEA117705786,RCN18741_GRC1,ERX13795818,ERR14394699
RCN18741,SAMEA117705786,RCN18741_GRC2,ERX13795819,ERR14394700
RCN18741,SAMEA117705786,RCN18741_SPEC,ERX13795820,ERR14394701
RCN18744,SAMEA117705789,RCN18744_GRC1,ERX13795827,ERR14394708
RCN18744,SAMEA117705789,RCN18744_GRC2,ERX13795828,ERR14394709
RCN18744,SAMEA117705789,RCN18744_SPEC,ERX13795829,ERR14394710
RCN18745,SAMEA117705790,RCN18745_GRC1,ERX13795830,ERR14394711
RCN18745,SAMEA117705790,RCN18745_GRC2,ERX13795831,ERR14394712
RCN18745,SAMEA117705790,RCN18745_SPEC,ERX13795832,ERR14394713
RCN18748,SAMEA117705792,RCN18748_GRC1,ERX13795836,ERR14394717
RCN18748,SAMEA117705792,RCN18748_GRC2,ERX13795837,ERR14394718
RCN18748,SAMEA117705792,RCN18748_SPEC,ERX13795838,ERR14394719
RCN18749,SAMEA117705793,RCN18749_GRC1,ERX13795839,ERR14394720
RCN18749,SAMEA117705793,RCN18749_GRC2,ERX13795840,ERR14394721
RCN18749,SAMEA117705793,RCN18749_SPEC,ERX13795841,ERR14394722
RCN24787,SAMEA117705794,RCN24787_GRC1,ERX13795842,ERR14394723
RCN24787,SAMEA117705794,RCN24787_GRC2,ERX13795843,ERR14394724
RCN24787,SAMEA117705794,RCN24787_SPEC,ERX13795844,ERR14394725
RCN24788,SAMEA117705795,RCN24788_GRC1,ERX13795845,ERR14394726
RCN24788,SAMEA117705795,RCN24788_GRC2,ERX13795846,ERR14394727
RCN24788,SAMEA117705795,RCN24788_SPEC,ERX13795847,ERR14394728
RCN24789,SAMEA117705796,RCN24789_GRC1,ERX13795848,ERR14394729
RCN24789,SAMEA117705796,RCN24789_GRC2,ERX13795849,ERR14394730
RCN24789,SAMEA117705796,RCN24789_SPEC,ERX13795850,ERR14394731
RCN24790,SAMEA117705797,RCN24790_GRC1,ERX13795851,ERR14394732
RCN24790,SAMEA117705797,RCN24790_GRC2,ERX13795852,ERR14394733
RCN24790,SAMEA117705797,RCN24790_SPEC,ERX13795853,ERR14394734
RCN24791,SAMEA117705798,RCN24791_GRC1,ERX13795854,ERR14394735
RCN24791,SAMEA117705798,RCN24791_GRC2,ERX13795855,ERR14394736
RCN24791,SAMEA117705798,RCN24791_SPEC,ERX13795856,ERR14394737
RCN24792,SAMEA117705799,RCN24792_GRC1,ERX13795857,ERR14394738
RCN24792,SAMEA117705799,RCN24792_GRC2,ERX13795858,ERR14394739
RCN24792,SAMEA117705799,RCN24792_SPEC,ERX13795859,ERR14394740
RCN24793,SAMEA117705800,RCN24793_GRC1,ERX13795860,ERR14394741
RCN24793,SAMEA117705800,RCN24793_GRC2,ERX13795861,ERR14394742
RCN24793,SAMEA117705800,RCN24793_SPEC,ERX13795862,ERR14394743
RCN24794,SAMEA117705801,RCN24794_GRC1,ERX13795863,ERR14394744
RCN24794,SAMEA117705801,RCN24794_GRC2,ERX13795864,ERR14394745
RCN24794,SAMEA117705801,RCN24794_SPEC,ERX13795865,ERR14394746
RCN24795,SAMEA117705802,RCN24795_GRC1,ERX13795866,ERR14394747
RCN24795,SAMEA117705802,RCN24795_GRC2,ERX13795867,ERR14394748
RCN24795,SAMEA117705802,RCN24795_SPEC,ERX13795868,ERR14394749
RCN24796,SAMEA117705803,RCN24796_GRC1,ERX13795869,ERR14394750
RCN24796,SAMEA117705803,RCN24796_GRC2,ERX13795870,ERR14394751
RCN24796,SAMEA117705803,RCN24796_SPEC,ERX13795871,ERR14394752
RCN24797,SAMEA117705804,RCN24797_GRC1,ERX13795872,ERR14394753
RCN24797,SAMEA117705804,RCN24797_GRC2,ERX13795873,ERR14394754
RCN24797,SAMEA117705804,RCN24797_SPEC,ERX13795874,ERR14394755
RCN24798,SAMEA117705805,RCN24798_GRC1,ERX13795875,ERR14394756
RCN24798,SAMEA117705805,RCN24798_GRC2,ERX13795876,ERR14394757
RCN24798,SAMEA117705805,RCN24798_SPEC,ERX13795877,ERR14394758
RCN24799,SAMEA117705806,RCN24799_GRC1,ERX13795878,ERR14394759
RCN24799,SAMEA117705806,RCN24799_GRC2,ERX13795879,ERR14394760
RCN24799,SAMEA117705806,RCN24799_SPEC,ERX13795880,ERR14394761
RCN24800,SAMEA117705807,RCN24800_GRC1,ERX13795881,ERR14394762
RCN24800,SAMEA117705807,RCN24800_GRC2,ERX13795882,ERR14394763
RCN24800,SAMEA117705807,RCN24800_SPEC,ERX13795883,ERR14394764
RCN24801,SAMEA117705808,RCN24801_GRC1,ERX13795884,ERR14394765
RCN24801,SAMEA117705808,RCN24801_GRC2,ERX13795885,ERR14394766
RCN24801,SAMEA117705808,RCN24801_SPEC,ERX13795886,ERR14394767
RCN24802,SAMEA117705809,RCN24802_GRC1,ERX13795887,ERR14394768
RCN24802,SAMEA117705809,RCN24802_GRC2,ERX13795888,ERR14394769
RCN24802,SAMEA117705809,RCN24802_SPEC,ERX13795889,ERR14394770
RCN24803,SAMEA117705810,RCN24803_GRC1,ERX13795890,ERR14394771
RCN24803,SAMEA117705810,RCN24803_GRC2,ERX13795891,ERR14394772
RCN24803,SAMEA117705810,RCN24803_SPEC,ERX13795892,ERR14394773
RCN24804,SAMEA117705811,RCN24804_GRC1,ERX13795893,ERR14394774
RCN24804,SAMEA117705811,RCN24804_GRC2,ERX13795894,ERR14394775
RCN24804,SAMEA117705811,RCN24804_SPEC,ERX13795895,ERR14394776
RCN24806,SAMEA117705813,RCN24806_GRC1,ERX13795899,ERR14394780
RCN24806,SAMEA117705813,RCN24806_GRC2,ERX13795900,ERR14394781
RCN24806,SAMEA117705813,RCN24806_SPEC,ERX13795901,ERR14394782
RCN24807,SAMEA117705814,RCN24807_GRC1,ERX13795902,ERR14394783
RCN24807,SAMEA117705814,RCN24807_GRC2,ERX13795903,ERR14394784
RCN24807,SAMEA117705814,RCN24807_SPEC,ERX13795904,ERR14394785
RCN24808,SAMEA117705815,RCN24808_GRC1,ERX13795905,ERR14394786
RCN24808,SAMEA117705815,RCN24808_GRC2,ERX13795906,ERR14394787
RCN24808,SAMEA117705815,RCN24808_SPEC,ERX13795907,ERR14394788
RCN24809,SAMEA117705816,RCN24809_GRC1,ERX13795908,ERR14394789
RCN24809,SAMEA117705816,RCN24809_GRC2,ERX13795909,ERR14394790
RCN24809,SAMEA117705816,RCN24809_SPEC,ERX13795910,ERR14394791
RCN24810,SAMEA117705817,RCN24810_GRC1,ERX13795911,ERR14394792
RCN24810,SAMEA117705817,RCN24810_GRC2,ERX13795912,ERR14394793
RCN24810,SAMEA117705817,RCN24810_SPEC,ERX13795913,ERR14394794
RCN24811,SAMEA117705818,RCN24811_GRC1,ERX13795914,ERR14394795
RCN24811,SAMEA117705818,RCN24811_GRC2,ERX13795915,ERR14394796
RCN24811,SAMEA117705818,RCN24811_SPEC,ERX13795916,ERR14394797
RCN24812,SAMEA117705819,RCN24812_GRC1,ERX13795917,ERR14394798
RCN24812,SAMEA117705819,RCN24812_GRC2,ERX13795918,ERR14394799
RCN24812,SAMEA117705819,RCN24812_SPEC,ERX13795919,ERR14394800
RCN24813,SAMEA117705820,RCN24813_GRC1,ERX13795920,ERR14394801
RCN24813,SAMEA117705820,RCN24813_GRC2,ERX13795921,ERR14394802
RCN24813,SAMEA117705820,RCN24813_SPEC,ERX13795922,ERR14394803
RCN24814,SAMEA117705821,RCN24814_GRC1,ERX13795923,ERR14394804
RCN24814,SAMEA117705821,RCN24814_GRC2,ERX13795924,ERR14394805
RCN24814,SAMEA117705821,RCN24814_SPEC,ERX13795925,ERR14394806
RCN24815,SAMEA117705822,RCN24815_GRC1,ERX13795926,ERR14394807
RCN24815,SAMEA117705822,RCN24815_GRC2,ERX13795927,ERR14394808
RCN24815,SAMEA117705822,RCN24815_SPEC,ERX13795928,ERR14394809
RCN24816,SAMEA117705823,RCN24816_GRC1,ERX13795929,ERR14394810
RCN24816,SAMEA117705823,RCN24816_GRC2,ERX13795930,ERR14394811
RCN24816,SAMEA117705823,RCN24816_SPEC,ERX13795931,ERR14394812
RCN24817,SAMEA117705824,RCN24817_GRC1,ERX13795932,ERR14394813
RCN24817,SAMEA117705824,RCN24817_GRC2,ERX13795933,ERR14394814
RCN24817,SAMEA117705824,RCN24817_SPEC,ERX13795934,ERR14394815
RCN24818,SAMEA117705825,RCN24818_GRC1,ERX13795935,ERR14394816
RCN24818,SAMEA117705825,RCN24818_GRC2,ERX13795936,ERR14394817
RCN24818,SAMEA117705825,RCN24818_SPEC,ERX13795937,ERR14394818
RCN24819,SAMEA117705826,RCN24819_GRC1,ERX13795938,ERR14394819
RCN24819,SAMEA117705826,RCN24819_GRC2,ERX13795939,ERR14394820
RCN24819,SAMEA117705826,RCN24819_SPEC,ERX13795940,ERR14394821
RCN24821,SAMEA117705828,RCN24821_GRC1,ERX13795944,ERR14394825
RCN24821,SAMEA117705828,RCN24821_GRC2,ERX13795945,ERR14394826
RCN24821,SAMEA117705828,RCN24821_SPEC,ERX13795946,ERR14394827
RCN24822,SAMEA117705829,RCN24822_GRC1,ERX13795947,ERR14394828
RCN24822,SAMEA117705829,RCN24822_GRC2,ERX13795948,ERR14394829
RCN24822,SAMEA117705829,RCN24822_SPEC,ERX13795949,ERR14394830
RCN24823,SAMEA117705830,RCN24823_GRC1,ERX13795950,ERR14394831
RCN24823,SAMEA117705830,RCN24823_GRC2,ERX13795951,ERR14394832
RCN24823,SAMEA117705830,RCN24823_SPEC,ERX13795952,ERR14394833
RCN24824,SAMEA117705831,RCN24824_GRC1,ERX13795953,ERR14394834
RCN24824,SAMEA117705831,RCN24824_GRC2,ERX13795954,ERR14394835
RCN24824,SAMEA117705831,RCN24824_SPEC,ERX13795955,ERR14394836
RCN24825,SAMEA117705832,RCN24825_GRC1,ERX13795956,ERR14394837
RCN24825,SAMEA117705832,RCN24825_GRC2,ERX13795957,ERR14394838
RCN24825,SAMEA117705832,RCN24825_SPEC,ERX13795958,ERR14394839
RCN24827,SAMEA117705834,RCN24827_GRC1,ERX13795962,ERR14394843
RCN24827,SAMEA117705834,RCN24827_GRC2,ERX13795963,ERR14394844
RCN24827,SAMEA117705834,RCN24827_SPEC,ERX13795964,ERR14394845
RCN24828,SAMEA117705835,RCN24828_GRC1,ERX13795965,ERR14394846
RCN24828,SAMEA117705835,RCN24828_GRC2,ERX13795966,ERR14394847
RCN24828,SAMEA117705835,RCN24828_SPEC,ERX13795967,ERR14394848
RCN24829,SAMEA117705836,RCN24829_GRC1,ERX13795968,ERR14394849
RCN24829,SAMEA117705836,RCN24829_GRC2,ERX13795969,ERR14394850
RCN24829,SAMEA117705836,RCN24829_SPEC,ERX13795970,ERR14394851
RCN24831,SAMEA117705838,RCN24831_GRC1,ERX13795974,ERR14394855
RCN24831,SAMEA117705838,RCN24831_GRC2,ERX13795975,ERR14394856
RCN24831,SAMEA117705838,RCN24831_SPEC,ERX13795976,ERR14394857
RCN24832,SAMEA117705839,RCN24832_GRC1,ERX13795977,ERR14394858
RCN24832,SAMEA117705839,RCN24832_GRC2,ERX13795978,ERR14394859
RCN24832,SAMEA117705839,RCN24832_SPEC,ERX13795979,ERR14394860
RCN24833,SAMEA117705840,RCN24833_GRC1,ERX13795980,ERR14394861
RCN24833,SAMEA117705840,RCN24833_GRC2,ERX13795981,ERR14394862
RCN24833,SAMEA117705840,RCN24833_SPEC,ERX13795982,ERR14394863
RCN24834,SAMEA117705841,RCN24834_GRC1,ERX13795983,ERR14394864
RCN24834,SAMEA117705841,RCN24834_GRC2,ERX13795984,ERR14394865
RCN24834,SAMEA117705841,RCN24834_SPEC,ERX13795985,ERR14394866
RCN24838,SAMEA117705844,RCN24838_GRC1,ERX13795992,ERR14394873
RCN24838,SAMEA117705844,RCN24838_GRC2,ERX13795993,ERR14394874
RCN24838,SAMEA117705844,RCN24838_SPEC,ERX13795994,ERR14394875
RCN24839,SAMEA117705845,RCN24839_GRC1,ERX13795995,ERR14394876
RCN24839,SAMEA117705845,RCN24839_GRC2,ERX13795996,ERR14394877
RCN24839,SAMEA117705845,RCN24839_SPEC,ERX13795997,ERR14394878
RCN24840,SAMEA117705846,RCN24840_GRC1,ERX13795998,ERR14394879
RCN24840,SAMEA117705846,RCN24840_GRC2,ERX13795999,ERR14394880
RCN24840,SAMEA117705846,RCN24840_SPEC,ERX13796000,ERR14394881
RCN24842,SAMEA117705848,RCN24842_GRC1,ERX13796004,ERR14394885
RCN24842,SAMEA117705848,RCN24842_GRC2,ERX13796005,ERR14394886
RCN24842,SAMEA117705848,RCN24842_SPEC,ERX13796006,ERR14394887
RCN24851,SAMEA117705855,RCN24851_GRC1,ERX13796025,ERR14394906
RCN24851,SAMEA117705855,RCN24851_GRC2,ERX13796026,ERR14394907
RCN24851,SAMEA117705855,RCN24851_SPEC,ERX13796027,ERR14394908
RCN24853,SAMEA117705856,RCN24853_GRC1,ERX13796028,ERR14394909
RCN24853,SAMEA117705856,RCN24853_GRC2,ERX13796029,ERR14394910
RCN24853,SAMEA117705856,RCN24853_SPEC,ERX13796030,ERR14394911
RCN24856,SAMEA117705859,RCN24856_GRC1,ERX13796037,ERR14394918
RCN24856,SAMEA117705859,RCN24856_GRC2,ERX13796038,ERR14394919
RCN24856,SAMEA117705859,RCN24856_SPEC,ERX13796039,ERR14394920
RCN24857,SAMEA117705860,RCN24857_GRC1,ERX13796040,ERR14394921
RCN24857,SAMEA117705860,RCN24857_GRC2,ERX13796041,ERR14394922
RCN24857,SAMEA117705860,RCN24857_SPEC,ERX13796042,ERR14394923
RCN24859,SAMEA117705862,RCN24859_GRC1,ERX13796046,ERR14394927
RCN24859,SAMEA117705862,RCN24859_GRC2,ERX13796047,ERR14394928
RCN24859,SAMEA117705862,RCN24859_SPEC,ERX13796048,ERR14394929
RCN24860,SAMEA117705863,RCN24860_GRC1,ERX13796049,ERR14394930
RCN24860,SAMEA117705863,RCN24860_GRC2,ERX13796050,ERR14394931
RCN24860,SAMEA117705863,RCN24860_SPEC,ERX13796051,ERR14394932
RCN24862,SAMEA117705865,RCN24862_GRC1,ERX13796055,ERR14394936
RCN24862,SAMEA117705865,RCN24862_GRC2,ERX13796056,ERR14394937
RCN24862,SAMEA117705865,RCN24862_SPEC,ERX13796057,ERR14394938
RCN24864,SAMEA117705867,RCN24864_GRC1,ERX13796061,ERR14394942
RCN24864,SAMEA117705867,RCN24864_GRC2,ERX13796062,ERR14394943
RCN24864,SAMEA117705867,RCN24864_SPEC,ERX13796063,ERR14394944
RCN24867,SAMEA117705870,RCN24867_GRC1,ERX13796070,ERR14394951
RCN24867,SAMEA117705870,RCN24867_GRC2,ERX13796071,ERR14394952
RCN24867,SAMEA117705870,RCN24867_SPEC,ERX13796072,ERR14394953
RCN24870,SAMEA117705873,RCN24870_GRC1,ERX13796079,ERR14394960
RCN24870,SAMEA117705873,RCN24870_GRC2,ERX13796080,ERR14394961
RCN24870,SAMEA117705873,RCN24870_SPEC,ERX13796081,ERR14394962
RCN24871,SAMEA117705874,RCN24871_GRC1,ERX13796082,ERR14394963
RCN24871,SAMEA117705874,RCN24871_GRC2,ERX13796083,ERR14394964
RCN24871,SAMEA117705874,RCN24871_SPEC,ERX13796084,ERR14394965
RCN24873,SAMEA117705876,RCN24873_GRC1,ERX13796088,ERR14394969
RCN24873,SAMEA117705876,RCN24873_GRC2,ERX13796089,ERR14394970
RCN24873,SAMEA117705876,RCN24873_SPEC,ERX13796090,ERR14394971
RCN24874,SAMEA117705877,RCN24874_GRC1,ERX13796091,ERR14394972
RCN24874,SAMEA117705877,RCN24874_GRC2,ERX13796092,ERR14394973
RCN24874,SAMEA117705877,RCN24874_SPEC,ERX13796093,ERR14394974
RCN24877,SAMEA117705880,RCN24877_GRC1,ERX13796100,ERR14394981
RCN24877,SAMEA117705880,RCN24877_GRC2,ERX13796101,ERR14394982
RCN24877,SAMEA117705880,RCN24877_SPEC,ERX13796102,ERR14394983
RCN24878,SAMEA117705881,RCN24878_GRC1,ERX13796103,ERR14394984
RCN24878,SAMEA117705881,RCN24878_GRC2,ERX13796104,ERR14394985
RCN24878,SAMEA117705881,RCN24878_SPEC,ERX13796105,ERR14394986
RCN24883,SAMEA117705884,RCN24883_GRC1,ERX13796112,ERR14394993
RCN24883,SAMEA117705884,RCN24883_GRC2,ERX13796113,ERR14394994
RCN24883,SAMEA117705884,RCN24883_SPEC,ERX13796114,ERR14394995
RCN24884,SAMEA117705885,RCN24884_GRC1,ERX13796115,ERR14394996
RCN24884,SAMEA117705885,RCN24884_GRC2,ERX13796116,ERR14394997
RCN24884,SAMEA117705885,RCN24884_SPEC,ERX13796117,ERR14394998
RCN24885,SAMEA117705886,RCN24885_GRC1,ERX13796118,ERR14394999
RCN24885,SAMEA117705886,RCN24885_GRC2,ERX13796119,ERR14395000
RCN24885,SAMEA117705886,RCN24885_SPEC,ERX13796120,ERR14395001
RCN24888,SAMEA117705889,RCN24888_GRC1,ERX13796127,ERR14395008
RCN24888,SAMEA117705889,RCN24888_GRC2,ERX13796128,ERR14395009
RCN24888,SAMEA117705889,RCN24888_SPEC,ERX13796129,ERR14395010
RCN24889,SAMEA117705890,RCN24889_GRC1,ERX13796130,ERR14395011
RCN24889,SAMEA117705890,RCN24889_GRC2,ERX13796131,ERR14395012
RCN24889,SAMEA117705890,RCN24889_SPEC,ERX13796132,ERR14395013
RCN24890,SAMEA117705891,RCN24890_GRC1,ERX13796133,ERR14395014
RCN24890,SAMEA117705891,RCN24890_GRC2,ERX13796134,ERR14395015
RCN24890,SAMEA117705891,RCN24890_SPEC,ERX13796135,ERR14395016
RCN24892,SAMEA117705893,RCN24892_GRC1,ERX13796139,ERR14395020
RCN24892,SAMEA117705893,RCN24892_GRC2,ERX13796140,ERR14395021
RCN24892,SAMEA117705893,RCN24892_SPEC,ERX13796141,ERR14395022
RCN24894,SAMEA117705895,RCN24894_GRC1,ERX13796145,ERR14395026
RCN24894,SAMEA117705895,RCN24894_GRC2,ERX13796146,ERR14395027
RCN24894,SAMEA117705895,RCN24894_SPEC,ERX13796147,ERR14395028
RCN24895,SAMEA117705896,RCN24895_GRC1,ERX13796148,ERR14395029
RCN24895,SAMEA117705896,RCN24895_GRC2,ERX13796149,ERR14395030
RCN24895,SAMEA117705896,RCN24895_SPEC,ERX13796150,ERR14395031
RCN24896,SAMEA117705897,RCN24896_GRC1,ERX13796151,ERR14395032
RCN24896,SAMEA117705897,RCN24896_GRC2,ERX13796152,ERR14395033
RCN24896,SAMEA117705897,RCN24896_SPEC,ERX13796153,ERR14395034
RCN24898,SAMEA117705899,RCN24898_GRC1,ERX13796157,ERR14395038
RCN24898,SAMEA117705899,RCN24898_GRC2,ERX13796158,ERR14395039
RCN24898,SAMEA117705899,RCN24898_SPEC,ERX13796159,ERR14395040
RCN24900,SAMEA117705900,RCN24900_GRC1,ERX13796160,ERR14395041
RCN24900,SAMEA117705900,RCN24900_GRC2,ERX13796161,ERR14395042
RCN24900,SAMEA117705900,RCN24900_SPEC,ERX13796162,ERR14395043
RCN24904,SAMEA117705904,RCN24904_GRC1,ERX13796172,ERR14395053
RCN24904,SAMEA117705904,RCN24904_GRC2,ERX13796173,ERR14395054
RCN24904,SAMEA117705904,RCN24904_SPEC,ERX13796174,ERR14395055
RCN24906,SAMEA117705906,RCN24906_GRC1,ERX13796178,ERR14395059
RCN24906,SAMEA117705906,RCN24906_GRC2,ERX13796179,ERR14395060
RCN24906,SAMEA117705906,RCN24906_SPEC,ERX13796180,ERR14395061
RCN24907,SAMEA117705907,RCN24907_GRC1,ERX13796181,ERR14395062
RCN24907,SAMEA117705907,RCN24907_GRC2,ERX13796182,ERR14395063
RCN24907,SAMEA117705907,RCN24907_SPEC,ERX13796183,ERR14395064
RCN24909,SAMEA117705908,RCN24909_GRC1,ERX13796184,ERR14395065
RCN24909,SAMEA117705908,RCN24909_GRC2,ERX13796185,ERR14395066
RCN24909,SAMEA117705908,RCN24909_SPEC,ERX13796186,ERR14395067
RCN24910,SAMEA117705909,RCN24910_GRC1,ERX13796187,ERR14395068
RCN24910,SAMEA117705909,RCN24910_GRC2,ERX13796188,ERR14395069
RCN24910,SAMEA117705909,RCN24910_SPEC,ERX13796189,ERR14395070
RCN24911,SAMEA117705910,RCN24911_GRC1,ERX13796190,ERR14395071
RCN24911,SAMEA117705910,RCN24911_GRC2,ERX13796191,ERR14395072
RCN24911,SAMEA117705910,RCN24911_SPEC,ERX13796192,ERR14395073
RCN24912,SAMEA117705911,RCN24912_GRC1,ERX13796193,ERR14395074
RCN24912,SAMEA117705911,RCN24912_GRC2,ERX13796194,ERR14395075
RCN24912,SAMEA117705911,RCN24912_SPEC,ERX13796195,ERR14395076
RCN24913,SAMEA117705912,RCN24913_GRC1,ERX13796196,ERR14395077
RCN24913,SAMEA117705912,RCN24913_GRC2,ERX13796197,ERR14395078
RCN24913,SAMEA117705912,RCN24913_SPEC,ERX13796198,ERR14395079
RCN24914,SAMEA117705913,RCN24914_GRC1,ERX13796199,ERR14395080
RCN24914,SAMEA117705913,RCN24914_GRC2,ERX13796200,ERR14395081
RCN24914,SAMEA117705913,RCN24914_SPEC,ERX13796201,ERR14395082
RCN24915,SAMEA117705914,RCN24915_GRC1,ERX13796202,ERR14395083
RCN24915,SAMEA117705914,RCN24915_GRC2,ERX13796203,ERR14395084
RCN24915,SAMEA117705914,RCN24915_SPEC,ERX13796204,ERR14395085
RCN24916,SAMEA117705915,RCN24916_GRC1,ERX13796205,ERR14395086
RCN24916,SAMEA117705915,RCN24916_GRC2,ERX13796206,ERR14395087
RCN24916,SAMEA117705915,RCN24916_SPEC,ERX13796207,ERR14395088
RCN24917,SAMEA117705916,RCN24917_GRC1,ERX13796208,ERR14395089
RCN24917,SAMEA117705916,RCN24917_GRC2,ERX13796209,ERR14395090
RCN24917,SAMEA117705916,RCN24917_SPEC,ERX13796210,ERR14395091
RCN24918,SAMEA117705917,RCN24918_GRC1,ERX13796211,ERR14395092
RCN24918,SAMEA117705917,RCN24918_GRC2,ERX13796212,ERR14395093
RCN24918,SAMEA117705917,RCN24918_SPEC,ERX13796213,ERR14395094
RCN24922,SAMEA117705920,RCN24922_GRC1,ERX13796220,ERR14395101
RCN24922,SAMEA117705920,RCN24922_GRC2,ERX13796221,ERR14395102
RCN24922,SAMEA117705920,RCN24922_SPEC,ERX13796222,ERR14395103
RCN24923,SAMEA117705921,RCN24923_GRC1,ERX13796223,ERR14395104
RCN24923,SAMEA117705921,RCN24923_GRC2,ERX13796224,ERR14395105
RCN24923,SAMEA117705921,RCN24923_SPEC,ERX13796225,ERR14395106
RCN24925,SAMEA117705923,RCN24925_GRC1,ERX13796229,ERR14395110
RCN24925,SAMEA117705923,RCN24925_GRC2,ERX13796230,ERR14395111
RCN24925,SAMEA117705923,RCN24925_SPEC,ERX13796231,ERR14395112
RCN24926,SAMEA117705924,RCN24926_GRC1,ERX13796232,ERR14395113
RCN24926,SAMEA117705924,RCN24926_GRC2,ERX13796233,ERR14395114
RCN24926,SAMEA117705924,RCN24926_SPEC,ERX13796234,ERR14395115
RCN24927,SAMEA117705925,RCN24927_GRC1,ERX13796235,ERR14395116
RCN24927,SAMEA117705925,RCN24927_GRC2,ERX13796236,ERR14395117
RCN24927,SAMEA117705925,RCN24927_SPEC,ERX13796237,ERR14395118
RCN24928,SAMEA117705926,RCN24928_GRC1,ERX13796238,ERR14395119
RCN24928,SAMEA117705926,RCN24928_GRC2,ERX13796239,ERR14395120
RCN24928,SAMEA117705926,RCN24928_SPEC,ERX13796240,ERR14395121
RCN24930,SAMEA117705928,RCN24930_GRC1,ERX13796244,ERR14395125
RCN24930,SAMEA117705928,RCN24930_GRC2,ERX13796245,ERR14395126
RCN24930,SAMEA117705928,RCN24930_SPEC,ERX13796246,ERR14395127
RCN24931,SAMEA117705929,RCN24931_GRC1,ERX13796247,ERR14395128
RCN24931,SAMEA117705929,RCN24931_GRC2,ERX13796248,ERR14395129
RCN24931,SAMEA117705929,RCN24931_SPEC,ERX13796249,ERR14395130
RCN24932,SAMEA117705930,RCN24932_GRC1,ERX13796250,ERR14395131
RCN24932,SAMEA117705930,RCN24932_GRC2,ERX13796251,ERR14395132
RCN24932,SAMEA117705930,RCN24932_SPEC,ERX13796252,ERR14395133
RCN24933,SAMEA117705931,RCN24933_GRC1,ERX13796253,ERR14395134
RCN24933,SAMEA117705931,RCN24933_GRC2,ERX13796254,ERR14395135
RCN24933,SAMEA117705931,RCN24933_SPEC,ERX13796255,ERR14395136
RCN24934,SAMEA117705932,RCN24934_GRC1,ERX13796256,ERR14395137
RCN24934,SAMEA117705932,RCN24934_GRC2,ERX13796257,ERR14395138
RCN24934,SAMEA117705932,RCN24934_SPEC,ERX13796258,ERR14395139
RCN24935,SAMEA117705933,RCN24935_GRC1,ERX13796259,ERR14395140
RCN24935,SAMEA117705933,RCN24935_GRC2,ERX13796260,ERR14395141
RCN24935,SAMEA117705933,RCN24935_SPEC,ERX13796261,ERR14395142
RCN24936,SAMEA117705934,RCN24936_GRC1,ERX13796262,ERR14395143
RCN24936,SAMEA117705934,RCN24936_GRC2,ERX13796263,ERR14395144
RCN24936,SAMEA117705934,RCN24936_SPEC,ERX13796264,ERR14395145
RCN24937,SAMEA117705935,RCN24937_GRC1,ERX13796265,ERR14395146
RCN24937,SAMEA117705935,RCN24937_GRC2,ERX13796266,ERR14395147
RCN24937,SAMEA117705935,RCN24937_SPEC,ERX13796267,ERR14395148
RCN24938,SAMEA117705936,RCN24938_GRC1,ERX13796268,ERR14395149
RCN24938,SAMEA117705936,RCN24938_GRC2,ERX13796269,ERR14395150
RCN24938,SAMEA117705936,RCN24938_SPEC,ERX13796270,ERR14395151
RCN24939,SAMEA117705937,RCN24939_GRC1,ERX13796271,ERR14395152
RCN24939,SAMEA117705937,RCN24939_GRC2,ERX13796272,ERR14395153
RCN24939,SAMEA117705937,RCN24939_SPEC,ERX13796273,ERR14395154
RCN24940,SAMEA117705938,RCN24940_GRC1,ERX13796274,ERR14395155
RCN24940,SAMEA117705938,RCN24940_GRC2,ERX13796275,ERR14395156
RCN24940,SAMEA117705938,RCN24940_SPEC,ERX13796276,ERR14395157
RCN24941,SAMEA117705939,RCN24941_GRC1,ERX13796277,ERR14395158
RCN24941,SAMEA117705939,RCN24941_GRC2,ERX13796278,ERR14395159
RCN24941,SAMEA117705939,RCN24941_SPEC,ERX13796279,ERR14395160
RCN24942,SAMEA117705940,RCN24942_GRC1,ERX13796280,ERR14395161
RCN24942,SAMEA117705940,RCN24942_GRC2,ERX13796281,ERR14395162
RCN24942,SAMEA117705940,RCN24942_SPEC,ERX13796282,ERR14395163
RCN24943,SAMEA117705941,RCN24943_GRC1,ERX13796283,ERR14395164
RCN24943,SAMEA117705941,RCN24943_GRC2,ERX13796284,ERR14395165
RCN24943,SAMEA117705941,RCN24943_SPEC,ERX13796285,ERR14395166
RCN24944,SAMEA117705942,RCN24944_GRC1,ERX13796286,ERR14395167
RCN24944,SAMEA117705942,RCN24944_GRC2,ERX13796287,ERR14395168
RCN24944,SAMEA117705942,RCN24944_SPEC,ERX13796288,ERR14395169
RCN24945,SAMEA117705943,RCN24945_GRC1,ERX13796289,ERR14395170
RCN24945,SAMEA117705943,RCN24945_GRC2,ERX13796290,ERR14395171
RCN24945,SAMEA117705943,RCN24945_SPEC,ERX13796291,ERR14395172
RCN24946,SAMEA117705944,RCN24946_GRC1,ERX13796292,ERR14395173
RCN24946,SAMEA117705944,RCN24946_GRC2,ERX13796293,ERR14395174
RCN24946,SAMEA117705944,RCN24946_SPEC,ERX13796294,ERR14395175
RCN24947,SAMEA117705945,RCN24947_GRC1,ERX13796295,ERR14395176
RCN24947,SAMEA117705945,RCN24947_GRC2,ERX13796296,ERR14395177
RCN24947,SAMEA117705945,RCN24947_SPEC,ERX13796297,ERR14395178
RCN24951,SAMEA117705949,RCN24951_GRC1,ERX13796307,ERR14395188
RCN24951,SAMEA117705949,RCN24951_GRC2,ERX13796308,ERR14395189
RCN24951,SAMEA117705949,RCN24951_SPEC,ERX13796309,ERR14395190
RCN24953,SAMEA117705951,RCN24953_GRC1,ERX13796313,ERR14395194
RCN24953,SAMEA117705951,RCN24953_GRC2,ERX13796314,ERR14395195
RCN24953,SAMEA117705951,RCN24953_SPEC,ERX13796315,ERR14395196
RCN24954,SAMEA117705952,RCN24954_GRC1,ERX13796316,ERR14395197
RCN24954,SAMEA117705952,RCN24954_GRC2,ERX13796317,ERR14395198
RCN24954,SAMEA117705952,RCN24954_SPEC,ERX13796318,ERR14395199
RCN24955,SAMEA117705953,RCN24955_GRC1,ERX13796319,ERR14395200
RCN24955,SAMEA117705953,RCN24955_GRC2,ERX13796320,ERR14395201
RCN24955,SAMEA117705953,RCN24955_SPEC,ERX13796321,ERR14395202
RCN24957,SAMEA117705955,RCN24957_GRC1,ERX13796325,ERR14395206
RCN24957,SAMEA117705955,RCN24957_GRC2,ERX13796326,ERR14395207
RCN24957,SAMEA117705955,RCN24957_SPEC,ERX13796327,ERR14395208
RCN24959,SAMEA117705957,RCN24959_GRC1,ERX13796331,ERR14395212
RCN24959,SAMEA117705957,RCN24959_GRC2,ERX13796332,ERR14395213
RCN24959,SAMEA117705957,RCN24959_SPEC,ERX13796333,ERR14395214
RCN24960,SAMEA117705958,RCN24960_GRC1,ERX13796334,ERR14395215
RCN24960,SAMEA117705958,RCN24960_GRC2,ERX13796335,ERR14395216
RCN24960,SAMEA117705958,RCN24960_SPEC,ERX13796336,ERR14395217
RCN24961,SAMEA117705959,RCN24961_GRC1,ERX13796337,ERR14395218
RCN24961,SAMEA117705959,RCN24961_GRC2,ERX13796338,ERR14395219
RCN24961,SAMEA117705959,RCN24961_SPEC,ERX13796339,ERR14395220
RCN24963,SAMEA117705960,RCN24963_GRC1,ERX13796340,ERR14395221
RCN24963,SAMEA117705960,RCN24963_GRC2,ERX13796341,ERR14395222
RCN24963,SAMEA117705960,RCN24963_SPEC,ERX13796342,ERR14395223
RCN24964,SAMEA117705961,RCN24964_GRC1,ERX13796343,ERR14395224
RCN24964,SAMEA117705961,RCN24964_GRC2,ERX13796344,ERR14395225
RCN24964,SAMEA117705961,RCN24964_SPEC,ERX13796345,ERR14395226
RCN24965,SAMEA117705962,RCN24965_GRC1,ERX13796346,ERR14395227
RCN24965,SAMEA117705962,RCN24965_GRC2,ERX13796347,ERR14395228
RCN24965,SAMEA117705962,RCN24965_SPEC,ERX13796348,ERR14395229
RCN24966,SAMEA117705963,RCN24966_GRC1,ERX13796349,ERR14395230
RCN24966,SAMEA117705963,RCN24966_GRC2,ERX13796350,ERR14395231
RCN24966,SAMEA117705963,RCN24966_SPEC,ERX13796351,ERR14395232
RCN24967,SAMEA117705964,RCN24967_GRC1,ERX13796352,ERR14395233
RCN24967,SAMEA117705964,RCN24967_GRC2,ERX13796353,ERR14395234
RCN24967,SAMEA117705964,RCN24967_SPEC,ERX13796354,ERR14395235
RCN24968,SAMEA117705965,RCN24968_GRC1,ERX13796355,ERR14395236
RCN24968,SAMEA117705965,RCN24968_GRC2,ERX13796356,ERR14395237
RCN24968,SAMEA117705965,RCN24968_SPEC,ERX13796357,ERR14395238
RCN24971,SAMEA117705968,RCN24971_GRC1,ERX13796364,ERR14395245
RCN24971,SAMEA117705968,RCN24971_GRC2,ERX13796365,ERR14395246
RCN24971,SAMEA117705968,RCN24971_SPEC,ERX13796366,ERR14395247
RCN24972,SAMEA117705969,RCN24972_GRC1,ERX13796367,ERR14395248
RCN24972,SAMEA117705969,RCN24972_GRC2,ERX13796368,ERR14395249
RCN24972,SAMEA117705969,RCN24972_SPEC,ERX13796369,ERR14395250
RCN25068,SAMEA117706058,RCN25068_GRC1,ERX13796634,ERR14395515
RCN25068,SAMEA117706058,RCN25068_GRC2,ERX13796635,ERR14395516
RCN25068,SAMEA117706058,RCN25068_SPEC,ERX13796636,ERR14395517
RCN25079,SAMEA117706069,RCN25079_GRC1,ERX13796667,ERR14395548
RCN25079,SAMEA117706069,RCN25079_GRC2,ERX13796668,ERR14395549
RCN25079,SAMEA117706069,RCN25079_SPEC,ERX13796669,ERR14395550
RCN25081,SAMEA117706071,RCN25081_GRC1,ERX13796673,ERR14395554
RCN25081,SAMEA117706071,RCN25081_GRC2,ERX13796674,ERR14395555
RCN25081,SAMEA117706071,RCN25081_SPEC,ERX13796675,ERR14395556
RCN25083,SAMEA117706073,RCN25083_GRC1,ERX13796679,ERR14395560
RCN25083,SAMEA117706073,RCN25083_GRC2,ERX13796680,ERR14395561
RCN25083,SAMEA117706073,RCN25083_SPEC,ERX13796681,ERR14395562
RCN25084,SAMEA117706074,RCN25084_GRC1,ERX13796682,ERR14395563
RCN25084,SAMEA117706074,RCN25084_GRC2,ERX13796683,ERR14395564
RCN25084,SAMEA117706074,RCN25084_SPEC,ERX13796684,ERR14395565
RCN25085,SAMEA117706075,RCN25085_GRC1,ERX13796685,ERR14395566
RCN25085,SAMEA117706075,RCN25085_GRC2,ERX13796686,ERR14395567
RCN25085,SAMEA117706075,RCN25085_SPEC,ERX13796687,ERR14395568
RCN25093,SAMEA117706082,RCN25093_GRC1,ERX13796706,ERR14395587
RCN25093,SAMEA117706082,RCN25093_GRC2,ERX13796707,ERR14395588
RCN25093,SAMEA117706082,RCN25093_SPEC,ERX13796708,ERR14395589
RCN25097,SAMEA117706086,RCN25097_GRC1,ERX13796718,ERR14395599
RCN25097,SAMEA117706086,RCN25097_GRC2,ERX13796719,ERR14395600
RCN25097,SAMEA117706086,RCN25097_SPEC,ERX13796720,ERR14395601
RCN25099,SAMEA117706088,RCN25099_GRC1,ERX13796724,ERR14395605
RCN25099,SAMEA117706088,RCN25099_GRC2,ERX13796725,ERR14395606
RCN25099,SAMEA117706088,RCN25099_SPEC,ERX13796726,ERR14395607
RCN25103,SAMEA117706092,RCN25103_GRC1,ERX13796736,ERR14395617
RCN25103,SAMEA117706092,RCN25103_GRC2,ERX13796737,ERR14395618
RCN25103,SAMEA117706092,RCN25103_SPEC,ERX13796738,ERR14395619
RCN25104,SAMEA117706093,RCN25104_GRC1,ERX13796739,ERR14395620
RCN25104,SAMEA117706093,RCN25104_GRC2,ERX13796740,ERR14395621
RCN25104,SAMEA117706093,RCN25104_SPEC,ERX13796741,ERR14395622
RCN25105,SAMEA117706094,RCN25105_GRC1,ERX13796742,ERR14395623
RCN25105,SAMEA117706094,RCN25105_GRC2,ERX13796743,ERR14395624
RCN25105,SAMEA117706094,RCN25105_SPEC,ERX13796744,ERR14395625
RCN25107,SAMEA117706096,RCN25107_GRC1,ERX13796748,ERR14395629
RCN25107,SAMEA117706096,RCN25107_GRC2,ERX13796749,ERR14395630
RCN25107,SAMEA117706096,RCN25107_SPEC,ERX13796750,ERR14395631
RCN25108,SAMEA117706097,RCN25108_GRC1,ERX13796751,ERR14395632
RCN25108,SAMEA117706097,RCN25108_GRC2,ERX13796752,ERR14395633
RCN25108,SAMEA117706097,RCN25108_SPEC,ERX13796753,ERR14395634
RCN25118,SAMEA117706106,RCN25118_GRC1,ERX13796778,ERR14395659
RCN25118,SAMEA117706106,RCN25118_GRC2,ERX13796779,ERR14395660
RCN25118,SAMEA117706106,RCN25118_SPEC,ERX13796780,ERR14395661
RCN25119,SAMEA117706107,RCN25119_GRC1,ERX13796781,ERR14395662
RCN25119,SAMEA117706107,RCN25119_GRC2,ERX13796782,ERR14395663
RCN25119,SAMEA117706107,RCN25119_SPEC,ERX13796783,ERR14395664
RCN25120,SAMEA117706108,RCN25120_GRC1,ERX13796784,ERR14395665
RCN25120,SAMEA117706108,RCN25120_GRC2,ERX13796785,ERR14395666
RCN25120,SAMEA117706108,RCN25120_SPEC,ERX13796786,ERR14395667
RCN25125,SAMEA117706113,RCN25125_GRC1,ERX13796799,ERR14395680
RCN25125,SAMEA117706113,RCN25125_GRC2,ERX13796800,ERR14395681
RCN25125,SAMEA117706113,RCN25125_SPEC,ERX13796801,ERR14395682
RCN25129,SAMEA117706117,RCN25129_GRC1,ERX13796811,ERR14395692
RCN25129,SAMEA117706117,RCN25129_GRC2,ERX13796812,ERR14395693
RCN25129,SAMEA117706117,RCN25129_SPEC,ERX13796813,ERR14395694
RCN25130,SAMEA117706118,RCN25130_GRC1,ERX13796814,ERR14395695
RCN25130,SAMEA117706118,RCN25130_GRC2,ERX13796815,ERR14395696
RCN25130,SAMEA117706118,RCN25130_SPEC,ERX13796816,ERR14395697
RCN25137,SAMEA117706125,RCN25137_GRC1,ERX13796835,ERR14395716
RCN25137,SAMEA117706125,RCN25137_GRC2,ERX13796836,ERR14395717
RCN25137,SAMEA117706125,RCN25137_SPEC,ERX13796837,ERR14395718
RCN25143,SAMEA117706131,RCN25143_GRC1,ERX13796853,ERR14395734
RCN25143,SAMEA117706131,RCN25143_GRC2,ERX13796854,ERR14395735
RCN25143,SAMEA117706131,RCN25143_SPEC,ERX13796855,ERR14395736
RCN25145,SAMEA117706133,RCN25145_GRC1,ERX13796859,ERR14395740
RCN25145,SAMEA117706133,RCN25145_GRC2,ERX13796860,ERR14395741
RCN25145,SAMEA117706133,RCN25145_SPEC,ERX13796861,ERR14395742
RCN25153,SAMEA117706139,RCN25153_GRC1,ERX13796877,ERR14395758
RCN25153,SAMEA117706139,RCN25153_GRC2,ERX13796878,ERR14395759
RCN25153,SAMEA117706139,RCN25153_SPEC,ERX13796879,ERR14395760
RCN25158,SAMEA117706144,RCN25158_GRC1,ERX13796892,ERR14395773
RCN25158,SAMEA117706144,RCN25158_GRC2,ERX13796893,ERR14395774
RCN25158,SAMEA117706144,RCN25158_SPEC,ERX13796894,ERR14395775
RCN25162,SAMEA117706148,RCN25162_GRC1,ERX13796904,ERR14395785
RCN25162,SAMEA117706148,RCN25162_GRC2,ERX13796905,ERR14395786
RCN25162,SAMEA117706148,RCN25162_SPEC,ERX13796906,ERR14395787
RCN25170,SAMEA117706155,RCN25170_GRC1,ERX13796925,ERR14395806
RCN25170,SAMEA117706155,RCN25170_GRC2,ERX13796926,ERR14395807
RCN25170,SAMEA117706155,RCN25170_SPEC,ERX13796927,ERR14395808
RCN25177,SAMEA117706161,RCN25177_GRC1,ERX13796943,ERR14395824
RCN25177,SAMEA117706161,RCN25177_GRC2,ERX13796944,ERR14395825
RCN25177,SAMEA117706161,RCN25177_SPEC,ERX13796945,ERR14395826
RCN25178,SAMEA117706162,RCN25178_GRC1,ERX13796946,ERR14395827
RCN25178,SAMEA117706162,RCN25178_GRC2,ERX13796947,ERR14395828
RCN25178,SAMEA117706162,RCN25178_SPEC,ERX13796948,ERR14395829
RCN25190,SAMEA117706174,RCN25190_GRC1,ERX13796982,ERR14395863
RCN25190,SAMEA117706174,RCN25190_GRC2,ERX13796983,ERR14395864
RCN25190,SAMEA117706174,RCN25190_SPEC,ERX13796984,ERR14395865
RCN25251,SAMEA117706222,RCN25251_GRC1,ERX13797126,ERR14396007
RCN25251,SAMEA117706222,RCN25251_GRC2,ERX13797127,ERR14396008
RCN25251,SAMEA117706222,RCN25251_SPEC,ERX13797128,ERR14396009
RCN25252,SAMEA117706223,RCN25252_GRC1,ERX13797129,ERR14396010
RCN25252,SAMEA117706223,RCN25252_GRC2,ERX13797130,ERR14396011
RCN25252,SAMEA117706223,RCN25252_SPEC,ERX13797131,ERR14396012
RCN25319,SAMEA117706277,RCN25319_GRC1,ERX13797291,ERR14396172
RCN25319,SAMEA117706277,RCN25319_GRC2,ERX13797292,ERR14396173
RCN25319,SAMEA117706277,RCN25319_SPEC,ERX13797293,ERR14396174
RCN25908,SAMEA117706384,RCN25908_GRC1,ERX13797612,ERR14396493
RCN25908,SAMEA117706384,RCN25908_GRC2,ERX13797613,ERR14396494
RCN25908,SAMEA117706384,RCN25908_SPEC,ERX13797614,ERR14396495
RCN25935,SAMEA117706409,RCN25935_GRC1,ERX13797687,ERR14396568
RCN25935,SAMEA117706409,RCN25935_GRC2,ERX13797688,ERR14396569
RCN25935,SAMEA117706409,RCN25935_SPEC,ERX13797689,ERR14396570
RCN25937,SAMEA117706411,RCN25937_GRC1,ERX13797693,ERR14396574
RCN25937,SAMEA117706411,RCN25937_GRC2,ERX13797694,ERR14396575
RCN25937,SAMEA117706411,RCN25937_SPEC,ERX13797695,ERR14396576
RCN25942,SAMEA117706415,RCN25942_GRC1,ERX13797705,ERR14396586
RCN25942,SAMEA117706415,RCN25942_GRC2,ERX13797706,ERR14396587
RCN25942,SAMEA117706415,RCN25942_SPEC,ERX13797707,ERR14396588
RCN25946,SAMEA117706419,RCN25946_GRC1,ERX13797717,ERR14396598
RCN25946,SAMEA117706419,RCN25946_GRC2,ERX13797718,ERR14396599
RCN25946,SAMEA117706419,RCN25946_SPEC,ERX13797719,ERR14396600
RCN25957,SAMEA117706427,RCN25957_GRC1,ERX13797741,ERR14396622
RCN25957,SAMEA117706427,RCN25957_GRC2,ERX13797742,ERR14396623
RCN25957,SAMEA117706427,RCN25957_SPEC,ERX13797743,ERR14396624
RCN25958,SAMEA117706428,RCN25958_GRC1,ERX13797744,ERR14396625
RCN25958,SAMEA117706428,RCN25958_GRC2,ERX13797745,ERR14396626
RCN25958,SAMEA117706428,RCN25958_SPEC,ERX13797746,ERR14396627
RCN25976,SAMEA117706443,RCN25976_GRC1,ERX13797789,ERR14396670
RCN25976,SAMEA117706443,RCN25976_GRC2,ERX13797790,ERR14396671
RCN25976,SAMEA117706443,RCN25976_SPEC,ERX13797791,ERR14396672
RCN25983,SAMEA117706448,RCN25983_GRC1,ERX13797804,ERR14396685
RCN25983,SAMEA117706448,RCN25983_GRC2,ERX13797805,ERR14396686
RCN25983,SAMEA117706448,RCN25983_SPEC,ERX13797806,ERR14396687
RCN25994,SAMEA117706456,RCN25994_GRC1,ERX13797828,ERR14396709
RCN25994,SAMEA117706456,RCN25994_GRC2,ERX13797829,ERR14396710
RCN25994,SAMEA117706456,RCN25994_SPEC,ERX13797830,ERR14396711
RCN26582,SAMEA117706588,RCN26582_GRC1,ERX13798224,ERR14397105
RCN26582,SAMEA117706588,RCN26582_GRC2,ERX13798225,ERR14397106
RCN26582,SAMEA117706588,RCN26582_SPEC,ERX13798226,ERR14397107
RCN26624,SAMEA117706626,RCN26624_GRC1,ERX13798338,ERR14397219
RCN26624,SAMEA117706626,RCN26624_GRC2,ERX13798339,ERR14397220
RCN26624,SAMEA117706626,RCN26624_SPEC,ERX13798340,ERR14397221
RCN26637,SAMEA117706637,RCN26637_GRC1,ERX13798371,ERR14397252
RCN26637,SAMEA117706637,RCN26637_GRC2,ERX13798372,ERR14397253
RCN26637,SAMEA117706637,RCN26637_SPEC,ERX13798373,ERR14397254
RCN26646,SAMEA117706645,RCN26646_GRC1,ERX13798395,ERR14397276
RCN26646,SAMEA117706645,RCN26646_GRC2,ERX13798396,ERR14397277
RCN26646,SAMEA117706645,RCN26646_SPEC,ERX13798397,ERR14397278
RCN26647,SAMEA117706646,RCN26647_GRC1,ERX13798398,ERR14397279
RCN26647,SAMEA117706646,RCN26647_GRC2,ERX13798399,ERR14397280
RCN26647,SAMEA117706646,RCN26647_SPEC,ERX13798400,ERR14397281
RCN26663,SAMEA117706659,RCN26663_GRC1,ERX13798437,ERR14397318
RCN26663,SAMEA117706659,RCN26663_GRC2,ERX13798438,ERR14397319
RCN26663,SAMEA117706659,RCN26663_SPEC,ERX13798439,ERR14397320
RCN26664,SAMEA117706660,RCN26664_GRC1,ERX13798440,ERR14397321
RCN26664,SAMEA117706660,RCN26664_GRC2,ERX13798441,ERR14397322
RCN26664,SAMEA117706660,RCN26664_SPEC,ERX13798442,ERR14397323
RCN26673,SAMEA117706666,RCN26673_GRC1,ERX13798458,ERR14397339
RCN26673,SAMEA117706666,RCN26673_GRC2,ERX13798459,ERR14397340
RCN26673,SAMEA117706666,RCN26673_SPEC,ERX13798460,ERR14397341
RCN26677,SAMEA117706669,RCN26677_GRC1,ERX13798467,ERR14397348
RCN26677,SAMEA117706669,RCN26677_GRC2,ERX13798468,ERR14397349
RCN26677,SAMEA117706669,RCN26677_SPEC,ERX13798469,ERR14397350
RCN26728,SAMEA117706711,RCN26728_GRC1,ERX13798593,ERR14397474
RCN26728,SAMEA117706711,RCN26728_GRC2,ERX13798594,ERR14397475
RCN26728,SAMEA117706711,RCN26728_SPEC,ERX13798595,ERR14397476
RCN26735,SAMEA117706716,RCN26735_GRC1,ERX13798608,ERR14397489
RCN26735,SAMEA117706716,RCN26735_GRC2,ERX13798609,ERR14397490
RCN26735,SAMEA117706716,RCN26735_SPEC,ERX13798610,ERR14397491
RCN26736,SAMEA117706717,RCN26736_GRC1,ERX13798611,ERR14397492
RCN26736,SAMEA117706717,RCN26736_GRC2,ERX13798612,ERR14397493
RCN26736,SAMEA117706717,RCN26736_SPEC,ERX13798613,ERR14397494
RCN26765,SAMEA117706733,RCN26765_GRC1,ERX13798659,ERR14397540
RCN26765,SAMEA117706733,RCN26765_GRC2,ERX13798660,ERR14397541
RCN26765,SAMEA117706733,RCN26765_SPEC,ERX13798661,ERR14397542
RCN26767,SAMEA117706735,RCN26767_GRC1,ERX13798665,ERR14397546
RCN26767,SAMEA117706735,RCN26767_GRC2,ERX13798666,ERR14397547
RCN26767,SAMEA117706735,RCN26767_SPEC,ERX13798667,ERR14397548
RCN26775,SAMEA117706743,RCN26775_GRC1,ERX13798689,ERR14397570
RCN26775,SAMEA117706743,RCN26775_GRC2,ERX13798690,ERR14397571
RCN26775,SAMEA117706743,RCN26775_SPEC,ERX13798691,ERR14397572
RCN26820,SAMEA117706774,RCN26820_GRC1,ERX13798782,ERR14397663
RCN26820,SAMEA117706774,RCN26820_GRC2,ERX13798783,ERR14397664
RCN26820,SAMEA117706774,RCN26820_SPEC,ERX13798784,ERR14397665
RCN26938,SAMEA117706883,RCN26938_GRC1,ERX13799109,ERR14397990
RCN26938,SAMEA117706883,RCN26938_GRC2,ERX13799110,ERR14397991
RCN26938,SAMEA117706883,RCN26938_SPEC,ERX13799111,ERR14397992
