sample,country,ampseq_process,Artemisinin,Piperaquine,Mefloquine,Chloroquine,Pyrimethamine,Sulfadoxine,DHA-PPQ,AS-MQ,S-P,S-P-IPTp
RCN12025,Vietnam,AmpSeqV1,Resistant,Sensitive,Sensitive,Resistant,Resistant,Resistant,Sensitive,Sensitive,Resistant,Undetermined
RCN12026,Vietnam,AmpSeqV1,Resistant,Resistant,Sensitive,Resistant,Resistant,Resistant,Resistant,Sensitive,Resistant,Undetermined
RCN12028,Vietnam,AmpSeqV1,Resistant,Resistant,Sensitive,Resistant,Resistant,Resistant,Resistant,Sensitive,Resistant,Undetermined
RCN12031,Vietnam,AmpSeqV1,Resistant,Resistant,Sensitive,Resistant,Resistant,Resistant,Resistant,Sensitive,Resistant,Undetermined
RCN12032,Vietnam,AmpSeqV1,Resistant,Sensitive,Sensitive,Resistant,Resistant,Resistant,Sensitive,Sensitive,Resistant,Sensitive
RCN12033,Vietnam,AmpSeqV1,Resistant,Resistant,Sensitive,Resistant,Resistant,Resistant,Resistant,Sensitive,Resistant,Undetermined
RCN12035,Vietnam,AmpSeqV1,Resistant,Resistant,Sensitive,Resistant,Resistant,Resistant,Resistant,Sensitive,Resistant,Undetermined
RCN12036,Vietnam,AmpSeqV1,Resistant,Resistant,Sensitive,Resistant,Resistant,Resistant,Resistant,Sensitive,Resistant,Undetermined
RCN12040,Vietnam,AmpSeqV1,Resistant,Resistant,Sensitive,Resistant,Resistant,Resistant,Resistant,Sensitive,Resistant,Undetermined
RCN12041,Vietnam,AmpSeqV1,Resistant,Resistant,Sensitive,Resistant,Resistant,Resistant,Resistant,Sensitive,Resistant,Undetermined
RCN12043,Vietnam,AmpSeqV1,Resistant,Resistant,Sensitive,Resistant,Resistant,Resistant,Resistant,Sensitive,Resistant,Undetermined
RCN12044,Vietnam,AmpSeqV1,Resistant,Resistant,Sensitive,Resistant,Resistant,Resistant,Resistant,Sensitive,Resistant,Undetermined
RCN12051,Vietnam,AmpSeqV1,Sensitive,Sensitive,Sensitive,Resistant,Resistant,Resistant,Sensitive,Sensitive,Resistant,Sensitive
RCN12058,Vietnam,AmpSeqV1,Resistant,Resistant,Sensitive,Resistant,Resistant,Resistant,Resistant,Sensitive,Resistant,Undetermined
RCN12059,Vietnam,AmpSeqV1,Resistant,Resistant,Sensitive,Resistant,Resistant,Resistant,Resistant,Sensitive,Resistant,Undetermined
RCN12060,Vietnam,AmpSeqV1,Sensitive,Sensitive,Sensitive,Resistant,Resistant,Resistant,Sensitive,Sensitive,Sensitive,Sensitive
RCN12070,Vietnam,AmpSeqV1,Sensitive,Sensitive,Sensitive,Resistant,Resistant,Resistant,Sensitive,Sensitive,Resistant,Sensitive
RCN12071,Vietnam,AmpSeqV1,Resistant,Resistant,Sensitive,Resistant,Resistant,Resistant,Resistant,Sensitive,Resistant,Undetermined
RCN12072,Vietnam,AmpSeqV1,Resistant,Sensitive,Sensitive,Resistant,Resistant,Resistant,Sensitive,Sensitive,Resistant,Undetermined
RCN12075,Vietnam,AmpSeqV1,Sensitive,Sensitive,Sensitive,Resistant,Resistant,Resistant,Sensitive,Sensitive,Resistant,Sensitive
RCN12076,Vietnam,AmpSeqV1,Sensitive,Sensitive,Sensitive,Resistant,Resistant,Resistant,Sensitive,Sensitive,Sensitive,Sensitive
RCN12079,Vietnam,AmpSeqV1,Sensitive,Sensitive,Sensitive,Resistant,Resistant,Resistant,Sensitive,Sensitive,Resistant,Sensitive
RCN12080,Vietnam,AmpSeqV1,Sensitive,Sensitive,Sensitive,Resistant,Resistant,Resistant,Sensitive,Sensitive,Resistant,Sensitive
RCN12082,Vietnam,AmpSeqV1,Sensitive,Sensitive,Sensitive,Resistant,Resistant,Resistant,Sensitive,Sensitive,Sensitive,Sensitive
RCN12083,Vietnam,AmpSeqV1,Resistant,Resistant,Sensitive,Resistant,Resistant,Resistant,Resistant,Sensitive,Resistant,Undetermined
RCN12084,Vietnam,AmpSeqV1,Resistant,Resistant,Sensitive,Resistant,Resistant,Resistant,Resistant,Sensitive,Resistant,Undetermined
RCN12100,Vietnam,AmpSeqV1,Resistant,Resistant,Sensitive,Resistant,Resistant,Resistant,Resistant,Sensitive,Resistant,Undetermined
RCN12103,Vietnam,AmpSeqV1,Resistant,Resistant,Sensitive,Resistant,Resistant,Resistant,Resistant,Sensitive,Resistant,Undetermined
RCN12111,Vietnam,AmpSeqV1,Resistant,Resistant,Sensitive,Resistant,Resistant,Resistant,Resistant,Sensitive,Resistant,Undetermined
RCN12112,Vietnam,AmpSeqV1,Resistant,Resistant,Sensitive,Resistant,Resistant,Resistant,Resistant,Sensitive,Resistant,Undetermined
RCN12115,Vietnam,AmpSeqV1,Resistant,Resistant,Sensitive,Resistant,Resistant,Resistant,Resistant,Sensitive,Resistant,Undetermined
RCN12116,Vietnam,AmpSeqV1,Resistant,Resistant,Sensitive,Resistant,Resistant,Resistant,Resistant,Sensitive,Resistant,Undetermined
RCN12676,Vietnam,AmpSeqV2,Resistant,Resistant,Sensitive,Resistant,Resistant,Resistant,Resistant,Sensitive,Resistant,Undetermined
RCN12688,Vietnam,AmpSeqV2,Sensitive,Sensitive,Sensitive,Resistant,Resistant,Resistant,Sensitive,Sensitive,Resistant,Sensitive
RCN12689,Vietnam,AmpSeqV2,Sensitive,Sensitive,Sensitive,Resistant,Resistant,Resistant,Sensitive,Sensitive,Resistant,Sensitive
RCN12693,Vietnam,AmpSeqV2,Sensitive,Sensitive,Sensitive,Resistant,Resistant,Resistant,Sensitive,Sensitive,Resistant,Sensitive
RCN12694,Vietnam,AmpSeqV2,Sensitive,Sensitive,Sensitive,Resistant,Resistant,Resistant,Sensitive,Sensitive,Resistant,Sensitive
RCN12696,Vietnam,AmpSeqV2,Sensitive,Sensitive,Sensitive,Resistant,Resistant,Resistant,Sensitive,Sensitive,Resistant,Sensitive
RCN12698,Vietnam,AmpSeqV2,Sensitive,Sensitive,Sensitive,Resistant,Resistant,Resistant,Sensitive,Sensitive,Resistant,Sensitive
RCN12700,Vietnam,AmpSeqV2,Sensitive,Sensitive,Sensitive,Resistant,Resistant,Resistant,Sensitive,Sensitive,Resistant,Sensitive
RCN12704,Vietnam,AmpSeqV2,Sensitive,Sensitive,Sensitive,Resistant,Resistant,Resistant,Sensitive,Sensitive,Resistant,Sensitive
RCN12710,Vietnam,AmpSeqV2,Resistant,Resistant,Sensitive,Resistant,Resistant,Resistant,Resistant,Sensitive,Resistant,Sensitive
RCN12712,Vietnam,AmpSeqV2,Resistant,Sensitive,Sensitive,Resistant,Resistant,Resistant,Sensitive,Sensitive,Resistant,Undetermined
RCN12716,Vietnam,AmpSeqV2,Resistant,Resistant,Sensitive,Resistant,Resistant,Resistant,Resistant,Sensitive,Resistant,Undetermined
RCN12720,Vietnam,AmpSeqV2,Resistant,Resistant,Sensitive,Resistant,Resistant,Resistant,Resistant,Sensitive,Resistant,Undetermined
RCN12722,Vietnam,AmpSeqV2,Resistant,Resistant,Sensitive,Resistant,Resistant,Resistant,Resistant,Sensitive,Resistant,Undetermined
RCN12725,Vietnam,AmpSeqV2,Resistant,Resistant,Sensitive,Resistant,Resistant,Resistant,Resistant,Sensitive,Resistant,Undetermined
RCN12726,Vietnam,AmpSeqV2,Resistant,Resistant,Sensitive,Resistant,Resistant,Resistant,Resistant,Sensitive,Resistant,Undetermined
RCN12732,Vietnam,AmpSeqV2,Resistant,Resistant,Sensitive,Resistant,Resistant,Resistant,Resistant,Sensitive,Resistant,Undetermined
RCN12733,Vietnam,AmpSeqV2,Resistant,Resistant,Sensitive,Resistant,Resistant,Resistant,Resistant,Sensitive,Resistant,Undetermined
RCN12734,Vietnam,AmpSeqV2,Resistant,Resistant,Sensitive,Resistant,Resistant,Resistant,Resistant,Sensitive,Resistant,Undetermined
RCN12736,Vietnam,AmpSeqV2,Resistant,Resistant,Sensitive,Resistant,Resistant,Resistant,Resistant,Sensitive,Resistant,Undetermined
RCN12737,Vietnam,AmpSeqV2,Resistant,Sensitive,Sensitive,Resistant,Resistant,Resistant,Sensitive,Sensitive,Resistant,Undetermined
RCN12738,Vietnam,AmpSeqV2,Resistant,Sensitive,Sensitive,Resistant,Resistant,Resistant,Sensitive,Sensitive,Resistant,Undetermined
RCN12740,Vietnam,AmpSeqV2,Resistant,Resistant,Sensitive,Resistant,Resistant,Resistant,Resistant,Sensitive,Resistant,Undetermined
RCN12741,Vietnam,AmpSeqV2,Resistant,Resistant,Sensitive,Resistant,Resistant,Resistant,Resistant,Sensitive,Resistant,Undetermined
RCN12742,Vietnam,AmpSeqV2,Resistant,Resistant,Sensitive,Resistant,Resistant,Resistant,Resistant,Sensitive,Resistant,Undetermined
RCN12744,Vietnam,AmpSeqV2,Resistant,Resistant,Sensitive,Resistant,Resistant,Resistant,Resistant,Sensitive,Resistant,Undetermined
RCN12745,Vietnam,AmpSeqV2,Resistant,Resistant,Sensitive,Resistant,Resistant,Resistant,Resistant,Sensitive,Resistant,Undetermined
RCN12746,Vietnam,AmpSeqV2,Resistant,Resistant,Sensitive,Resistant,Resistant,Resistant,Resistant,Sensitive,Resistant,Undetermined
RCN12749,Vietnam,AmpSeqV2,Resistant,Resistant,Sensitive,Resistant,Resistant,Resistant,Resistant,Sensitive,Resistant,Undetermined
RCN12750,Vietnam,AmpSeqV2,Sensitive,Sensitive,Sensitive,Resistant,Resistant,Resistant,Sensitive,Sensitive,Resistant,Sensitive
RCN12751,Vietnam,AmpSeqV2,Sensitive,Sensitive,Sensitive,Resistant,Resistant,Resistant,Sensitive,Sensitive,Resistant,Sensitive
RCN12752,Vietnam,AmpSeqV2,Sensitive,Sensitive,Sensitive,Resistant,Resistant,Resistant,Sensitive,Sensitive,Resistant,Sensitive
RCN13263,Laos,AmpSeqV1,Sensitive,Sensitive,Sensitive,Resistant,Resistant,Sensitive,Sensitive,Sensitive,Resistant,Sensitive
RCN13265,Laos,AmpSeqV1,Sensitive,Sensitive,Sensitive,Resistant,Resistant,Sensitive,Sensitive,Sensitive,Sensitive,Sensitive
RCN13267,Laos,AmpSeqV1,Sensitive,Sensitive,Sensitive,Resistant,Resistant,Sensitive,Sensitive,Sensitive,Sensitive,Sensitive
RCN13270,Laos,AmpSeqV1,Sensitive,Sensitive,Sensitive,Resistant,Resistant,Sensitive,Sensitive,Sensitive,Resistant,Sensitive
RCN13271,Laos,AmpSeqV1,Sensitive,Sensitive,Sensitive,Resistant,Resistant,Sensitive,Sensitive,Sensitive,Sensitive,Sensitive
RCN13273,Laos,AmpSeqV1,Sensitive,Sensitive,Sensitive,Resistant,Resistant,Sensitive,Sensitive,Sensitive,Sensitive,Sensitive
RCN13274,Laos,AmpSeqV1,Sensitive,Sensitive,Sensitive,Resistant,Resistant,Sensitive,Sensitive,Sensitive,Sensitive,Sensitive
RCN13275,Laos,AmpSeqV1,Sensitive,Sensitive,Sensitive,Resistant,Resistant,Sensitive,Sensitive,Sensitive,Sensitive,Sensitive
RCN13278,Laos,AmpSeqV1,Sensitive,Sensitive,Sensitive,Resistant,Resistant,Sensitive,Sensitive,Sensitive,Sensitive,Sensitive
RCN13279,Laos,AmpSeqV1,Sensitive,Sensitive,Sensitive,Resistant,Resistant,Sensitive,Sensitive,Sensitive,Sensitive,Sensitive
RCN13280,Laos,AmpSeqV1,Sensitive,Sensitive,Sensitive,Resistant,Resistant,Sensitive,Sensitive,Sensitive,Sensitive,Sensitive
RCN13281,Laos,AmpSeqV1,Sensitive,Sensitive,Sensitive,Resistant,Resistant,Sensitive,Sensitive,Sensitive,Sensitive,Sensitive
RCN13283,Laos,AmpSeqV1,Sensitive,Sensitive,Sensitive,Resistant,Resistant,Sensitive,Sensitive,Sensitive,Sensitive,Sensitive
RCN13285,Laos,AmpSeqV1,Sensitive,Sensitive,Sensitive,Resistant,Resistant,Sensitive,Sensitive,Sensitive,Sensitive,Sensitive
RCN13286,Laos,AmpSeqV1,Sensitive,Sensitive,Sensitive,Resistant,Resistant,Sensitive,Sensitive,Sensitive,Sensitive,Sensitive
RCN13288,Laos,AmpSeqV1,Sensitive,Sensitive,Sensitive,Resistant,Resistant,Sensitive,Sensitive,Sensitive,Sensitive,Sensitive
RCN13303,Laos,AmpSeqV1,Sensitive,Sensitive,Sensitive,Resistant,Resistant,Sensitive,Sensitive,Sensitive,Sensitive,Sensitive
RCN13306,Laos,AmpSeqV1,Sensitive,Sensitive,Sensitive,Resistant,Resistant,Sensitive,Sensitive,Sensitive,Sensitive,Sensitive
RCN13310,Laos,AmpSeqV1,Sensitive,Sensitive,Sensitive,Resistant,Resistant,Sensitive,Sensitive,Sensitive,Sensitive,Sensitive
RCN13312,Laos,AmpSeqV1,Sensitive,Sensitive,Sensitive,Resistant,Sensitive,Resistant,Sensitive,Sensitive,Sensitive,Sensitive
RCN13313,Laos,AmpSeqV1,Sensitive,Sensitive,Sensitive,Resistant,Resistant,Sensitive,Sensitive,Sensitive,Resistant,Sensitive
RCN13338,Laos,AmpSeqV1,Sensitive,Sensitive,Sensitive,Resistant,Resistant,Sensitive,Sensitive,Sensitive,Resistant,Sensitive
RCN13339,Laos,AmpSeqV1,Sensitive,Sensitive,Sensitive,Resistant,Resistant,Sensitive,Sensitive,Sensitive,Resistant,Sensitive
RCN13342,Laos,AmpSeqV1,Sensitive,Sensitive,Sensitive,Sensitive,Resistant,Sensitive,Sensitive,Sensitive,Sensitive,Sensitive
RCN13344,Laos,AmpSeqV1,Sensitive,Sensitive,Sensitive,Resistant,Sensitive,Resistant,Sensitive,Sensitive,Sensitive,Sensitive
RCN13346,Laos,AmpSeqV1,Sensitive,Sensitive,Sensitive,Resistant,Resistant,Sensitive,Sensitive,Sensitive,Sensitive,Sensitive
RCN13348,Laos,AmpSeqV1,Sensitive,Sensitive,Sensitive,Resistant,Resistant,Sensitive,Sensitive,Sensitive,Resistant,Sensitive
RCN13350,Laos,AmpSeqV1,Sensitive,Sensitive,Sensitive,Resistant,Resistant,Sensitive,Sensitive,Sensitive,Sensitive,Sensitive
RCN13351,Laos,AmpSeqV1,Sensitive,Sensitive,Sensitive,Resistant,Resistant,Sensitive,Sensitive,Sensitive,Resistant,Sensitive
RCN13353,Laos,AmpSeqV1,Sensitive,Sensitive,Sensitive,Resistant,Resistant,Sensitive,Sensitive,Sensitive,Resistant,Sensitive
RCN13356,Laos,AmpSeqV1,Sensitive,Sensitive,Sensitive,Resistant,Resistant,Sensitive,Sensitive,Sensitive,Sensitive,Sensitive
RCN13364,Laos,AmpSeqV1,Sensitive,Sensitive,Sensitive,Resistant,Resistant,Resistant,Sensitive,Sensitive,Resistant,Sensitive
RCN13374,Laos,AmpSeqV1,Resistant,Sensitive,Sensitive,Resistant,Resistant,Resistant,Sensitive,Sensitive,Resistant,Resistant
RCN13382,Laos,AmpSeqV1,Resistant,Sensitive,Sensitive,Resistant,Resistant,Resistant,Sensitive,Sensitive,Resistant,Resistant
RCN13383,Laos,AmpSeqV1,Sensitive,Sensitive,Sensitive,Resistant,Resistant,Resistant,Sensitive,Sensitive,Sensitive,Sensitive
RCN13385,Laos,AmpSeqV1,Sensitive,Sensitive,Sensitive,Resistant,Resistant,Sensitive,Sensitive,Sensitive,Sensitive,Sensitive
RCN13386,Laos,AmpSeqV1,Sensitive,Sensitive,Sensitive,Sensitive,Resistant,Sensitive,Sensitive,Sensitive,Resistant,Sensitive
RCN13388,Laos,AmpSeqV1,Resistant,Sensitive,Sensitive,Resistant,Resistant,Resistant,Sensitive,Sensitive,Resistant,Sensitive
RCN13389,Laos,AmpSeqV1,Sensitive,Sensitive,Sensitive,Resistant,Resistant,Sensitive,Sensitive,Sensitive,Resistant,Sensitive
RCN13391,Laos,AmpSeqV1,Resistant,Sensitive,Sensitive,Resistant,Resistant,Resistant,Sensitive,Sensitive,Resistant,Sensitive
RCN13398,Laos,AmpSeqV1,Sensitive,Sensitive,Sensitive,Resistant,Resistant,Sensitive,Sensitive,Sensitive,Sensitive,Sensitive
RCN13414,Laos,AmpSeqV1,Resistant,Sensitive,Sensitive,Resistant,Resistant,Resistant,Sensitive,Sensitive,Resistant,Sensitive
RCN13416,Laos,AmpSeqV1,Resistant,Sensitive,Sensitive,Resistant,Resistant,Resistant,Sensitive,Sensitive,Resistant,Sensitive
RCN13427,Laos,AmpSeqV1,Sensitive,Sensitive,Sensitive,Resistant,Resistant,Resistant,Sensitive,Sensitive,Resistant,Sensitive
RCN13446,Laos,AmpSeqV1,Sensitive,Sensitive,Sensitive,Resistant,Resistant,Sensitive,Sensitive,Sensitive,Resistant,Sensitive
RCN13452,Laos,AmpSeqV1,Resistant,Resistant,Sensitive,Resistant,Resistant,Resistant,Resistant,Sensitive,Resistant,Undetermined
RCN13455,Laos,AmpSeqV1,Sensitive,Sensitive,Sensitive,Resistant,Resistant,Resistant,Sensitive,Sensitive,Resistant,Sensitive
RCN13462,Laos,AmpSeqV1,Resistant,Resistant,Sensitive,Resistant,Resistant,Resistant,Resistant,Sensitive,Resistant,Undetermined
RCN13466,Laos,AmpSeqV1,Sensitive,Resistant,Sensitive,Resistant,Resistant,Resistant,Sensitive,Sensitive,Resistant,Resistant
RCN13468,Laos,AmpSeqV1,Sensitive,Sensitive,Sensitive,Resistant,Resistant,Resistant,Sensitive,Sensitive,Resistant,Sensitive
RCN13474,Laos,AmpSeqV1,Resistant,Resistant,Sensitive,Resistant,Resistant,Resistant,Resistant,Sensitive,Resistant,Undetermined
RCN13475,Laos,AmpSeqV1,Resistant,Resistant,Sensitive,Resistant,Resistant,Resistant,Resistant,Sensitive,Resistant,Undetermined
RCN13476,Laos,AmpSeqV1,Resistant,Resistant,Sensitive,Resistant,Resistant,Resistant,Resistant,Sensitive,Resistant,Undetermined
RCN13479,Laos,AmpSeqV1,Resistant,Resistant,Sensitive,Resistant,Resistant,Resistant,Resistant,Sensitive,Resistant,Undetermined
RCN13480,Laos,AmpSeqV1,Resistant,Resistant,Sensitive,Resistant,Resistant,Resistant,Resistant,Sensitive,Resistant,Undetermined
RCN13482,Laos,AmpSeqV1,Resistant,Resistant,Sensitive,Resistant,Resistant,Resistant,Resistant,Sensitive,Resistant,Undetermined
RCN13487,Laos,AmpSeqV1,Sensitive,Sensitive,Sensitive,Resistant,Resistant,Resistant,Sensitive,Sensitive,Resistant,Sensitive
RCN13488,Laos,AmpSeqV1,Sensitive,Resistant,Sensitive,Resistant,Resistant,Resistant,Sensitive,Sensitive,Resistant,Undetermined
RCN13495,Laos,AmpSeqV1,Resistant,Resistant,Sensitive,Resistant,Resistant,Resistant,Resistant,Sensitive,Resistant,Undetermined
RCN13501,Laos,AmpSeqV1,Resistant,Sensitive,Sensitive,Resistant,Resistant,Resistant,Sensitive,Sensitive,Resistant,Resistant
RCN13503,Laos,AmpSeqV1,Resistant,Resistant,Sensitive,Resistant,Resistant,Resistant,Resistant,Sensitive,Resistant,Undetermined
RCN13505,Laos,AmpSeqV1,Resistant,Resistant,Sensitive,Resistant,Resistant,Resistant,Resistant,Sensitive,Resistant,Undetermined
RCN13507,Laos,AmpSeqV1,Resistant,Resistant,Sensitive,Resistant,Resistant,Resistant,Resistant,Sensitive,Resistant,Undetermined
RCN13508,Laos,AmpSeqV1,Resistant,Resistant,Sensitive,Resistant,Resistant,Resistant,Resistant,Sensitive,Resistant,Undetermined
RCN13512,Laos,AmpSeqV1,Resistant,Resistant,Sensitive,Resistant,Resistant,Resistant,Resistant,Sensitive,Resistant,Undetermined
RCN13540,Laos,AmpSeqV1,Resistant,Sensitive,Sensitive,Resistant,Resistant,Resistant,Sensitive,Sensitive,Resistant,Undetermined
RCN13542,Laos,AmpSeqV1,Resistant,Resistant,Sensitive,Resistant,Resistant,Resistant,Resistant,Sensitive,Resistant,Undetermined
RCN13545,Laos,AmpSeqV1,Resistant,Resistant,Sensitive,Resistant,Resistant,Resistant,Resistant,Sensitive,Resistant,Undetermined
RCN13548,Laos,AmpSeqV1,Resistant,Resistant,Sensitive,Resistant,Resistant,Resistant,Resistant,Sensitive,Resistant,Sensitive
RCN13549,Laos,AmpSeqV1,Sensitive,Resistant,Sensitive,Resistant,Resistant,Resistant,Sensitive,Sensitive,Resistant,Sensitive
RCN13554,Laos,AmpSeqV1,Resistant,Resistant,Sensitive,Resistant,Resistant,Resistant,Resistant,Sensitive,Resistant,Undetermined
RCN13557,Laos,AmpSeqV1,Resistant,Resistant,Sensitive,Resistant,Resistant,Resistant,Resistant,Sensitive,Resistant,Undetermined
RCN13558,Laos,AmpSeqV1,Resistant,Resistant,Sensitive,Resistant,Resistant,Resistant,Resistant,Sensitive,Resistant,Undetermined
RCN13561,Laos,AmpSeqV1,Resistant,Resistant,Sensitive,Resistant,Resistant,Resistant,Resistant,Sensitive,Resistant,Undetermined
RCN13562,Laos,AmpSeqV1,Resistant,Resistant,Sensitive,Resistant,Resistant,Resistant,Resistant,Sensitive,Resistant,Undetermined
RCN13564,Laos,AmpSeqV1,Resistant,Sensitive,Resistant,Resistant,Resistant,Resistant,Sensitive,Resistant,Resistant,Sensitive
RCN13567,Laos,AmpSeqV1,Resistant,Resistant,Sensitive,Resistant,Resistant,Resistant,Resistant,Sensitive,Resistant,Undetermined
RCN13568,Laos,AmpSeqV1,Resistant,Resistant,Sensitive,Resistant,Resistant,Resistant,Resistant,Sensitive,Resistant,Undetermined
RCN13570,Laos,AmpSeqV1,Resistant,Resistant,Sensitive,Resistant,Resistant,Resistant,Resistant,Sensitive,Resistant,Undetermined
RCN13580,Laos,AmpSeqV1,Resistant,Resistant,Sensitive,Resistant,Resistant,Resistant,Resistant,Sensitive,Resistant,Undetermined
RCN13581,Laos,AmpSeqV1,Resistant,Resistant,Sensitive,Resistant,Resistant,Resistant,Resistant,Sensitive,Resistant,Undetermined
RCN14197,Vietnam,AmpSeqV2,Resistant,Resistant,Sensitive,Resistant,Resistant,Resistant,Resistant,Sensitive,Resistant,Undetermined
RCN14210,Vietnam,AmpSeqV2,Resistant,Sensitive,Sensitive,Resistant,Resistant,Resistant,Sensitive,Sensitive,Resistant,Undetermined
RCN14217,Vietnam,AmpSeqV2,Sensitive,Sensitive,Sensitive,Resistant,Resistant,Resistant,Sensitive,Sensitive,Resistant,Sensitive
RCN14220,Vietnam,AmpSeqV2,Resistant,Resistant,Sensitive,Resistant,Resistant,Resistant,Resistant,Sensitive,Resistant,Undetermined
RCN14222,Vietnam,AmpSeqV2,Resistant,Resistant,Sensitive,Resistant,Resistant,Resistant,Resistant,Sensitive,Resistant,Undetermined
RCN14223,Vietnam,AmpSeqV2,Resistant,Resistant,Sensitive,Resistant,Resistant,Resistant,Resistant,Sensitive,Resistant,Undetermined
RCN14226,Vietnam,AmpSeqV2,Resistant,Resistant,Sensitive,Resistant,Resistant,Resistant,Resistant,Sensitive,Resistant,Undetermined
RCN14233,Vietnam,AmpSeqV2,Resistant,Sensitive,Sensitive,Resistant,Resistant,Resistant,Sensitive,Sensitive,Resistant,Undetermined
RCN14234,Vietnam,AmpSeqV2,Sensitive,Sensitive,Sensitive,Resistant,Resistant,Resistant,Sensitive,Sensitive,Resistant,Sensitive
RCN14238,Vietnam,AmpSeqV2,Sensitive,Sensitive,Sensitive,Resistant,Resistant,Resistant,Sensitive,Sensitive,Resistant,Sensitive
RCN14239,Vietnam,AmpSeqV2,Sensitive,Sensitive,Sensitive,Resistant,Resistant,Resistant,Sensitive,Sensitive,Sensitive,Sensitive
RCN14241,Vietnam,AmpSeqV2,Resistant,Resistant,Sensitive,Resistant,Resistant,Resistant,Resistant,Sensitive,Resistant,Undetermined
RCN14251,Vietnam,AmpSeqV2,Sensitive,Sensitive,Sensitive,Resistant,Resistant,Sensitive,Sensitive,Sensitive,Resistant,Sensitive
RCN14255,Vietnam,AmpSeqV2,Sensitive,Sensitive,Sensitive,Resistant,Resistant,Sensitive,Sensitive,Sensitive,Sensitive,Sensitive
RCN14265,Vietnam,AmpSeqV2,Resistant,Resistant,Sensitive,Resistant,Resistant,Resistant,Resistant,Sensitive,Resistant,Undetermined
RCN14270,Vietnam,AmpSeqV2,Resistant,Resistant,Sensitive,Resistant,Resistant,Resistant,Resistant,Sensitive,Resistant,Undetermined
RCN14271,Vietnam,AmpSeqV2,Resistant,Resistant,Sensitive,Resistant,Resistant,Resistant,Resistant,Sensitive,Resistant,Undetermined
RCN14277,Vietnam,AmpSeqV2,Resistant,Resistant,Sensitive,Resistant,Resistant,Resistant,Resistant,Sensitive,Resistant,Undetermined
RCN14278,Vietnam,AmpSeqV2,Resistant,Resistant,Sensitive,Resistant,Resistant,Resistant,Resistant,Sensitive,Resistant,Undetermined
RCN14279,Vietnam,AmpSeqV2,Resistant,Resistant,Sensitive,Resistant,Resistant,Resistant,Resistant,Sensitive,Resistant,Undetermined
RCN14280,Vietnam,AmpSeqV2,Resistant,Resistant,Sensitive,Resistant,Resistant,Resistant,Resistant,Sensitive,Resistant,Undetermined
RCN14281,Vietnam,AmpSeqV2,Resistant,Resistant,Sensitive,Resistant,Resistant,Resistant,Resistant,Sensitive,Resistant,Undetermined
RCN14284,Vietnam,AmpSeqV2,Resistant,Resistant,Sensitive,Resistant,Resistant,Resistant,Resistant,Sensitive,Resistant,Undetermined
RCN14285,Vietnam,AmpSeqV2,Resistant,Resistant,Sensitive,Resistant,Resistant,Resistant,Resistant,Sensitive,Resistant,Undetermined
RCN14286,Vietnam,AmpSeqV2,Resistant,Resistant,Sensitive,Resistant,Resistant,Resistant,Resistant,Sensitive,Resistant,Undetermined
RCN14288,Vietnam,AmpSeqV2,Resistant,Resistant,Sensitive,Resistant,Resistant,Resistant,Resistant,Sensitive,Resistant,Undetermined
RCN14289,Vietnam,AmpSeqV2,Resistant,Resistant,Sensitive,Resistant,Resistant,Resistant,Resistant,Sensitive,Resistant,Undetermined
RCN14292,Vietnam,AmpSeqV2,Resistant,Resistant,Sensitive,Resistant,Resistant,Resistant,Resistant,Sensitive,Resistant,Undetermined
RCN14293,Vietnam,AmpSeqV2,Resistant,Resistant,Sensitive,Resistant,Resistant,Resistant,Resistant,Sensitive,Resistant,Undetermined
RCN14294,Vietnam,AmpSeqV2,Resistant,Resistant,Sensitive,Resistant,Resistant,Resistant,Resistant,Sensitive,Resistant,Undetermined
RCN14296,Vietnam,AmpSeqV2,Resistant,Resistant,Sensitive,Resistant,Resistant,Resistant,Resistant,Sensitive,Resistant,Undetermined
RCN14302,Vietnam,AmpSeqV2,Resistant,Resistant,Sensitive,Resistant,Resistant,Resistant,Resistant,Sensitive,Resistant,Undetermined
RCN14303,Vietnam,AmpSeqV2,Resistant,Resistant,Sensitive,Resistant,Resistant,Resistant,Resistant,Sensitive,Resistant,Undetermined
RCN14304,Vietnam,AmpSeqV2,Resistant,Resistant,Sensitive,Resistant,Resistant,Resistant,Resistant,Sensitive,Resistant,Undetermined
RCN14309,Vietnam,AmpSeqV2,Resistant,Resistant,Sensitive,Resistant,Resistant,Resistant,Resistant,Sensitive,Resistant,Undetermined
RCN14310,Vietnam,AmpSeqV2,Resistant,Resistant,Sensitive,Resistant,Resistant,Resistant,Resistant,Sensitive,Resistant,Undetermined
RCN14312,Vietnam,AmpSeqV2,Resistant,Resistant,Sensitive,Resistant,Resistant,Resistant,Resistant,Sensitive,Resistant,Undetermined
RCN14317,Vietnam,AmpSeqV2,Resistant,Resistant,Sensitive,Resistant,Resistant,Resistant,Resistant,Sensitive,Resistant,Undetermined
RCN14318,Vietnam,AmpSeqV2,Resistant,Resistant,Sensitive,Resistant,Resistant,Resistant,Resistant,Sensitive,Resistant,Undetermined
RCN14319,Vietnam,AmpSeqV2,Resistant,Resistant,Sensitive,Resistant,Resistant,Resistant,Resistant,Sensitive,Resistant,Undetermined
RCN14320,Vietnam,AmpSeqV2,Resistant,Resistant,Sensitive,Resistant,Resistant,Resistant,Resistant,Sensitive,Resistant,Undetermined
RCN14321,Vietnam,AmpSeqV2,Resistant,Resistant,Sensitive,Resistant,Resistant,Resistant,Resistant,Sensitive,Resistant,Undetermined
RCN14324,Vietnam,AmpSeqV2,Resistant,Resistant,Sensitive,Resistant,Resistant,Resistant,Resistant,Sensitive,Resistant,Undetermined
RCN14574,Vietnam,AmpSeqV2,Sensitive,Sensitive,Sensitive,Sensitive,Resistant,Resistant,Sensitive,Sensitive,Resistant,Sensitive
RCN14575,Vietnam,AmpSeqV2,Resistant,Resistant,Sensitive,Resistant,Resistant,Resistant,Resistant,Sensitive,Resistant,Undetermined
RCN14576,Vietnam,AmpSeqV2,Resistant,Resistant,Sensitive,Resistant,Resistant,Resistant,Resistant,Sensitive,Resistant,Undetermined
RCN14577,Vietnam,AmpSeqV2,Resistant,Resistant,Sensitive,Resistant,Resistant,Resistant,Resistant,Sensitive,Resistant,Undetermined
RCN14580,Vietnam,AmpSeqV2,Resistant,Resistant,Sensitive,Resistant,Resistant,Resistant,Resistant,Sensitive,Resistant,Undetermined
RCN14581,Vietnam,AmpSeqV2,Resistant,Resistant,Sensitive,Resistant,Resistant,Resistant,Resistant,Sensitive,Resistant,Undetermined
RCN14587,Vietnam,AmpSeqV2,Resistant,Resistant,Sensitive,Resistant,Resistant,Resistant,Resistant,Sensitive,Resistant,Undetermined
RCN14588,Vietnam,AmpSeqV2,Resistant,Resistant,Sensitive,Resistant,Resistant,Resistant,Resistant,Sensitive,Resistant,Undetermined
RCN14589,Vietnam,AmpSeqV2,Resistant,Resistant,Sensitive,Resistant,Resistant,Resistant,Resistant,Sensitive,Resistant,Undetermined
RCN14590,Vietnam,AmpSeqV2,Resistant,Resistant,Sensitive,Resistant,Resistant,Resistant,Resistant,Sensitive,Resistant,Undetermined
RCN14591,Vietnam,AmpSeqV2,Resistant,Resistant,Sensitive,Resistant,Resistant,Resistant,Resistant,Sensitive,Resistant,Undetermined
RCN14592,Vietnam,AmpSeqV2,Resistant,Resistant,Sensitive,Resistant,Resistant,Resistant,Resistant,Sensitive,Resistant,Undetermined
RCN14593,Vietnam,AmpSeqV2,Resistant,Resistant,Sensitive,Resistant,Resistant,Resistant,Resistant,Sensitive,Resistant,Undetermined
RCN14594,Vietnam,AmpSeqV2,Resistant,Resistant,Sensitive,Resistant,Resistant,Resistant,Resistant,Sensitive,Resistant,Undetermined
RCN14596,Vietnam,AmpSeqV2,Resistant,Resistant,Sensitive,Resistant,Resistant,Resistant,Resistant,Sensitive,Resistant,Undetermined
RCN14600,Vietnam,AmpSeqV2,Resistant,Resistant,Sensitive,Resistant,Resistant,Resistant,Resistant,Sensitive,Resistant,Undetermined
RCN14602,Vietnam,AmpSeqV2,Resistant,Resistant,Sensitive,Resistant,Resistant,Resistant,Resistant,Sensitive,Resistant,Undetermined
RCN14603,Vietnam,AmpSeqV2,Resistant,Resistant,Sensitive,Resistant,Resistant,Resistant,Resistant,Sensitive,Resistant,Undetermined
RCN14604,Vietnam,AmpSeqV2,Resistant,Resistant,Sensitive,Resistant,Resistant,Resistant,Resistant,Sensitive,Resistant,Undetermined
RCN14605,Vietnam,AmpSeqV2,Resistant,Resistant,Sensitive,Resistant,Resistant,Resistant,Resistant,Sensitive,Resistant,Undetermined
RCN14606,Vietnam,AmpSeqV2,Resistant,Resistant,Sensitive,Resistant,Resistant,Resistant,Resistant,Sensitive,Resistant,Undetermined
RCN14608,Vietnam,AmpSeqV2,Resistant,Resistant,Sensitive,Resistant,Resistant,Resistant,Resistant,Sensitive,Resistant,Undetermined
RCN14609,Vietnam,AmpSeqV2,Resistant,Resistant,Sensitive,Resistant,Resistant,Resistant,Resistant,Sensitive,Resistant,Undetermined
RCN14610,Vietnam,AmpSeqV2,Resistant,Resistant,Sensitive,Resistant,Resistant,Resistant,Resistant,Sensitive,Resistant,Undetermined
RCN14611,Vietnam,AmpSeqV2,Resistant,Resistant,Sensitive,Resistant,Resistant,Resistant,Resistant,Sensitive,Resistant,Undetermined
RCN14612,Vietnam,AmpSeqV2,Resistant,Resistant,Sensitive,Resistant,Resistant,Resistant,Resistant,Sensitive,Resistant,Undetermined
RCN14614,Vietnam,AmpSeqV2,Resistant,Resistant,Sensitive,Resistant,Resistant,Resistant,Resistant,Sensitive,Resistant,Undetermined
RCN14616,Vietnam,AmpSeqV2,Resistant,Resistant,Sensitive,Resistant,Resistant,Resistant,Resistant,Sensitive,Resistant,Undetermined
RCN14618,Vietnam,AmpSeqV2,Resistant,Resistant,Sensitive,Resistant,Resistant,Resistant,Resistant,Sensitive,Resistant,Undetermined
RCN14621,Vietnam,AmpSeqV2,Resistant,Resistant,Sensitive,Resistant,Resistant,Resistant,Resistant,Sensitive,Resistant,Undetermined
RCN14622,Vietnam,AmpSeqV2,Resistant,Resistant,Sensitive,Resistant,Resistant,Resistant,Resistant,Sensitive,Resistant,Undetermined
RCN14623,Vietnam,AmpSeqV2,Resistant,Resistant,Sensitive,Resistant,Resistant,Resistant,Resistant,Sensitive,Resistant,Undetermined
RCN14624,Vietnam,AmpSeqV2,Resistant,Resistant,Sensitive,Resistant,Resistant,Resistant,Resistant,Sensitive,Resistant,Undetermined
RCN14625,Vietnam,AmpSeqV2,Resistant,Resistant,Sensitive,Resistant,Resistant,Resistant,Resistant,Sensitive,Resistant,Undetermined
RCN14626,Vietnam,AmpSeqV2,Resistant,Resistant,Sensitive,Resistant,Resistant,Resistant,Resistant,Sensitive,Resistant,Undetermined
RCN14627,Vietnam,AmpSeqV2,Resistant,Resistant,Sensitive,Resistant,Resistant,Resistant,Resistant,Sensitive,Resistant,Undetermined
RCN14628,Vietnam,AmpSeqV2,Resistant,Resistant,Sensitive,Resistant,Resistant,Resistant,Resistant,Sensitive,Resistant,Undetermined
RCN14629,Vietnam,AmpSeqV2,Resistant,Resistant,Sensitive,Resistant,Resistant,Resistant,Resistant,Sensitive,Resistant,Undetermined
RCN14631,Vietnam,AmpSeqV2,Resistant,Resistant,Sensitive,Resistant,Resistant,Resistant,Resistant,Sensitive,Resistant,Undetermined
RCN14633,Vietnam,AmpSeqV2,Resistant,Resistant,Sensitive,Resistant,Resistant,Resistant,Resistant,Sensitive,Resistant,Undetermined
RCN14635,Vietnam,AmpSeqV2,Resistant,Resistant,Sensitive,Resistant,Resistant,Resistant,Resistant,Sensitive,Resistant,Undetermined
RCN14636,Vietnam,AmpSeqV2,Resistant,Resistant,Sensitive,Resistant,Resistant,Resistant,Resistant,Sensitive,Resistant,Undetermined
RCN14638,Vietnam,AmpSeqV2,Resistant,Sensitive,Sensitive,Resistant,Resistant,Resistant,Sensitive,Sensitive,Resistant,Undetermined
RCN14639,Vietnam,AmpSeqV2,Resistant,Resistant,Sensitive,Resistant,Resistant,Resistant,Resistant,Sensitive,Resistant,Undetermined
RCN14640,Vietnam,AmpSeqV2,Resistant,Resistant,Sensitive,Resistant,Resistant,Resistant,Resistant,Sensitive,Resistant,Undetermined
RCN14643,Vietnam,AmpSeqV2,Resistant,Resistant,Sensitive,Resistant,Resistant,Resistant,Resistant,Sensitive,Resistant,Undetermined
RCN14644,Vietnam,AmpSeqV2,Resistant,Resistant,Sensitive,Resistant,Resistant,Resistant,Resistant,Sensitive,Resistant,Undetermined
RCN14645,Vietnam,AmpSeqV2,Resistant,Resistant,Sensitive,Resistant,Resistant,Resistant,Resistant,Sensitive,Resistant,Undetermined
RCN14648,Vietnam,AmpSeqV2,Resistant,Resistant,Sensitive,Resistant,Resistant,Resistant,Resistant,Sensitive,Resistant,Undetermined
RCN14649,Vietnam,AmpSeqV2,Resistant,Resistant,Sensitive,Resistant,Resistant,Resistant,Resistant,Sensitive,Resistant,Undetermined
RCN14650,Vietnam,AmpSeqV2,Resistant,Resistant,Sensitive,Resistant,Resistant,Resistant,Resistant,Sensitive,Resistant,Undetermined
RCN14651,Vietnam,AmpSeqV2,Resistant,Resistant,Sensitive,Resistant,Resistant,Resistant,Resistant,Sensitive,Resistant,Undetermined
RCN14652,Vietnam,AmpSeqV2,Resistant,Resistant,Sensitive,Resistant,Resistant,Resistant,Resistant,Sensitive,Resistant,Undetermined
RCN14653,Vietnam,AmpSeqV2,Resistant,Resistant,Sensitive,Resistant,Resistant,Resistant,Resistant,Sensitive,Resistant,Undetermined
RCN14654,Vietnam,AmpSeqV2,Resistant,Resistant,Sensitive,Resistant,Resistant,Resistant,Resistant,Sensitive,Resistant,Undetermined
RCN14655,Vietnam,AmpSeqV2,Resistant,Resistant,Sensitive,Resistant,Resistant,Resistant,Resistant,Sensitive,Resistant,Undetermined
RCN14657,Vietnam,AmpSeqV2,Resistant,Resistant,Sensitive,Resistant,Resistant,Resistant,Resistant,Sensitive,Resistant,Undetermined
RCN14658,Vietnam,AmpSeqV2,Resistant,Resistant,Sensitive,Resistant,Resistant,Resistant,Resistant,Sensitive,Resistant,Undetermined
RCN14660,Vietnam,AmpSeqV2,Resistant,Resistant,Sensitive,Resistant,Resistant,Resistant,Resistant,Sensitive,Resistant,Undetermined
RCN14661,Vietnam,AmpSeqV2,Resistant,Resistant,Sensitive,Resistant,Resistant,Resistant,Resistant,Sensitive,Resistant,Undetermined
RCN14662,Vietnam,AmpSeqV2,Resistant,Resistant,Sensitive,Resistant,Resistant,Resistant,Resistant,Sensitive,Resistant,Undetermined
RCN14663,Vietnam,AmpSeqV2,Resistant,Resistant,Sensitive,Resistant,Resistant,Resistant,Resistant,Sensitive,Resistant,Undetermined
RCN14664,Vietnam,AmpSeqV2,Resistant,Resistant,Sensitive,Resistant,Resistant,Resistant,Resistant,Sensitive,Resistant,Undetermined
RCN14666,Vietnam,AmpSeqV2,Sensitive,Sensitive,Sensitive,Resistant,Resistant,Resistant,Sensitive,Sensitive,Resistant,Sensitive
RCN14672,Vietnam,AmpSeqV2,Sensitive,Sensitive,Sensitive,Resistant,Resistant,Resistant,Sensitive,Sensitive,Resistant,Sensitive
RCN14673,Vietnam,AmpSeqV2,Sensitive,Sensitive,Sensitive,Resistant,Resistant,Resistant,Sensitive,Sensitive,Resistant,Sensitive
RCN14674,Vietnam,AmpSeqV2,Resistant,Resistant,Sensitive,Resistant,Resistant,Resistant,Resistant,Sensitive,Resistant,Undetermined
RCN14676,Vietnam,AmpSeqV2,Resistant,Resistant,Sensitive,Resistant,Resistant,Resistant,Resistant,Sensitive,Resistant,Undetermined
RCN14677,Vietnam,AmpSeqV2,Sensitive,Sensitive,Sensitive,Resistant,Resistant,Resistant,Sensitive,Sensitive,Resistant,Sensitive
RCN14680,Vietnam,AmpSeqV2,Sensitive,Sensitive,Sensitive,Resistant,Resistant,Resistant,Sensitive,Sensitive,Resistant,Sensitive
RCN14681,Vietnam,AmpSeqV2,Resistant,Sensitive,Sensitive,Resistant,Resistant,Resistant,Sensitive,Sensitive,Resistant,Undetermined
RCN14682,Vietnam,AmpSeqV2,Resistant,Sensitive,Sensitive,Resistant,Resistant,Resistant,Sensitive,Sensitive,Resistant,Undetermined
RCN14683,Vietnam,AmpSeqV2,Resistant,Sensitive,Sensitive,Resistant,Resistant,Resistant,Sensitive,Sensitive,Resistant,Undetermined
RCN14684,Vietnam,AmpSeqV2,Resistant,Resistant,Sensitive,Resistant,Resistant,Resistant,Resistant,Sensitive,Resistant,Undetermined
RCN14685,Vietnam,AmpSeqV2,Resistant,Sensitive,Sensitive,Resistant,Resistant,Resistant,Sensitive,Sensitive,Resistant,Undetermined
RCN14688,Vietnam,AmpSeqV2,Resistant,Sensitive,Sensitive,Resistant,Resistant,Resistant,Sensitive,Sensitive,Resistant,Undetermined
RCN14689,Vietnam,AmpSeqV2,Sensitive,Sensitive,Sensitive,Resistant,Sensitive,Resistant,Sensitive,Sensitive,Sensitive,Sensitive
RCN14691,Vietnam,AmpSeqV2,Sensitive,Sensitive,Sensitive,Resistant,Resistant,Sensitive,Sensitive,Sensitive,Sensitive,Sensitive
RCN14693,Vietnam,AmpSeqV2,Sensitive,Sensitive,Sensitive,Resistant,Sensitive,Resistant,Sensitive,Sensitive,Sensitive,Sensitive
RCN14696,Vietnam,AmpSeqV2,Sensitive,Sensitive,Sensitive,Resistant,Resistant,Resistant,Sensitive,Sensitive,Resistant,Sensitive
RCN14697,Vietnam,AmpSeqV2,Sensitive,Sensitive,Sensitive,Resistant,Resistant,Resistant,Sensitive,Sensitive,Resistant,Sensitive
RCN14698,Vietnam,AmpSeqV2,Resistant,Sensitive,Sensitive,Resistant,Resistant,Resistant,Sensitive,Sensitive,Resistant,Undetermined
RCN14699,Vietnam,AmpSeqV2,Resistant,Resistant,Sensitive,Resistant,Resistant,Resistant,Resistant,Sensitive,Resistant,Undetermined
RCN14700,Vietnam,AmpSeqV2,Resistant,Resistant,Sensitive,Resistant,Resistant,Resistant,Resistant,Sensitive,Resistant,Undetermined
RCN14701,Vietnam,AmpSeqV2,Resistant,Resistant,Sensitive,Resistant,Resistant,Resistant,Resistant,Sensitive,Resistant,Undetermined
RCN14705,Vietnam,AmpSeqV2,Resistant,Resistant,Sensitive,Resistant,Resistant,Resistant,Resistant,Sensitive,Resistant,Undetermined
RCN14706,Vietnam,AmpSeqV2,Resistant,Resistant,Sensitive,Resistant,Resistant,Resistant,Resistant,Sensitive,Resistant,Undetermined
RCN14707,Vietnam,AmpSeqV2,Resistant,Resistant,Sensitive,Resistant,Resistant,Resistant,Resistant,Sensitive,Resistant,Undetermined
RCN14708,Vietnam,AmpSeqV2,Resistant,Resistant,Sensitive,Resistant,Resistant,Resistant,Resistant,Sensitive,Resistant,Undetermined
RCN14709,Vietnam,AmpSeqV2,Resistant,Resistant,Sensitive,Resistant,Resistant,Resistant,Resistant,Sensitive,Resistant,Undetermined
RCN14713,Vietnam,AmpSeqV2,Resistant,Resistant,Sensitive,Resistant,Resistant,Resistant,Resistant,Sensitive,Resistant,Undetermined
RCN14714,Vietnam,AmpSeqV2,Resistant,Resistant,Sensitive,Resistant,Resistant,Resistant,Resistant,Sensitive,Resistant,Undetermined
RCN14715,Vietnam,AmpSeqV2,Resistant,Resistant,Sensitive,Resistant,Resistant,Resistant,Resistant,Sensitive,Resistant,Undetermined
RCN14717,Vietnam,AmpSeqV2,Resistant,Resistant,Sensitive,Resistant,Resistant,Resistant,Resistant,Sensitive,Resistant,Undetermined
RCN14721,Vietnam,AmpSeqV2,Resistant,Resistant,Sensitive,Resistant,Resistant,Resistant,Resistant,Sensitive,Resistant,Undetermined
RCN14724,Vietnam,AmpSeqV2,Sensitive,Sensitive,Sensitive,Resistant,Resistant,Resistant,Sensitive,Sensitive,Resistant,Sensitive
RCN14725,Vietnam,AmpSeqV2,Sensitive,Sensitive,Sensitive,Resistant,Resistant,Resistant,Sensitive,Sensitive,Resistant,Sensitive
RCN14727,Vietnam,AmpSeqV2,Sensitive,Sensitive,Sensitive,Resistant,Resistant,Resistant,Sensitive,Sensitive,Resistant,Sensitive
RCN14728,Vietnam,AmpSeqV2,Sensitive,Sensitive,Sensitive,Resistant,Resistant,Resistant,Sensitive,Sensitive,Resistant,Sensitive
RCN14729,Vietnam,AmpSeqV2,Sensitive,Sensitive,Sensitive,Resistant,Resistant,Resistant,Sensitive,Sensitive,Resistant,Sensitive
RCN14730,Vietnam,AmpSeqV2,Sensitive,Sensitive,Sensitive,Resistant,Resistant,Resistant,Sensitive,Sensitive,Resistant,Sensitive
RCN14731,Vietnam,AmpSeqV2,Sensitive,Sensitive,Sensitive,Resistant,Resistant,Resistant,Sensitive,Sensitive,Resistant,Sensitive
RCN14732,Vietnam,AmpSeqV2,Sensitive,Sensitive,Sensitive,Resistant,Resistant,Resistant,Sensitive,Sensitive,Resistant,Sensitive
RCN14733,Vietnam,AmpSeqV2,Sensitive,Sensitive,Sensitive,Resistant,Resistant,Resistant,Sensitive,Sensitive,Resistant,Sensitive
RCN14738,Vietnam,AmpSeqV2,Resistant,Resistant,Sensitive,Resistant,Resistant,Resistant,Resistant,Sensitive,Resistant,Undetermined
RCN14739,Vietnam,AmpSeqV2,Sensitive,Sensitive,Sensitive,Resistant,Resistant,Resistant,Sensitive,Sensitive,Resistant,Sensitive
RCN14740,Vietnam,AmpSeqV2,Sensitive,Sensitive,Sensitive,Resistant,Resistant,Resistant,Sensitive,Sensitive,Resistant,Sensitive
RCN14741,Vietnam,AmpSeqV2,Sensitive,Resistant,Sensitive,Resistant,Resistant,Resistant,Sensitive,Sensitive,Resistant,Undetermined
RCN14744,Vietnam,AmpSeqV2,Resistant,Sensitive,Sensitive,Resistant,Resistant,Resistant,Sensitive,Sensitive,Resistant,Undetermined
RCN14746,Vietnam,AmpSeqV2,Resistant,Resistant,Sensitive,Resistant,Resistant,Resistant,Resistant,Sensitive,Resistant,Undetermined
RCN14748,Vietnam,AmpSeqV2,Resistant,Resistant,Sensitive,Resistant,Resistant,Resistant,Resistant,Sensitive,Resistant,Undetermined
RCN14752,Vietnam,AmpSeqV2,Resistant,Resistant,Sensitive,Resistant,Resistant,Resistant,Resistant,Sensitive,Resistant,Undetermined
RCN14753,Vietnam,AmpSeqV2,Resistant,Resistant,Sensitive,Resistant,Resistant,Resistant,Resistant,Sensitive,Resistant,Undetermined
RCN14754,Vietnam,AmpSeqV2,Resistant,Resistant,Sensitive,Resistant,Resistant,Resistant,Resistant,Sensitive,Resistant,Undetermined
RCN14756,Vietnam,AmpSeqV2,Resistant,Resistant,Sensitive,Resistant,Resistant,Resistant,Resistant,Sensitive,Resistant,Undetermined
RCN14757,Vietnam,AmpSeqV2,Resistant,Resistant,Sensitive,Resistant,Resistant,Resistant,Resistant,Sensitive,Resistant,Undetermined
RCN14760,Vietnam,AmpSeqV2,Resistant,Resistant,Sensitive,Resistant,Resistant,Resistant,Resistant,Sensitive,Resistant,Undetermined
RCN14762,Vietnam,AmpSeqV2,Resistant,Resistant,Sensitive,Resistant,Resistant,Resistant,Resistant,Sensitive,Resistant,Undetermined
RCN14763,Vietnam,AmpSeqV2,Resistant,Resistant,Sensitive,Resistant,Resistant,Resistant,Resistant,Sensitive,Resistant,Undetermined
RCN14766,Vietnam,AmpSeqV2,Resistant,Resistant,Sensitive,Resistant,Resistant,Resistant,Resistant,Sensitive,Resistant,Undetermined
RCN14770,Vietnam,AmpSeqV2,Resistant,Resistant,Sensitive,Resistant,Resistant,Resistant,Resistant,Sensitive,Resistant,Undetermined
RCN14771,Vietnam,AmpSeqV2,Resistant,Resistant,Sensitive,Resistant,Resistant,Resistant,Resistant,Sensitive,Resistant,Undetermined
RCN14777,Vietnam,AmpSeqV2,Resistant,Resistant,Sensitive,Resistant,Resistant,Resistant,Resistant,Sensitive,Resistant,Undetermined
RCN14787,Vietnam,AmpSeqV2,Resistant,Resistant,Sensitive,Resistant,Resistant,Resistant,Resistant,Sensitive,Resistant,Undetermined
RCN14794,Vietnam,AmpSeqV2,Resistant,Resistant,Sensitive,Resistant,Resistant,Resistant,Resistant,Sensitive,Resistant,Undetermined
RCN14795,Vietnam,AmpSeqV2,Resistant,Resistant,Sensitive,Resistant,Resistant,Resistant,Resistant,Sensitive,Resistant,Undetermined
RCN14799,Vietnam,AmpSeqV2,Resistant,Resistant,Sensitive,Resistant,Resistant,Resistant,Resistant,Sensitive,Resistant,Undetermined
RCN14800,Vietnam,AmpSeqV2,Resistant,Resistant,Sensitive,Resistant,Resistant,Resistant,Resistant,Sensitive,Resistant,Undetermined
RCN14802,Vietnam,AmpSeqV2,Resistant,Resistant,Sensitive,Resistant,Resistant,Resistant,Resistant,Sensitive,Resistant,Undetermined
RCN14803,Vietnam,AmpSeqV2,Resistant,Resistant,Sensitive,Resistant,Resistant,Resistant,Resistant,Sensitive,Resistant,Undetermined
RCN14807,Vietnam,AmpSeqV2,Resistant,Resistant,Sensitive,Resistant,Resistant,Resistant,Resistant,Sensitive,Resistant,Undetermined
RCN14810,Vietnam,AmpSeqV2,Resistant,Resistant,Sensitive,Resistant,Resistant,Resistant,Resistant,Sensitive,Resistant,Undetermined
RCN14811,Vietnam,AmpSeqV2,Resistant,Resistant,Sensitive,Resistant,Resistant,Resistant,Resistant,Sensitive,Resistant,Undetermined
RCN14814,Vietnam,AmpSeqV2,Resistant,Resistant,Sensitive,Resistant,Resistant,Resistant,Resistant,Sensitive,Resistant,Undetermined
RCN14816,Vietnam,AmpSeqV2,Resistant,Resistant,Sensitive,Resistant,Resistant,Resistant,Resistant,Sensitive,Resistant,Undetermined
RCN14818,Vietnam,AmpSeqV2,Resistant,Resistant,Sensitive,Resistant,Resistant,Resistant,Resistant,Sensitive,Resistant,Undetermined
RCN14819,Vietnam,AmpSeqV2,Resistant,Resistant,Sensitive,Resistant,Resistant,Resistant,Resistant,Sensitive,Resistant,Undetermined
RCN14827,Vietnam,AmpSeqV2,Resistant,Resistant,Sensitive,Resistant,Resistant,Resistant,Resistant,Sensitive,Resistant,Undetermined
RCN14834,Vietnam,AmpSeqV2,Resistant,Resistant,Sensitive,Resistant,Resistant,Resistant,Resistant,Sensitive,Resistant,Undetermined
RCN14835,Vietnam,AmpSeqV2,Resistant,Resistant,Sensitive,Resistant,Resistant,Resistant,Resistant,Sensitive,Resistant,Undetermined
RCN14839,Vietnam,AmpSeqV2,Resistant,Resistant,Sensitive,Resistant,Resistant,Resistant,Resistant,Sensitive,Resistant,Undetermined
RCN14840,Vietnam,AmpSeqV2,Resistant,Resistant,Sensitive,Resistant,Resistant,Resistant,Resistant,Sensitive,Resistant,Undetermined
RCN14841,Vietnam,AmpSeqV2,Resistant,Resistant,Sensitive,Resistant,Resistant,Resistant,Resistant,Sensitive,Resistant,Undetermined
RCN14843,Vietnam,AmpSeqV2,Resistant,Resistant,Sensitive,Resistant,Resistant,Resistant,Resistant,Sensitive,Resistant,Undetermined
RCN14847,Vietnam,AmpSeqV2,Resistant,Resistant,Sensitive,Resistant,Resistant,Resistant,Resistant,Sensitive,Resistant,Undetermined
RCN14848,Vietnam,AmpSeqV2,Resistant,Resistant,Sensitive,Resistant,Resistant,Resistant,Resistant,Sensitive,Resistant,Undetermined
RCN14849,Vietnam,AmpSeqV2,Resistant,Resistant,Sensitive,Resistant,Resistant,Resistant,Resistant,Sensitive,Resistant,Undetermined
RCN14850,Vietnam,AmpSeqV2,Resistant,Resistant,Sensitive,Resistant,Resistant,Resistant,Resistant,Sensitive,Resistant,Undetermined
RCN14904,Laos,AmpSeqV2,Resistant,Sensitive,Sensitive,Resistant,Resistant,Resistant,Sensitive,Sensitive,Resistant,Sensitive
RCN14906,Laos,AmpSeqV2,Resistant,Sensitive,Sensitive,Resistant,Resistant,Resistant,Sensitive,Sensitive,Resistant,Sensitive
RCN14912,Laos,AmpSeqV2,Resistant,Sensitive,Sensitive,Resistant,Resistant,Resistant,Sensitive,Sensitive,Resistant,Sensitive
RCN14913,Laos,AmpSeqV2,Resistant,Sensitive,Sensitive,Resistant,Resistant,Resistant,Sensitive,Sensitive,Resistant,Sensitive
RCN14915,Laos,AmpSeqV2,Resistant,Sensitive,Sensitive,Resistant,Resistant,Resistant,Sensitive,Sensitive,Resistant,Sensitive
RCN14916,Laos,AmpSeqV2,Resistant,Sensitive,Sensitive,Resistant,Resistant,Resistant,Sensitive,Sensitive,Resistant,Sensitive
RCN14918,Laos,AmpSeqV2,Sensitive,Sensitive,Sensitive,Resistant,Resistant,Sensitive,Sensitive,Sensitive,Sensitive,Sensitive
RCN14919,Laos,AmpSeqV2,Sensitive,Sensitive,Sensitive,Resistant,Resistant,Sensitive,Sensitive,Sensitive,Sensitive,Sensitive
RCN14921,Laos,AmpSeqV2,Sensitive,Sensitive,Sensitive,Resistant,Resistant,Sensitive,Sensitive,Sensitive,Sensitive,Sensitive
RCN14925,Laos,AmpSeqV2,Sensitive,Sensitive,Sensitive,Resistant,Resistant,Resistant,Sensitive,Sensitive,Sensitive,Sensitive
RCN14926,Laos,AmpSeqV2,Sensitive,Sensitive,Sensitive,Sensitive,Resistant,Resistant,Sensitive,Sensitive,Resistant,Sensitive
RCN14927,Laos,AmpSeqV2,Sensitive,Sensitive,Sensitive,Resistant,Resistant,Resistant,Sensitive,Sensitive,Sensitive,Sensitive
RCN14928,Laos,AmpSeqV2,Sensitive,Sensitive,Sensitive,Resistant,Resistant,Sensitive,Sensitive,Sensitive,Sensitive,Sensitive
RCN14929,Laos,AmpSeqV2,Sensitive,Sensitive,Sensitive,Resistant,Resistant,Sensitive,Sensitive,Sensitive,Sensitive,Sensitive
RCN14932,Laos,AmpSeqV2,Sensitive,Sensitive,Sensitive,Resistant,Resistant,Resistant,Sensitive,Sensitive,Sensitive,Sensitive
RCN14935,Laos,AmpSeqV2,Resistant,Sensitive,Sensitive,Resistant,Resistant,Resistant,Sensitive,Sensitive,Resistant,Resistant
RCN14937,Laos,AmpSeqV2,Sensitive,Sensitive,Sensitive,Sensitive,Resistant,Sensitive,Sensitive,Sensitive,Sensitive,Sensitive
RCN14938,Laos,AmpSeqV2,Sensitive,Sensitive,Sensitive,Resistant,Resistant,Sensitive,Sensitive,Sensitive,Resistant,Sensitive
RCN14939,Laos,AmpSeqV2,Sensitive,Sensitive,Sensitive,Sensitive,Resistant,Sensitive,Sensitive,Sensitive,Sensitive,Sensitive
RCN14941,Laos,AmpSeqV2,Sensitive,Sensitive,Sensitive,Resistant,Resistant,Sensitive,Sensitive,Sensitive,Sensitive,Sensitive
RCN14952,Laos,AmpSeqV2,Sensitive,Sensitive,Sensitive,Resistant,Resistant,Sensitive,Sensitive,Sensitive,Sensitive,Sensitive
RCN14954,Laos,AmpSeqV2,Sensitive,Sensitive,Sensitive,Resistant,Resistant,Sensitive,Sensitive,Sensitive,Sensitive,Sensitive
RCN14969,Laos,AmpSeqV2,Sensitive,Sensitive,Sensitive,Resistant,Resistant,Resistant,Sensitive,Sensitive,Resistant,Sensitive
RCN14975,Laos,AmpSeqV2,Sensitive,Sensitive,Sensitive,Resistant,Resistant,Sensitive,Sensitive,Sensitive,Resistant,Sensitive
RCN15000,Laos,AmpSeqV2,Sensitive,Sensitive,Sensitive,Resistant,Resistant,Sensitive,Sensitive,Sensitive,Resistant,Sensitive
RCN15002,Laos,AmpSeqV2,Sensitive,Sensitive,Sensitive,Resistant,Resistant,Resistant,Sensitive,Sensitive,Sensitive,Sensitive
RCN15003,Laos,AmpSeqV2,Sensitive,Sensitive,Sensitive,Sensitive,Resistant,Sensitive,Sensitive,Sensitive,Sensitive,Sensitive
RCN15004,Laos,AmpSeqV2,Sensitive,Sensitive,Sensitive,Resistant,Resistant,Sensitive,Sensitive,Sensitive,Sensitive,Sensitive
RCN15006,Laos,AmpSeqV2,Sensitive,Sensitive,Sensitive,Resistant,Resistant,Sensitive,Sensitive,Sensitive,Resistant,Sensitive
RCN15010,Laos,AmpSeqV2,Sensitive,Sensitive,Sensitive,Resistant,Resistant,Sensitive,Sensitive,Sensitive,Resistant,Sensitive
RCN15020,Laos,AmpSeqV2,Sensitive,Sensitive,Sensitive,Resistant,Resistant,Sensitive,Sensitive,Sensitive,Sensitive,Sensitive
RCN15027,Laos,AmpSeqV2,Sensitive,Sensitive,Sensitive,Resistant,Resistant,Resistant,Sensitive,Sensitive,Resistant,Sensitive
RCN15037,Laos,AmpSeqV2,Sensitive,Sensitive,Sensitive,Sensitive,Sensitive,Sensitive,Sensitive,Sensitive,Sensitive,Sensitive
RCN15044,Laos,AmpSeqV2,Sensitive,Sensitive,Sensitive,Resistant,Resistant,Sensitive,Sensitive,Sensitive,Sensitive,Sensitive
RCN15063,Laos,AmpSeqV2,Sensitive,Sensitive,Sensitive,Resistant,Resistant,Resistant,Sensitive,Sensitive,Resistant,Sensitive
RCN15070,Laos,AmpSeqV2,Sensitive,Sensitive,Sensitive,Resistant,Resistant,Sensitive,Sensitive,Sensitive,Sensitive,Sensitive
RCN15072,Laos,AmpSeqV2,Sensitive,Sensitive,Sensitive,Resistant,Resistant,Sensitive,Sensitive,Sensitive,Sensitive,Sensitive
RCN15073,Laos,AmpSeqV2,Sensitive,Sensitive,Sensitive,Resistant,Resistant,Sensitive,Sensitive,Sensitive,Sensitive,Sensitive
RCN15074,Laos,AmpSeqV2,Sensitive,Sensitive,Sensitive,Resistant,Resistant,Sensitive,Sensitive,Sensitive,Sensitive,Sensitive
RCN15086,Laos,AmpSeqV2,Sensitive,Sensitive,Sensitive,Resistant,Resistant,Sensitive,Sensitive,Sensitive,Sensitive,Sensitive
RCN15089,Laos,AmpSeqV2,Sensitive,Sensitive,Sensitive,Resistant,Resistant,Sensitive,Sensitive,Sensitive,Sensitive,Sensitive
RCN15090,Laos,AmpSeqV2,Sensitive,Sensitive,Sensitive,Resistant,Resistant,Sensitive,Sensitive,Sensitive,Sensitive,Sensitive
RCN15095,Laos,AmpSeqV2,Sensitive,Sensitive,Sensitive,Resistant,Resistant,Sensitive,Sensitive,Sensitive,Sensitive,Sensitive
RCN15183,Laos,AmpSeqV2,Sensitive,Sensitive,Sensitive,Resistant,Resistant,Sensitive,Sensitive,Sensitive,Resistant,Sensitive
RCN15184,Laos,AmpSeqV2,Sensitive,Sensitive,Sensitive,Resistant,Resistant,Sensitive,Sensitive,Sensitive,Resistant,Sensitive
RCN15191,Laos,AmpSeqV2,Sensitive,Sensitive,Sensitive,Resistant,Resistant,Sensitive,Sensitive,Sensitive,Sensitive,Sensitive
RCN15193,Laos,AmpSeqV2,Sensitive,Sensitive,Sensitive,Resistant,Resistant,Sensitive,Sensitive,Sensitive,Resistant,Sensitive
RCN15195,Laos,AmpSeqV2,Sensitive,Sensitive,Sensitive,Resistant,Resistant,Sensitive,Sensitive,Sensitive,Sensitive,Sensitive
RCN15196,Laos,AmpSeqV2,Sensitive,Sensitive,Sensitive,Resistant,Resistant,Sensitive,Sensitive,Sensitive,Sensitive,Sensitive
RCN15197,Laos,AmpSeqV2,Sensitive,Sensitive,Sensitive,Resistant,Resistant,Sensitive,Sensitive,Sensitive,Sensitive,Sensitive
RCN15201,Laos,AmpSeqV2,Sensitive,Sensitive,Sensitive,Resistant,Resistant,Resistant,Sensitive,Sensitive,Resistant,Sensitive
RCN15202,Laos,AmpSeqV2,Sensitive,Sensitive,Sensitive,Undetermined,Resistant,Sensitive,Sensitive,Sensitive,Sensitive,Sensitive
RCN15208,Laos,AmpSeqV2,Sensitive,Sensitive,Sensitive,Sensitive,Resistant,Sensitive,Sensitive,Sensitive,Resistant,Sensitive
RCN15212,Laos,AmpSeqV2,Sensitive,Sensitive,Sensitive,Resistant,Resistant,Sensitive,Sensitive,Sensitive,Sensitive,Sensitive
RCN15218,Laos,AmpSeqV2,Sensitive,Sensitive,Sensitive,Resistant,Resistant,Sensitive,Sensitive,Sensitive,Sensitive,Sensitive
RCN15220,Laos,AmpSeqV2,Sensitive,Sensitive,Sensitive,Resistant,Resistant,Sensitive,Sensitive,Sensitive,Resistant,Sensitive
RCN15221,Laos,AmpSeqV2,Sensitive,Sensitive,Sensitive,Resistant,Resistant,Sensitive,Sensitive,Sensitive,Sensitive,Sensitive
RCN15222,Laos,AmpSeqV2,Sensitive,Sensitive,Sensitive,Resistant,Resistant,Sensitive,Sensitive,Sensitive,Resistant,Sensitive
RCN15227,Laos,AmpSeqV2,Sensitive,Sensitive,Sensitive,Resistant,Resistant,Sensitive,Sensitive,Sensitive,Sensitive,Sensitive
RCN15228,Laos,AmpSeqV2,Sensitive,Sensitive,Sensitive,Resistant,Resistant,Sensitive,Sensitive,Sensitive,Sensitive,Sensitive
RCN15233,Laos,AmpSeqV2,Resistant,Resistant,Sensitive,Resistant,Resistant,Resistant,Resistant,Sensitive,Resistant,Undetermined
RCN15235,Laos,AmpSeqV2,Resistant,Resistant,Sensitive,Resistant,Resistant,Resistant,Resistant,Sensitive,Resistant,Undetermined
RCN15236,Laos,AmpSeqV2,Resistant,Resistant,Sensitive,Resistant,Resistant,Resistant,Resistant,Sensitive,Resistant,Undetermined
RCN15237,Laos,AmpSeqV2,Resistant,Resistant,Sensitive,Resistant,Resistant,Resistant,Resistant,Sensitive,Resistant,Undetermined
RCN15238,Laos,AmpSeqV2,Sensitive,Resistant,Sensitive,Resistant,Resistant,Resistant,Sensitive,Sensitive,Resistant,Undetermined
RCN15241,Laos,AmpSeqV2,Resistant,Resistant,Sensitive,Resistant,Resistant,Resistant,Resistant,Sensitive,Resistant,Undetermined
RCN15242,Laos,AmpSeqV2,Resistant,Resistant,Sensitive,Resistant,Resistant,Resistant,Resistant,Sensitive,Resistant,Undetermined
RCN15245,Laos,AmpSeqV2,Resistant,Sensitive,Sensitive,Resistant,Resistant,Resistant,Sensitive,Sensitive,Resistant,Undetermined
RCN15246,Laos,AmpSeqV2,Sensitive,Sensitive,Sensitive,Resistant,Resistant,Resistant,Sensitive,Sensitive,Resistant,Sensitive
RCN15248,Laos,AmpSeqV2,Resistant,Sensitive,Sensitive,Resistant,Resistant,Resistant,Sensitive,Sensitive,Resistant,Undetermined
RCN15250,Laos,AmpSeqV2,Sensitive,Sensitive,Sensitive,Resistant,Resistant,Sensitive,Sensitive,Sensitive,Resistant,Sensitive
RCN15260,Laos,AmpSeqV2,Resistant,Resistant,Sensitive,Resistant,Resistant,Resistant,Resistant,Sensitive,Resistant,Undetermined
RCN15271,Laos,AmpSeqV2,Sensitive,Sensitive,Sensitive,Resistant,Resistant,Resistant,Sensitive,Sensitive,Resistant,Sensitive
RCN15274,Laos,AmpSeqV2,Resistant,Sensitive,Resistant,Resistant,Resistant,Resistant,Sensitive,Resistant,Resistant,Sensitive
RCN15275,Laos,AmpSeqV2,Resistant,Resistant,Sensitive,Resistant,Resistant,Resistant,Resistant,Sensitive,Resistant,Undetermined
RCN15276,Laos,AmpSeqV2,Resistant,Resistant,Sensitive,Resistant,Resistant,Resistant,Resistant,Sensitive,Resistant,Undetermined
RCN15278,Laos,AmpSeqV2,Resistant,Resistant,Sensitive,Resistant,Resistant,Resistant,Resistant,Sensitive,Resistant,Undetermined
RCN15279,Laos,AmpSeqV2,Resistant,Resistant,Sensitive,Resistant,Resistant,Resistant,Resistant,Sensitive,Resistant,Undetermined
RCN15281,Laos,AmpSeqV2,Resistant,Sensitive,Sensitive,Resistant,Resistant,Resistant,Sensitive,Sensitive,Resistant,Undetermined
RCN15282,Laos,AmpSeqV2,Resistant,Resistant,Sensitive,Resistant,Resistant,Resistant,Resistant,Sensitive,Resistant,Undetermined
RCN15283,Laos,AmpSeqV2,Resistant,Resistant,Sensitive,Resistant,Resistant,Resistant,Resistant,Sensitive,Resistant,Undetermined
RCN15284,Laos,AmpSeqV2,Sensitive,Resistant,Sensitive,Resistant,Resistant,Resistant,Sensitive,Sensitive,Resistant,Undetermined
RCN15288,Laos,AmpSeqV2,Sensitive,Sensitive,Sensitive,Resistant,Resistant,Resistant,Sensitive,Sensitive,Resistant,Sensitive
RCN15292,Laos,AmpSeqV2,Sensitive,Sensitive,Sensitive,Resistant,Resistant,Resistant,Sensitive,Sensitive,Resistant,Sensitive
RCN15293,Laos,AmpSeqV2,Sensitive,Sensitive,Sensitive,Resistant,Resistant,Resistant,Sensitive,Sensitive,Resistant,Sensitive
RCN15294,Laos,AmpSeqV2,Sensitive,Sensitive,Sensitive,Resistant,Resistant,Resistant,Sensitive,Sensitive,Resistant,Sensitive
RCN15295,Laos,AmpSeqV2,Resistant,Resistant,Sensitive,Resistant,Resistant,Resistant,Resistant,Sensitive,Resistant,Undetermined
RCN15297,Laos,AmpSeqV2,Sensitive,Sensitive,Sensitive,Resistant,Resistant,Sensitive,Sensitive,Sensitive,Resistant,Sensitive
RCN15298,Laos,AmpSeqV2,Sensitive,Sensitive,Sensitive,Resistant,Resistant,Sensitive,Sensitive,Sensitive,Resistant,Sensitive
RCN15299,Laos,AmpSeqV2,Sensitive,Sensitive,Sensitive,Resistant,Resistant,Resistant,Sensitive,Sensitive,Resistant,Sensitive
RCN15301,Laos,AmpSeqV2,Sensitive,Sensitive,Sensitive,Resistant,Resistant,Sensitive,Sensitive,Sensitive,Resistant,Sensitive
RCN15303,Laos,AmpSeqV2,Sensitive,Sensitive,Sensitive,Resistant,Resistant,Resistant,Sensitive,Sensitive,Resistant,Sensitive
RCN15306,Laos,AmpSeqV2,Resistant,Sensitive,Resistant,Resistant,Resistant,Resistant,Sensitive,Resistant,Resistant,Sensitive
RCN15307,Laos,AmpSeqV2,Sensitive,Sensitive,Sensitive,Resistant,Resistant,Resistant,Sensitive,Sensitive,Resistant,Sensitive
RCN15308,Laos,AmpSeqV2,Sensitive,Sensitive,Sensitive,Resistant,Resistant,Resistant,Sensitive,Sensitive,Resistant,Sensitive
RCN15311,Laos,AmpSeqV2,Sensitive,Sensitive,Sensitive,Resistant,Resistant,Resistant,Sensitive,Sensitive,Resistant,Sensitive
RCN15315,Laos,AmpSeqV2,Resistant,Resistant,Sensitive,Resistant,Resistant,Resistant,Resistant,Sensitive,Resistant,Undetermined
RCN15322,Laos,AmpSeqV2,Sensitive,Sensitive,Sensitive,Resistant,Resistant,Resistant,Sensitive,Sensitive,Resistant,Sensitive
RCN15323,Laos,AmpSeqV2,Sensitive,Sensitive,Sensitive,Resistant,Resistant,Resistant,Sensitive,Sensitive,Resistant,Sensitive
RCN15325,Laos,AmpSeqV2,Sensitive,Sensitive,Sensitive,Resistant,Resistant,Resistant,Sensitive,Sensitive,Resistant,Sensitive
RCN15327,Laos,AmpSeqV2,Resistant,Resistant,Sensitive,Resistant,Resistant,Resistant,Resistant,Sensitive,Resistant,Undetermined
RCN15328,Laos,AmpSeqV2,Resistant,Resistant,Sensitive,Resistant,Resistant,Resistant,Resistant,Sensitive,Resistant,Undetermined
RCN15332,Laos,AmpSeqV2,Sensitive,Sensitive,Sensitive,Resistant,Resistant,Sensitive,Sensitive,Sensitive,Resistant,Sensitive
RCN15333,Laos,AmpSeqV2,Resistant,Resistant,Sensitive,Resistant,Resistant,Resistant,Resistant,Sensitive,Resistant,Undetermined
RCN15334,Laos,AmpSeqV2,Sensitive,Sensitive,Sensitive,Resistant,Resistant,Resistant,Sensitive,Sensitive,Resistant,Sensitive
RCN15335,Laos,AmpSeqV2,Sensitive,Sensitive,Sensitive,Undetermined,Resistant,Sensitive,Sensitive,Sensitive,Sensitive,Sensitive
RCN15341,Laos,AmpSeqV2,Sensitive,Sensitive,Sensitive,Resistant,Resistant,Sensitive,Sensitive,Sensitive,Resistant,Sensitive
RCN15342,Laos,AmpSeqV2,Resistant,Resistant,Sensitive,Resistant,Resistant,Resistant,Resistant,Sensitive,Resistant,Undetermined
RCN15345,Laos,AmpSeqV2,Sensitive,Sensitive,Sensitive,Resistant,Resistant,Sensitive,Sensitive,Sensitive,Resistant,Sensitive
RCN15346,Laos,AmpSeqV2,Sensitive,Sensitive,Sensitive,Resistant,Resistant,Sensitive,Sensitive,Sensitive,Resistant,Sensitive
RCN15347,Laos,AmpSeqV2,Resistant,Sensitive,Sensitive,Resistant,Resistant,Resistant,Sensitive,Sensitive,Resistant,Resistant
RCN15348,Laos,AmpSeqV2,Resistant,Sensitive,Sensitive,Resistant,Resistant,Resistant,Sensitive,Sensitive,Resistant,Resistant
RCN15349,Laos,AmpSeqV2,Resistant,Sensitive,Sensitive,Resistant,Resistant,Resistant,Sensitive,Sensitive,Resistant,Resistant
RCN15350,Laos,AmpSeqV2,Resistant,Sensitive,Sensitive,Resistant,Resistant,Resistant,Sensitive,Sensitive,Resistant,Resistant
RCN15351,Laos,AmpSeqV2,Resistant,Resistant,Sensitive,Resistant,Resistant,Resistant,Resistant,Sensitive,Resistant,Resistant
RCN15352,Laos,AmpSeqV2,Sensitive,Sensitive,Sensitive,Resistant,Resistant,Sensitive,Sensitive,Sensitive,Resistant,Sensitive
RCN15353,Laos,AmpSeqV2,Resistant,Sensitive,Sensitive,Resistant,Resistant,Resistant,Sensitive,Sensitive,Resistant,Resistant
RCN15354,Laos,AmpSeqV2,Resistant,Resistant,Sensitive,Resistant,Resistant,Resistant,Resistant,Sensitive,Resistant,Undetermined
RCN15355,Laos,AmpSeqV2,Resistant,Sensitive,Sensitive,Resistant,Resistant,Resistant,Sensitive,Sensitive,Resistant,Resistant
RCN15356,Laos,AmpSeqV2,Sensitive,Sensitive,Sensitive,Resistant,Resistant,Sensitive,Sensitive,Sensitive,Resistant,Sensitive
RCN15357,Laos,AmpSeqV2,Sensitive,Sensitive,Sensitive,Resistant,Resistant,Resistant,Sensitive,Sensitive,Resistant,Sensitive
RCN15358,Laos,AmpSeqV2,Resistant,Resistant,Sensitive,Resistant,Resistant,Resistant,Resistant,Sensitive,Resistant,Undetermined
RCN15362,Laos,AmpSeqV2,Sensitive,Sensitive,Sensitive,Resistant,Resistant,Sensitive,Sensitive,Sensitive,Resistant,Sensitive
RCN15366,Laos,AmpSeqV2,Sensitive,Sensitive,Sensitive,Resistant,Resistant,Sensitive,Sensitive,Sensitive,Resistant,Sensitive
RCN15369,Laos,AmpSeqV2,Sensitive,Sensitive,Sensitive,Resistant,Resistant,Sensitive,Sensitive,Sensitive,Resistant,Sensitive
RCN15371,Laos,AmpSeqV2,Resistant,Resistant,Sensitive,Resistant,Resistant,Resistant,Resistant,Sensitive,Resistant,Undetermined
RCN15372,Laos,AmpSeqV2,Sensitive,Sensitive,Sensitive,Resistant,Resistant,Sensitive,Sensitive,Sensitive,Resistant,Sensitive
RCN15373,Laos,AmpSeqV2,Sensitive,Sensitive,Sensitive,Resistant,Resistant,Sensitive,Sensitive,Sensitive,Resistant,Sensitive
RCN15374,Laos,AmpSeqV2,Sensitive,Sensitive,Sensitive,Resistant,Resistant,Sensitive,Sensitive,Sensitive,Resistant,Sensitive
RCN15376,Laos,AmpSeqV2,Sensitive,Sensitive,Sensitive,Resistant,Resistant,Resistant,Sensitive,Sensitive,Resistant,Sensitive
RCN15377,Laos,AmpSeqV2,Sensitive,Sensitive,Sensitive,Resistant,Resistant,Resistant,Sensitive,Sensitive,Resistant,Sensitive
RCN15381,Laos,AmpSeqV2,Sensitive,Sensitive,Sensitive,Resistant,Resistant,Sensitive,Sensitive,Sensitive,Resistant,Sensitive
RCN15382,Laos,AmpSeqV2,Sensitive,Sensitive,Sensitive,Resistant,Resistant,Sensitive,Sensitive,Sensitive,Resistant,Sensitive
RCN15387,Laos,AmpSeqV2,Sensitive,Sensitive,Sensitive,Resistant,Resistant,Sensitive,Sensitive,Sensitive,Resistant,Sensitive
RCN15829,Vietnam,AmpSeqV2,Resistant,Resistant,Sensitive,Resistant,Resistant,Resistant,Resistant,Sensitive,Resistant,Undetermined
RCN15845,Vietnam,AmpSeqV2,Resistant,Sensitive,Sensitive,Resistant,Resistant,Resistant,Sensitive,Sensitive,Resistant,Undetermined
RCN15861,Vietnam,AmpSeqV2,Sensitive,Sensitive,Sensitive,Undetermined,Resistant,Sensitive,Sensitive,Sensitive,Undetermined,Sensitive
RCN15869,Vietnam,AmpSeqV2,Resistant,Resistant,Sensitive,Resistant,Resistant,Resistant,Resistant,Sensitive,Resistant,Undetermined
RCN15877,Vietnam,AmpSeqV2,Sensitive,Sensitive,Sensitive,Resistant,Resistant,Sensitive,Sensitive,Sensitive,Sensitive,Sensitive
RCN15885,Vietnam,AmpSeqV2,Resistant,Resistant,Sensitive,Resistant,Resistant,Resistant,Resistant,Sensitive,Resistant,Undetermined
RCN15887,Vietnam,AmpSeqV2,Resistant,Resistant,Sensitive,Resistant,Resistant,Resistant,Resistant,Sensitive,Resistant,Undetermined
RCN15888,Vietnam,AmpSeqV2,Resistant,Resistant,Sensitive,Resistant,Resistant,Resistant,Resistant,Sensitive,Resistant,Undetermined
RCN15893,Vietnam,AmpSeqV2,Resistant,Resistant,Sensitive,Resistant,Resistant,Resistant,Resistant,Sensitive,Resistant,Undetermined
RCN15894,Vietnam,AmpSeqV2,Resistant,Resistant,Sensitive,Resistant,Resistant,Resistant,Resistant,Sensitive,Resistant,Undetermined
RCN15895,Vietnam,AmpSeqV2,Resistant,Resistant,Sensitive,Resistant,Resistant,Resistant,Resistant,Sensitive,Resistant,Undetermined
RCN15897,Vietnam,AmpSeqV2,Resistant,Sensitive,Sensitive,Resistant,Resistant,Resistant,Sensitive,Sensitive,Resistant,Undetermined
RCN15903,Vietnam,AmpSeqV2,Resistant,Resistant,Sensitive,Resistant,Resistant,Resistant,Resistant,Sensitive,Resistant,Undetermined
RCN15904,Vietnam,AmpSeqV2,Sensitive,Sensitive,Sensitive,Resistant,Resistant,Sensitive,Sensitive,Sensitive,Resistant,Sensitive
RCN15905,Vietnam,AmpSeqV2,Resistant,Resistant,Sensitive,Resistant,Resistant,Resistant,Resistant,Sensitive,Resistant,Undetermined
RCN15908,Vietnam,AmpSeqV2,Resistant,Resistant,Sensitive,Resistant,Resistant,Resistant,Resistant,Sensitive,Resistant,Undetermined
RCN15911,Vietnam,AmpSeqV2,Resistant,Resistant,Sensitive,Resistant,Resistant,Resistant,Resistant,Sensitive,Resistant,Undetermined
RCN15912,Vietnam,AmpSeqV2,Resistant,Resistant,Sensitive,Resistant,Resistant,Resistant,Resistant,Sensitive,Resistant,Undetermined
RCN15913,Vietnam,AmpSeqV2,Resistant,Resistant,Sensitive,Resistant,Resistant,Resistant,Resistant,Sensitive,Resistant,Undetermined
RCN15926,Vietnam,AmpSeqV2,Resistant,Resistant,Sensitive,Resistant,Resistant,Resistant,Resistant,Sensitive,Resistant,Undetermined
RCN15927,Vietnam,AmpSeqV2,Resistant,Resistant,Sensitive,Resistant,Resistant,Resistant,Resistant,Sensitive,Resistant,Undetermined
RCN15928,Vietnam,AmpSeqV2,Resistant,Resistant,Sensitive,Resistant,Resistant,Resistant,Resistant,Sensitive,Resistant,Undetermined
RCN15930,Vietnam,AmpSeqV2,Resistant,Resistant,Sensitive,Resistant,Resistant,Resistant,Resistant,Sensitive,Resistant,Undetermined
RCN15932,Vietnam,AmpSeqV2,Resistant,Resistant,Sensitive,Resistant,Resistant,Resistant,Resistant,Sensitive,Resistant,Undetermined
RCN15934,Vietnam,AmpSeqV2,Resistant,Sensitive,Sensitive,Resistant,Resistant,Resistant,Sensitive,Sensitive,Resistant,Undetermined
RCN15936,Vietnam,AmpSeqV2,Resistant,Resistant,Sensitive,Resistant,Resistant,Resistant,Resistant,Sensitive,Resistant,Undetermined
RCN15937,Vietnam,AmpSeqV2,Resistant,Resistant,Sensitive,Resistant,Resistant,Resistant,Resistant,Sensitive,Resistant,Undetermined
RCN15942,Vietnam,AmpSeqV2,Resistant,Resistant,Sensitive,Resistant,Resistant,Resistant,Resistant,Sensitive,Resistant,Undetermined
RCN15944,Vietnam,AmpSeqV2,Resistant,Resistant,Sensitive,Resistant,Resistant,Resistant,Resistant,Sensitive,Resistant,Undetermined
RCN15946,Vietnam,AmpSeqV2,Resistant,Resistant,Sensitive,Resistant,Resistant,Resistant,Resistant,Sensitive,Resistant,Undetermined
RCN15949,Vietnam,AmpSeqV2,Resistant,Resistant,Sensitive,Resistant,Resistant,Resistant,Resistant,Sensitive,Resistant,Undetermined
RCN15950,Vietnam,AmpSeqV2,Resistant,Resistant,Sensitive,Resistant,Resistant,Resistant,Resistant,Sensitive,Resistant,Undetermined
RCN15958,Vietnam,AmpSeqV2,Resistant,Resistant,Sensitive,Resistant,Resistant,Resistant,Resistant,Sensitive,Resistant,Undetermined
RCN15961,Vietnam,AmpSeqV2,Resistant,Resistant,Sensitive,Resistant,Resistant,Resistant,Resistant,Sensitive,Resistant,Undetermined
RCN15966,Vietnam,AmpSeqV2,Resistant,Resistant,Sensitive,Resistant,Resistant,Resistant,Resistant,Sensitive,Resistant,Undetermined
RCN15967,Vietnam,AmpSeqV2,Resistant,Resistant,Sensitive,Resistant,Resistant,Resistant,Resistant,Sensitive,Resistant,Undetermined
RCN15968,Vietnam,AmpSeqV2,Resistant,Resistant,Sensitive,Resistant,Resistant,Resistant,Resistant,Sensitive,Resistant,Undetermined
RCN15975,Vietnam,AmpSeqV2,Resistant,Resistant,Sensitive,Resistant,Resistant,Resistant,Resistant,Sensitive,Resistant,Undetermined
RCN15978,Vietnam,AmpSeqV2,Resistant,Resistant,Sensitive,Resistant,Resistant,Resistant,Resistant,Sensitive,Resistant,Undetermined
RCN15979,Vietnam,AmpSeqV2,Resistant,Resistant,Sensitive,Resistant,Resistant,Resistant,Resistant,Sensitive,Resistant,Undetermined
RCN15980,Vietnam,AmpSeqV2,Resistant,Resistant,Sensitive,Resistant,Resistant,Resistant,Resistant,Sensitive,Resistant,Undetermined
RCN15982,Vietnam,AmpSeqV2,Resistant,Resistant,Sensitive,Resistant,Resistant,Resistant,Resistant,Sensitive,Resistant,Undetermined
RCN15983,Vietnam,AmpSeqV2,Resistant,Resistant,Sensitive,Resistant,Resistant,Resistant,Resistant,Sensitive,Resistant,Undetermined
RCN15987,Vietnam,AmpSeqV2,Resistant,Resistant,Sensitive,Resistant,Resistant,Resistant,Resistant,Sensitive,Resistant,Undetermined
RCN15988,Vietnam,AmpSeqV2,Resistant,Resistant,Sensitive,Resistant,Resistant,Resistant,Resistant,Sensitive,Resistant,Undetermined
RCN15989,Vietnam,AmpSeqV2,Resistant,Resistant,Sensitive,Resistant,Resistant,Resistant,Resistant,Sensitive,Resistant,Undetermined
RCN15990,Vietnam,AmpSeqV2,Resistant,Resistant,Sensitive,Resistant,Resistant,Resistant,Resistant,Sensitive,Resistant,Undetermined
RCN15991,Vietnam,AmpSeqV2,Resistant,Resistant,Sensitive,Resistant,Resistant,Resistant,Resistant,Sensitive,Resistant,Undetermined
RCN15995,Vietnam,AmpSeqV2,Resistant,Resistant,Sensitive,Resistant,Resistant,Resistant,Resistant,Sensitive,Resistant,Undetermined
RCN15997,Vietnam,AmpSeqV2,Resistant,Resistant,Sensitive,Resistant,Resistant,Resistant,Resistant,Sensitive,Resistant,Undetermined
RCN15999,Vietnam,AmpSeqV2,Resistant,Resistant,Sensitive,Resistant,Resistant,Resistant,Resistant,Sensitive,Resistant,Undetermined
RCN16004,Vietnam,AmpSeqV2,Resistant,Resistant,Sensitive,Resistant,Resistant,Resistant,Resistant,Sensitive,Resistant,Undetermined
RCN16005,Vietnam,AmpSeqV2,Resistant,Resistant,Sensitive,Resistant,Resistant,Resistant,Resistant,Sensitive,Resistant,Undetermined
RCN16006,Vietnam,AmpSeqV2,Resistant,Resistant,Sensitive,Resistant,Resistant,Resistant,Resistant,Sensitive,Resistant,Undetermined
RCN16011,Vietnam,AmpSeqV2,Resistant,Sensitive,Sensitive,Resistant,Resistant,Resistant,Sensitive,Sensitive,Resistant,Undetermined
RCN16012,Vietnam,AmpSeqV2,Resistant,Resistant,Sensitive,Resistant,Resistant,Resistant,Resistant,Sensitive,Resistant,Undetermined
RCN16014,Vietnam,AmpSeqV2,Sensitive,Sensitive,Sensitive,Resistant,Resistant,Resistant,Sensitive,Sensitive,Resistant,Sensitive
RCN16015,Vietnam,AmpSeqV2,Sensitive,Sensitive,Sensitive,Resistant,Resistant,Resistant,Sensitive,Sensitive,Resistant,Sensitive
RCN16019,Vietnam,AmpSeqV2,Resistant,Resistant,Sensitive,Resistant,Resistant,Resistant,Resistant,Sensitive,Resistant,Undetermined
RCN16020,Vietnam,AmpSeqV2,Sensitive,Sensitive,Sensitive,Resistant,Resistant,Resistant,Sensitive,Sensitive,Resistant,Sensitive
RCN16022,Vietnam,AmpSeqV2,Resistant,Resistant,Sensitive,Resistant,Resistant,Resistant,Resistant,Sensitive,Resistant,Undetermined
RCN16023,Vietnam,AmpSeqV2,Sensitive,Sensitive,Sensitive,Resistant,Resistant,Resistant,Sensitive,Sensitive,Resistant,Sensitive
RCN16026,Vietnam,AmpSeqV2,Resistant,Resistant,Sensitive,Resistant,Resistant,Resistant,Resistant,Sensitive,Resistant,Undetermined
RCN16027,Vietnam,AmpSeqV2,Resistant,Resistant,Sensitive,Resistant,Resistant,Resistant,Resistant,Sensitive,Resistant,Undetermined
RCN16029,Vietnam,AmpSeqV2,Resistant,Resistant,Sensitive,Resistant,Resistant,Resistant,Resistant,Sensitive,Resistant,Undetermined
RCN16036,Vietnam,AmpSeqV2,Resistant,Resistant,Sensitive,Resistant,Resistant,Resistant,Resistant,Sensitive,Resistant,Undetermined
RCN16042,Vietnam,AmpSeqV2,Sensitive,Sensitive,Sensitive,Resistant,Resistant,Resistant,Sensitive,Sensitive,Resistant,Sensitive
RCN16043,Vietnam,AmpSeqV2,Sensitive,Sensitive,Sensitive,Resistant,Resistant,Resistant,Sensitive,Sensitive,Resistant,Sensitive
RCN16045,Vietnam,AmpSeqV2,Resistant,Resistant,Sensitive,Resistant,Resistant,Resistant,Resistant,Sensitive,Resistant,Undetermined
RCN16046,Vietnam,AmpSeqV2,Resistant,Resistant,Sensitive,Resistant,Resistant,Resistant,Resistant,Sensitive,Resistant,Undetermined
RCN16047,Vietnam,AmpSeqV2,Resistant,Resistant,Sensitive,Resistant,Resistant,Resistant,Resistant,Sensitive,Resistant,Undetermined
RCN16049,Vietnam,AmpSeqV2,Resistant,Resistant,Sensitive,Resistant,Resistant,Resistant,Resistant,Sensitive,Resistant,Undetermined
RCN16050,Vietnam,AmpSeqV2,Resistant,Resistant,Sensitive,Resistant,Resistant,Resistant,Resistant,Sensitive,Resistant,Undetermined
RCN18470,Vietnam,AmpSeqV2,Resistant,Resistant,Sensitive,Resistant,Resistant,Resistant,Resistant,Sensitive,Resistant,Undetermined
RCN18485,Vietnam,AmpSeqV2,Resistant,Resistant,Sensitive,Resistant,Resistant,Resistant,Resistant,Sensitive,Resistant,Undetermined
RCN18488,Vietnam,AmpSeqV2,Resistant,Resistant,Sensitive,Resistant,Resistant,Resistant,Resistant,Sensitive,Resistant,Undetermined
RCN18489,Vietnam,AmpSeqV2,Resistant,Resistant,Sensitive,Resistant,Resistant,Resistant,Resistant,Sensitive,Resistant,Undetermined
RCN18493,Vietnam,AmpSeqV2,Resistant,Resistant,Sensitive,Resistant,Resistant,Resistant,Resistant,Sensitive,Resistant,Undetermined
RCN18494,Vietnam,AmpSeqV2,Resistant,Resistant,Sensitive,Resistant,Resistant,Resistant,Resistant,Sensitive,Resistant,Undetermined
RCN18496,Vietnam,AmpSeqV2,Resistant,Resistant,Sensitive,Resistant,Resistant,Resistant,Resistant,Sensitive,Resistant,Undetermined
RCN18500,Vietnam,AmpSeqV2,Resistant,Resistant,Sensitive,Resistant,Resistant,Resistant,Resistant,Sensitive,Resistant,Undetermined
RCN18503,Vietnam,AmpSeqV2,Resistant,Resistant,Sensitive,Resistant,Resistant,Resistant,Resistant,Sensitive,Resistant,Undetermined
RCN18504,Vietnam,AmpSeqV2,Resistant,Resistant,Sensitive,Resistant,Resistant,Resistant,Resistant,Sensitive,Resistant,Undetermined
RCN18511,Vietnam,AmpSeqV2,Resistant,Resistant,Sensitive,Resistant,Resistant,Resistant,Resistant,Sensitive,Resistant,Undetermined
RCN18512,Vietnam,AmpSeqV2,Resistant,Resistant,Sensitive,Resistant,Resistant,Resistant,Resistant,Sensitive,Resistant,Undetermined
RCN18513,Vietnam,AmpSeqV2,Resistant,Resistant,Sensitive,Resistant,Resistant,Resistant,Resistant,Sensitive,Resistant,Undetermined
RCN18518,Vietnam,AmpSeqV2,Resistant,Resistant,Sensitive,Resistant,Resistant,Resistant,Resistant,Sensitive,Resistant,Undetermined
RCN18519,Vietnam,AmpSeqV2,Resistant,Resistant,Sensitive,Resistant,Resistant,Resistant,Resistant,Sensitive,Resistant,Undetermined
RCN18534,Vietnam,AmpSeqV2,Resistant,Resistant,Sensitive,Resistant,Resistant,Resistant,Resistant,Sensitive,Resistant,Undetermined
RCN18536,Vietnam,AmpSeqV2,Resistant,Resistant,Sensitive,Resistant,Resistant,Resistant,Resistant,Sensitive,Resistant,Undetermined
RCN18540,Vietnam,AmpSeqV2,Resistant,Resistant,Sensitive,Resistant,Resistant,Resistant,Resistant,Sensitive,Resistant,Undetermined
RCN18542,Vietnam,AmpSeqV2,Resistant,Resistant,Sensitive,Resistant,Resistant,Resistant,Resistant,Sensitive,Resistant,Undetermined
RCN18543,Vietnam,AmpSeqV2,Resistant,Resistant,Sensitive,Resistant,Resistant,Resistant,Resistant,Sensitive,Resistant,Undetermined
RCN18549,Vietnam,AmpSeqV2,Resistant,Resistant,Sensitive,Resistant,Resistant,Resistant,Resistant,Sensitive,Resistant,Undetermined
RCN18550,Vietnam,AmpSeqV2,Resistant,Resistant,Sensitive,Resistant,Resistant,Resistant,Resistant,Sensitive,Resistant,Undetermined
RCN18551,Vietnam,AmpSeqV2,Resistant,Resistant,Sensitive,Resistant,Resistant,Resistant,Resistant,Sensitive,Resistant,Undetermined
RCN18560,Vietnam,AmpSeqV2,Resistant,Resistant,Sensitive,Resistant,Resistant,Resistant,Resistant,Sensitive,Resistant,Undetermined
RCN18565,Vietnam,AmpSeqV2,Resistant,Sensitive,Sensitive,Resistant,Resistant,Resistant,Sensitive,Sensitive,Resistant,Undetermined
RCN18572,Vietnam,AmpSeqV2,Resistant,Resistant,Sensitive,Resistant,Resistant,Resistant,Resistant,Sensitive,Resistant,Undetermined
RCN18575,Vietnam,AmpSeqV2,Resistant,Sensitive,Sensitive,Resistant,Resistant,Resistant,Sensitive,Sensitive,Resistant,Undetermined
RCN18581,Vietnam,AmpSeqV2,Sensitive,Sensitive,Sensitive,Resistant,Resistant,Resistant,Sensitive,Sensitive,Resistant,Sensitive
RCN18586,Vietnam,AmpSeqV2,Resistant,Resistant,Sensitive,Resistant,Resistant,Resistant,Resistant,Sensitive,Resistant,Undetermined
RCN18587,Vietnam,AmpSeqV2,Resistant,Resistant,Sensitive,Resistant,Resistant,Resistant,Resistant,Sensitive,Resistant,Undetermined
RCN18588,Vietnam,AmpSeqV2,Resistant,Resistant,Sensitive,Resistant,Resistant,Resistant,Resistant,Sensitive,Resistant,Undetermined
RCN18589,Vietnam,AmpSeqV2,Resistant,Resistant,Sensitive,Resistant,Resistant,Resistant,Resistant,Sensitive,Resistant,Undetermined
RCN18590,Vietnam,AmpSeqV2,Resistant,Sensitive,Sensitive,Resistant,Resistant,Resistant,Sensitive,Sensitive,Resistant,Undetermined
RCN18591,Vietnam,AmpSeqV2,Resistant,Sensitive,Sensitive,Resistant,Resistant,Resistant,Sensitive,Sensitive,Resistant,Undetermined
RCN18593,Vietnam,AmpSeqV2,Resistant,Resistant,Sensitive,Resistant,Resistant,Resistant,Resistant,Sensitive,Resistant,Undetermined
RCN18594,Vietnam,AmpSeqV2,Resistant,Resistant,Sensitive,Resistant,Resistant,Resistant,Resistant,Sensitive,Resistant,Undetermined
RCN18603,Vietnam,AmpSeqV2,Resistant,Resistant,Sensitive,Resistant,Resistant,Resistant,Resistant,Sensitive,Resistant,Undetermined
RCN18607,Vietnam,AmpSeqV2,Resistant,Resistant,Sensitive,Resistant,Resistant,Resistant,Resistant,Sensitive,Resistant,Undetermined
RCN18611,Vietnam,AmpSeqV2,Resistant,Resistant,Sensitive,Resistant,Resistant,Resistant,Resistant,Sensitive,Resistant,Undetermined
RCN18612,Vietnam,AmpSeqV2,Resistant,Resistant,Sensitive,Resistant,Resistant,Resistant,Resistant,Sensitive,Resistant,Undetermined
RCN18613,Vietnam,AmpSeqV2,Resistant,Resistant,Sensitive,Resistant,Resistant,Resistant,Resistant,Sensitive,Resistant,Undetermined
RCN18614,Vietnam,AmpSeqV2,Resistant,Resistant,Sensitive,Resistant,Resistant,Resistant,Resistant,Sensitive,Resistant,Undetermined
RCN18615,Vietnam,AmpSeqV2,Resistant,Resistant,Sensitive,Resistant,Resistant,Resistant,Resistant,Sensitive,Resistant,Undetermined
RCN18618,Vietnam,AmpSeqV2,Resistant,Resistant,Sensitive,Resistant,Resistant,Resistant,Resistant,Sensitive,Resistant,Undetermined
RCN18621,Vietnam,AmpSeqV2,Resistant,Resistant,Sensitive,Resistant,Resistant,Resistant,Resistant,Sensitive,Resistant,Undetermined
RCN18622,Vietnam,AmpSeqV2,Resistant,Resistant,Sensitive,Resistant,Resistant,Resistant,Resistant,Sensitive,Resistant,Undetermined
RCN18627,Vietnam,AmpSeqV2,Resistant,Resistant,Sensitive,Resistant,Resistant,Resistant,Resistant,Sensitive,Resistant,Undetermined
RCN18630,Vietnam,AmpSeqV2,Resistant,Resistant,Sensitive,Resistant,Resistant,Resistant,Resistant,Sensitive,Resistant,Undetermined
RCN18631,Vietnam,AmpSeqV2,Resistant,Resistant,Sensitive,Resistant,Resistant,Resistant,Resistant,Sensitive,Resistant,Undetermined
RCN18633,Vietnam,AmpSeqV2,Resistant,Resistant,Sensitive,Resistant,Resistant,Resistant,Resistant,Sensitive,Resistant,Undetermined
RCN18634,Vietnam,AmpSeqV2,Resistant,Resistant,Sensitive,Resistant,Resistant,Resistant,Resistant,Sensitive,Resistant,Undetermined
RCN18635,Vietnam,AmpSeqV2,Resistant,Resistant,Sensitive,Resistant,Resistant,Resistant,Resistant,Sensitive,Resistant,Undetermined
RCN18636,Vietnam,AmpSeqV2,Resistant,Resistant,Sensitive,Resistant,Resistant,Resistant,Resistant,Sensitive,Resistant,Undetermined
RCN18637,Vietnam,AmpSeqV2,Resistant,Resistant,Sensitive,Resistant,Resistant,Resistant,Resistant,Sensitive,Resistant,Undetermined
RCN18638,Vietnam,AmpSeqV2,Resistant,Resistant,Sensitive,Resistant,Resistant,Resistant,Resistant,Sensitive,Resistant,Undetermined
RCN18639,Vietnam,AmpSeqV2,Resistant,Resistant,Sensitive,Resistant,Resistant,Resistant,Resistant,Sensitive,Resistant,Undetermined
RCN18641,Vietnam,AmpSeqV2,Resistant,Resistant,Sensitive,Resistant,Resistant,Resistant,Resistant,Sensitive,Resistant,Undetermined
RCN18644,Vietnam,AmpSeqV2,Resistant,Resistant,Sensitive,Resistant,Resistant,Resistant,Resistant,Sensitive,Resistant,Undetermined
RCN18646,Vietnam,AmpSeqV2,Resistant,Resistant,Sensitive,Resistant,Resistant,Resistant,Resistant,Sensitive,Resistant,Undetermined
RCN18647,Vietnam,AmpSeqV2,Resistant,Resistant,Sensitive,Resistant,Resistant,Resistant,Resistant,Sensitive,Resistant,Undetermined
RCN18651,Vietnam,AmpSeqV2,Resistant,Resistant,Sensitive,Resistant,Resistant,Resistant,Resistant,Sensitive,Resistant,Undetermined
RCN18654,Vietnam,AmpSeqV2,Resistant,Resistant,Sensitive,Resistant,Resistant,Resistant,Resistant,Sensitive,Resistant,Undetermined
RCN18655,Vietnam,AmpSeqV2,Resistant,Resistant,Sensitive,Resistant,Resistant,Resistant,Resistant,Sensitive,Resistant,Undetermined
RCN18658,Vietnam,AmpSeqV2,Resistant,Resistant,Sensitive,Resistant,Resistant,Resistant,Resistant,Sensitive,Resistant,Undetermined
RCN18659,Vietnam,AmpSeqV2,Resistant,Resistant,Sensitive,Resistant,Resistant,Resistant,Resistant,Sensitive,Resistant,Undetermined
RCN18660,Vietnam,AmpSeqV2,Resistant,Resistant,Sensitive,Resistant,Resistant,Resistant,Resistant,Sensitive,Resistant,Undetermined
RCN18664,Vietnam,AmpSeqV2,Resistant,Resistant,Sensitive,Resistant,Resistant,Resistant,Resistant,Sensitive,Resistant,Undetermined
RCN18665,Vietnam,AmpSeqV2,Resistant,Resistant,Sensitive,Resistant,Resistant,Resistant,Resistant,Sensitive,Resistant,Undetermined
RCN18667,Vietnam,AmpSeqV2,Resistant,Resistant,Sensitive,Resistant,Resistant,Resistant,Resistant,Sensitive,Resistant,Undetermined
RCN18669,Vietnam,AmpSeqV2,Resistant,Resistant,Sensitive,Resistant,Resistant,Resistant,Resistant,Sensitive,Resistant,Undetermined
RCN18671,Vietnam,AmpSeqV2,Resistant,Resistant,Sensitive,Resistant,Resistant,Resistant,Resistant,Sensitive,Resistant,Undetermined
RCN18672,Vietnam,AmpSeqV2,Resistant,Resistant,Sensitive,Resistant,Resistant,Resistant,Resistant,Sensitive,Resistant,Undetermined
RCN18673,Vietnam,AmpSeqV2,Resistant,Resistant,Sensitive,Resistant,Resistant,Resistant,Resistant,Sensitive,Resistant,Undetermined
RCN18675,Vietnam,AmpSeqV2,Resistant,Resistant,Sensitive,Resistant,Resistant,Resistant,Resistant,Sensitive,Resistant,Undetermined
RCN18676,Vietnam,AmpSeqV2,Resistant,Resistant,Sensitive,Resistant,Resistant,Resistant,Resistant,Sensitive,Resistant,Undetermined
RCN18677,Vietnam,AmpSeqV2,Resistant,Resistant,Sensitive,Resistant,Resistant,Resistant,Resistant,Sensitive,Resistant,Undetermined
RCN18680,Vietnam,AmpSeqV2,Resistant,Sensitive,Sensitive,Resistant,Resistant,Resistant,Sensitive,Sensitive,Resistant,Undetermined
RCN18681,Vietnam,AmpSeqV2,Resistant,Resistant,Sensitive,Resistant,Resistant,Resistant,Resistant,Sensitive,Resistant,Undetermined
RCN18682,Vietnam,AmpSeqV2,Resistant,Resistant,Sensitive,Resistant,Resistant,Resistant,Resistant,Sensitive,Resistant,Undetermined
RCN18683,Vietnam,AmpSeqV2,Resistant,Resistant,Sensitive,Resistant,Resistant,Resistant,Resistant,Sensitive,Resistant,Undetermined
RCN18684,Vietnam,AmpSeqV2,Resistant,Resistant,Sensitive,Resistant,Resistant,Resistant,Resistant,Sensitive,Resistant,Undetermined
RCN18685,Vietnam,AmpSeqV2,Resistant,Resistant,Sensitive,Resistant,Resistant,Resistant,Resistant,Sensitive,Resistant,Undetermined
RCN18688,Vietnam,AmpSeqV2,Resistant,Resistant,Sensitive,Resistant,Resistant,Resistant,Resistant,Sensitive,Resistant,Undetermined
RCN18689,Vietnam,AmpSeqV2,Resistant,Resistant,Sensitive,Resistant,Resistant,Resistant,Resistant,Sensitive,Resistant,Undetermined
RCN18691,Vietnam,AmpSeqV2,Resistant,Resistant,Sensitive,Resistant,Resistant,Resistant,Resistant,Sensitive,Resistant,Undetermined
RCN18692,Vietnam,AmpSeqV2,Resistant,Resistant,Sensitive,Resistant,Resistant,Resistant,Resistant,Sensitive,Resistant,Undetermined
RCN18693,Vietnam,AmpSeqV2,Resistant,Resistant,Sensitive,Resistant,Resistant,Resistant,Resistant,Sensitive,Resistant,Undetermined
RCN18695,Vietnam,AmpSeqV2,Resistant,Resistant,Sensitive,Resistant,Resistant,Resistant,Resistant,Sensitive,Resistant,Undetermined
RCN18696,Vietnam,AmpSeqV2,Resistant,Resistant,Sensitive,Resistant,Resistant,Resistant,Resistant,Sensitive,Resistant,Undetermined
RCN18697,Vietnam,AmpSeqV2,Resistant,Resistant,Sensitive,Resistant,Resistant,Resistant,Resistant,Sensitive,Resistant,Undetermined
RCN18698,Vietnam,AmpSeqV2,Resistant,Resistant,Sensitive,Resistant,Resistant,Resistant,Resistant,Sensitive,Resistant,Undetermined
RCN18699,Vietnam,AmpSeqV2,Resistant,Resistant,Sensitive,Resistant,Resistant,Resistant,Resistant,Sensitive,Resistant,Undetermined
RCN18700,Vietnam,AmpSeqV2,Resistant,Resistant,Sensitive,Resistant,Resistant,Resistant,Resistant,Sensitive,Resistant,Undetermined
RCN18704,Vietnam,AmpSeqV2,Resistant,Resistant,Sensitive,Resistant,Resistant,Resistant,Resistant,Sensitive,Resistant,Undetermined
RCN18705,Vietnam,AmpSeqV2,Resistant,Resistant,Sensitive,Resistant,Resistant,Resistant,Resistant,Sensitive,Resistant,Undetermined
RCN18706,Vietnam,AmpSeqV2,Resistant,Resistant,Sensitive,Resistant,Resistant,Resistant,Resistant,Sensitive,Resistant,Undetermined
RCN18707,Vietnam,AmpSeqV2,Resistant,Resistant,Sensitive,Resistant,Resistant,Resistant,Resistant,Sensitive,Resistant,Undetermined
RCN18708,Vietnam,AmpSeqV2,Resistant,Resistant,Sensitive,Resistant,Resistant,Resistant,Resistant,Sensitive,Resistant,Undetermined
RCN18709,Vietnam,AmpSeqV2,Resistant,Resistant,Sensitive,Resistant,Resistant,Resistant,Resistant,Sensitive,Resistant,Undetermined
RCN18713,Vietnam,AmpSeqV2,Resistant,Resistant,Sensitive,Resistant,Resistant,Resistant,Resistant,Sensitive,Resistant,Undetermined
RCN18714,Vietnam,AmpSeqV2,Sensitive,Sensitive,Sensitive,Sensitive,Resistant,Resistant,Sensitive,Sensitive,Resistant,Sensitive
RCN18715,Vietnam,AmpSeqV2,Sensitive,Sensitive,Sensitive,Sensitive,Resistant,Resistant,Sensitive,Sensitive,Resistant,Sensitive
RCN18717,Vietnam,AmpSeqV2,Sensitive,Sensitive,Sensitive,Sensitive,Resistant,Resistant,Sensitive,Sensitive,Resistant,Sensitive
RCN18718,Vietnam,AmpSeqV2,Sensitive,Sensitive,Sensitive,Sensitive,Resistant,Resistant,Sensitive,Sensitive,Resistant,Sensitive
RCN18720,Vietnam,AmpSeqV2,Sensitive,Sensitive,Sensitive,Sensitive,Resistant,Resistant,Sensitive,Sensitive,Resistant,Sensitive
RCN18723,Vietnam,AmpSeqV2,Sensitive,Sensitive,Sensitive,Resistant,Resistant,Resistant,Sensitive,Sensitive,Resistant,Sensitive
RCN18724,Vietnam,AmpSeqV2,Sensitive,Sensitive,Sensitive,Resistant,Resistant,Resistant,Sensitive,Sensitive,Resistant,Sensitive
RCN18725,Vietnam,AmpSeqV2,Resistant,Resistant,Sensitive,Resistant,Resistant,Resistant,Resistant,Sensitive,Resistant,Undetermined
RCN18728,Vietnam,AmpSeqV2,Resistant,Resistant,Sensitive,Resistant,Resistant,Resistant,Resistant,Sensitive,Resistant,Undetermined
RCN18729,Vietnam,AmpSeqV2,Resistant,Resistant,Sensitive,Resistant,Resistant,Resistant,Resistant,Sensitive,Resistant,Undetermined
RCN18730,Vietnam,AmpSeqV2,Resistant,Resistant,Sensitive,Resistant,Resistant,Resistant,Resistant,Sensitive,Resistant,Undetermined
RCN18731,Vietnam,AmpSeqV2,Resistant,Resistant,Sensitive,Resistant,Resistant,Resistant,Resistant,Sensitive,Resistant,Undetermined
RCN18732,Vietnam,AmpSeqV2,Resistant,Resistant,Sensitive,Resistant,Resistant,Resistant,Resistant,Sensitive,Resistant,Undetermined
RCN18734,Vietnam,AmpSeqV2,Resistant,Resistant,Sensitive,Resistant,Resistant,Resistant,Resistant,Sensitive,Resistant,Undetermined
RCN18735,Vietnam,AmpSeqV2,Resistant,Resistant,Sensitive,Resistant,Resistant,Resistant,Resistant,Sensitive,Resistant,Undetermined
RCN18736,Vietnam,AmpSeqV2,Resistant,Resistant,Sensitive,Resistant,Resistant,Resistant,Resistant,Sensitive,Resistant,Undetermined
RCN18737,Vietnam,AmpSeqV2,Resistant,Resistant,Sensitive,Resistant,Resistant,Resistant,Resistant,Sensitive,Resistant,Undetermined
RCN18738,Vietnam,AmpSeqV2,Resistant,Resistant,Sensitive,Resistant,Resistant,Resistant,Resistant,Sensitive,Resistant,Undetermined
RCN18739,Vietnam,AmpSeqV2,Sensitive,Sensitive,Sensitive,Resistant,Resistant,Sensitive,Sensitive,Sensitive,Resistant,Sensitive
RCN18740,Vietnam,AmpSeqV2,Resistant,Sensitive,Sensitive,Resistant,Resistant,Resistant,Sensitive,Sensitive,Resistant,Undetermined
RCN18741,Vietnam,AmpSeqV2,Resistant,Sensitive,Sensitive,Resistant,Resistant,Resistant,Sensitive,Sensitive,Resistant,Undetermined
RCN18744,Vietnam,AmpSeqV2,Resistant,Sensitive,Sensitive,Resistant,Resistant,Resistant,Sensitive,Sensitive,Resistant,Undetermined
RCN18745,Vietnam,AmpSeqV2,Resistant,Sensitive,Sensitive,Resistant,Resistant,Resistant,Sensitive,Sensitive,Resistant,Undetermined
RCN18748,Vietnam,AmpSeqV2,Resistant,Sensitive,Sensitive,Resistant,Resistant,Resistant,Sensitive,Sensitive,Resistant,Undetermined
RCN18749,Vietnam,AmpSeqV2,Resistant,Sensitive,Sensitive,Resistant,Resistant,Resistant,Sensitive,Sensitive,Resistant,Undetermined
RCN24787,Vietnam,AmpSeqV2,Resistant,Resistant,Sensitive,Resistant,Resistant,Resistant,Resistant,Sensitive,Resistant,Undetermined
RCN24788,Vietnam,AmpSeqV2,Resistant,Resistant,Sensitive,Resistant,Resistant,Resistant,Resistant,Sensitive,Resistant,Undetermined
RCN24789,Vietnam,AmpSeqV2,Sensitive,Sensitive,Sensitive,Resistant,Resistant,Resistant,Sensitive,Sensitive,Resistant,Sensitive
RCN24790,Vietnam,AmpSeqV2,Resistant,Sensitive,Sensitive,Resistant,Resistant,Resistant,Sensitive,Sensitive,Resistant,Undetermined
RCN24791,Vietnam,AmpSeqV2,Sensitive,Sensitive,Sensitive,Sensitive,Resistant,Resistant,Sensitive,Sensitive,Resistant,Sensitive
RCN24792,Vietnam,AmpSeqV2,Resistant,Resistant,Sensitive,Resistant,Resistant,Resistant,Resistant,Sensitive,Resistant,Undetermined
RCN24793,Vietnam,AmpSeqV2,Resistant,Resistant,Sensitive,Resistant,Resistant,Resistant,Resistant,Sensitive,Resistant,Undetermined
RCN24794,Vietnam,AmpSeqV2,Sensitive,Sensitive,Sensitive,Resistant,Resistant,Resistant,Sensitive,Sensitive,Resistant,Sensitive
RCN24795,Vietnam,AmpSeqV2,Resistant,Resistant,Sensitive,Resistant,Resistant,Resistant,Resistant,Sensitive,Resistant,Undetermined
RCN24796,Vietnam,AmpSeqV2,Resistant,Resistant,Sensitive,Resistant,Resistant,Resistant,Resistant,Sensitive,Resistant,Undetermined
RCN24797,Vietnam,AmpSeqV2,Resistant,Resistant,Sensitive,Resistant,Resistant,Resistant,Resistant,Sensitive,Resistant,Undetermined
RCN24798,Vietnam,AmpSeqV2,Resistant,Sensitive,Sensitive,Resistant,Resistant,Resistant,Sensitive,Sensitive,Resistant,Undetermined
RCN24799,Vietnam,AmpSeqV2,Resistant,Resistant,Sensitive,Resistant,Resistant,Resistant,Resistant,Sensitive,Resistant,Undetermined
RCN24800,Vietnam,AmpSeqV2,Resistant,Sensitive,Sensitive,Resistant,Resistant,Resistant,Sensitive,Sensitive,Resistant,Undetermined
RCN24801,Vietnam,AmpSeqV2,Resistant,Resistant,Sensitive,Resistant,Resistant,Resistant,Resistant,Sensitive,Resistant,Undetermined
RCN24802,Vietnam,AmpSeqV2,Resistant,Resistant,Sensitive,Resistant,Resistant,Resistant,Resistant,Sensitive,Resistant,Undetermined
RCN24803,Vietnam,AmpSeqV2,Resistant,Resistant,Sensitive,Resistant,Resistant,Resistant,Resistant,Sensitive,Resistant,Undetermined
RCN24804,Vietnam,AmpSeqV2,Resistant,Resistant,Sensitive,Resistant,Resistant,Resistant,Resistant,Sensitive,Resistant,Undetermined
RCN24806,Vietnam,AmpSeqV2,Resistant,Resistant,Sensitive,Resistant,Resistant,Resistant,Resistant,Sensitive,Resistant,Undetermined
RCN24807,Vietnam,AmpSeqV2,Resistant,Resistant,Sensitive,Resistant,Resistant,Resistant,Resistant,Sensitive,Resistant,Undetermined
RCN24808,Vietnam,AmpSeqV2,Resistant,Resistant,Sensitive,Resistant,Resistant,Resistant,Resistant,Sensitive,Resistant,Undetermined
RCN24809,Vietnam,AmpSeqV2,Resistant,Resistant,Sensitive,Resistant,Resistant,Resistant,Resistant,Sensitive,Resistant,Undetermined
RCN24810,Vietnam,AmpSeqV2,Resistant,Resistant,Sensitive,Resistant,Resistant,Resistant,Resistant,Sensitive,Resistant,Undetermined
RCN24811,Vietnam,AmpSeqV2,Resistant,Resistant,Sensitive,Resistant,Resistant,Resistant,Resistant,Sensitive,Resistant,Undetermined
RCN24812,Vietnam,AmpSeqV2,Resistant,Resistant,Sensitive,Resistant,Resistant,Resistant,Resistant,Sensitive,Resistant,Undetermined
RCN24813,Vietnam,AmpSeqV2,Resistant,Resistant,Sensitive,Resistant,Resistant,Resistant,Resistant,Sensitive,Resistant,Undetermined
RCN24814,Vietnam,AmpSeqV2,Resistant,Resistant,Sensitive,Resistant,Resistant,Resistant,Resistant,Sensitive,Resistant,Undetermined
RCN24815,Vietnam,AmpSeqV2,Resistant,Resistant,Sensitive,Resistant,Resistant,Resistant,Resistant,Sensitive,Resistant,Undetermined
RCN24816,Vietnam,AmpSeqV2,Resistant,Resistant,Sensitive,Resistant,Resistant,Resistant,Resistant,Sensitive,Resistant,Undetermined
RCN24817,Vietnam,AmpSeqV2,Resistant,Resistant,Sensitive,Resistant,Resistant,Resistant,Resistant,Sensitive,Resistant,Undetermined
RCN24818,Vietnam,AmpSeqV2,Resistant,Resistant,Sensitive,Resistant,Resistant,Resistant,Resistant,Sensitive,Resistant,Undetermined
RCN24819,Vietnam,AmpSeqV2,Resistant,Resistant,Sensitive,Resistant,Resistant,Resistant,Resistant,Sensitive,Resistant,Undetermined
RCN24821,Vietnam,AmpSeqV2,Resistant,Resistant,Sensitive,Resistant,Resistant,Resistant,Resistant,Sensitive,Resistant,Undetermined
RCN24822,Vietnam,AmpSeqV2,Resistant,Sensitive,Sensitive,Resistant,Resistant,Resistant,Sensitive,Sensitive,Resistant,Undetermined
RCN24823,Vietnam,AmpSeqV2,Resistant,Resistant,Sensitive,Resistant,Resistant,Resistant,Resistant,Sensitive,Resistant,Undetermined
RCN24824,Vietnam,AmpSeqV2,Resistant,Resistant,Sensitive,Resistant,Resistant,Resistant,Resistant,Sensitive,Resistant,Undetermined
RCN24825,Vietnam,AmpSeqV2,Resistant,Resistant,Sensitive,Resistant,Resistant,Resistant,Resistant,Sensitive,Resistant,Undetermined
RCN24827,Vietnam,AmpSeqV2,Resistant,Resistant,Sensitive,Resistant,Resistant,Resistant,Resistant,Sensitive,Resistant,Undetermined
RCN24828,Vietnam,AmpSeqV2,Resistant,Resistant,Sensitive,Resistant,Resistant,Resistant,Resistant,Sensitive,Resistant,Undetermined
RCN24829,Vietnam,AmpSeqV2,Resistant,Resistant,Sensitive,Resistant,Resistant,Resistant,Resistant,Sensitive,Resistant,Undetermined
RCN24831,Vietnam,AmpSeqV2,Resistant,Resistant,Sensitive,Resistant,Resistant,Resistant,Resistant,Sensitive,Resistant,Undetermined
RCN24832,Vietnam,AmpSeqV2,Resistant,Resistant,Sensitive,Resistant,Resistant,Resistant,Resistant,Sensitive,Resistant,Undetermined
RCN24833,Vietnam,AmpSeqV2,Sensitive,Sensitive,Sensitive,Sensitive,Resistant,Resistant,Sensitive,Sensitive,Resistant,Sensitive
RCN24834,Vietnam,AmpSeqV2,Resistant,Resistant,Sensitive,Resistant,Resistant,Resistant,Resistant,Sensitive,Resistant,Undetermined
RCN24838,Vietnam,AmpSeqV2,Resistant,Resistant,Sensitive,Resistant,Resistant,Resistant,Resistant,Sensitive,Resistant,Undetermined
RCN24839,Vietnam,AmpSeqV2,Resistant,Resistant,Sensitive,Resistant,Resistant,Resistant,Resistant,Sensitive,Resistant,Undetermined
RCN24840,Vietnam,AmpSeqV2,Resistant,Resistant,Sensitive,Resistant,Resistant,Resistant,Resistant,Sensitive,Resistant,Undetermined
RCN24842,Vietnam,AmpSeqV2,Resistant,Resistant,Sensitive,Resistant,Resistant,Resistant,Resistant,Sensitive,Resistant,Undetermined
RCN24851,Vietnam,AmpSeqV2,Resistant,Resistant,Sensitive,Resistant,Resistant,Resistant,Resistant,Sensitive,Resistant,Undetermined
RCN24853,Vietnam,AmpSeqV2,Resistant,Resistant,Sensitive,Resistant,Resistant,Resistant,Resistant,Sensitive,Resistant,Undetermined
RCN24856,Vietnam,AmpSeqV2,Resistant,Resistant,Sensitive,Resistant,Resistant,Resistant,Resistant,Sensitive,Resistant,Undetermined
RCN24857,Vietnam,AmpSeqV2,Resistant,Resistant,Sensitive,Resistant,Resistant,Resistant,Resistant,Sensitive,Resistant,Undetermined
RCN24859,Vietnam,AmpSeqV2,Resistant,Resistant,Sensitive,Resistant,Resistant,Resistant,Resistant,Sensitive,Resistant,Undetermined
RCN24860,Vietnam,AmpSeqV2,Resistant,Resistant,Sensitive,Resistant,Resistant,Resistant,Resistant,Sensitive,Resistant,Undetermined
RCN24862,Vietnam,AmpSeqV2,Resistant,Resistant,Sensitive,Resistant,Resistant,Resistant,Resistant,Sensitive,Resistant,Undetermined
RCN24864,Vietnam,AmpSeqV2,Resistant,Resistant,Sensitive,Resistant,Resistant,Resistant,Resistant,Sensitive,Resistant,Undetermined
RCN24867,Vietnam,AmpSeqV2,Resistant,Resistant,Sensitive,Resistant,Resistant,Resistant,Resistant,Sensitive,Resistant,Undetermined
RCN24870,Vietnam,AmpSeqV2,Resistant,Resistant,Sensitive,Resistant,Resistant,Resistant,Resistant,Sensitive,Resistant,Undetermined
RCN24871,Vietnam,AmpSeqV2,Resistant,Resistant,Sensitive,Resistant,Resistant,Resistant,Resistant,Sensitive,Resistant,Undetermined
RCN24873,Vietnam,AmpSeqV2,Resistant,Resistant,Sensitive,Resistant,Resistant,Resistant,Resistant,Sensitive,Resistant,Undetermined
RCN24874,Vietnam,AmpSeqV2,Resistant,Resistant,Sensitive,Resistant,Resistant,Resistant,Resistant,Sensitive,Resistant,Undetermined
RCN24877,Vietnam,AmpSeqV2,Resistant,Sensitive,Sensitive,Resistant,Resistant,Resistant,Sensitive,Sensitive,Resistant,Undetermined
RCN24878,Vietnam,AmpSeqV2,Resistant,Resistant,Sensitive,Resistant,Resistant,Resistant,Resistant,Sensitive,Resistant,Undetermined
RCN24883,Vietnam,AmpSeqV2,Resistant,Resistant,Sensitive,Resistant,Resistant,Resistant,Resistant,Sensitive,Resistant,Undetermined
RCN24884,Vietnam,AmpSeqV2,Resistant,Resistant,Sensitive,Resistant,Resistant,Resistant,Resistant,Sensitive,Resistant,Undetermined
RCN24885,Vietnam,AmpSeqV2,Resistant,Resistant,Sensitive,Resistant,Resistant,Resistant,Resistant,Sensitive,Resistant,Undetermined
RCN24888,Vietnam,AmpSeqV2,Sensitive,Sensitive,Sensitive,Resistant,Resistant,Resistant,Sensitive,Sensitive,Resistant,Sensitive
RCN24889,Vietnam,AmpSeqV2,Resistant,Resistant,Sensitive,Resistant,Resistant,Resistant,Resistant,Sensitive,Resistant,Undetermined
RCN24890,Vietnam,AmpSeqV2,Resistant,Resistant,Sensitive,Resistant,Resistant,Resistant,Resistant,Sensitive,Resistant,Undetermined
RCN24892,Vietnam,AmpSeqV2,Resistant,Resistant,Sensitive,Resistant,Resistant,Resistant,Resistant,Sensitive,Resistant,Undetermined
RCN24894,Vietnam,AmpSeqV2,Resistant,Resistant,Sensitive,Resistant,Resistant,Resistant,Resistant,Sensitive,Resistant,Undetermined
RCN24895,Vietnam,AmpSeqV2,Resistant,Sensitive,Sensitive,Resistant,Resistant,Resistant,Sensitive,Sensitive,Resistant,Undetermined
RCN24896,Vietnam,AmpSeqV2,Resistant,Resistant,Sensitive,Resistant,Resistant,Resistant,Resistant,Sensitive,Resistant,Undetermined
RCN24898,Vietnam,AmpSeqV2,Resistant,Resistant,Sensitive,Resistant,Resistant,Resistant,Resistant,Sensitive,Resistant,Undetermined
RCN24900,Vietnam,AmpSeqV2,Resistant,Resistant,Sensitive,Resistant,Resistant,Resistant,Resistant,Sensitive,Resistant,Undetermined
RCN24904,Vietnam,AmpSeqV2,Resistant,Resistant,Sensitive,Resistant,Resistant,Resistant,Resistant,Sensitive,Resistant,Undetermined
RCN24906,Vietnam,AmpSeqV2,Sensitive,Sensitive,Sensitive,Resistant,Resistant,Resistant,Sensitive,Sensitive,Resistant,Sensitive
RCN24907,Vietnam,AmpSeqV2,Resistant,Resistant,Sensitive,Resistant,Resistant,Resistant,Resistant,Sensitive,Resistant,Undetermined
RCN24909,Vietnam,AmpSeqV2,Sensitive,Sensitive,Sensitive,Resistant,Resistant,Resistant,Sensitive,Sensitive,Resistant,Sensitive
RCN24910,Vietnam,AmpSeqV2,Sensitive,Sensitive,Sensitive,Resistant,Resistant,Resistant,Sensitive,Sensitive,Resistant,Sensitive
RCN24911,Vietnam,AmpSeqV2,Sensitive,Sensitive,Sensitive,Resistant,Resistant,Resistant,Sensitive,Sensitive,Resistant,Sensitive
RCN24912,Vietnam,AmpSeqV2,Resistant,Resistant,Sensitive,Resistant,Resistant,Resistant,Resistant,Sensitive,Resistant,Undetermined
RCN24913,Vietnam,AmpSeqV2,Sensitive,Sensitive,Sensitive,Resistant,Resistant,Resistant,Sensitive,Sensitive,Resistant,Sensitive
RCN24914,Vietnam,AmpSeqV2,Sensitive,Sensitive,Sensitive,Resistant,Resistant,Resistant,Sensitive,Sensitive,Resistant,Sensitive
RCN24915,Vietnam,AmpSeqV2,Resistant,Sensitive,Sensitive,Resistant,Resistant,Resistant,Sensitive,Sensitive,Resistant,Undetermined
RCN24916,Vietnam,AmpSeqV2,Resistant,Resistant,Sensitive,Resistant,Resistant,Resistant,Resistant,Sensitive,Resistant,Undetermined
RCN24917,Vietnam,AmpSeqV2,Resistant,Resistant,Sensitive,Resistant,Resistant,Resistant,Resistant,Sensitive,Resistant,Undetermined
RCN24918,Vietnam,AmpSeqV2,Sensitive,Sensitive,Sensitive,Resistant,Resistant,Sensitive,Sensitive,Sensitive,Sensitive,Sensitive
RCN24922,Vietnam,AmpSeqV2,Resistant,Resistant,Sensitive,Resistant,Resistant,Resistant,Resistant,Sensitive,Resistant,Undetermined
RCN24923,Vietnam,AmpSeqV2,Resistant,Resistant,Sensitive,Resistant,Resistant,Resistant,Resistant,Sensitive,Resistant,Undetermined
RCN24925,Vietnam,AmpSeqV2,Resistant,Sensitive,Sensitive,Resistant,Resistant,Resistant,Sensitive,Sensitive,Resistant,Undetermined
RCN24926,Vietnam,AmpSeqV2,Resistant,Sensitive,Sensitive,Resistant,Resistant,Resistant,Sensitive,Sensitive,Resistant,Undetermined
RCN24927,Vietnam,AmpSeqV2,Resistant,Resistant,Sensitive,Resistant,Resistant,Resistant,Resistant,Sensitive,Resistant,Undetermined
RCN24928,Vietnam,AmpSeqV2,Resistant,Resistant,Sensitive,Resistant,Resistant,Resistant,Resistant,Sensitive,Resistant,Undetermined
RCN24930,Vietnam,AmpSeqV2,Resistant,Resistant,Sensitive,Resistant,Resistant,Resistant,Resistant,Sensitive,Resistant,Undetermined
RCN24931,Vietnam,AmpSeqV2,Resistant,Resistant,Sensitive,Resistant,Resistant,Resistant,Resistant,Sensitive,Resistant,Undetermined
RCN24932,Vietnam,AmpSeqV2,Resistant,Resistant,Sensitive,Resistant,Resistant,Resistant,Resistant,Sensitive,Resistant,Undetermined
RCN24933,Vietnam,AmpSeqV2,Resistant,Resistant,Sensitive,Resistant,Resistant,Resistant,Resistant,Sensitive,Resistant,Undetermined
RCN24934,Vietnam,AmpSeqV2,Resistant,Resistant,Sensitive,Resistant,Resistant,Resistant,Resistant,Sensitive,Resistant,Undetermined
RCN24935,Vietnam,AmpSeqV2,Resistant,Resistant,Sensitive,Resistant,Resistant,Resistant,Resistant,Sensitive,Resistant,Undetermined
RCN24936,Vietnam,AmpSeqV2,Resistant,Sensitive,Sensitive,Resistant,Resistant,Resistant,Sensitive,Sensitive,Resistant,Undetermined
RCN24937,Vietnam,AmpSeqV2,Resistant,Resistant,Sensitive,Resistant,Resistant,Resistant,Resistant,Sensitive,Resistant,Undetermined
RCN24938,Vietnam,AmpSeqV2,Resistant,Resistant,Sensitive,Resistant,Resistant,Resistant,Resistant,Sensitive,Resistant,Undetermined
RCN24939,Vietnam,AmpSeqV2,Resistant,Resistant,Sensitive,Resistant,Resistant,Resistant,Resistant,Sensitive,Resistant,Undetermined
RCN24940,Vietnam,AmpSeqV2,Resistant,Resistant,Sensitive,Resistant,Resistant,Resistant,Resistant,Sensitive,Resistant,Undetermined
RCN24941,Vietnam,AmpSeqV2,Resistant,Resistant,Sensitive,Resistant,Resistant,Resistant,Resistant,Sensitive,Resistant,Undetermined
RCN24942,Vietnam,AmpSeqV2,Resistant,Resistant,Sensitive,Resistant,Resistant,Resistant,Resistant,Sensitive,Resistant,Undetermined
RCN24943,Vietnam,AmpSeqV2,Resistant,Resistant,Sensitive,Resistant,Resistant,Resistant,Resistant,Sensitive,Resistant,Undetermined
RCN24944,Vietnam,AmpSeqV2,Resistant,Resistant,Sensitive,Resistant,Resistant,Resistant,Resistant,Sensitive,Resistant,Undetermined
RCN24945,Vietnam,AmpSeqV2,Resistant,Resistant,Sensitive,Resistant,Resistant,Resistant,Resistant,Sensitive,Resistant,Undetermined
RCN24946,Vietnam,AmpSeqV2,Resistant,Resistant,Sensitive,Resistant,Resistant,Resistant,Resistant,Sensitive,Resistant,Undetermined
RCN24947,Vietnam,AmpSeqV2,Resistant,Resistant,Sensitive,Resistant,Resistant,Resistant,Resistant,Sensitive,Resistant,Undetermined
RCN24951,Vietnam,AmpSeqV2,Resistant,Resistant,Sensitive,Resistant,Resistant,Resistant,Resistant,Sensitive,Resistant,Undetermined
RCN24953,Vietnam,AmpSeqV2,Resistant,Resistant,Sensitive,Resistant,Resistant,Resistant,Resistant,Sensitive,Resistant,Undetermined
RCN24954,Vietnam,AmpSeqV2,Resistant,Resistant,Sensitive,Resistant,Resistant,Resistant,Resistant,Sensitive,Resistant,Undetermined
RCN24955,Vietnam,AmpSeqV2,Resistant,Resistant,Sensitive,Resistant,Resistant,Resistant,Resistant,Sensitive,Resistant,Undetermined
RCN24957,Vietnam,AmpSeqV2,Resistant,Sensitive,Sensitive,Resistant,Resistant,Resistant,Sensitive,Sensitive,Resistant,Undetermined
RCN24959,Vietnam,AmpSeqV2,Resistant,Resistant,Sensitive,Resistant,Resistant,Resistant,Resistant,Sensitive,Resistant,Undetermined
RCN24960,Vietnam,AmpSeqV2,Resistant,Resistant,Sensitive,Resistant,Resistant,Resistant,Resistant,Sensitive,Resistant,Undetermined
RCN24961,Vietnam,AmpSeqV2,Resistant,Resistant,Sensitive,Resistant,Resistant,Resistant,Resistant,Sensitive,Resistant,Undetermined
RCN24963,Vietnam,AmpSeqV2,Resistant,Resistant,Sensitive,Resistant,Resistant,Resistant,Resistant,Sensitive,Resistant,Undetermined
RCN24964,Vietnam,AmpSeqV2,Resistant,Resistant,Sensitive,Resistant,Resistant,Resistant,Resistant,Sensitive,Resistant,Undetermined
RCN24965,Vietnam,AmpSeqV2,Resistant,Resistant,Sensitive,Resistant,Resistant,Resistant,Resistant,Sensitive,Resistant,Undetermined
RCN24966,Vietnam,AmpSeqV2,Resistant,Resistant,Sensitive,Resistant,Resistant,Resistant,Resistant,Sensitive,Resistant,Undetermined
RCN24967,Vietnam,AmpSeqV2,Resistant,Resistant,Sensitive,Resistant,Resistant,Resistant,Resistant,Sensitive,Resistant,Undetermined
RCN24968,Vietnam,AmpSeqV2,Resistant,Resistant,Sensitive,Resistant,Resistant,Resistant,Resistant,Sensitive,Resistant,Undetermined
RCN24971,Vietnam,AmpSeqV2,Resistant,Resistant,Sensitive,Resistant,Resistant,Resistant,Resistant,Sensitive,Resistant,Undetermined
RCN24972,Vietnam,AmpSeqV2,Resistant,Resistant,Sensitive,Resistant,Resistant,Resistant,Resistant,Sensitive,Resistant,Undetermined
RCN24974,Vietnam,AmpSeqV2,Resistant,Resistant,Sensitive,Resistant,Resistant,Resistant,Resistant,Sensitive,Resistant,Undetermined
RCN24978,Vietnam,AmpSeqV2,Resistant,Resistant,Sensitive,Resistant,Resistant,Resistant,Resistant,Sensitive,Resistant,Undetermined
RCN24981,Vietnam,AmpSeqV2,Resistant,Resistant,Sensitive,Resistant,Resistant,Resistant,Resistant,Sensitive,Resistant,Undetermined
RCN24982,Vietnam,AmpSeqV2,Resistant,Resistant,Sensitive,Resistant,Resistant,Resistant,Resistant,Sensitive,Resistant,Undetermined
RCN24983,Vietnam,AmpSeqV2,Resistant,Resistant,Sensitive,Resistant,Resistant,Resistant,Resistant,Sensitive,Resistant,Undetermined
RCN24985,Vietnam,AmpSeqV2,Resistant,Resistant,Sensitive,Resistant,Resistant,Resistant,Resistant,Sensitive,Resistant,Undetermined
RCN24986,Vietnam,AmpSeqV2,Resistant,Sensitive,Sensitive,Resistant,Resistant,Resistant,Sensitive,Sensitive,Resistant,Undetermined
RCN24987,Vietnam,AmpSeqV2,Resistant,Sensitive,Sensitive,Resistant,Resistant,Resistant,Sensitive,Sensitive,Resistant,Undetermined
RCN24988,Vietnam,AmpSeqV2,Resistant,Resistant,Sensitive,Resistant,Resistant,Resistant,Resistant,Sensitive,Resistant,Undetermined
RCN24989,Vietnam,AmpSeqV2,Resistant,Resistant,Sensitive,Resistant,Resistant,Resistant,Resistant,Sensitive,Resistant,Undetermined
RCN24991,Vietnam,AmpSeqV2,Resistant,Resistant,Sensitive,Resistant,Resistant,Resistant,Resistant,Sensitive,Resistant,Undetermined
RCN24994,Vietnam,AmpSeqV2,Resistant,Sensitive,Sensitive,Resistant,Resistant,Resistant,Sensitive,Sensitive,Resistant,Undetermined
RCN24995,Vietnam,AmpSeqV2,Resistant,Sensitive,Sensitive,Resistant,Resistant,Resistant,Sensitive,Sensitive,Resistant,Undetermined
RCN24996,Vietnam,AmpSeqV2,Resistant,Resistant,Sensitive,Resistant,Resistant,Resistant,Resistant,Sensitive,Resistant,Undetermined
RCN24997,Vietnam,AmpSeqV2,Resistant,Resistant,Sensitive,Resistant,Resistant,Resistant,Resistant,Sensitive,Resistant,Undetermined
RCN24998,Vietnam,AmpSeqV2,Resistant,Resistant,Sensitive,Resistant,Resistant,Resistant,Resistant,Sensitive,Resistant,Undetermined
RCN25000,Vietnam,AmpSeqV2,Resistant,Resistant,Sensitive,Resistant,Resistant,Resistant,Resistant,Sensitive,Resistant,Undetermined
RCN25003,Vietnam,AmpSeqV2,Resistant,Resistant,Sensitive,Resistant,Resistant,Resistant,Resistant,Sensitive,Resistant,Undetermined
RCN25005,Vietnam,AmpSeqV2,Resistant,Resistant,Sensitive,Resistant,Resistant,Resistant,Resistant,Sensitive,Resistant,Undetermined
RCN25006,Vietnam,AmpSeqV2,Resistant,Sensitive,Sensitive,Resistant,Resistant,Resistant,Sensitive,Sensitive,Resistant,Sensitive
RCN25007,Vietnam,AmpSeqV2,Resistant,Resistant,Sensitive,Resistant,Resistant,Resistant,Resistant,Sensitive,Resistant,Undetermined
RCN25008,Vietnam,AmpSeqV2,Resistant,Resistant,Sensitive,Resistant,Resistant,Resistant,Resistant,Sensitive,Resistant,Undetermined
RCN25009,Vietnam,AmpSeqV2,Resistant,Resistant,Sensitive,Resistant,Resistant,Resistant,Resistant,Sensitive,Resistant,Undetermined
RCN25010,Vietnam,AmpSeqV2,Resistant,Resistant,Sensitive,Resistant,Resistant,Resistant,Resistant,Sensitive,Resistant,Undetermined
RCN25011,Vietnam,AmpSeqV2,Resistant,Resistant,Sensitive,Resistant,Resistant,Resistant,Resistant,Sensitive,Resistant,Undetermined
RCN25012,Vietnam,AmpSeqV2,Resistant,Resistant,Sensitive,Resistant,Resistant,Resistant,Resistant,Sensitive,Resistant,Undetermined
RCN25013,Vietnam,AmpSeqV2,Resistant,Resistant,Sensitive,Resistant,Resistant,Resistant,Resistant,Sensitive,Resistant,Undetermined
RCN25014,Vietnam,AmpSeqV2,Resistant,Resistant,Sensitive,Resistant,Resistant,Resistant,Resistant,Sensitive,Resistant,Undetermined
RCN25015,Vietnam,AmpSeqV2,Resistant,Resistant,Sensitive,Resistant,Resistant,Resistant,Resistant,Sensitive,Resistant,Undetermined
RCN25016,Vietnam,AmpSeqV2,Resistant,Resistant,Sensitive,Resistant,Resistant,Resistant,Resistant,Sensitive,Resistant,Undetermined
RCN25017,Vietnam,AmpSeqV2,Resistant,Resistant,Sensitive,Resistant,Resistant,Resistant,Resistant,Sensitive,Resistant,Undetermined
RCN25018,Vietnam,AmpSeqV2,Resistant,Resistant,Sensitive,Resistant,Resistant,Resistant,Resistant,Sensitive,Resistant,Undetermined
RCN25019,Vietnam,AmpSeqV2,Resistant,Resistant,Sensitive,Resistant,Resistant,Resistant,Resistant,Sensitive,Resistant,Undetermined
RCN25020,Vietnam,AmpSeqV2,Resistant,Resistant,Sensitive,Resistant,Resistant,Resistant,Resistant,Sensitive,Resistant,Undetermined
RCN25021,Vietnam,AmpSeqV2,Resistant,Resistant,Sensitive,Resistant,Resistant,Resistant,Resistant,Sensitive,Resistant,Undetermined
RCN25022,Vietnam,AmpSeqV2,Resistant,Resistant,Sensitive,Resistant,Resistant,Resistant,Resistant,Sensitive,Resistant,Undetermined
RCN25023,Vietnam,AmpSeqV2,Resistant,Resistant,Sensitive,Resistant,Resistant,Resistant,Resistant,Sensitive,Resistant,Undetermined
RCN25024,Vietnam,AmpSeqV2,Resistant,Sensitive,Sensitive,Resistant,Resistant,Resistant,Sensitive,Sensitive,Resistant,Undetermined
RCN25025,Vietnam,AmpSeqV2,Resistant,Resistant,Sensitive,Resistant,Resistant,Resistant,Resistant,Sensitive,Resistant,Undetermined
RCN25026,Vietnam,AmpSeqV2,Resistant,Resistant,Sensitive,Resistant,Resistant,Resistant,Resistant,Sensitive,Resistant,Undetermined
RCN25027,Vietnam,AmpSeqV2,Resistant,Resistant,Sensitive,Resistant,Resistant,Resistant,Resistant,Sensitive,Resistant,Undetermined
RCN25028,Vietnam,AmpSeqV2,Resistant,Resistant,Sensitive,Resistant,Resistant,Resistant,Resistant,Sensitive,Resistant,Undetermined
RCN25029,Vietnam,AmpSeqV2,Resistant,Resistant,Sensitive,Resistant,Resistant,Resistant,Resistant,Sensitive,Resistant,Undetermined
RCN25061,Vietnam,AmpSeqV2,Resistant,Resistant,Sensitive,Resistant,Resistant,Resistant,Resistant,Sensitive,Resistant,Undetermined
RCN25068,Vietnam,AmpSeqV2,Resistant,Resistant,Sensitive,Resistant,Resistant,Resistant,Resistant,Sensitive,Resistant,Undetermined
RCN25076,Vietnam,AmpSeqV2,Resistant,Resistant,Sensitive,Resistant,Resistant,Resistant,Resistant,Sensitive,Resistant,Undetermined
RCN25079,Vietnam,AmpSeqV2,Sensitive,Sensitive,Sensitive,Resistant,Resistant,Resistant,Sensitive,Sensitive,Resistant,Sensitive
RCN25081,Vietnam,AmpSeqV2,Resistant,Resistant,Sensitive,Resistant,Resistant,Resistant,Resistant,Sensitive,Resistant,Undetermined
RCN25083,Vietnam,AmpSeqV2,Resistant,Sensitive,Sensitive,Resistant,Resistant,Resistant,Sensitive,Sensitive,Resistant,Undetermined
RCN25084,Vietnam,AmpSeqV2,Resistant,Resistant,Sensitive,Resistant,Resistant,Resistant,Resistant,Sensitive,Resistant,Undetermined
RCN25085,Vietnam,AmpSeqV2,Resistant,Sensitive,Sensitive,Resistant,Resistant,Resistant,Sensitive,Sensitive,Resistant,Undetermined
RCN25091,Vietnam,AmpSeqV2,Resistant,Resistant,Sensitive,Resistant,Resistant,Resistant,Resistant,Sensitive,Resistant,Undetermined
RCN25093,Vietnam,AmpSeqV2,Resistant,Resistant,Sensitive,Resistant,Resistant,Resistant,Resistant,Sensitive,Resistant,Undetermined
RCN25097,Vietnam,AmpSeqV2,Resistant,Resistant,Sensitive,Resistant,Resistant,Resistant,Resistant,Sensitive,Resistant,Undetermined
RCN25099,Vietnam,AmpSeqV2,Resistant,Resistant,Sensitive,Resistant,Resistant,Resistant,Resistant,Sensitive,Resistant,Undetermined
RCN25103,Vietnam,AmpSeqV2,Resistant,Resistant,Sensitive,Resistant,Resistant,Resistant,Resistant,Sensitive,Resistant,Undetermined
RCN25104,Vietnam,AmpSeqV2,Resistant,Resistant,Sensitive,Resistant,Resistant,Resistant,Resistant,Sensitive,Resistant,Undetermined
RCN25105,Vietnam,AmpSeqV2,Resistant,Resistant,Sensitive,Resistant,Resistant,Resistant,Resistant,Sensitive,Resistant,Undetermined
RCN25107,Vietnam,AmpSeqV2,Resistant,Resistant,Sensitive,Resistant,Resistant,Resistant,Resistant,Sensitive,Resistant,Undetermined
RCN25108,Vietnam,AmpSeqV2,Resistant,Resistant,Sensitive,Resistant,Resistant,Resistant,Resistant,Sensitive,Resistant,Undetermined
RCN25118,Vietnam,AmpSeqV2,Resistant,Resistant,Sensitive,Resistant,Resistant,Resistant,Resistant,Sensitive,Resistant,Undetermined
RCN25119,Vietnam,AmpSeqV2,Resistant,Resistant,Sensitive,Resistant,Resistant,Resistant,Resistant,Sensitive,Resistant,Undetermined
RCN25120,Vietnam,AmpSeqV2,Resistant,Resistant,Sensitive,Resistant,Resistant,Resistant,Resistant,Sensitive,Resistant,Undetermined
RCN25125,Vietnam,AmpSeqV2,Resistant,Resistant,Sensitive,Resistant,Resistant,Resistant,Resistant,Sensitive,Resistant,Undetermined
RCN25129,Vietnam,AmpSeqV2,Resistant,Resistant,Sensitive,Resistant,Resistant,Resistant,Resistant,Sensitive,Resistant,Undetermined
RCN25130,Vietnam,AmpSeqV2,Resistant,Resistant,Sensitive,Resistant,Resistant,Resistant,Resistant,Sensitive,Resistant,Undetermined
RCN25137,Vietnam,AmpSeqV2,Resistant,Resistant,Sensitive,Resistant,Resistant,Resistant,Resistant,Sensitive,Resistant,Undetermined
RCN25143,Vietnam,AmpSeqV2,Resistant,Resistant,Sensitive,Resistant,Resistant,Resistant,Resistant,Sensitive,Resistant,Undetermined
RCN25145,Vietnam,AmpSeqV2,Resistant,Resistant,Sensitive,Resistant,Resistant,Resistant,Resistant,Sensitive,Resistant,Undetermined
RCN25153,Vietnam,AmpSeqV2,Sensitive,Sensitive,Sensitive,Resistant,Resistant,Resistant,Sensitive,Sensitive,Resistant,Sensitive
RCN25158,Vietnam,AmpSeqV2,Resistant,Resistant,Sensitive,Resistant,Resistant,Resistant,Resistant,Sensitive,Resistant,Undetermined
RCN25162,Vietnam,AmpSeqV2,Resistant,Resistant,Sensitive,Resistant,Resistant,Resistant,Resistant,Sensitive,Resistant,Undetermined
RCN25170,Vietnam,AmpSeqV2,Resistant,Resistant,Sensitive,Resistant,Resistant,Resistant,Resistant,Sensitive,Resistant,Undetermined
RCN25177,Vietnam,AmpSeqV2,Resistant,Resistant,Sensitive,Resistant,Resistant,Resistant,Resistant,Sensitive,Resistant,Undetermined
RCN25178,Vietnam,AmpSeqV2,Resistant,Resistant,Sensitive,Resistant,Resistant,Resistant,Resistant,Sensitive,Resistant,Undetermined
RCN25179,Vietnam,AmpSeqV2,Resistant,Resistant,Sensitive,Resistant,Resistant,Resistant,Resistant,Sensitive,Resistant,Undetermined
RCN25190,Laos,AmpSeqV2,Resistant,Resistant,Sensitive,Resistant,Resistant,Resistant,Resistant,Sensitive,Resistant,Resistant
RCN25251,Laos,AmpSeqV2,Resistant,Sensitive,Sensitive,Resistant,Resistant,Resistant,Sensitive,Sensitive,Resistant,Sensitive
RCN25252,Laos,AmpSeqV2,Resistant,Sensitive,Resistant,Resistant,Resistant,Resistant,Sensitive,Resistant,Resistant,Sensitive
RCN25319,Laos,AmpSeqV2,Sensitive,Sensitive,Sensitive,Resistant,Resistant,Resistant,Sensitive,Sensitive,Resistant,Resistant
RCN25908,Laos,AmpSeqV2,Sensitive,Sensitive,Sensitive,Resistant,Resistant,Sensitive,Sensitive,Sensitive,Resistant,Sensitive
RCN25935,Laos,AmpSeqV2,Sensitive,Sensitive,Sensitive,Resistant,Resistant,Resistant,Sensitive,Sensitive,Resistant,Sensitive
RCN25937,Laos,AmpSeqV2,Sensitive,Sensitive,Sensitive,Resistant,Resistant,Resistant,Sensitive,Sensitive,Resistant,Sensitive
RCN25942,Laos,AmpSeqV2,Sensitive,Sensitive,Sensitive,Resistant,Resistant,Sensitive,Sensitive,Sensitive,Resistant,Sensitive
RCN25946,Laos,AmpSeqV2,Resistant,Sensitive,Sensitive,Resistant,Resistant,Resistant,Sensitive,Sensitive,Resistant,Undetermined
RCN25957,Laos,AmpSeqV2,Sensitive,Sensitive,Sensitive,Resistant,Resistant,Sensitive,Sensitive,Sensitive,Resistant,Sensitive
RCN25958,Laos,AmpSeqV2,Sensitive,Sensitive,Sensitive,Resistant,Resistant,Sensitive,Sensitive,Sensitive,Resistant,Sensitive
RCN25976,Laos,AmpSeqV2,Sensitive,Sensitive,Sensitive,Resistant,Resistant,Sensitive,Sensitive,Sensitive,Sensitive,Sensitive
RCN25983,Laos,AmpSeqV2,Sensitive,Sensitive,Sensitive,Resistant,Resistant,Sensitive,Sensitive,Sensitive,Sensitive,Sensitive
RCN25994,Laos,AmpSeqV2,Sensitive,Sensitive,Sensitive,Resistant,Resistant,Sensitive,Sensitive,Sensitive,Sensitive,Sensitive
RCN26582,Laos,AmpSeqV2,Resistant,Sensitive,Sensitive,Resistant,Resistant,Resistant,Sensitive,Sensitive,Resistant,Sensitive
RCN26624,Laos,AmpSeqV2,Sensitive,Sensitive,Sensitive,Resistant,Resistant,Sensitive,Sensitive,Sensitive,Resistant,Sensitive
RCN26637,Laos,AmpSeqV2,Resistant,Sensitive,Sensitive,Resistant,Resistant,Resistant,Sensitive,Sensitive,Resistant,Sensitive
RCN26646,Laos,AmpSeqV2,Resistant,Resistant,Sensitive,Resistant,Resistant,Resistant,Resistant,Sensitive,Resistant,Undetermined
RCN26647,Laos,AmpSeqV2,Resistant,Sensitive,Sensitive,Resistant,Resistant,Resistant,Sensitive,Sensitive,Resistant,Sensitive
RCN26663,Laos,AmpSeqV2,Sensitive,Sensitive,Sensitive,Resistant,Resistant,Sensitive,Sensitive,Sensitive,Resistant,Sensitive
RCN26664,Laos,AmpSeqV2,Resistant,Sensitive,Sensitive,Resistant,Resistant,Resistant,Sensitive,Sensitive,Resistant,Sensitive
RCN26673,Laos,AmpSeqV2,Resistant,Sensitive,Sensitive,Resistant,Resistant,Resistant,Sensitive,Sensitive,Resistant,Sensitive
RCN26677,Laos,AmpSeqV2,Resistant,Sensitive,Sensitive,Resistant,Resistant,Resistant,Sensitive,Sensitive,Resistant,Sensitive
RCN26728,Laos,AmpSeqV2,Resistant,Sensitive,Sensitive,Resistant,Resistant,Resistant,Sensitive,Sensitive,Resistant,Sensitive
RCN26735,Laos,AmpSeqV2,Sensitive,Sensitive,Sensitive,Resistant,Sensitive,Sensitive,Sensitive,Sensitive,Sensitive,Sensitive
RCN26736,Laos,AmpSeqV2,Sensitive,Sensitive,Sensitive,Sensitive,Resistant,Sensitive,Sensitive,Sensitive,Sensitive,Sensitive
RCN26765,Laos,AmpSeqV2,Sensitive,Sensitive,Sensitive,Resistant,Resistant,Sensitive,Sensitive,Sensitive,Sensitive,Sensitive
RCN26767,Laos,AmpSeqV2,Resistant,Sensitive,Sensitive,Resistant,Resistant,Resistant,Sensitive,Sensitive,Resistant,Sensitive
RCN26775,Laos,AmpSeqV2,Sensitive,Sensitive,Sensitive,Resistant,Resistant,Sensitive,Sensitive,Sensitive,Sensitive,Sensitive
RCN26820,Laos,AmpSeqV2,Resistant,Sensitive,Sensitive,Resistant,Resistant,Resistant,Sensitive,Sensitive,Resistant,Sensitive
RCN26932,Laos,AmpSeqV2,Resistant,Sensitive,Sensitive,Resistant,Resistant,Resistant,Sensitive,Sensitive,Resistant,Sensitive
RCN26938,Laos,AmpSeqV2,Resistant,Sensitive,Sensitive,Resistant,Resistant,Resistant,Sensitive,Sensitive,Resistant,Sensitive
