sample,country,ampseq_process,fully_concordant_gt,core_mutation_dhfr_51,core_mutation_dhfr_59,core_mutation_dhfr_108,core_mutation_dhfr_164,core_mutation_crt_72,core_mutation_crt_74,core_mutation_crt_75,core_mutation_crt_76,core_mutation_crt_326,core_mutation_crt_356,core_mutation_dhps_436,core_mutation_dhps_437,core_mutation_dhps_540,core_mutation_dhps_581,core_mutation_dhps_613,core_mutation_mdr1_86,core_mutation_mdr1_184,core_mutation_mdr1_1246,core_mutation_mdr2_484,core_mutation_fd_193,core_mutation_arps10_127,core_mutation_kelch13,INSDC_Pf8,INSDC_Pf8_readcount,INSDC_GenRe_GRC1,INSDC_GenRe_GRC1_readcount,INSDC_GenRe_GRC2,INSDC_GenRe_GRC2_readcount,INSDC_GenRe_SPEC,INSDC_GenRe_SPEC_readcount
RCN12025,VN,AmpSeqV1,True,I,R,N,L,C,I,E,T,S,T,S,G,N,G,A,N,F,D,I,Y,M,C580Y,ERR15625306,13349952.0,ERR14388603,32819.0,ERR14388604,29409.0,ERR14388605,1094.0
RCN12026,VN,AmpSeqV1,True,I,R,N,L,C,I,E,T,S,T,S,G,N,G,A,N,F,D,I,Y,M,C580Y,ERR15625307,9465156.0,ERR14388606,38189.0,ERR14388607,35804.0,ERR14388608,1192.0
RCN12028,VN,AmpSeqV1,True,I,R,N,L,C,I,E,T,S,T,S,G,N,G,A,N,F,D,I,Y,M,C580Y,ERR15625309,11012430.0,ERR14388612,32361.0,ERR14388613,34945.0,ERR14388614,1043.0
RCN12031,VN,AmpSeqV1,True,I,R,N,L,C,I,E,T,S,T,S,G,N,G,A,N,F,D,I,Y,M,C580Y,ERR15625310,12979165.0,ERR14388621,21483.0,ERR14388622,16867.0,ERR14388623,293.0
RCN12032,VN,AmpSeqV1,True,I,R,N,I,C,I,E,T,S,T,A,G,E,A,A,N,Y,D,I,Y,M,C580Y,ERR15625311,14982320.0,ERR14388624,34578.0,ERR14388625,29608.0,ERR14388626,960.0
RCN12033,VN,AmpSeqV1,True,I,R,N,I,C,I,E,T,S,T,S,G,N,G,A,N,F,D,T,Y,M,C580Y,ERR15625312,11466623.0,ERR14388627,35936.0,ERR14388628,30872.0,ERR14388629,812.0
RCN12035,VN,AmpSeqV1,True,I,R,N,L,C,I,E,T,S,T,S,G,N,G,A,N,F,D,I,Y,M,C580Y,ERR15625314,15658787.0,ERR14388633,54194.0,ERR14388634,45722.0,ERR14388635,1747.0
RCN12036,VN,AmpSeqV1,True,I,R,N,L,C,I,E,T,S,T,S,G,N,G,A,N,F,D,I,Y,M,C580Y,ERR15625315,14558768.0,ERR14388636,28144.0,ERR14388637,29300.0,ERR14388638,858.0
RCN12040,VN,AmpSeqV1,True,I,R,N,L,C,I,E,T,S,T,S,G,N,G,A,N,F,D,I,Y,M,C580Y,ERR15625316,18413027.0,ERR14388648,40748.0,ERR14388649,43523.0,ERR14388650,1334.0
RCN12041,VN,AmpSeqV1,True,I,R,N,L,C,I,E,T,S,T,S,G,N,G,A,N,F,D,I,Y,M,C580Y,ERR15625317,16929216.0,ERR14388651,34335.0,ERR14388652,38315.0,ERR14388653,1229.0
RCN12043,VN,AmpSeqV1,True,I,R,N,I,C,I,E,T,S,T,S,G,N,G,A,N,F,D,T,Y,M,C580Y,ERR15625319,15931176.0,ERR14388657,34192.0,ERR14388658,37423.0,ERR14388659,950.0
RCN12044,VN,AmpSeqV1,True,I,R,N,I,C,I,E,T,S,T,S,G,N,G,A,N,F,D,T,Y,M,C580Y,ERR15625320,14132681.0,ERR14388660,32310.0,ERR14388661,24877.0,ERR14388662,898.0
RCN12051,VN,AmpSeqV1,True,I,R,N,I,C,I,E,T,S,T,S,G,Y,A,A,N,Y,D,I,D,M,WT,ERR15625325,17759967.0,ERR14388678,33855.0,ERR14388679,29508.0,ERR14388680,891.0
RCN12058,VN,AmpSeqV1,True,I,R,N,L,C,I,E,T,S,T,S,G,N,G,A,N,F,D,I,Y,M,C580Y,ERR15625330,5825007.0,ERR14388696,26748.0,ERR14388697,23436.0,ERR14388698,983.0
RCN12059,VN,AmpSeqV1,True,I,R,N,L,C,I,E,T,S,T,S,G,N,G,A,N,F,D,I,Y,M,C580Y,ERR15625331,10500786.0,ERR14388699,34017.0,ERR14388700,33064.0,ERR14388701,1078.0
RCN12060,VN,AmpSeqV1,True,N,R,N,I,C,I,D,T,N,I,S,G,K,A,A,N,Y,D,T,D,V,WT,ERR15625332,11040932.0,ERR14388702,37645.0,ERR14388703,34137.0,ERR14388704,958.0
RCN12070,VN,AmpSeqV1,True,I,R,N,I,C,I,E,T,S,T,S,G,E,A,A,N,Y,D,I,D,V,WT,ERR15625339,13137213.0,ERR14388726,28988.0,ERR14388727,24259.0,ERR14388728,454.0
RCN12071,VN,AmpSeqV1,True,I,R,N,L,C,I,E,T,S,T,S,G,N,G,A,N,F,D,I,Y,M,C580Y,ERR15625340,15961922.0,ERR14388729,32661.0,ERR14388730,32511.0,ERR14388731,844.0
RCN12072,VN,AmpSeqV1,True,I,R,N,L,C,I,E,T,S,T,S,G,N,G,A,N,F,D,I,Y,M,C580Y,ERR15625341,18313927.0,ERR14388732,40088.0,ERR14388733,35474.0,ERR14388734,835.0
RCN12075,VN,AmpSeqV1,True,I,R,N,I,C,I,E,T,S,T,A,G,K,A,A,N,F,D,I,Y,M,WT,ERR15625344,7737959.0,ERR14388741,42097.0,ERR14388742,35935.0,ERR14388743,1436.0
RCN12076,VN,AmpSeqV1,True,N,R,N,I,C,I,D,T,N,I,S,G,K,A,A,N,Y,D,T,D,V,WT,ERR15625345,9981052.0,ERR14388744,37664.0,ERR14388745,29405.0,ERR14388746,769.0
RCN12080,VN,AmpSeqV1,True,I,R,N,I,C,I,E,T,S,T,A,G,K,A,A,N,F,D,I,Y,M,WT,ERR15625348,5798079.0,ERR14388756,25179.0,ERR14388757,21613.0,ERR14388758,1080.0
RCN12082,VN,AmpSeqV1,True,N,R,N,I,C,I,D,T,N,I,S,G,K,A,A,N,Y,D,T,D,V,WT,ERR15625350,7157232.0,ERR14388762,29366.0,ERR14388763,27724.0,ERR14388764,1291.0
RCN12083,VN,AmpSeqV1,True,I,R,N,L,C,I,E,T,S,T,S,G,N,G,A,N,F,D,I,Y,M,C580Y,ERR15625351,13373543.0,ERR14388765,34390.0,ERR14388766,31626.0,ERR14388767,734.0
RCN12084,VN,AmpSeqV1,True,I,R,N,L,C,I,E,T,S,T,S,G,N,G,A,N,F,D,I,Y,M,C580Y,ERR15625352,10878629.0,ERR14388768,36918.0,ERR14388769,34118.0,ERR14388770,661.0
RCN12100,VN,AmpSeqV1,True,I,R,N,L,C,I,E,T,S,T,S,G,N,G,A,N,F,D,I,Y,M,C580Y,ERR15625357,13302509.0,ERR14388807,37298.0,ERR14388808,34034.0,ERR14388809,527.0
RCN12103,VN,AmpSeqV1,True,I,R,N,L,C,I,E,T,S,T,S,G,N,G,A,N,F,D,I,Y,M,C580Y,ERR15625358,12904030.0,ERR14388816,32098.0,ERR14388817,34759.0,ERR14388818,1072.0
RCN12111,VN,AmpSeqV1,True,I,R,N,L,C,I,E,T,S,T,S,G,N,G,A,N,F,D,I,Y,M,C580Y,ERR15625361,3720083.0,ERR14388834,25538.0,ERR14388835,24154.0,ERR14388836,1081.0
RCN12112,VN,AmpSeqV1,True,I,R,N,L,C,I,E,T,S,T,S,G,N,G,A,N,F,D,I,Y,M,C580Y,ERR15625362,14344311.0,ERR14388837,34576.0,ERR14388838,28288.0,ERR14388839,1011.0
RCN12115,VN,AmpSeqV1,True,I,R,N,L,C,I,E,T,S,T,S,G,N,G,A,N,F,D,I,Y,M,C580Y,ERR15625364,12365816.0,ERR14388843,32688.0,ERR14388844,27928.0,ERR14388845,748.0
RCN12116,VN,AmpSeqV1,True,I,R,N,L,C,I,E,T,S,T,S,G,N,G,A,N,F,D,I,Y,M,C580Y,ERR15625365,17860240.0,ERR14388846,34925.0,ERR14388847,31435.0,ERR14388848,735.0
RCN12676,VN,AmpSeqV2,True,I,R,N,L,C,I,E,T,S,T,S,G,N,G,A,N,F,D,I,Y,M,C580Y,ERR15625537,36350617.0,ERR14389308,36210.0,ERR14389309,40349.0,ERR14389310,1711.0
RCN12688,VN,AmpSeqV2,True,I,R,N,I,C,I,D,T,N,I,S,G,E,A,A,N,Y,D,I,D,M,WT,ERR15625541,32296242.0,ERR14389341,33794.0,ERR14389342,35914.0,ERR14389343,1109.0
RCN12689,VN,AmpSeqV2,True,I,R,N,I,C,I,D,T,N,I,S,G,E,A,A,N,Y,D,I,D,M,WT,ERR15625542,16174142.0,ERR14389344,32105.0,ERR14389345,32334.0,ERR14389346,1018.0
RCN12693,VN,AmpSeqV2,True,I,R,N,I,C,I,D,T,N,I,S,G,E,A,A,N,Y,D,I,D,M,WT,ERR15625543,30072127.0,ERR14389356,31732.0,ERR14389357,35169.0,ERR14389358,1763.0
RCN12694,VN,AmpSeqV2,True,I,R,N,I,C,I,D,T,N,I,S,G,E,A,A,N,Y,D,I,D,M,WT,ERR15625544,16841614.0,ERR14389359,38457.0,ERR14389360,38957.0,ERR14389361,1481.0
RCN12696,VN,AmpSeqV2,True,I,R,N,I,C,I,D,T,N,I,S,G,E,A,A,N,Y,D,I,D,M,WT,ERR15625545,31239826.0,ERR14389365,34526.0,ERR14389366,33984.0,ERR14389367,1210.0
RCN12698,VN,AmpSeqV2,True,I,R,N,I,C,I,D,T,N,I,S,G,E,A,A,N,Y,D,I,D,M,WT,ERR15625546,17377863.0,ERR14389371,25947.0,ERR14389372,28257.0,ERR14389373,526.0
RCN12700,VN,AmpSeqV2,True,I,R,N,I,C,I,D,T,N,I,S,G,E,A,A,N,Y,D,I,D,M,WT,ERR15625547,42260411.0,ERR14389377,30434.0,ERR14389378,37535.0,ERR14389379,1354.0
RCN12704,VN,AmpSeqV2,True,I,R,N,I,C,I,D,T,N,I,S,G,E,A,A,N,Y,D,I,D,M,WT,ERR15625548,46087602.0,ERR14389389,27892.0,ERR14389390,25550.0,ERR14389391,1195.0
RCN12710,VN,AmpSeqV2,True,I,R,N,I,C,I,E,T,S,T,A,G,K,A,A,N,Y,D,I,D,M,C580Y,ERR15625550,16664280.0,ERR14389407,25947.0,ERR14389408,27221.0,ERR14389409,988.0
RCN12712,VN,AmpSeqV2,True,I,R,N,L,C,I,E,T,S,T,S,G,N,G,A,N,F,D,I,Y,M,C580Y,ERR15625551,15358426.0,ERR14389413,34004.0,ERR14389414,32784.0,ERR14389415,1013.0
RCN12716,VN,AmpSeqV2,True,I,R,N,I,C,I,E,T,S,T,S,G,N,G,A,N,F,D,T,Y,M,C580Y,ERR15625553,22312046.0,ERR14389425,32509.0,ERR14389426,35291.0,ERR14389427,1480.0
RCN12720,VN,AmpSeqV2,True,I,R,N,L,C,I,E,T,S,T,S,G,N,G,A,N,F,D,I,Y,M,C580Y,ERR15625555,11678740.0,ERR14389434,29186.0,ERR14389435,31518.0,ERR14389436,493.0
RCN12722,VN,AmpSeqV2,True,I,R,N,L,C,I,E,T,S,T,S,G,N,G,A,N,F,D,I,Y,M,C580Y,ERR15625556,38130851.0,ERR14389440,30614.0,ERR14389441,36947.0,ERR14389442,1557.0
RCN12725,VN,AmpSeqV2,True,I,R,N,I,C,I,E,T,S,T,S,G,N,G,A,N,F,D,T,Y,M,C580Y,ERR15625558,17929460.0,ERR14389449,26625.0,ERR14389450,32412.0,ERR14389451,946.0
RCN12726,VN,AmpSeqV2,True,I,R,N,L,C,I,E,T,S,T,S,G,N,G,A,N,F,D,I,Y,M,C580Y,ERR15625559,18823944.0,ERR14389452,31544.0,ERR14389453,38292.0,ERR14389454,1371.0
RCN12732,VN,AmpSeqV2,True,I,R,N,L,C,I,E,T,S,T,S,G,N,G,A,N,F,D,I,Y,M,C580Y,ERR15625561,14949221.0,ERR14389470,37628.0,ERR14389471,41569.0,ERR14389472,1724.0
RCN12733,VN,AmpSeqV2,True,I,R,N,L,C,I,E,T,S,T,S,G,N,G,A,N,F,D,I,Y,M,C580Y,ERR15625562,16772677.0,ERR14389473,33620.0,ERR14389474,35314.0,ERR14389475,1421.0
RCN12734,VN,AmpSeqV2,True,I,R,N,L,C,I,E,T,S,T,S,G,N,G,A,N,F,D,I,Y,M,C580Y,ERR15625563,16075986.0,ERR14389476,33227.0,ERR14389477,34443.0,ERR14389478,1193.0
RCN12736,VN,AmpSeqV2,True,I,R,N,L,C,I,E,T,S,T,S,G,N,G,A,N,F,D,I,Y,M,C580Y,ERR15625564,17891624.0,ERR14389482,30782.0,ERR14389483,29146.0,ERR14389484,1176.0
RCN12737,VN,AmpSeqV2,True,I,R,N,L,C,I,E,T,S,T,S,G,N,G,A,N,F,D,I,Y,M,C580Y,ERR15625565,31564074.0,ERR14389485,29579.0,ERR14389486,31599.0,ERR14389487,1098.0
RCN12738,VN,AmpSeqV2,True,I,R,N,L,C,I,E,T,S,T,S,G,N,G,A,N,F,D,I,Y,M,C580Y,ERR15625566,36835827.0,ERR14389488,28229.0,ERR14389489,30059.0,ERR14389490,1629.0
RCN12740,VN,AmpSeqV2,True,I,R,N,L,C,I,E,T,S,T,S,G,N,G,A,N,F,D,I,Y,M,C580Y,ERR15625567,21518768.0,ERR14389494,33628.0,ERR14389495,38088.0,ERR14389496,1756.0
RCN12741,VN,AmpSeqV2,True,I,R,N,L,C,I,E,T,S,T,S,G,N,G,A,N,F,D,I,Y,M,C580Y,ERR15625568,17470750.0,ERR14389497,31407.0,ERR14389498,35853.0,ERR14389499,1088.0
RCN12742,VN,AmpSeqV2,True,I,R,N,L,C,I,E,T,S,T,S,G,N,G,A,N,F,D,I,Y,M,C580Y,ERR15625569,18081992.0,ERR14389500,31246.0,ERR14389501,36065.0,ERR14389502,1356.0
RCN12744,VN,AmpSeqV2,True,I,R,N,L,C,I,E,T,S,T,S,G,N,G,A,N,F,D,I,Y,M,C580Y,ERR15625570,18106322.0,ERR14389506,36272.0,ERR14389507,31734.0,ERR14389508,876.0
RCN12745,VN,AmpSeqV2,True,I,R,N,L,C,I,E,T,S,T,S,G,N,G,A,N,F,D,I,Y,M,C580Y,ERR15625571,28889658.0,ERR14389509,28391.0,ERR14389510,29257.0,ERR14389511,1266.0
RCN12746,VN,AmpSeqV2,True,I,R,N,L,C,I,E,T,S,T,S,G,N,G,A,N,F,D,I,Y,M,C580Y,ERR15625572,13879172.0,ERR14389512,30521.0,ERR14389513,32900.0,ERR14389514,941.0
RCN12749,VN,AmpSeqV2,True,I,R,N,L,C,I,E,T,S,T,S,G,N,G,A,N,F,D,I,Y,M,C580Y,ERR15625574,43614627.0,ERR14389515,31870.0,ERR14389516,36151.0,ERR14389517,1212.0
RCN12750,VN,AmpSeqV2,True,I,R,N,I,C,I,D,T,N,I,S,G,E,A,A,N,Y,D,I,D,M,WT,ERR15625575,33384193.0,ERR14389518,27411.0,ERR14389519,29720.0,ERR14389520,1304.0
RCN12751,VN,AmpSeqV2,True,I,R,N,I,C,I,D,T,N,I,S,G,E,A,A,N,Y,D,I,D,M,WT,ERR15625576,15286025.0,ERR14389521,24899.0,ERR14389522,27969.0,ERR14389523,1082.0
RCN12752,VN,AmpSeqV2,True,I,R,N,I,C,I,D,T,N,I,S,G,E,A,A,N,Y,D,I,D,M,WT,ERR15625577,10470946.0,ERR14389524,27576.0,ERR14389525,30830.0,ERR14389526,935.0
RCN13267,LA,AmpSeqV1,True,N,R,N,L,C,I,E,T,N,I,S,A,K,A,A,N,Y,D,T,D,V,WT,ERR15625813,11588768.0,ERR14389896,16336.0,ERR14389897,30586.0,ERR14389898,358.0
RCN13271,LA,AmpSeqV1,True,N,R,N,I,C,I,E,T,N,I,S,A,K,A,A,N,Y,D,I,D,V,WT,ERR15625817,10934157.0,ERR14389908,43872.0,ERR14389909,38389.0,ERR14389910,868.0
RCN13273,LA,AmpSeqV1,True,N,R,N,I,C,I,E,T,N,I,S,A,K,A,A,N,Y,D,I,D,V,WT,ERR15625819,11178498.0,ERR14389914,62010.0,ERR14389915,55566.0,ERR14389916,736.0
RCN13274,LA,AmpSeqV1,True,N,R,N,I,C,I,D,T,N,I,S,A,K,A,A,N,Y,D,I,D,V,WT,ERR15625820,10629689.0,ERR14389917,24799.0,ERR14389918,34616.0,ERR14389919,987.0
RCN13275,LA,AmpSeqV1,True,N,R,N,I,C,I,E,T,N,I,S,A,K,A,A,N,Y,D,I,D,V,WT,ERR15625821,10972359.0,ERR14389920,26810.0,ERR14389921,35797.0,ERR14389922,252.0
RCN13278,LA,AmpSeqV1,True,N,R,N,I,C,I,E,T,N,I,S,A,K,A,A,N,Y,D,I,D,V,WT,ERR15625824,14155372.0,ERR14389929,41507.0,ERR14389930,40263.0,ERR14389931,192.0
RCN13279,LA,AmpSeqV1,True,N,R,N,I,C,I,D,T,N,I,S,A,K,A,A,N,Y,D,I,D,V,WT,ERR15625825,13375428.0,ERR14389932,37955.0,ERR14389933,33235.0,ERR14389934,907.0
RCN13280,LA,AmpSeqV1,True,N,R,N,I,C,I,E,T,N,I,S,A,K,A,A,N,Y,D,I,D,V,WT,ERR15625826,12929940.0,ERR14389935,43849.0,ERR14389936,36635.0,ERR14389937,982.0
RCN13281,LA,AmpSeqV1,True,N,R,N,I,C,I,E,T,N,I,S,A,K,A,A,N,Y,D,I,D,V,WT,ERR15625827,11908996.0,ERR14389938,43890.0,ERR14389939,34576.0,ERR14389940,852.0
RCN13285,LA,AmpSeqV1,True,N,R,N,L,C,I,E,T,N,I,S,A,K,A,A,N,Y,D,T,D,V,WT,ERR15625831,13832863.0,ERR14389950,40280.0,ERR14389951,34762.0,ERR14389952,837.0
RCN13286,LA,AmpSeqV1,True,N,R,N,I,C,I,E,T,N,I,S,A,K,A,A,N,Y,D,I,D,V,WT,ERR15625832,12635598.0,ERR14389953,28289.0,ERR14389954,35660.0,ERR14389955,104.0
RCN13288,LA,AmpSeqV1,True,N,R,N,I,C,I,E,T,N,I,S,A,K,A,A,N,Y,D,I,D,V,WT,ERR15625834,13665471.0,ERR14389959,53832.0,ERR14389960,41695.0,ERR14389961,1844.0
RCN13303,LA,AmpSeqV1,True,N,R,N,I,C,I,D,T,N,I,S,A,K,A,A,N,Y,D,I,D,V,WT,ERR15625849,13329148.0,ERR14390004,34256.0,ERR14390005,25591.0,ERR14390006,1141.0
RCN13306,LA,AmpSeqV1,True,N,R,N,I,C,I,D,T,N,I,S,A,K,A,A,N,Y,D,I,D,V,WT,ERR15625852,14746227.0,ERR14390013,47025.0,ERR14390014,43282.0,ERR14390015,2105.0
RCN13310,LA,AmpSeqV1,True,N,R,N,I,C,I,D,T,N,I,S,A,K,A,A,N,Y,D,I,D,V,WT,ERR15625856,8920280.0,ERR14390025,38149.0,ERR14390026,33128.0,ERR14390027,637.0
RCN13312,LA,AmpSeqV1,True,N,C,S,I,C,I,E,T,N,I,S,G,Y,A,A,N,Y,D,T,D,V,WT,ERR15625858,16182873.0,ERR14390031,39421.0,ERR14390032,32035.0,ERR14390033,1424.0
RCN13313,LA,AmpSeqV1,True,I,R,N,I,C,I,E,T,N,I,S,A,K,A,A,N,Y,D,T,D,V,WT,ERR15625859,15174288.0,ERR14390034,38477.0,ERR14390035,34025.0,ERR14390036,1108.0
RCN13338,LA,AmpSeqV1,True,I,R,N,I,C,I,E,T,N,I,S,A,K,A,A,N,Y,D,T,D,V,WT,ERR15625878,15321010.0,ERR14390094,24314.0,ERR14390095,31572.0,ERR14390096,1312.0
RCN13339,LA,AmpSeqV1,True,I,R,N,I,C,I,E,T,N,I,S,A,K,A,A,N,Y,D,T,D,V,WT,ERR15625879,13547448.0,ERR14390097,25574.0,ERR14390098,29544.0,ERR14390099,665.0
RCN13342,LA,AmpSeqV1,True,N,R,N,I,C,M,N,K,N,I,S,A,K,A,A,N,Y,D,T,D,V,WT,ERR15625882,12730864.0,ERR14390106,34161.0,ERR14390107,28185.0,ERR14390108,424.0
RCN13344,LA,AmpSeqV1,True,N,C,S,I,C,I,E,T,N,I,S,G,K,A,A,N,Y,D,T,D,V,WT,ERR15625884,13385198.0,ERR14390112,32268.0,ERR14390113,31695.0,ERR14390114,661.0
RCN13346,LA,AmpSeqV1,True,N,R,N,I,C,I,E,T,N,I,S,A,K,A,A,N,Y,D,T,D,V,WT,ERR15625886,17538801.0,ERR14390118,23470.0,ERR14390119,31662.0,ERR14390120,1127.0
RCN13348,LA,AmpSeqV1,True,I,R,N,I,C,I,E,T,N,I,S,A,K,A,A,N,Y,D,T,D,V,WT,ERR15625888,11918235.0,ERR14390124,40301.0,ERR14390125,31901.0,ERR14390126,1576.0
RCN13350,LA,AmpSeqV1,True,N,R,N,I,C,I,E,T,N,I,S,A,K,A,A,N,Y,D,T,D,V,WT,ERR15625890,13581729.0,ERR14390130,20316.0,ERR14390131,25222.0,ERR14390132,24.0
RCN13351,LA,AmpSeqV1,True,I,R,N,I,C,I,D,T,N,I,S,A,K,A,A,N,Y,D,T,D,V,WT,ERR15625891,14925241.0,ERR14390133,45537.0,ERR14390134,34510.0,ERR14390135,1629.0
RCN13353,LA,AmpSeqV1,True,I,R,N,I,C,I,D,T,N,I,S,A,K,A,A,N,Y,D,T,D,V,WT,ERR15625893,12741669.0,ERR14390139,26718.0,ERR14390140,28178.0,ERR14390141,1139.0
RCN13356,LA,AmpSeqV1,True,N,R,N,I,C,I,D,T,N,I,S,A,K,A,A,N,Y,D,I,D,V,WT,ERR15625896,11405428.0,ERR14390148,26218.0,ERR14390149,33098.0,ERR14390150,660.0
RCN13364,LA,AmpSeqV1,True,I,R,N,L,C,I,D,T,N,I,S,G,K,A,A,N,Y,D,I,Y,V,WT,ERR15625905,18030120.0,ERR14390172,48044.0,ERR14390173,52315.0,ERR14390174,1818.0
RCN13374,LA,AmpSeqV1,True,I,R,N,I,C,I,E,T,S,T,S,G,E,G,A,N,Y,D,I,Y,M,C580Y,ERR15625914,9228636.0,ERR14390199,27323.0,ERR14390200,30291.0,ERR14390201,620.0
RCN13382,LA,AmpSeqV1,True,I,R,N,I,C,I,E,T,S,T,S,G,E,G,A,N,Y,D,I,Y,M,C580Y,ERR15625922,10673727.0,ERR14390223,16799.0,ERR14390224,38786.0,ERR14390225,472.0
RCN13383,LA,AmpSeqV1,True,N,R,N,I,C,I,E,T,N,I,S,G,K,A,A,N,Y,D,T,D,V,WT,ERR15625923,14607922.0,ERR14390226,39221.0,ERR14390227,37081.0,ERR14390228,1993.0
RCN13385,LA,AmpSeqV1,True,N,R,N,I,C,I,E,T,N,I,S,A,K,A,A,N,Y,D,T,D,V,WT,ERR15625925,11892549.0,ERR14390232,32063.0,ERR14390233,29825.0,ERR14390234,157.0
RCN13386,LA,AmpSeqV1,True,I,R,N,I,C,M,N,K,N,I,S,A,K,A,A,N,Y,D,T,D,V,WT,ERR15625926,13874399.0,ERR14390235,37902.0,ERR14390236,33697.0,ERR14390237,63.0
RCN13388,LA,AmpSeqV1,True,I,R,N,I,C,I,E,T,S,T,A,G,E,A,A,N,Y,D,I,Y,M,C580Y,ERR15625928,13658064.0,ERR14390241,41855.0,ERR14390242,32028.0,ERR14390243,770.0
RCN13389,LA,AmpSeqV1,True,I,R,N,L,C,I,E,T,S,T,S,A,K,A,A,N,Y,D,T,Y,M,WT,ERR15625929,12724002.0,ERR14390244,39108.0,ERR14390245,32669.0,ERR14390246,736.0
RCN13391,LA,AmpSeqV1,True,I,R,N,I,C,I,E,T,S,T,A,G,E,A,A,N,Y,D,I,Y,M,C580Y,ERR15625931,14209615.0,ERR14390250,43350.0,ERR14390251,36540.0,ERR14390252,1468.0
RCN13398,LA,AmpSeqV1,True,N,R,N,I,C,I,D,T,N,I,S,A,K,A,A,N,Y,D,I,D,V,WT,ERR15625937,14545263.0,ERR14390268,23447.0,ERR14390269,33625.0,ERR14390270,449.0
RCN13414,LA,AmpSeqV1,True,I,R,N,I,C,I,E,T,S,T,A,G,E,A,A,N,Y,D,I,Y,M,C580Y,ERR15625952,16770449.0,ERR14390316,25179.0,ERR14390317,29120.0,ERR14390318,103.0
RCN13416,LA,AmpSeqV1,True,I,R,N,I,C,I,E,T,S,T,A,G,E,A,A,N,Y,D,I,Y,M,C580Y,ERR15625954,13444103.0,ERR14390322,30403.0,ERR14390323,26438.0,ERR14390324,1531.0
RCN13427,LA,AmpSeqV1,True,I,R,N,I,C,I,E,T,N,I,A,G,E,A,A,N,Y,D,T,D,M,WT,ERR15625963,13907818.0,ERR14390352,39389.0,ERR14390353,34909.0,ERR14390354,2294.0
RCN13446,LA,AmpSeqV1,True,I,R,N,I,C,I,E,T,N,I,S,A,K,A,A,N,Y,D,T,D,V,WT,ERR15625981,9560119.0,ERR14390406,44371.0,ERR14390407,37084.0,ERR14390408,1231.0
RCN13452,LA,AmpSeqV1,True,I,R,N,L,C,I,E,T,S,T,S,G,N,G,A,N,F,D,I,Y,M,C580Y,ERR15625986,14461415.0,ERR14390421,19151.0,ERR14390422,28385.0,ERR14390423,961.0
RCN13455,LA,AmpSeqV1,True,I,R,N,I,C,I,E,T,N,I,A,G,E,A,A,N,Y,D,I,D,V,WT,ERR15625988,11020378.0,ERR14390427,43405.0,ERR14390428,47958.0,ERR14390429,1082.0
RCN13462,LA,AmpSeqV1,True,I,R,N,L,C,I,E,T,S,T,S,G,N,G,A,N,F,D,I,Y,M,C580Y,ERR15625994,14331259.0,ERR14390445,40436.0,ERR14390446,29110.0,ERR14390447,1658.0
RCN13466,LA,AmpSeqV1,True,I,R,N,L,C,I,E,T,S,T,A,G,E,A,A,N,F,D,I,D,M,WT,ERR15625998,12152436.0,ERR14390454,35434.0,ERR14390455,28376.0,ERR14390456,1491.0
RCN13468,LA,AmpSeqV1,True,I,R,N,L,C,I,E,T,S,T,S,G,K,A,A,N,Y,D,T,Y,M,WT,ERR15626000,13088696.0,ERR14390460,26492.0,ERR14390461,27823.0,ERR14390462,499.0
RCN13474,LA,AmpSeqV1,True,I,R,N,L,C,I,E,T,S,T,S,G,N,G,A,N,F,D,I,Y,M,C580Y,ERR15626006,14661028.0,ERR14390478,36584.0,ERR14390479,25974.0,ERR14390480,747.0
RCN13475,LA,AmpSeqV1,True,I,R,N,L,C,I,E,T,S,T,S,G,N,G,A,N,F,D,I,Y,M,C580Y,ERR15626007,16323365.0,ERR14390481,34437.0,ERR14390482,26659.0,ERR14390483,965.0
RCN13476,LA,AmpSeqV1,True,I,R,N,L,C,I,E,T,S,T,S,G,N,G,A,N,F,D,I,Y,M,C580Y,ERR15626008,16963538.0,ERR14390484,12542.0,ERR14390485,23990.0,ERR14390486,176.0
RCN13479,LA,AmpSeqV1,True,I,R,N,L,C,I,E,T,S,T,S,G,N,G,A,N,F,D,I,Y,M,C580Y,ERR15626011,15541629.0,ERR14390493,40289.0,ERR14390494,28014.0,ERR14390495,1449.0
RCN13480,LA,AmpSeqV1,True,I,R,N,L,C,I,E,T,S,T,S,G,N,G,A,N,F,D,I,Y,M,C580Y,ERR15626012,11710489.0,ERR14390496,27222.0,ERR14390497,29304.0,ERR14390498,352.0
RCN13482,LA,AmpSeqV1,True,I,R,N,L,C,I,E,T,S,T,S,G,N,G,A,N,F,D,I,Y,M,C580Y,ERR15626014,12729909.0,ERR14390502,44906.0,ERR14390503,35068.0,ERR14390504,1021.0
RCN13487,LA,AmpSeqV1,True,I,R,N,L,C,I,D,T,N,I,S,G,K,G,A,N,Y,D,I,D,M,WT,ERR15626019,13164911.0,ERR14390517,51218.0,ERR14390518,40498.0,ERR14390519,1580.0
RCN13488,LA,AmpSeqV1,True,I,R,N,L,C,I,E,T,S,T,S,G,N,G,A,N,Y,D,T,D,V,WT,ERR15626020,15433787.0,ERR14390520,27121.0,ERR14390521,32982.0,ERR14390522,105.0
RCN13495,LA,AmpSeqV1,True,I,R,N,L,C,I,E,T,S,T,S,G,N,G,A,N,F,D,I,Y,M,C580Y,ERR15626027,23819009.0,ERR14390541,36852.0,ERR14390542,28185.0,ERR14390543,962.0
RCN13501,LA,AmpSeqV1,True,I,R,N,I,C,I,E,T,S,T,A,G,E,A,T,N,Y,D,I,D,V,C580Y,ERR15626033,13671251.0,ERR14390559,42399.0,ERR14390560,34870.0,ERR14390561,2180.0
RCN13503,LA,AmpSeqV1,True,I,R,N,L,C,I,E,T,S,T,S,G,N,G,A,N,F,D,I,Y,M,C580Y,ERR15626035,14129454.0,ERR14390565,33568.0,ERR14390566,21986.0,ERR14390567,682.0
RCN13505,LA,AmpSeqV1,True,I,R,N,L,C,I,E,T,S,T,S,G,N,G,A,N,F,D,I,Y,M,C580Y,ERR15626036,11019281.0,ERR14390571,37793.0,ERR14390572,25029.0,ERR14390573,413.0
RCN13507,LA,AmpSeqV1,True,I,R,N,L,C,I,E,T,S,T,S,G,N,G,A,N,F,D,I,Y,M,C580Y,ERR15626038,15058211.0,ERR14390577,30039.0,ERR14390578,26177.0,ERR14390579,1415.0
RCN13508,LA,AmpSeqV1,True,I,R,N,L,C,I,E,T,S,T,S,G,N,G,A,N,F,D,I,Y,M,C580Y,ERR15626039,12988713.0,ERR14390580,13403.0,ERR14390581,22636.0,ERR14390582,81.0
RCN13512,LA,AmpSeqV1,True,I,R,N,L,C,I,E,T,S,T,S,G,N,G,A,N,F,D,T,Y,M,C580Y,ERR15626042,15002353.0,ERR14390589,23404.0,ERR14390590,30817.0,ERR14390591,283.0
RCN13540,LA,AmpSeqV1,True,I,R,N,L,C,I,E,T,S,T,S,G,N,G,A,N,F,D,I,Y,M,C580Y,ERR15626067,13668508.0,ERR14390667,14315.0,ERR14390668,25552.0,ERR14390669,158.0
RCN13542,LA,AmpSeqV1,True,I,R,N,I,C,I,E,T,S,T,S,G,N,G,A,N,F,D,T,Y,M,C580Y,ERR15626069,13729418.0,ERR14390673,21995.0,ERR14390674,19795.0,ERR14390675,1130.0
RCN13545,LA,AmpSeqV1,True,I,R,N,I,C,I,E,T,S,T,S,G,N,G,A,N,F,D,T,Y,M,C580Y,ERR15626072,13206473.0,ERR14390682,32652.0,ERR14390683,31737.0,ERR14390684,946.0
RCN13548,LA,AmpSeqV1,True,I,R,N,I,C,I,E,T,S,T,A,G,E,A,A,N,Y,D,I,Y,M,C580Y,ERR15626075,12902713.0,ERR14390688,22771.0,ERR14390689,31134.0,ERR14390690,416.0
RCN13549,LA,AmpSeqV1,True,I,R,N,I,C,I,D,T,N,I,A,G,E,A,A,N,Y,D,I,Y,M,WT,ERR15626076,11880822.0,ERR14390691,37423.0,ERR14390692,30818.0,ERR14390693,799.0
RCN13554,LA,AmpSeqV1,True,I,R,N,I,C,I,E,T,S,T,S,G,N,G,A,N,Y,D,I,Y,M,C580Y,ERR15626081,17211525.0,ERR14390703,30789.0,ERR14390704,28463.0,ERR14390705,1065.0
RCN13557,LA,AmpSeqV1,True,I,R,N,I,C,I,E,T,S,T,S,G,N,G,A,N,F,D,T,Y,M,C580Y,ERR15626084,14540846.0,ERR14390712,36897.0,ERR14390713,32326.0,ERR14390714,1640.0
RCN13558,LA,AmpSeqV1,True,I,R,N,L,C,I,E,T,S,T,S,G,N,G,A,N,F,D,I,Y,M,C580Y,ERR15626085,12829777.0,ERR14390715,35205.0,ERR14390716,34602.0,ERR14390717,1668.0
RCN13561,LA,AmpSeqV1,True,I,R,N,I,C,I,E,T,S,T,S,G,N,G,A,N,F,D,T,Y,M,C580Y,ERR15626088,12256634.0,ERR14390724,41278.0,ERR14390725,43455.0,ERR14390726,2130.0
RCN13562,LA,AmpSeqV1,True,I,R,N,I,C,I,E,T,S,T,S,G,N,G,A,N,F,D,T,Y,M,C580Y,ERR15626089,15483938.0,ERR14390727,34906.0,ERR14390728,29024.0,ERR14390729,1413.0
RCN13564,LA,AmpSeqV1,True,I,R,N,I,C,I,E,T,S,T,A,G,E,A,A,N,F,D,I,D,M,R539T,ERR15626091,12219563.0,ERR14390733,41312.0,ERR14390734,34309.0,ERR14390735,355.0
RCN13567,LA,AmpSeqV1,True,I,R,N,L,C,I,E,T,S,T,S,G,N,G,A,N,F,D,I,Y,M,C580Y,ERR15626094,10743167.0,ERR14390742,12370.0,ERR14390743,29624.0,ERR14390744,231.0
RCN13568,LA,AmpSeqV1,True,I,R,N,I,C,I,D,T,N,I,A,G,E,A,"A,T",N,Y,D,I,Y,V,C580Y,ERR15626095,15251188.0,ERR14390745,37503.0,ERR14390746,35033.0,ERR14390747,1812.0
RCN13570,LA,AmpSeqV1,True,I,R,N,I,C,I,E,T,S,T,S,G,N,G,A,N,F,D,T,Y,M,C580Y,ERR15626097,13632448.0,ERR14390751,37658.0,ERR14390752,31431.0,ERR14390753,1436.0
RCN13581,LA,AmpSeqV1,True,I,R,N,I,C,I,E,T,S,T,S,G,N,G,A,N,F,D,T,Y,M,C580Y,ERR15626107,17452028.0,ERR14390781,27991.0,ERR14390782,25875.0,ERR14390783,1444.0
RCN14197,VN,AmpSeqV2,True,I,R,N,L,C,I,E,T,S,T,S,G,N,G,A,N,F,D,I,Y,M,C580Y,ERR15626357,14003458.0,ERR14390880,32307.0,ERR14390881,36519.0,ERR14390882,1521.0
RCN14210,VN,AmpSeqV2,True,I,R,N,L,C,I,E,T,S,T,S,G,N,G,A,N,F,D,I,Y,M,C580Y,ERR15626358,32996859.0,ERR14390919,44672.0,ERR14390920,49219.0,ERR14390921,1658.0
RCN14217,VN,AmpSeqV2,True,I,R,N,I,C,I,E,T,S,T,S,G,K,A,A,N,F,D,T,Y,M,WT,ERR15626359,27424736.0,ERR14390940,30067.0,ERR14390941,35161.0,ERR14390942,1104.0
RCN14220,VN,AmpSeqV2,True,I,R,N,L,C,I,E,T,S,T,S,G,N,G,A,N,F,D,I,Y,M,C580Y,ERR15626360,14932348.0,ERR14390949,35481.0,ERR14390950,37041.0,ERR14390951,988.0
RCN14222,VN,AmpSeqV2,True,I,R,N,L,C,I,E,T,S,T,S,G,N,G,A,N,F,D,I,Y,M,C580Y,ERR15626361,13284725.0,ERR14390955,29441.0,ERR14390956,31675.0,ERR14390957,1447.0
RCN14223,VN,AmpSeqV2,True,I,R,N,L,C,I,E,T,S,T,S,G,N,G,A,N,F,D,I,Y,M,C580Y,ERR15626362,17064979.0,ERR14390958,27125.0,ERR14390959,30012.0,ERR14390960,8.0
RCN14226,VN,AmpSeqV2,True,I,R,N,L,C,I,E,T,S,T,S,G,N,G,A,N,F,D,I,Y,M,C580Y,ERR15626364,15935632.0,ERR14390967,27909.0,ERR14390968,33904.0,ERR14390969,1066.0
RCN14233,VN,AmpSeqV2,True,I,R,N,L,C,I,E,T,S,T,S,G,N,G,A,N,F,D,I,Y,M,C580Y,ERR15626365,15142297.0,ERR14390988,25335.0,ERR14390989,31299.0,ERR14390990,1083.0
RCN14234,VN,AmpSeqV2,True,I,R,N,I,C,I,D,T,N,I,S,G,E,A,A,N,Y,D,I,D,M,WT,ERR15626366,16599675.0,ERR14390991,25718.0,ERR14390992,30858.0,ERR14390993,1199.0
RCN14238,VN,AmpSeqV2,True,I,R,N,I,C,I,E,T,S,T,A,G,K,A,A,N,Y,D,I,D,M,WT,ERR15626367,20342387.0,ERR14391000,25868.0,ERR14391001,29876.0,ERR14391002,949.0
RCN14239,VN,AmpSeqV2,True,N,R,N,I,C,I,D,T,N,I,S,G,K,A,A,N,Y,D,T,D,V,WT,ERR15626368,14712679.0,ERR14391003,19114.0,ERR14391004,42002.0,ERR14391005,724.0
RCN14241,VN,AmpSeqV2,True,I,R,N,L,C,I,E,T,S,T,S,G,N,G,A,N,F,D,I,Y,M,C580Y,ERR15626369,15789581.0,ERR14391009,34474.0,ERR14391010,41247.0,ERR14391011,369.0
RCN14251,VN,AmpSeqV2,True,I,R,N,I,C,I,E,T,N,I,S,A,K,A,A,N,Y,D,T,D,V,WT,ERR15626371,18962373.0,ERR14391036,24189.0,ERR14391037,30998.0,ERR14391038,706.0
RCN14255,VN,AmpSeqV2,True,N,R,N,I,C,I,D,T,N,I,S,A,K,A,A,N,Y,D,I,D,V,WT,ERR15626373,17452841.0,ERR14391048,17443.0,ERR14391049,26803.0,ERR14391050,643.0
RCN14265,VN,AmpSeqV2,True,I,R,N,L,C,I,E,T,S,T,S,G,N,G,A,N,F,D,I,Y,M,C580Y,ERR15626377,17656287.0,ERR14391078,39292.0,ERR14391079,40893.0,ERR14391080,971.0
RCN14270,VN,AmpSeqV2,True,I,R,N,L,C,I,E,T,S,T,S,G,N,G,A,N,F,D,I,Y,M,C580Y,ERR15626380,13013276.0,ERR14391093,46698.0,ERR14391094,50472.0,ERR14391095,1152.0
RCN14271,VN,AmpSeqV2,True,I,R,N,L,C,I,E,T,S,T,S,G,N,G,A,N,F,D,I,Y,M,C580Y,ERR15626381,15117651.0,ERR14391096,44841.0,ERR14391097,43115.0,ERR14391098,1094.0
RCN14277,VN,AmpSeqV2,True,I,R,N,L,C,I,E,T,S,T,S,G,N,G,A,N,F,D,I,Y,M,C580Y,ERR15626385,11922644.0,ERR14391114,34402.0,ERR14391115,47784.0,ERR14391116,1387.0
RCN14278,VN,AmpSeqV2,True,I,R,N,L,C,I,E,T,S,T,S,G,N,G,A,N,F,D,I,Y,M,C580Y,ERR15626386,9334259.0,ERR14391117,38372.0,ERR14391118,37211.0,ERR14391119,987.0
RCN14279,VN,AmpSeqV2,True,I,R,N,L,C,I,E,T,S,T,S,G,N,G,A,N,F,D,I,Y,M,C580Y,ERR15626387,12515074.0,ERR14391120,50613.0,ERR14391121,49175.0,ERR14391122,1802.0
RCN14280,VN,AmpSeqV2,True,I,R,N,L,C,I,E,T,S,T,S,G,N,G,A,N,F,D,I,Y,M,C580Y,ERR15626388,12078205.0,ERR14391123,46907.0,ERR14391124,46705.0,ERR14391125,1327.0
RCN14281,VN,AmpSeqV2,True,I,R,N,L,C,I,E,T,S,T,S,G,N,G,A,N,F,D,I,Y,M,C580Y,ERR15626389,13987846.0,ERR14391126,34640.0,ERR14391127,38545.0,ERR14391128,1496.0
RCN14284,VN,AmpSeqV2,True,I,R,N,L,C,I,E,T,S,T,S,G,N,G,A,N,F,D,I,Y,M,C580Y,ERR15626390,16248925.0,ERR14391135,43104.0,ERR14391136,41285.0,ERR14391137,1236.0
RCN14285,VN,AmpSeqV2,True,I,R,N,L,C,I,E,T,S,T,S,G,N,G,A,N,F,D,I,Y,M,C580Y,ERR15626391,13307189.0,ERR14391138,28887.0,ERR14391139,38695.0,ERR14391140,1094.0
RCN14286,VN,AmpSeqV2,True,I,R,N,L,C,I,E,T,S,T,S,G,N,G,A,N,F,D,I,Y,M,C580Y,ERR15626392,14011335.0,ERR14391141,32535.0,ERR14391142,31899.0,ERR14391143,880.0
RCN14288,VN,AmpSeqV2,True,I,R,N,L,C,I,E,T,S,T,S,G,N,G,A,N,F,D,I,Y,M,C580Y,ERR15626394,13933811.0,ERR14391147,41984.0,ERR14391148,42912.0,ERR14391149,1134.0
RCN14289,VN,AmpSeqV2,True,I,R,N,L,C,I,E,T,S,T,S,G,N,G,A,N,F,D,I,Y,M,C580Y,ERR15626395,13363035.0,ERR14391150,45716.0,ERR14391151,44454.0,ERR14391152,1602.0
RCN14292,VN,AmpSeqV2,True,I,R,N,L,C,I,E,T,S,T,S,G,N,G,A,N,F,D,I,Y,M,C580Y,ERR15626397,13941762.0,ERR14391159,33897.0,ERR14391160,38161.0,ERR14391161,1232.0
RCN14293,VN,AmpSeqV2,True,I,R,N,L,C,I,E,T,S,T,S,G,N,G,A,N,F,D,I,Y,M,C580Y,ERR15626398,11333018.0,ERR14391162,26409.0,ERR14391163,28127.0,ERR14391164,639.0
RCN14294,VN,AmpSeqV2,True,I,R,N,L,C,I,E,T,S,T,S,G,N,G,A,N,F,D,I,Y,M,C580Y,ERR15626399,11042242.0,ERR14391165,49714.0,ERR14391166,47542.0,ERR14391167,1576.0
RCN14296,VN,AmpSeqV2,True,I,R,N,L,C,I,E,T,S,T,S,G,N,G,A,N,F,D,I,Y,M,C580Y,ERR15626401,12870659.0,ERR14391171,44263.0,ERR14391172,46098.0,ERR14391173,1482.0
RCN14302,VN,AmpSeqV2,True,I,R,N,L,C,I,E,T,S,T,S,G,N,G,A,N,F,D,I,Y,M,C580Y,ERR15626405,12128979.0,ERR14391186,40283.0,ERR14391187,39389.0,ERR14391188,1185.0
RCN14303,VN,AmpSeqV2,True,I,R,N,L,C,I,E,T,S,T,S,G,N,G,A,N,F,D,I,Y,M,C580Y,ERR15626406,12618699.0,ERR14391189,41415.0,ERR14391190,43047.0,ERR14391191,1592.0
RCN14304,VN,AmpSeqV2,True,I,R,N,L,C,I,E,T,S,T,S,G,N,G,A,N,F,D,I,Y,M,C580Y,ERR15626407,10470078.0,ERR14391192,63005.0,ERR14391193,65277.0,ERR14391194,2284.0
RCN14309,VN,AmpSeqV2,True,I,R,N,L,C,I,E,T,S,T,S,G,N,G,A,N,F,D,I,Y,M,C580Y,ERR15626409,16218005.0,ERR14391207,30164.0,ERR14391208,40564.0,ERR14391209,1133.0
RCN14310,VN,AmpSeqV2,True,I,R,N,L,C,I,E,T,S,T,S,G,N,G,A,N,F,D,I,Y,M,C580Y,ERR15626410,13701320.0,ERR14391210,51238.0,ERR14391211,46534.0,ERR14391212,1766.0
RCN14312,VN,AmpSeqV2,True,I,R,N,L,C,I,E,T,S,T,S,G,N,G,A,N,F,D,I,Y,M,C580Y,ERR15626412,14223751.0,ERR14391216,47824.0,ERR14391217,46757.0,ERR14391218,1842.0
RCN14317,VN,AmpSeqV2,True,I,R,N,L,C,I,E,T,S,T,S,G,N,G,A,N,F,D,I,Y,M,C580Y,ERR15626415,15789235.0,ERR14391231,29502.0,ERR14391232,39602.0,ERR14391233,1146.0
RCN14318,VN,AmpSeqV2,True,I,R,N,L,C,I,E,T,S,T,S,G,N,G,A,N,F,D,I,Y,M,C580Y,ERR15626416,9643458.0,ERR14391234,49339.0,ERR14391235,52474.0,ERR14391236,1187.0
RCN14319,VN,AmpSeqV2,True,I,R,N,L,C,I,E,T,S,T,S,G,N,G,A,N,F,D,I,Y,M,C580Y,ERR15626417,12109400.0,ERR14391237,50096.0,ERR14391238,40483.0,ERR14391239,1556.0
RCN14320,VN,AmpSeqV2,True,I,R,N,L,C,I,E,T,S,T,S,G,N,G,A,N,F,D,I,Y,M,C580Y,ERR15626418,11468766.0,ERR14391240,39605.0,ERR14391241,43631.0,ERR14391242,1560.0
RCN14321,VN,AmpSeqV2,True,I,R,N,L,C,I,E,T,S,T,S,G,N,G,A,N,F,D,I,Y,M,C580Y,ERR15626419,11601531.0,ERR14391243,44748.0,ERR14391244,44406.0,ERR14391245,1232.0
RCN14324,VN,AmpSeqV2,True,I,R,N,L,C,I,E,T,S,T,S,G,N,G,A,N,F,D,I,Y,M,C580Y,ERR15626420,10830380.0,ERR14391252,29975.0,ERR14391253,35027.0,ERR14391254,1407.0
RCN14574,VN,AmpSeqV2,True,I,R,N,I,C,M,N,K,N,I,S,G,K,A,A,N,Y,D,T,D,V,WT,ERR15626424,10903005.0,ERR14391264,28809.0,ERR14391265,28928.0,ERR14391266,167.0
RCN14575,VN,AmpSeqV2,True,I,R,N,L,C,I,E,T,S,T,S,G,N,G,A,N,F,D,I,Y,M,C580Y,ERR15626425,11638888.0,ERR14391267,30238.0,ERR14391268,30959.0,ERR14391269,839.0
RCN14576,VN,AmpSeqV2,True,I,R,N,L,C,I,E,T,S,T,S,G,N,G,A,N,F,D,I,Y,M,C580Y,ERR15626426,11811897.0,ERR14391270,27320.0,ERR14391271,26335.0,ERR14391272,563.0
RCN14577,VN,AmpSeqV2,True,I,R,N,L,C,I,E,T,S,T,S,G,N,G,A,N,F,D,I,Y,M,C580Y,ERR15626427,14542057.0,ERR14391273,29890.0,ERR14391274,28885.0,ERR14391275,787.0
RCN14580,VN,AmpSeqV2,True,I,R,N,I,C,I,E,T,N,I,S,G,N,G,A,N,F,D,T,Y,M,C580Y,ERR15626429,12928580.0,ERR14391279,37890.0,ERR14391280,33613.0,ERR14391281,806.0
RCN14581,VN,AmpSeqV2,True,I,R,N,L,C,I,E,T,S,T,S,G,N,G,A,N,F,D,I,Y,M,C580Y,ERR15626430,12261070.0,ERR14391282,31997.0,ERR14391283,28982.0,ERR14391284,669.0
RCN14587,VN,AmpSeqV2,True,I,R,N,L,C,I,E,T,S,T,S,G,N,G,A,N,F,D,I,Y,M,C580Y,ERR15626436,11826134.0,ERR14391300,29073.0,ERR14391301,35322.0,ERR14391302,10.0
RCN14588,VN,AmpSeqV2,True,I,R,N,L,C,I,E,T,S,T,S,G,N,G,A,N,F,D,I,Y,M,C580Y,ERR15626437,16181299.0,ERR14391303,33421.0,ERR14391304,30307.0,ERR14391305,770.0
RCN14589,VN,AmpSeqV2,True,I,R,N,L,C,I,E,T,S,T,S,G,N,G,A,N,F,D,I,Y,M,C580Y,ERR15626438,16233720.0,ERR14391306,36859.0,ERR14391307,32979.0,ERR14391308,1313.0
RCN14590,VN,AmpSeqV2,True,I,R,N,L,C,I,E,T,S,T,S,G,N,G,A,N,F,D,I,Y,M,C580Y,ERR15626439,15402392.0,ERR14391309,34700.0,ERR14391310,29687.0,ERR14391311,970.0
RCN14591,VN,AmpSeqV2,True,I,R,N,L,C,I,E,T,S,T,S,G,N,G,A,N,F,D,I,Y,M,C580Y,ERR15626440,12991848.0,ERR14391312,23727.0,ERR14391313,25572.0,ERR14391314,857.0
RCN14592,VN,AmpSeqV2,True,I,R,N,L,C,I,E,T,S,T,S,G,N,G,A,N,F,D,I,Y,M,C580Y,ERR15626441,14023360.0,ERR14391315,32939.0,ERR14391316,29427.0,ERR14391317,1022.0
RCN14593,VN,AmpSeqV2,True,I,R,N,L,C,I,E,T,S,T,S,G,N,G,A,N,F,D,I,Y,M,C580Y,ERR15626444,13270741.0,ERR14391318,29237.0,ERR14391319,28046.0,ERR14391320,372.0
RCN14594,VN,AmpSeqV2,True,I,R,N,L,C,I,E,T,S,T,S,G,N,G,A,N,F,D,I,Y,M,C580Y,ERR15626442,10082177.0,ERR14391321,29934.0,ERR14391322,30066.0,ERR14391323,760.0
RCN14596,VN,AmpSeqV2,True,I,R,N,L,C,I,E,T,S,T,S,G,N,G,A,N,F,D,I,Y,M,C580Y,ERR15626445,15223081.0,ERR14391327,23056.0,ERR14391328,22872.0,ERR14391329,264.0
RCN14600,VN,AmpSeqV2,True,I,R,N,L,C,I,E,T,S,T,S,G,N,G,A,N,F,D,I,Y,M,C580Y,ERR15626449,12545669.0,ERR14391339,38102.0,ERR14391340,35489.0,ERR14391341,1088.0
RCN14602,VN,AmpSeqV2,True,I,R,N,L,C,I,E,T,S,T,S,G,N,G,A,N,F,D,I,Y,M,C580Y,ERR15626451,16681840.0,ERR14391345,29717.0,ERR14391346,26808.0,ERR14391347,660.0
RCN14603,VN,AmpSeqV2,True,I,R,N,L,C,I,E,T,S,T,S,G,N,G,A,N,F,D,I,Y,M,C580Y,ERR15626452,17260795.0,ERR14391348,21256.0,ERR14391349,21842.0,ERR14391350,480.0
RCN14604,VN,AmpSeqV2,True,I,R,N,L,C,I,E,T,S,T,S,G,N,G,A,N,F,D,I,Y,M,C580Y,ERR15626453,23098155.0,ERR14391351,37324.0,ERR14391352,32962.0,ERR14391353,995.0
RCN14605,VN,AmpSeqV2,True,I,R,N,I,C,I,E,T,S,T,S,G,N,G,A,N,F,D,T,Y,M,C580Y,ERR15626454,14414424.0,ERR14391354,32670.0,ERR14391355,25916.0,ERR14391356,879.0
RCN14606,VN,AmpSeqV2,True,I,R,N,L,C,I,E,T,S,T,S,G,N,G,A,N,F,D,I,Y,M,C580Y,ERR15626455,11623497.0,ERR14391357,36051.0,ERR14391358,30511.0,ERR14391359,648.0
RCN14608,VN,AmpSeqV2,True,I,R,N,L,C,I,E,T,S,T,S,G,N,G,A,N,F,D,I,Y,M,C580Y,ERR15626457,12396083.0,ERR14391363,28623.0,ERR14391364,27787.0,ERR14391365,299.0
RCN14609,VN,AmpSeqV2,True,I,R,N,L,C,I,E,T,S,T,S,G,N,G,A,N,F,D,I,Y,M,C580Y,ERR15626458,12280434.0,ERR14391366,36087.0,ERR14391367,36129.0,ERR14391368,958.0
RCN14610,VN,AmpSeqV2,True,I,R,N,L,C,I,E,T,S,T,S,G,N,G,A,N,F,D,I,Y,M,C580Y,ERR15626459,15385202.0,ERR14391369,24309.0,ERR14391370,23851.0,ERR14391371,834.0
RCN14611,VN,AmpSeqV2,True,I,R,N,L,C,I,E,T,S,T,S,G,N,G,A,N,F,D,I,Y,M,C580Y,ERR15626460,12254673.0,ERR14391372,22739.0,ERR14391373,24718.0,ERR14391374,7.0
RCN14612,VN,AmpSeqV2,True,I,R,N,L,C,I,E,T,S,T,S,G,N,G,A,N,F,D,I,Y,M,C580Y,ERR15626461,18890299.0,ERR14391375,30863.0,ERR14391376,29001.0,ERR14391377,859.0
RCN14614,VN,AmpSeqV2,True,I,R,N,L,C,I,E,T,S,T,S,G,N,G,A,N,F,D,I,Y,M,C580Y,ERR15626463,11924268.0,ERR14391381,44892.0,ERR14391382,42551.0,ERR14391383,1561.0
RCN14616,VN,AmpSeqV2,True,I,R,N,L,C,I,E,T,S,T,S,G,N,G,A,N,F,D,I,Y,M,C580Y,ERR15626465,15561344.0,ERR14391387,34350.0,ERR14391388,26689.0,ERR14391389,1217.0
RCN14618,VN,AmpSeqV2,True,I,R,N,L,C,I,E,T,S,T,S,G,N,G,A,N,F,D,I,Y,M,C580Y,ERR15626467,10724546.0,ERR14391393,27443.0,ERR14391394,25493.0,ERR14391395,713.0
RCN14621,VN,AmpSeqV2,True,I,R,N,L,C,I,E,T,S,T,S,G,N,G,A,N,F,D,I,Y,M,C580Y,ERR15626470,19661638.0,ERR14391396,29722.0,ERR14391397,26866.0,ERR14391398,629.0
RCN14622,VN,AmpSeqV2,True,I,R,N,L,C,I,E,T,S,T,S,G,N,G,A,N,F,D,I,Y,M,C580Y,ERR15626471,13701463.0,ERR14391399,31288.0,ERR14391400,28477.0,ERR14391401,832.0
RCN14623,VN,AmpSeqV2,True,I,R,N,L,C,I,E,T,S,T,S,G,N,G,A,N,F,D,I,Y,M,C580Y,ERR15626472,10575541.0,ERR14391402,26783.0,ERR14391403,25170.0,ERR14391404,535.0
RCN14624,VN,AmpSeqV2,True,I,R,N,L,C,I,E,T,S,T,S,G,N,G,A,N,F,D,I,Y,M,C580Y,ERR15626473,13655734.0,ERR14391405,33417.0,ERR14391406,31258.0,ERR14391407,640.0
RCN14625,VN,AmpSeqV2,True,I,R,N,L,C,I,E,T,S,T,S,G,N,G,A,N,F,D,I,Y,M,C580Y,ERR15626474,13061343.0,ERR14391408,29064.0,ERR14391409,27952.0,ERR14391410,693.0
RCN14626,VN,AmpSeqV2,True,I,R,N,L,C,I,E,T,S,T,S,G,N,G,A,N,F,D,I,Y,M,C580Y,ERR15626475,7978812.0,ERR14391411,27089.0,ERR14391412,26708.0,ERR14391413,611.0
RCN14627,VN,AmpSeqV2,True,I,R,N,L,C,I,E,T,S,T,S,G,N,G,A,N,F,D,I,Y,M,C580Y,ERR15626476,11557496.0,ERR14391414,28173.0,ERR14391415,26968.0,ERR14391416,738.0
RCN14628,VN,AmpSeqV2,True,I,R,N,L,C,I,E,T,S,T,S,G,N,G,A,N,F,D,I,Y,M,C580Y,ERR15626477,14594614.0,ERR14391417,38317.0,ERR14391418,34106.0,ERR14391419,879.0
RCN14629,VN,AmpSeqV2,True,I,R,N,L,C,I,E,T,S,T,S,G,N,G,A,N,F,D,I,Y,M,C580Y,ERR15626478,15745310.0,ERR14391420,31187.0,ERR14391421,22980.0,ERR14391422,365.0
RCN14631,VN,AmpSeqV2,True,I,R,N,L,C,I,E,T,S,T,S,G,N,G,A,N,F,D,I,Y,M,C580Y,ERR15626480,13304480.0,ERR14391426,30916.0,ERR14391427,29999.0,ERR14391428,888.0
RCN14633,VN,AmpSeqV2,True,I,R,N,L,C,I,E,T,S,T,S,G,N,G,A,N,F,D,I,Y,M,C580Y,ERR15626482,11097910.0,ERR14391432,26002.0,ERR14391433,26710.0,ERR14391434,737.0
RCN14635,VN,AmpSeqV2,True,I,R,N,L,C,I,E,T,S,T,S,G,N,G,A,N,F,D,I,Y,M,C580Y,ERR15626484,13853468.0,ERR14391438,32791.0,ERR14391439,31328.0,ERR14391440,14.0
RCN14636,VN,AmpSeqV2,True,I,R,N,L,C,I,E,T,S,T,S,G,N,G,A,N,F,D,I,Y,M,C580Y,ERR15626485,14963704.0,ERR14391441,28414.0,ERR14391442,25851.0,ERR14391443,556.0
RCN14639,VN,AmpSeqV2,True,I,R,N,L,C,I,E,T,S,T,S,G,N,G,A,N,F,D,I,Y,M,C580Y,ERR15626487,14792603.0,ERR14391447,30103.0,ERR14391448,30924.0,ERR14391449,647.0
RCN14640,VN,AmpSeqV2,True,I,R,N,L,C,I,E,T,S,T,S,G,N,G,A,N,F,D,I,Y,M,C580Y,ERR15626488,16587852.0,ERR14391450,28009.0,ERR14391451,29420.0,ERR14391452,739.0
RCN14643,VN,AmpSeqV2,True,I,R,N,L,C,I,E,T,S,T,S,G,N,G,A,N,F,D,I,Y,M,C580Y,ERR15626491,14483037.0,ERR14391459,24555.0,ERR14391460,20030.0,ERR14391461,3.0
RCN14644,VN,AmpSeqV2,True,I,R,N,L,C,I,E,T,S,T,S,G,N,G,A,N,F,D,I,Y,M,C580Y,ERR15626492,15201186.0,ERR14391462,29540.0,ERR14391463,20767.0,ERR14391464,1018.0
RCN14645,VN,AmpSeqV2,True,I,R,N,L,C,I,E,T,S,T,S,G,N,G,A,N,F,D,I,Y,M,C580Y,ERR15626493,12589198.0,ERR14391465,34406.0,ERR14391466,34733.0,ERR14391467,929.0
RCN14648,VN,AmpSeqV2,True,I,R,N,L,C,I,E,T,S,T,S,G,N,G,A,N,F,D,I,Y,M,C580Y,ERR15626496,11965996.0,ERR14391474,25461.0,ERR14391475,17166.0,ERR14391476,650.0
RCN14649,VN,AmpSeqV2,True,I,R,N,L,C,I,E,T,S,T,S,G,N,G,A,N,F,D,I,Y,M,C580Y,ERR15626497,16414973.0,ERR14391477,24565.0,ERR14391478,22202.0,ERR14391479,792.0
RCN14650,VN,AmpSeqV2,True,I,R,N,L,C,I,E,T,S,T,S,G,N,G,A,N,F,D,I,Y,M,C580Y,ERR15626498,12829655.0,ERR14391480,30685.0,ERR14391481,27149.0,ERR14391482,575.0
RCN14651,VN,AmpSeqV2,True,I,R,N,I,C,I,E,T,S,T,S,G,N,G,A,N,F,D,T,Y,M,C580Y,ERR15626499,15649661.0,ERR14391483,29686.0,ERR14391484,27643.0,ERR14391485,3.0
RCN14652,VN,AmpSeqV2,True,I,R,N,L,C,I,E,T,S,T,S,G,N,G,A,N,F,D,I,Y,M,C580Y,ERR15626500,17679951.0,ERR14391486,31620.0,ERR14391487,30460.0,ERR14391488,1096.0
RCN14653,VN,AmpSeqV2,True,I,R,N,L,C,I,E,T,S,T,S,G,N,G,A,N,F,D,I,Y,M,C580Y,ERR15626501,12090912.0,ERR14391489,28805.0,ERR14391490,32067.0,ERR14391491,696.0
RCN14654,VN,AmpSeqV2,True,I,R,N,L,C,I,E,T,S,T,S,G,N,G,A,N,F,D,I,Y,M,C580Y,ERR15626502,16159221.0,ERR14391492,28334.0,ERR14391493,23901.0,ERR14391494,822.0
RCN14655,VN,AmpSeqV2,True,I,R,N,L,C,I,E,T,S,T,S,G,N,G,A,N,F,D,I,Y,M,C580Y,ERR15626503,13179509.0,ERR14391495,24455.0,ERR14391496,21658.0,ERR14391497,660.0
RCN14657,VN,AmpSeqV2,True,I,R,N,L,C,I,E,T,S,T,S,G,N,G,A,N,F,D,I,Y,M,C580Y,ERR15626505,15237802.0,ERR14391501,28019.0,ERR14391502,28611.0,ERR14391503,867.0
RCN14658,VN,AmpSeqV2,True,I,R,N,L,C,I,E,T,S,T,S,G,N,G,A,N,F,D,I,Y,M,C580Y,ERR15626506,14274835.0,ERR14391504,23789.0,ERR14391505,27313.0,ERR14391506,596.0
RCN14660,VN,AmpSeqV2,True,I,R,N,L,C,I,E,T,S,T,S,G,N,G,A,N,F,D,I,Y,M,C580Y,ERR15626508,15813674.0,ERR14391510,31408.0,ERR14391511,27400.0,ERR14391512,971.0
RCN14661,VN,AmpSeqV2,True,I,R,N,L,C,I,E,T,S,T,S,G,N,G,A,N,F,D,I,Y,M,C580Y,ERR15626509,17624763.0,ERR14391513,20127.0,ERR14391514,11998.0,ERR14391515,257.0
RCN14662,VN,AmpSeqV2,True,I,R,N,L,C,I,E,T,S,T,S,G,N,G,A,N,F,D,I,Y,M,C580Y,ERR15626510,11453382.0,ERR14391516,27890.0,ERR14391517,23400.0,ERR14391518,368.0
RCN14663,VN,AmpSeqV2,True,I,R,N,L,C,I,E,T,S,T,S,G,N,G,A,N,F,D,I,Y,M,C580Y,ERR15626511,11897111.0,ERR14391519,24302.0,ERR14391520,25452.0,ERR14391521,608.0
RCN14664,VN,AmpSeqV2,True,I,R,N,L,C,I,E,T,S,T,S,G,N,G,A,N,F,D,I,Y,M,C580Y,ERR15626512,15483066.0,ERR14391522,22772.0,ERR14391523,21382.0,ERR14391524,687.0
RCN14666,VN,AmpSeqV2,True,I,R,N,I,C,I,E,T,N,I,S,G,E,A,A,N,Y,D,T,D,M,WT,ERR15626514,8396369.0,ERR14391528,32220.0,ERR14391529,30483.0,ERR14391530,848.0
RCN14672,VN,AmpSeqV2,True,I,R,N,I,C,I,E,T,S,T,A,G,K,A,A,N,F,D,I,Y,M,WT,ERR15626516,11007603.0,ERR14391543,19613.0,ERR14391544,18197.0,ERR14391545,420.0
RCN14673,VN,AmpSeqV2,True,I,R,N,I,C,I,E,T,S,T,A,G,K,A,A,N,F,D,I,Y,M,WT,ERR15626517,13342453.0,ERR14391546,26404.0,ERR14391547,27797.0,ERR14391548,753.0
RCN14674,VN,AmpSeqV2,True,I,R,N,L,C,I,E,T,S,T,S,G,N,G,A,N,F,D,I,Y,M,C580Y,ERR15626518,16042972.0,ERR14391549,37416.0,ERR14391550,33180.0,ERR14391551,805.0
RCN14676,VN,AmpSeqV2,True,I,R,N,L,C,I,E,T,S,T,S,G,N,G,A,N,F,D,I,Y,M,C580Y,ERR15626520,26600391.0,ERR14391555,45426.0,ERR14391556,52077.0,ERR14391557,1919.0
RCN14677,VN,AmpSeqV2,True,I,R,N,I,C,I,E,T,S,T,A,G,K,A,A,N,F,D,I,Y,M,WT,ERR15626521,10611793.0,ERR14391558,26576.0,ERR14391559,30366.0,ERR14391560,879.0
RCN14680,VN,AmpSeqV2,True,I,R,N,I,C,I,D,T,N,I,A,G,E,A,A,N,Y,D,I,Y,M,WT,ERR15626522,9104047.0,ERR14391564,23612.0,ERR14391565,25077.0,ERR14391566,644.0
RCN14681,VN,AmpSeqV2,True,I,R,N,L,C,I,E,T,S,T,S,G,N,G,A,N,F,D,I,Y,M,C580Y,ERR15626523,25632012.0,ERR14391567,37120.0,ERR14391568,39867.0,ERR14391569,675.0
RCN14682,VN,AmpSeqV2,True,I,R,N,L,C,I,E,T,S,T,S,G,N,G,A,N,F,D,I,Y,M,C580Y,ERR15626524,8836939.0,ERR14391570,31603.0,ERR14391571,31433.0,ERR14391572,610.0
RCN14683,VN,AmpSeqV2,True,I,R,N,L,C,I,E,T,S,T,S,G,N,G,A,N,F,D,I,Y,M,C580Y,ERR15626525,20230673.0,ERR14391573,36805.0,ERR14391574,36099.0,ERR14391575,1570.0
RCN14684,VN,AmpSeqV2,True,I,R,N,I,C,I,E,T,S,T,S,G,N,G,A,N,F,D,T,Y,M,C580Y,ERR15626526,29669574.0,ERR14391576,33970.0,ERR14391577,35235.0,ERR14391578,1038.0
RCN14685,VN,AmpSeqV2,True,I,R,N,L,C,I,E,T,S,T,S,G,N,G,A,N,F,D,I,Y,M,C580Y,ERR15626527,10096682.0,ERR14391579,30696.0,ERR14391580,24228.0,ERR14391581,551.0
RCN14688,VN,AmpSeqV2,True,I,R,N,L,C,I,E,T,S,T,S,G,N,G,A,N,F,D,I,Y,M,C580Y,ERR15626528,9738315.0,ERR14391588,28956.0,ERR14391589,29701.0,ERR14391590,767.0
RCN14689,VN,AmpSeqV2,True,N,C,S,I,C,I,E,T,N,I,S,G,K,A,A,N,Y,D,T,D,V,WT,ERR15626530,21025746.0,ERR14391591,30098.0,ERR14391592,31392.0,ERR14391593,558.0
RCN14691,VN,AmpSeqV2,True,N,R,N,I,C,I,D,T,N,I,S,A,K,A,A,N,Y,D,T,D,V,WT,ERR15626529,11048772.0,ERR14391594,43497.0,ERR14391595,42180.0,ERR14391596,1337.0
RCN14693,VN,AmpSeqV2,True,N,C,S,I,C,I,E,T,N,I,S,G,K,A,A,N,Y,D,T,D,V,WT,ERR15626532,27302471.0,ERR14391600,35126.0,ERR14391601,32962.0,ERR14391602,1010.0
RCN14696,VN,AmpSeqV2,True,I,R,N,I,C,I,D,T,N,I,A,G,E,A,A,N,Y,D,I,D,V,WT,ERR15626533,10295351.0,ERR14391609,25050.0,ERR14391610,27379.0,ERR14391611,642.0
RCN14697,VN,AmpSeqV2,True,I,R,N,I,C,I,E,T,S,T,A,G,K,A,A,N,F,D,T,D,V,WT,ERR15626534,5846416.0,ERR14391612,17051.0,ERR14391613,17638.0,ERR14391614,321.0
RCN14698,VN,AmpSeqV2,True,I,R,N,L,C,I,E,T,S,T,S,G,N,G,A,N,F,D,I,Y,M,C580Y,ERR15626535,20158714.0,ERR14391615,33056.0,ERR14391616,36181.0,ERR14391617,981.0
RCN14699,VN,AmpSeqV2,True,I,R,N,L,C,I,E,T,S,T,S,G,N,G,A,N,F,D,I,Y,M,C580Y,ERR15626536,25921722.0,ERR14391618,31835.0,ERR14391619,25924.0,ERR14391620,1196.0
RCN14700,VN,AmpSeqV2,True,I,R,N,L,C,I,E,T,S,T,S,G,N,G,A,N,F,D,I,Y,M,C580Y,ERR15626537,7260074.0,ERR14391621,33426.0,ERR14391622,36063.0,ERR14391623,1125.0
RCN14701,VN,AmpSeqV2,True,I,R,N,L,C,I,E,T,S,T,S,G,N,G,A,N,F,D,I,Y,M,C580Y,ERR15626538,21649171.0,ERR14391624,36770.0,ERR14391625,34046.0,ERR14391626,1302.0
RCN14705,VN,AmpSeqV2,True,I,R,N,L,C,I,E,T,S,T,S,G,N,G,A,N,F,D,I,Y,M,C580Y,ERR15626539,30491749.0,ERR14391636,28429.0,ERR14391637,27343.0,ERR14391638,931.0
RCN14706,VN,AmpSeqV2,True,I,R,N,L,C,I,E,T,S,T,S,G,N,G,A,N,F,D,I,Y,M,C580Y,ERR15626540,7800259.0,ERR14391639,28030.0,ERR14391640,28447.0,ERR14391641,1098.0
RCN14707,VN,AmpSeqV2,True,I,R,N,L,C,I,E,T,S,T,S,G,N,G,A,N,F,D,I,Y,M,C580Y,ERR15626541,17277701.0,ERR14391642,33240.0,ERR14391643,27152.0,ERR14391644,1061.0
RCN14708,VN,AmpSeqV2,True,I,R,N,L,C,I,E,T,S,T,S,G,N,G,A,N,F,D,I,Y,M,C580Y,ERR15626542,21690630.0,ERR14391645,49403.0,ERR14391646,43897.0,ERR14391647,1769.0
RCN14709,VN,AmpSeqV2,True,I,R,N,L,C,I,E,T,S,T,S,G,N,G,A,N,F,D,I,Y,M,C580Y,ERR15626543,27116992.0,ERR14391648,41355.0,ERR14391649,39832.0,ERR14391650,1269.0
RCN14713,VN,AmpSeqV2,True,I,R,N,L,C,I,E,T,S,T,S,G,N,G,A,N,F,D,I,Y,M,C580Y,ERR15626545,18770650.0,ERR14391660,34252.0,ERR14391661,33089.0,ERR14391662,554.0
RCN14714,VN,AmpSeqV2,True,I,R,N,L,C,I,E,T,S,T,S,G,N,G,A,N,F,D,I,Y,M,C580Y,ERR15626546,13242773.0,ERR14391663,33780.0,ERR14391664,32194.0,ERR14391665,1072.0
RCN14715,VN,AmpSeqV2,True,I,R,N,L,C,I,E,T,S,T,S,G,N,G,A,N,F,D,I,Y,M,C580Y,ERR15626547,7843801.0,ERR14391666,29107.0,ERR14391667,26755.0,ERR14391668,791.0
RCN14717,VN,AmpSeqV2,True,I,R,N,L,C,I,E,T,S,T,S,G,N,G,A,N,F,D,I,Y,M,C580Y,ERR15626549,7769546.0,ERR14391672,33974.0,ERR14391673,31486.0,ERR14391674,1166.0
RCN14721,VN,AmpSeqV2,True,I,R,N,L,C,I,E,T,S,T,S,G,N,G,A,N,F,D,I,Y,M,C580Y,ERR15626552,23598695.0,ERR14391684,28915.0,ERR14391685,29498.0,ERR14391686,1052.0
RCN14724,VN,AmpSeqV2,True,I,R,N,I,C,I,D,T,N,I,S,G,E,A,A,N,Y,D,I,D,M,WT,ERR15626555,11909430.0,ERR14391693,31093.0,ERR14391694,30906.0,ERR14391695,681.0
RCN14725,VN,AmpSeqV2,True,I,R,N,I,C,I,D,T,N,I,S,G,E,A,A,N,Y,D,I,D,M,WT,ERR15626556,25075221.0,ERR14391696,35309.0,ERR14391697,33314.0,ERR14391698,968.0
RCN14727,VN,AmpSeqV2,True,I,R,N,I,C,I,D,T,N,I,S,G,E,A,A,N,Y,D,I,D,M,WT,ERR15626557,11305482.0,ERR14391702,25094.0,ERR14391703,28927.0,ERR14391704,1103.0
RCN14728,VN,AmpSeqV2,True,I,R,N,I,C,I,D,T,N,I,S,G,E,A,A,N,Y,D,I,D,M,WT,ERR15626558,5164517.0,ERR14391705,21617.0,ERR14391706,22932.0,ERR14391707,791.0
RCN14729,VN,AmpSeqV2,True,I,R,N,I,C,I,D,T,N,I,S,G,E,A,A,N,Y,D,I,D,M,WT,ERR15626559,8752903.0,ERR14391708,28830.0,ERR14391709,28896.0,ERR14391710,871.0
RCN14730,VN,AmpSeqV2,True,I,R,N,I,C,I,D,T,N,I,S,G,E,A,A,N,Y,D,I,D,M,WT,ERR15626560,8840907.0,ERR14391711,25819.0,ERR14391712,29163.0,ERR14391713,1071.0
RCN14731,VN,AmpSeqV2,True,I,R,N,I,C,I,D,T,N,I,S,G,E,A,A,N,Y,D,I,D,M,WT,ERR15626561,19374244.0,ERR14391714,31631.0,ERR14391715,30802.0,ERR14391716,685.0
RCN14732,VN,AmpSeqV2,True,I,R,N,I,C,I,D,T,N,I,S,G,E,A,A,N,Y,D,I,D,M,WT,ERR15626562,10468829.0,ERR14391717,25890.0,ERR14391718,28037.0,ERR14391719,1011.0
RCN14733,VN,AmpSeqV2,True,I,R,N,I,C,I,D,T,N,I,S,G,E,A,A,N,Y,D,I,D,M,WT,ERR15626563,23426595.0,ERR14391720,32047.0,ERR14391721,35552.0,ERR14391722,1470.0
RCN14738,VN,AmpSeqV2,True,I,R,N,L,C,I,E,T,S,T,S,G,N,G,A,N,F,D,I,Y,M,C580Y,ERR15626564,31272342.0,ERR14391735,29043.0,ERR14391736,31153.0,ERR14391737,966.0
RCN14739,VN,AmpSeqV2,True,I,R,N,I,C,I,E,T,S,T,A,G,K,A,A,N,F,D,I,Y,V,WT,ERR15626565,31420596.0,ERR14391738,36330.0,ERR14391739,38929.0,ERR14391740,1562.0
RCN14740,VN,AmpSeqV2,True,I,R,N,I,C,I,E,T,S,T,A,G,K,A,A,N,F,D,I,Y,V,WT,ERR15626566,29317433.0,ERR14391741,31802.0,ERR14391742,33797.0,ERR14391743,1085.0
RCN14741,VN,AmpSeqV2,True,I,R,N,L,C,I,E,T,S,T,S,G,N,G,A,N,F,D,I,Y,M,WT,ERR15626567,10397513.0,ERR14391744,30232.0,ERR14391745,32574.0,ERR14391746,1097.0
RCN14744,VN,AmpSeqV2,True,I,R,N,L,C,I,E,T,S,T,S,G,N,G,A,N,F,D,I,Y,M,C580Y,ERR15626568,9825900.0,ERR14391750,24172.0,ERR14391751,26651.0,ERR14391752,907.0
RCN14746,VN,AmpSeqV2,True,I,R,N,L,C,I,E,T,S,T,S,G,N,G,A,N,F,D,I,Y,M,C580Y,ERR15626569,16410925.0,ERR14391753,38682.0,ERR14391754,39111.0,ERR14391755,534.0
RCN14748,VN,AmpSeqV2,True,I,R,N,L,C,I,E,T,S,T,S,G,N,G,A,N,F,D,I,Y,M,C580Y,ERR15626570,11168593.0,ERR14391756,27629.0,ERR14391757,31495.0,ERR14391758,942.0
RCN14752,VN,AmpSeqV2,True,I,R,N,L,C,I,E,T,S,T,S,G,N,G,A,N,F,D,I,Y,M,C580Y,ERR15626572,10243031.0,ERR14391765,24151.0,ERR14391766,26483.0,ERR14391767,920.0
RCN14753,VN,AmpSeqV2,True,I,R,N,L,C,I,E,T,S,T,S,G,N,G,A,N,F,D,I,Y,M,C580Y,ERR15626573,25812198.0,ERR14391768,23101.0,ERR14391769,26460.0,ERR14391770,966.0
RCN14754,VN,AmpSeqV2,True,I,R,N,L,C,I,E,T,S,T,S,G,N,G,A,N,F,D,I,Y,M,C580Y,ERR15626574,10065647.0,ERR14391771,32424.0,ERR14391772,34077.0,ERR14391773,973.0
RCN14756,VN,AmpSeqV2,True,I,R,N,L,C,I,E,T,S,T,S,G,N,G,A,N,F,D,I,Y,M,C580Y,ERR15626576,11391054.0,ERR14391777,28919.0,ERR14391778,31651.0,ERR14391779,1045.0
RCN14757,VN,AmpSeqV2,True,I,R,N,L,C,I,E,T,S,T,S,G,N,G,A,N,F,D,I,Y,M,C580Y,ERR15626577,8261586.0,ERR14391780,26427.0,ERR14391781,28775.0,ERR14391782,603.0
RCN14760,VN,AmpSeqV2,True,I,R,N,L,C,I,E,T,S,T,S,G,N,G,A,N,F,D,I,Y,M,C580Y,ERR15626578,13941540.0,ERR14391789,29642.0,ERR14391790,28993.0,ERR14391791,1158.0
RCN14762,VN,AmpSeqV2,True,I,R,N,L,C,I,E,T,S,T,S,G,N,G,A,N,F,D,I,Y,M,C580Y,ERR15626579,14898345.0,ERR14391795,28500.0,ERR14391796,31655.0,ERR14391797,1060.0
RCN14763,VN,AmpSeqV2,True,I,R,N,L,C,I,E,T,S,T,S,G,N,G,A,N,F,D,I,Y,M,C580Y,ERR15626580,13598576.0,ERR14391798,25708.0,ERR14391799,31725.0,ERR14391800,903.0
RCN14766,VN,AmpSeqV2,True,I,R,N,L,C,I,E,T,S,T,S,G,N,G,A,N,F,D,I,Y,M,C580Y,ERR15626581,14996180.0,ERR14391807,16562.0,ERR14391808,19168.0,ERR14391809,534.0
RCN14770,VN,AmpSeqV2,True,I,R,N,L,C,I,E,T,S,T,S,G,N,G,A,N,F,D,I,Y,M,C580Y,ERR15626582,15093041.0,ERR14391819,49634.0,ERR14391820,50762.0,ERR14391821,1959.0
RCN14771,VN,AmpSeqV2,True,I,R,N,L,C,I,E,T,S,T,S,G,N,G,A,N,F,D,I,Y,M,C580Y,ERR15626583,8946446.0,ERR14391822,24471.0,ERR14391823,26468.0,ERR14391824,870.0
RCN14777,VN,AmpSeqV2,True,I,R,N,L,C,I,E,T,S,T,S,G,N,G,A,N,F,D,I,Y,M,C580Y,ERR15626585,13562480.0,ERR14391840,34306.0,ERR14391841,35524.0,ERR14391842,1209.0
RCN14787,VN,AmpSeqV2,True,I,R,N,L,C,I,E,T,S,T,S,G,N,G,A,N,F,D,I,Y,M,C580Y,ERR15626588,14845111.0,ERR14391855,28956.0,ERR14391856,32331.0,ERR14391857,1139.0
RCN14794,VN,AmpSeqV2,True,I,R,N,L,C,I,E,T,S,T,S,G,N,G,A,N,F,D,I,Y,M,C580Y,ERR15626590,14278703.0,ERR14391876,30782.0,ERR14391877,32084.0,ERR14391878,1311.0
RCN14795,VN,AmpSeqV2,True,I,R,N,L,C,I,E,T,S,T,S,G,N,G,A,N,F,D,I,Y,M,C580Y,ERR15626591,18208716.0,ERR14391879,28068.0,ERR14391880,32347.0,ERR14391881,983.0
RCN14799,VN,AmpSeqV2,True,I,R,N,L,C,I,E,T,S,T,S,G,N,G,A,N,F,D,I,Y,M,C580Y,ERR15626592,16477181.0,ERR14391891,26123.0,ERR14391892,25012.0,ERR14391893,9.0
RCN14800,VN,AmpSeqV2,True,I,R,N,L,C,I,E,T,S,T,S,G,N,G,A,N,F,D,I,Y,M,C580Y,ERR15626593,6566931.0,ERR14391894,25270.0,ERR14391895,22336.0,ERR14391896,805.0
RCN14802,VN,AmpSeqV2,True,I,R,N,L,C,I,E,T,S,T,S,G,N,G,A,N,F,D,I,Y,M,C580Y,ERR15626594,9895597.0,ERR14391900,41440.0,ERR14391901,40770.0,ERR14391902,1397.0
RCN14803,VN,AmpSeqV2,True,I,R,N,L,C,I,E,T,S,T,S,G,N,G,A,N,F,D,I,Y,M,C580Y,ERR15626595,15166484.0,ERR14391903,34145.0,ERR14391904,37808.0,ERR14391905,1091.0
RCN14807,VN,AmpSeqV2,True,I,R,N,L,C,I,E,T,S,T,S,G,N,G,A,N,F,D,I,Y,M,C580Y,ERR15626596,13621401.0,ERR14391915,25361.0,ERR14391916,29154.0,ERR14391917,5.0
RCN14810,VN,AmpSeqV2,True,I,R,N,L,C,I,E,T,S,T,S,G,N,G,A,N,F,D,I,Y,M,C580Y,ERR15626598,16035810.0,ERR14391924,32514.0,ERR14391925,31116.0,ERR14391926,1164.0
RCN14811,VN,AmpSeqV2,True,I,R,N,L,C,I,E,T,S,T,S,G,N,G,A,N,F,D,I,Y,M,C580Y,ERR15626599,14064845.0,ERR14391927,29630.0,ERR14391928,29176.0,ERR14391929,946.0
RCN14814,VN,AmpSeqV2,True,I,R,N,L,C,I,E,T,S,T,S,G,N,G,A,N,F,D,I,Y,M,C580Y,ERR15626600,12653739.0,ERR14391936,27916.0,ERR14391937,31358.0,ERR14391938,811.0
RCN14816,VN,AmpSeqV2,True,I,R,N,L,C,I,E,T,S,T,S,G,N,G,A,N,F,D,I,Y,M,C580Y,ERR15626602,14753304.0,ERR14391942,34316.0,ERR14391943,38547.0,ERR14391944,975.0
RCN14818,VN,AmpSeqV2,True,I,R,N,L,C,I,E,T,S,T,S,G,N,G,A,N,F,D,I,Y,M,C580Y,ERR15626603,19198342.0,ERR14391948,23913.0,ERR14391949,32990.0,ERR14391950,1026.0
RCN14819,VN,AmpSeqV2,True,I,R,N,L,C,I,E,T,S,T,S,G,N,G,A,N,F,D,I,Y,M,C580Y,ERR15626604,14368285.0,ERR14391951,27188.0,ERR14391952,31624.0,ERR14391953,819.0
RCN14827,VN,AmpSeqV2,True,I,R,N,L,C,I,E,T,S,T,S,G,N,G,A,N,F,D,I,Y,M,C580Y,ERR15626605,16988732.0,ERR14391972,30964.0,ERR14391973,33395.0,ERR14391974,945.0
RCN14834,VN,AmpSeqV2,True,I,R,N,L,C,I,E,T,S,T,S,G,N,G,A,N,F,D,I,Y,M,C580Y,ERR15626606,13755485.0,ERR14391993,24723.0,ERR14391994,38885.0,ERR14391995,866.0
RCN14835,VN,AmpSeqV2,True,I,R,N,L,C,I,E,T,S,T,S,G,N,G,A,N,F,D,I,Y,M,C580Y,ERR15626607,5636992.0,ERR14391996,19982.0,ERR14391997,30024.0,ERR14391998,720.0
RCN14839,VN,AmpSeqV2,True,I,R,N,L,C,I,E,T,S,T,S,G,N,G,A,N,F,D,I,Y,M,C580Y,ERR15626608,11647696.0,ERR14392005,24645.0,ERR14392006,27725.0,ERR14392007,572.0
RCN14840,VN,AmpSeqV2,True,I,R,N,L,C,I,E,T,S,T,S,G,N,G,A,N,F,D,I,Y,M,C580Y,ERR15626609,11888645.0,ERR14392008,24539.0,ERR14392009,37482.0,ERR14392010,1303.0
RCN14843,VN,AmpSeqV2,True,I,R,N,L,C,I,E,T,S,T,S,G,N,G,A,N,F,D,I,Y,M,C580Y,ERR15626611,13165107.0,ERR14392017,23627.0,ERR14392018,30792.0,ERR14392019,954.0
RCN14847,VN,AmpSeqV2,True,I,R,N,L,C,I,E,T,S,T,S,G,N,G,A,N,F,D,I,Y,M,C580Y,ERR15626612,14511253.0,ERR14392029,17918.0,ERR14392030,36021.0,ERR14392031,6.0
RCN14848,VN,AmpSeqV2,True,I,R,N,L,C,I,E,T,S,T,S,G,N,G,A,N,F,D,I,Y,M,C580Y,ERR15626613,16277669.0,ERR14392032,35612.0,ERR14392033,39645.0,ERR14392034,1059.0
RCN14849,VN,AmpSeqV2,True,I,R,N,L,C,I,E,T,S,T,S,G,N,G,A,N,F,D,I,Y,M,C580Y,ERR15626614,7213907.0,ERR14392035,13606.0,ERR14392036,21467.0,ERR14392037,447.0
RCN14850,VN,AmpSeqV2,True,I,R,N,L,C,I,E,T,S,T,S,G,N,G,A,N,F,D,I,Y,M,C580Y,ERR15626615,14275095.0,ERR14392038,29944.0,ERR14392039,36778.0,ERR14392040,851.0
RCN14904,LA,AmpSeqV2,True,I,R,N,I,C,I,E,T,S,T,A,G,E,A,A,N,Y,D,I,Y,M,C580Y,ERR15626617,10554385.0,ERR14392053,63864.0,ERR14392054,49587.0,ERR14392055,1580.0
RCN14906,LA,AmpSeqV2,True,I,R,N,I,C,I,E,T,S,T,A,G,E,A,A,N,Y,D,I,Y,M,C580Y,ERR15626618,9324983.0,ERR14392056,32783.0,ERR14392057,41750.0,ERR14392058,2242.0
RCN14912,LA,AmpSeqV2,True,I,R,N,I,C,I,E,T,S,T,A,G,E,A,A,N,Y,D,I,Y,M,C580Y,ERR15626621,9887276.0,ERR14392065,59372.0,ERR14392066,40800.0,ERR14392067,2238.0
RCN14913,LA,AmpSeqV2,True,I,R,N,I,C,I,E,T,S,T,A,G,E,A,A,N,Y,D,I,Y,M,C580Y,ERR15626622,11468293.0,ERR14392068,73752.0,ERR14392069,67278.0,ERR14392070,5621.0
RCN14915,LA,AmpSeqV2,True,I,R,N,I,C,I,E,T,S,T,A,G,E,A,A,N,Y,D,I,Y,M,C580Y,ERR15626623,8436009.0,ERR14392074,30932.0,ERR14392075,39953.0,ERR14392076,1914.0
RCN14916,LA,AmpSeqV2,True,I,R,N,I,C,I,E,T,S,T,A,G,E,A,A,N,Y,D,I,Y,M,C580Y,ERR15626624,9458640.0,ERR14392077,62023.0,ERR14392078,42691.0,ERR14392079,2711.0
RCN14918,LA,AmpSeqV2,True,N,R,N,I,C,I,E,T,N,I,S,A,K,A,A,N,Y,D,T,D,V,WT,ERR15626625,14941270.0,ERR14392083,14800.0,ERR14392084,52030.0,ERR14392085,1019.0
RCN14919,LA,AmpSeqV2,True,N,R,N,I,C,I,E,T,N,I,S,A,K,A,A,N,Y,D,T,D,V,WT,ERR15626627,8902118.0,ERR14392086,54791.0,ERR14392087,41790.0,ERR14392088,1022.0
RCN14921,LA,AmpSeqV2,True,N,R,N,L,C,I,E,T,N,I,S,A,K,A,A,N,Y,D,T,D,V,WT,ERR15626629,12760991.0,ERR14392092,59246.0,ERR14392093,39028.0,ERR14392094,1533.0
RCN14925,LA,AmpSeqV2,True,N,R,N,I,C,I,E,T,N,I,S,G,K,A,A,N,Y,D,I,D,V,WT,ERR15626632,9747503.0,ERR14392101,53180.0,ERR14392102,43130.0,ERR14392103,2977.0
RCN14926,LA,AmpSeqV2,True,I,R,N,I,C,M,N,K,N,I,S,G,K,A,A,N,Y,D,T,D,V,WT,ERR15626633,10715157.0,ERR14392104,24761.0,ERR14392105,39295.0,ERR14392106,1875.0
RCN14927,LA,AmpSeqV2,True,N,R,N,I,C,I,D,T,N,I,A,G,E,A,A,N,Y,D,T,D,V,WT,ERR15626634,13397176.0,ERR14392107,24750.0,ERR14392108,32612.0,ERR14392109,508.0
RCN14928,LA,AmpSeqV2,True,N,R,N,I,C,I,D,T,N,I,S,A,K,A,A,N,Y,D,I,D,V,WT,ERR15626635,22711404.0,ERR14392110,77544.0,ERR14392111,62647.0,ERR14392112,4172.0
RCN14929,LA,AmpSeqV2,True,N,R,N,I,C,I,D,T,N,I,S,A,K,A,A,N,Y,D,I,D,V,WT,ERR15626636,16466774.0,ERR14392113,53977.0,ERR14392114,42904.0,ERR14392115,1667.0
RCN14932,LA,AmpSeqV2,True,N,R,N,I,C,I,D,T,N,I,S,G,K,A,A,N,Y,D,T,D,V,WT,ERR15626638,12458843.0,ERR14392119,50585.0,ERR14392120,42386.0,ERR14392121,135.0
RCN14935,LA,AmpSeqV2,True,I,R,N,I,C,I,E,T,S,T,S,G,E,G,A,N,Y,D,I,Y,M,C580Y,ERR15626641,12115166.0,ERR14392128,59192.0,ERR14392129,49138.0,ERR14392130,4426.0
RCN14938,LA,AmpSeqV2,True,I,R,N,I,C,I,E,T,N,I,S,A,K,A,A,N,Y,D,T,D,V,WT,ERR15626644,9280863.0,ERR14392137,44081.0,ERR14392138,44296.0,ERR14392139,1675.0
RCN14939,LA,AmpSeqV2,True,N,R,N,I,C,M,N,K,N,I,S,A,K,A,A,N,Y,D,T,"D,Y",V,WT,ERR15626645,10267880.0,ERR14392140,42112.0,ERR14392141,40682.0,ERR14392142,2172.0
RCN14941,LA,AmpSeqV2,True,N,R,N,I,C,I,E,T,N,I,S,A,K,A,A,N,Y,D,T,D,V,WT,ERR15626648,9404396.0,ERR14392146,44952.0,ERR14392147,33429.0,ERR14392148,1655.0
RCN14952,LA,AmpSeqV2,True,N,R,N,I,C,I,D,T,N,I,S,A,K,A,A,N,Y,D,I,D,V,WT,ERR15626657,10172005.0,ERR14392176,49792.0,ERR14392177,37901.0,ERR14392178,1505.0
RCN14954,LA,AmpSeqV2,True,N,R,N,I,C,I,D,T,N,I,S,A,K,A,A,N,Y,D,I,D,V,WT,ERR15626659,10677947.0,ERR14392182,46596.0,ERR14392183,40721.0,ERR14392184,2403.0
RCN14969,LA,AmpSeqV2,True,I,R,N,I,C,I,E,T,N,I,S,G,K,A,A,N,Y,D,T,D,V,WT,ERR15626667,11855597.0,ERR14392206,34049.0,ERR14392207,33823.0,ERR14392208,272.0
RCN14975,LA,AmpSeqV2,True,I,R,N,I,C,I,E,T,N,I,S,A,K,A,A,N,Y,D,T,D,V,WT,ERR15626672,10843164.0,ERR14392221,25460.0,ERR14392222,31052.0,ERR14392223,2209.0
RCN15000,LA,AmpSeqV2,True,I,R,N,I,C,I,D,T,N,I,S,A,K,A,A,N,Y,D,T,D,V,WT,ERR15626689,17159518.0,ERR14392278,29731.0,ERR14392279,30141.0,ERR14392280,4723.0
RCN15002,LA,AmpSeqV2,True,N,R,N,I,C,I,D,T,N,I,A,G,E,A,A,N,Y,D,T,D,V,WT,ERR15626691,15871876.0,ERR14392284,29771.0,ERR14392285,34164.0,ERR14392286,10182.0
RCN15003,LA,AmpSeqV2,True,N,R,N,I,C,M,N,K,N,I,S,A,K,A,A,N,Y,D,T,D,V,WT,ERR15626692,15786895.0,ERR14392287,42923.0,ERR14392288,37662.0,ERR14392289,10712.0
RCN15004,LA,AmpSeqV2,True,N,R,N,I,C,I,D,T,N,I,S,A,K,A,A,N,Y,D,T,D,V,WT,ERR15626693,15217824.0,ERR14392290,35612.0,ERR14392291,34692.0,ERR14392292,11853.0
RCN15006,LA,AmpSeqV2,True,I,R,N,I,C,I,E,T,N,I,S,A,K,A,A,N,Y,D,T,D,V,WT,ERR15626695,19968999.0,ERR14392296,35956.0,ERR14392297,27992.0,ERR14392298,9073.0
RCN15010,LA,AmpSeqV2,True,I,R,N,I,C,I,E,T,N,I,S,A,K,A,A,N,Y,D,T,D,V,WT,ERR15626699,11012530.0,ERR14392308,17598.0,ERR14392309,40045.0,ERR14392310,2344.0
RCN15020,LA,AmpSeqV2,True,N,R,N,I,C,I,D,T,N,I,S,A,K,A,A,N,Y,D,T,D,V,WT,ERR15626709,14332662.0,ERR14392338,50560.0,ERR14392339,49541.0,ERR14392340,17646.0
RCN15027,LA,AmpSeqV2,True,I,R,N,I,C,I,E,T,N,I,S,G,K,A,A,N,Y,D,T,D,V,WT,ERR15626715,17159942.0,ERR14392350,40253.0,ERR14392351,36351.0,ERR14392352,11283.0
RCN15037,LA,AmpSeqV2,True,N,C,S,I,C,M,N,K,N,I,S,A,K,A,A,N,Y,D,T,D,V,WT,ERR15626725,15628869.0,ERR14392380,51311.0,ERR14392381,48145.0,ERR14392382,15585.0
RCN15044,LA,AmpSeqV2,True,N,R,N,I,C,I,E,T,N,I,S,A,K,A,A,N,Y,D,T,D,V,WT,ERR15626732,16406757.0,ERR14392401,32093.0,ERR14392402,32384.0,ERR14392403,7728.0
RCN15063,LA,AmpSeqV2,True,I,R,N,I,C,I,E,T,N,I,S,G,K,A,A,N,Y,D,T,D,V,WT,ERR15626747,16847606.0,ERR14392452,32855.0,ERR14392453,31013.0,ERR14392454,4074.0
RCN15070,LA,AmpSeqV2,True,N,R,N,I,C,I,D,T,N,I,S,A,K,A,A,N,Y,D,I,D,V,WT,ERR15626754,14629796.0,ERR14392455,20554.0,ERR14392456,28018.0,ERR14392457,6130.0
RCN15072,LA,AmpSeqV2,True,N,R,N,I,C,I,D,T,N,I,S,A,K,A,A,N,Y,D,I,D,V,WT,ERR15626756,7907135.0,ERR14392461,26655.0,ERR14392462,26821.0,ERR14392463,3631.0
RCN15073,LA,AmpSeqV2,True,N,R,N,I,C,I,D,T,N,I,S,A,K,A,A,N,Y,D,I,D,V,WT,ERR15626757,9498460.0,ERR14392464,30901.0,ERR14392465,27798.0,ERR14392466,12326.0
RCN15074,LA,AmpSeqV2,True,N,R,N,I,C,I,D,T,N,I,S,A,K,A,A,N,Y,D,I,D,V,WT,ERR15626758,11310762.0,ERR14392467,32827.0,ERR14392468,25891.0,ERR14392469,10307.0
RCN15086,LA,AmpSeqV2,True,N,R,N,I,C,I,D,T,N,I,S,A,K,A,A,N,Y,D,I,D,V,WT,ERR15626770,18039355.0,ERR14392503,64508.0,ERR14392504,32403.0,ERR14392505,12540.0
RCN15089,LA,AmpSeqV2,True,N,R,N,I,C,I,D,T,N,I,S,A,K,A,A,N,Y,D,I,D,V,WT,ERR15626772,18672497.0,ERR14392512,40253.0,ERR14392513,21882.0,ERR14392514,9925.0
RCN15090,LA,AmpSeqV2,True,N,R,N,I,C,I,D,T,N,I,S,A,K,A,A,N,Y,D,I,D,V,WT,ERR15626774,18133709.0,ERR14392515,55061.0,ERR14392516,23182.0,ERR14392517,6666.0
RCN15095,LA,AmpSeqV2,True,N,R,N,I,C,I,D,T,N,I,S,A,K,A,A,N,Y,D,I,D,V,WT,ERR15626779,20138808.0,ERR14392530,77052.0,ERR14392531,73583.0,ERR14392532,17924.0
RCN15183,LA,AmpSeqV2,True,I,R,N,I,C,I,D,T,N,I,S,A,K,A,A,N,Y,D,T,D,V,WT,ERR15626845,13503955.0,ERR14392779,18.0,ERR14392780,21.0,ERR14392781,3747.0
RCN15184,LA,AmpSeqV2,True,I,R,N,I,C,I,E,T,N,I,S,A,K,A,A,N,Y,D,T,D,V,WT,ERR15626846,8978116.0,ERR14392782,171.0,ERR14392783,35504.0,ERR14392784,1117.0
RCN15191,LA,AmpSeqV2,True,N,R,N,I,C,I,E,T,N,I,S,A,K,A,A,N,Y,D,T,D,V,WT,ERR15626853,14838257.0,ERR14392803,48318.0,ERR14392804,25426.0,ERR14392805,3014.0
RCN15193,LA,AmpSeqV2,True,I,R,N,I,C,I,D,T,N,I,S,A,K,A,A,N,Y,D,T,D,V,WT,ERR15626855,13127704.0,ERR14392809,42402.0,ERR14392810,33249.0,ERR14392811,4311.0
RCN15195,LA,AmpSeqV2,True,N,R,N,L,C,I,E,T,N,I,S,A,K,A,A,N,Y,D,T,D,V,WT,ERR15626857,12472252.0,ERR14392815,30225.0,ERR14392816,25701.0,ERR14392817,4027.0
RCN15196,LA,AmpSeqV2,True,N,R,N,I,C,I,D,T,N,I,S,A,K,A,A,N,Y,D,I,D,V,WT,ERR15626858,7524954.0,ERR14392818,27048.0,ERR14392819,30526.0,ERR14392820,2700.0
RCN15197,LA,AmpSeqV2,True,N,R,N,I,C,I,D,T,N,I,S,A,K,A,A,N,Y,D,I,D,V,WT,ERR15626859,13489836.0,ERR14392821,38378.0,ERR14392822,31718.0,ERR14392823,3983.0
RCN15201,LA,AmpSeqV2,True,I,R,N,I,C,I,D,T,N,I,S,G,K,A,A,N,F,D,T,D,V,WT,ERR15626863,15279637.0,ERR14392833,40686.0,ERR14392834,39286.0,ERR14392835,5117.0
RCN15202,LA,AmpSeqV2,True,N,R,N,I,C,"M,I","N,D","K,T",N,I,S,A,K,A,A,N,Y,D,T,D,V,WT,ERR15626864,8301707.0,ERR14392836,38679.0,ERR14392837,31846.0,ERR14392838,832.0
RCN15208,LA,AmpSeqV2,True,I,R,N,I,C,M,N,K,N,I,S,A,K,A,A,N,Y,D,T,D,V,WT,ERR15626869,18178107.0,ERR14392854,21449.0,ERR14392855,34153.0,ERR14392856,1224.0
RCN15212,LA,AmpSeqV2,True,N,R,N,I,C,I,E,T,N,I,S,A,K,A,A,N,Y,D,T,D,V,WT,ERR15626873,18348632.0,ERR14392866,28951.0,ERR14392867,30094.0,ERR14392868,2397.0
RCN15218,LA,AmpSeqV2,True,N,R,N,I,C,I,D,T,N,I,S,A,K,A,A,N,Y,D,I,D,V,WT,ERR15626879,12531142.0,ERR14392881,49544.0,ERR14392882,42539.0,ERR14392883,5719.0
RCN15220,LA,AmpSeqV2,True,I,R,N,I,C,I,D,T,N,I,S,A,K,A,A,N,Y,D,T,D,V,WT,ERR15626881,15619552.0,ERR14392887,36460.0,ERR14392888,34612.0,ERR14392889,3852.0
RCN15221,LA,AmpSeqV2,True,N,R,N,I,C,I,D,T,N,I,S,A,K,A,A,N,Y,D,I,D,V,WT,ERR15626882,15393270.0,ERR14392890,32472.0,ERR14392891,26709.0,ERR14392892,2399.0
RCN15227,LA,AmpSeqV2,True,N,R,N,I,C,I,D,T,N,I,S,A,K,A,A,N,Y,D,I,D,V,WT,ERR15626888,16030797.0,ERR14392908,38458.0,ERR14392909,31138.0,ERR14392910,3344.0
RCN15228,LA,AmpSeqV2,True,N,R,N,I,C,I,D,T,N,I,S,A,K,A,A,N,Y,D,I,D,V,WT,ERR15626889,8241051.0,ERR14392911,38923.0,ERR14392912,32775.0,ERR14392913,2988.0
RCN15233,LA,AmpSeqV2,True,I,R,N,L,C,I,E,T,S,T,S,G,N,G,A,N,F,D,I,Y,M,C580Y,ERR15626893,16928676.0,ERR14392923,41220.0,ERR14392924,28143.0,ERR14392925,4332.0
RCN15235,LA,AmpSeqV2,True,I,R,N,L,C,I,E,T,S,T,S,G,N,G,A,N,F,D,I,Y,M,C580Y,ERR15626895,9851428.0,ERR14392929,35896.0,ERR14392930,31262.0,ERR14392931,2084.0
RCN15236,LA,AmpSeqV2,True,I,R,N,L,C,I,E,T,S,T,S,G,N,G,A,N,F,D,T,Y,M,C580Y,ERR15626896,13126165.0,ERR14392932,15710.0,ERR14392933,22507.0,ERR14392934,27.0
RCN15237,LA,AmpSeqV2,True,I,R,N,L,C,I,E,T,S,T,S,G,N,G,A,N,F,D,I,Y,M,C580Y,ERR15626897,14598189.0,ERR14392935,30435.0,ERR14392936,20923.0,ERR14392937,42.0
RCN15238,LA,AmpSeqV2,True,I,R,N,L,C,I,E,T,S,T,S,G,N,G,A,N,Y,D,T,D,V,WT,ERR15626898,9612382.0,ERR14392938,37565.0,ERR14392939,34745.0,ERR14392940,2641.0
RCN15241,LA,AmpSeqV2,True,I,R,N,L,C,I,E,T,S,T,S,G,N,G,A,N,F,D,I,Y,M,C580Y,ERR15626901,11840465.0,ERR14392947,37957.0,ERR14392948,21320.0,ERR14392949,3425.0
RCN15242,LA,AmpSeqV2,True,I,R,N,L,C,I,E,T,S,T,S,G,N,G,A,N,F,D,I,Y,M,C580Y,ERR15626902,7843928.0,ERR14392950,706.0,ERR14392951,31940.0,ERR14392952,28.0
RCN15245,LA,AmpSeqV2,True,I,R,N,L,C,I,E,T,S,T,S,G,N,G,A,N,F,D,I,Y,M,C580Y,ERR15626904,11104648.0,ERR14392959,32735.0,ERR14392960,25874.0,ERR14392961,3632.0
RCN15246,LA,AmpSeqV2,True,I,R,N,I,C,I,E,T,S,T,A,G,K,A,A,N,Y,D,T,D,M,WT,ERR15626906,12360518.0,ERR14392962,37915.0,ERR14392963,27420.0,ERR14392964,2873.0
RCN15248,LA,AmpSeqV2,True,I,R,N,L,C,I,E,T,S,T,S,G,N,G,A,N,F,D,I,Y,M,C580Y,ERR15626908,7005152.0,ERR14392968,39807.0,ERR14392969,32106.0,ERR14392970,1450.0
RCN15250,LA,AmpSeqV2,True,I,R,N,I,C,I,D,T,N,I,S,A,K,A,A,N,Y,D,I,D,V,WT,ERR15626910,10075062.0,ERR14392974,209.0,ERR14392975,20456.0,ERR14392976,31.0
RCN15260,LA,AmpSeqV2,True,I,R,N,L,C,I,E,T,S,T,S,G,N,G,A,N,F,D,I,Y,M,C580Y,ERR15626918,17163222.0,ERR14392998,27347.0,ERR14392999,27524.0,ERR14393000,1914.0
RCN15271,LA,AmpSeqV2,True,I,R,N,I,C,I,D,T,N,I,S,G,E,A,A,Y,Y,D,T,D,V,WT,ERR15626928,11901687.0,ERR14393028,23084.0,ERR14393029,39786.0,ERR14393030,394.0
RCN15274,LA,AmpSeqV2,True,I,R,N,L,C,I,E,T,S,T,S,G,K,A,A,N,F,D,I,D,V,C580Y,ERR15626931,14146763.0,ERR14393037,59070.0,ERR14393038,50393.0,ERR14393039,2334.0
RCN15275,LA,AmpSeqV2,True,I,R,N,L,C,I,E,T,S,T,S,G,N,G,A,N,F,D,I,Y,M,C580Y,ERR15626932,19232745.0,ERR14393040,68158.0,ERR14393041,26438.0,ERR14393042,2940.0
RCN15276,LA,AmpSeqV2,True,I,R,N,L,C,I,E,T,S,T,S,G,N,G,A,N,F,D,I,Y,M,C580Y,ERR15626933,15039110.0,ERR14393043,55412.0,ERR14393044,46741.0,ERR14393045,3156.0
RCN15278,LA,AmpSeqV2,True,I,R,N,L,C,I,E,T,S,T,S,G,N,G,A,N,F,D,I,Y,M,C580Y,ERR15626935,15064569.0,ERR14393049,41534.0,ERR14393050,41791.0,ERR14393051,2186.0
RCN15279,LA,AmpSeqV2,True,I,R,N,L,C,I,E,T,S,T,S,G,N,G,A,N,F,D,I,Y,M,C580Y,ERR15626936,16251841.0,ERR14393052,48022.0,ERR14393053,45850.0,ERR14393054,2453.0
RCN15281,LA,AmpSeqV2,True,I,R,N,L,C,I,E,T,S,T,S,G,N,G,A,N,F,D,I,Y,M,C580Y,ERR15626938,17251347.0,ERR14393058,31889.0,ERR14393059,42088.0,ERR14393060,2358.0
RCN15282,LA,AmpSeqV2,True,I,R,N,L,C,I,E,T,S,T,S,G,N,G,A,N,F,D,I,Y,M,C580Y,ERR15626939,10562734.0,ERR14393061,30321.0,ERR14393062,55613.0,ERR14393063,924.0
RCN15283,LA,AmpSeqV2,True,I,R,N,L,C,I,E,T,S,T,S,G,N,G,A,N,F,D,I,Y,M,C580Y,ERR15626940,14956210.0,ERR14393064,59746.0,ERR14393065,48570.0,ERR14393066,2651.0
RCN15288,LA,AmpSeqV2,True,I,R,N,I,C,I,D,T,N,I,S,G,E,A,A,Y,Y,D,T,D,V,WT,ERR15626944,14380954.0,ERR14393073,62932.0,ERR14393074,50365.0,ERR14393075,2244.0
RCN15292,LA,AmpSeqV2,True,I,R,N,I,C,I,D,T,N,I,S,G,E,A,A,Y,Y,D,T,D,V,WT,ERR15626948,15267573.0,ERR14393085,77093.0,ERR14393086,57834.0,ERR14393087,2076.0
RCN15293,LA,AmpSeqV2,True,I,R,N,I,C,I,D,T,N,I,S,G,K,A,A,N,Y,D,I,D,V,WT,ERR15626949,11783647.0,ERR14393088,55880.0,ERR14393089,45169.0,ERR14393090,2073.0
RCN15294,LA,AmpSeqV2,True,I,R,N,I,C,I,D,T,N,I,S,G,E,A,A,Y,Y,D,T,D,V,WT,ERR15626950,11105675.0,ERR14393091,55347.0,ERR14393092,46028.0,ERR14393093,1005.0
RCN15295,LA,AmpSeqV2,True,I,R,N,I,C,I,E,T,S,T,S,G,N,G,A,N,F,D,T,Y,M,C580Y,ERR15626951,11482884.0,ERR14393094,42802.0,ERR14393095,47885.0,ERR14393096,1175.0
RCN15297,LA,AmpSeqV2,True,I,R,N,I,C,I,D,T,N,I,S,A,K,A,A,N,Y,D,I,Y,V,WT,ERR15626953,12211120.0,ERR14393100,52920.0,ERR14393101,45595.0,ERR14393102,2485.0
RCN15298,LA,AmpSeqV2,True,I,R,N,I,C,I,D,T,N,I,S,A,K,A,A,N,Y,D,I,D,V,WT,ERR15626954,18204125.0,ERR14393103,40845.0,ERR14393104,36550.0,ERR14393105,925.0
RCN15299,LA,AmpSeqV2,True,I,R,N,I,C,I,E,T,S,T,S,G,K,A,A,N,Y,D,I,D,V,WT,ERR15626955,17465692.0,ERR14393106,24070.0,ERR14393107,49324.0,ERR14393108,2181.0
RCN15301,LA,AmpSeqV2,True,I,R,N,I,C,I,D,T,N,I,S,A,K,A,A,N,Y,D,I,Y,V,WT,ERR15626957,12793900.0,ERR14393112,58881.0,ERR14393113,45550.0,ERR14393114,360.0
RCN15303,LA,AmpSeqV2,True,I,R,N,I,C,I,E,T,S,T,S,G,K,A,A,N,Y,D,I,D,V,WT,ERR15626959,16198791.0,ERR14393118,33912.0,ERR14393119,38733.0,ERR14393120,2276.0
RCN15306,LA,AmpSeqV2,True,I,R,N,I,C,I,E,T,S,T,A,G,E,A,A,N,F,D,I,D,M,R539T,ERR15626962,15379526.0,ERR14393127,17736.0,ERR14393128,38967.0,ERR14393129,981.0
RCN15307,LA,AmpSeqV2,True,I,R,N,L,C,I,E,T,S,T,S,G,K,A,A,N,Y,D,I,Y,M,WT,ERR15626963,12960512.0,ERR14393130,46121.0,ERR14393131,39278.0,ERR14393132,1498.0
RCN15308,LA,AmpSeqV2,True,I,R,N,I,C,I,D,T,N,I,S,G,E,A,A,Y,Y,D,T,D,V,WT,ERR15626964,13087904.0,ERR14393133,38834.0,ERR14393134,30576.0,ERR14393135,777.0
RCN15311,LA,AmpSeqV2,True,I,R,N,I,C,I,D,T,N,I,S,G,E,A,A,Y,Y,D,T,D,V,WT,ERR15626967,15710157.0,ERR14393142,34782.0,ERR14393143,44238.0,ERR14393144,656.0
RCN15315,LA,AmpSeqV2,True,I,R,N,L,C,I,E,T,S,T,S,G,N,G,A,N,F,D,I,Y,M,C580Y,ERR15626971,16124174.0,ERR14393154,55333.0,ERR14393155,47033.0,ERR14393156,203.0
RCN15322,LA,AmpSeqV2,True,I,R,N,I,C,I,D,T,N,I,S,G,E,A,A,Y,Y,D,T,D,V,WT,ERR15626978,9234424.0,ERR14393175,43856.0,ERR14393176,37663.0,ERR14393177,1169.0
RCN15323,LA,AmpSeqV2,True,I,R,N,I,C,I,E,T,S,T,S,G,K,A,A,N,Y,D,I,D,V,WT,ERR15626979,12717027.0,ERR14393178,64795.0,ERR14393179,51098.0,ERR14393180,2223.0
RCN15325,LA,AmpSeqV2,True,I,R,N,I,C,I,E,T,S,T,S,G,K,A,A,N,Y,D,I,D,V,WT,ERR15626982,16944973.0,ERR14393184,54722.0,ERR14393185,44942.0,ERR14393186,1854.0
RCN15327,LA,AmpSeqV2,True,I,R,N,L,C,I,E,T,S,T,S,G,N,G,A,N,F,D,I,Y,M,C580Y,ERR15626983,13093999.0,ERR14393190,42916.0,ERR14393191,51689.0,ERR14393192,2155.0
RCN15328,LA,AmpSeqV2,True,I,R,N,L,C,I,E,T,S,T,S,G,N,G,A,N,F,D,I,Y,M,C580Y,ERR15626984,15880807.0,ERR14393193,40124.0,ERR14393194,40089.0,ERR14393195,1167.0
RCN15332,LA,AmpSeqV2,True,I,R,N,I,C,I,D,T,N,I,S,A,K,A,A,N,Y,D,I,D,V,WT,ERR15626988,8447810.0,ERR14393205,27888.0,ERR14393206,47069.0,ERR14393207,1773.0
RCN15333,LA,AmpSeqV2,True,I,R,N,L,C,I,E,T,S,T,S,G,N,G,A,N,F,D,I,Y,M,C580Y,ERR15626989,12681056.0,ERR14393208,23981.0,ERR14393209,37848.0,ERR14393210,2191.0
RCN15334,LA,AmpSeqV2,True,I,R,N,I,C,I,D,T,N,I,S,G,E,A,A,Y,Y,D,T,D,V,WT,ERR15626990,10153279.0,ERR14393211,53998.0,ERR14393212,44238.0,ERR14393213,1968.0
RCN15335,LA,AmpSeqV2,True,N,R,N,I,C,"M,I","N,D","K,T",N,I,S,A,K,A,A,N,Y,D,T,D,V,WT,ERR15626991,13018192.0,ERR14393214,31601.0,ERR14393215,48793.0,ERR14393216,2195.0
RCN15341,LA,AmpSeqV2,True,I,R,N,I,C,I,D,T,N,I,S,A,K,A,A,N,Y,D,I,D,V,WT,ERR15626995,14719523.0,ERR14393226,41312.0,ERR14393227,50376.0,ERR14393228,2102.0
RCN15342,LA,AmpSeqV2,True,I,R,N,L,C,I,E,T,S,T,S,G,N,G,A,N,F,D,I,Y,M,C580Y,ERR15626996,14006937.0,ERR14393229,34354.0,ERR14393230,50214.0,ERR14393231,1775.0
RCN15345,LA,AmpSeqV2,True,I,R,N,I,C,I,D,T,N,I,S,A,K,A,A,N,Y,D,I,D,V,WT,ERR15626998,16261414.0,ERR14393235,38921.0,ERR14393236,46204.0,ERR14393237,2022.0
RCN15346,LA,AmpSeqV2,True,I,R,N,I,C,I,D,T,N,I,S,A,K,A,A,N,Y,D,I,D,V,WT,ERR15626999,17569545.0,ERR14393238,52202.0,ERR14393239,42977.0,ERR14393240,2118.0
RCN15347,LA,AmpSeqV2,True,I,R,N,I,C,I,D,T,N,I,A,G,E,A,T,N,F,D,I,Y,M,C580Y,ERR15627000,12518698.0,ERR14393241,20529.0,ERR14393242,48962.0,ERR14393243,449.0
RCN15348,LA,AmpSeqV2,True,I,R,N,I,C,I,D,T,N,I,A,G,E,A,T,N,F,D,I,Y,M,C580Y,ERR15627001,11768452.0,ERR14393244,36463.0,ERR14393245,50890.0,ERR14393246,2232.0
RCN15349,LA,AmpSeqV2,True,I,R,N,I,C,I,D,T,N,I,A,G,E,A,T,N,F,D,I,Y,M,C580Y,ERR15627002,14541052.0,ERR14393247,27845.0,ERR14393248,45160.0,ERR14393249,1115.0
RCN15350,LA,AmpSeqV2,True,I,R,N,I,C,I,D,T,N,I,A,G,E,A,T,N,F,D,I,Y,M,C580Y,ERR15627003,16708635.0,ERR14393250,35202.0,ERR14393251,19911.0,ERR14393252,1723.0
RCN15351,LA,AmpSeqV2,True,I,R,N,L,C,I,D,T,N,I,A,G,E,A,T,N,F,D,I,Y,M,C580Y,ERR15627004,16219397.0,ERR14393253,27098.0,ERR14393254,47013.0,ERR14393255,1660.0
RCN15352,LA,AmpSeqV2,True,I,R,N,I,C,I,D,T,N,I,S,A,K,A,A,N,Y,D,I,D,V,WT,ERR15627005,11568468.0,ERR14393256,31446.0,ERR14393257,50994.0,ERR14393258,256.0
RCN15353,LA,AmpSeqV2,True,I,R,N,I,C,I,D,T,N,I,A,G,E,A,T,N,F,D,I,Y,M,C580Y,ERR15627006,17790628.0,ERR14393259,42679.0,ERR14393260,41640.0,ERR14393261,1008.0
RCN15354,LA,AmpSeqV2,True,I,R,N,L,C,I,E,T,S,T,S,G,N,G,A,N,F,D,I,Y,M,C580Y,ERR15627007,12953718.0,ERR14393262,21210.0,ERR14393263,36880.0,ERR14393264,150.0
RCN15355,LA,AmpSeqV2,True,I,R,N,I,C,I,D,T,N,I,A,G,E,A,T,N,F,D,I,Y,M,C580Y,ERR15627008,11612698.0,ERR14393265,30368.0,ERR14393266,48324.0,ERR14393267,942.0
RCN15356,LA,AmpSeqV2,True,I,R,N,I,C,I,D,T,N,I,S,A,K,A,A,N,Y,D,I,D,V,WT,ERR15627009,12405766.0,ERR14393268,14609.0,ERR14393269,28152.0,ERR14393270,463.0
RCN15357,LA,AmpSeqV2,True,I,R,N,I,C,I,D,T,N,I,S,G,E,A,A,Y,Y,D,T,D,V,WT,ERR15627010,12250565.0,ERR14393271,34075.0,ERR14393272,39735.0,ERR14393273,240.0
RCN15358,LA,AmpSeqV2,True,I,R,N,L,C,I,E,T,S,T,S,G,N,G,A,N,F,D,I,Y,M,C580Y,ERR15627011,10281339.0,ERR14393274,51768.0,ERR14393275,41711.0,ERR14393276,1763.0
RCN15362,LA,AmpSeqV2,True,I,R,N,I,C,I,D,T,N,I,S,A,K,A,A,N,Y,D,I,D,V,WT,ERR15627014,8758099.0,ERR14393283,28184.0,ERR14393284,40353.0,ERR14393285,2735.0
RCN15366,LA,AmpSeqV2,True,I,R,N,I,C,I,D,T,N,I,S,A,K,A,A,N,Y,D,I,D,V,WT,ERR15627018,15642664.0,ERR14393295,56699.0,ERR14393296,50823.0,ERR14393297,1303.0
RCN15369,LA,AmpSeqV2,True,I,R,N,I,C,I,D,T,N,I,S,A,K,A,A,N,Y,D,I,D,V,WT,ERR15627020,11417372.0,ERR14393301,41832.0,ERR14393302,46573.0,ERR14393303,2136.0
RCN15371,LA,AmpSeqV2,True,I,R,N,L,C,I,E,T,S,T,S,G,N,G,A,N,F,D,I,Y,M,C580Y,ERR15627022,13531916.0,ERR14393307,55926.0,ERR14393308,47729.0,ERR14393309,3127.0
RCN15372,LA,AmpSeqV2,True,I,R,N,I,C,I,D,T,N,I,S,A,K,A,A,N,Y,D,I,D,V,WT,ERR15627023,9323585.0,ERR14393310,45565.0,ERR14393311,42964.0,ERR14393312,1846.0
RCN15373,LA,AmpSeqV2,True,I,R,N,I,C,I,D,T,N,I,S,A,K,A,A,N,Y,D,I,D,V,WT,ERR15627024,7741267.0,ERR14393313,55802.0,ERR14393314,58758.0,ERR14393315,164.0
RCN15374,LA,AmpSeqV2,True,I,R,N,I,C,I,D,T,N,I,S,A,K,A,A,N,Y,D,I,D,V,WT,ERR15627025,14467062.0,ERR14393316,52432.0,ERR14393317,49094.0,ERR14393318,2936.0
RCN15376,LA,AmpSeqV2,True,I,R,N,I,C,I,D,T,N,I,S,G,E,A,A,Y,Y,D,T,D,V,WT,ERR15627027,12953358.0,ERR14393322,58225.0,ERR14393323,51737.0,ERR14393324,2543.0
RCN15377,LA,AmpSeqV2,True,I,R,N,I,C,I,D,T,N,I,S,G,E,A,A,Y,Y,D,T,D,V,WT,ERR15627028,10226496.0,ERR14393325,53793.0,ERR14393326,36857.0,ERR14393327,2705.0
RCN15381,LA,AmpSeqV2,True,I,R,N,I,C,I,D,T,N,I,S,A,K,A,A,N,Y,D,I,D,V,WT,ERR15627032,26414892.0,ERR14393328,57285.0,ERR14393329,49654.0,ERR14393330,2439.0
RCN15382,LA,AmpSeqV2,True,I,R,N,I,C,I,D,T,N,I,S,A,K,A,A,N,Y,D,I,D,V,WT,ERR15627033,15577021.0,ERR14393331,42666.0,ERR14393332,39163.0,ERR14393333,1409.0
RCN15387,LA,AmpSeqV2,True,I,R,N,I,C,I,D,T,N,I,S,A,K,A,A,N,Y,D,I,D,V,WT,ERR15627036,14727382.0,ERR14393334,50606.0,ERR14393335,45517.0,ERR14393336,2982.0
RCN15845,VN,AmpSeqV2,True,I,R,N,L,C,I,E,T,S,T,S,G,N,G,A,N,F,D,I,Y,M,C580Y,ERR15627099,21063285.0,ERR14393379,59592.0,ERR14393380,46823.0,ERR14393381,2306.0
RCN15869,VN,AmpSeqV2,True,I,R,N,L,C,I,E,T,S,T,S,G,N,G,A,N,F,D,I,Y,M,C580Y,ERR15627103,19363057.0,ERR14393439,48470.0,ERR14393440,38865.0,ERR14393441,167.0
RCN15877,VN,AmpSeqV2,True,N,R,N,I,C,I,D,T,N,I,S,A,K,A,A,N,Y,D,I,D,V,WT,ERR15627106,13541402.0,ERR14393463,50234.0,ERR14393464,49530.0,ERR14393465,1318.0
RCN15885,VN,AmpSeqV2,True,I,R,N,L,C,I,E,T,S,T,S,G,N,G,A,N,F,D,I,Y,M,C580Y,ERR15627109,13398994.0,ERR14393487,24010.0,ERR14393488,14460.0,ERR14393489,989.0
RCN15887,VN,AmpSeqV2,True,I,R,N,I,C,I,E,T,S,T,S,G,N,G,A,N,Y,D,I,Y,M,C580Y,ERR15627111,18090513.0,ERR14393493,47587.0,ERR14393494,44876.0,ERR14393495,2359.0
RCN15888,VN,AmpSeqV2,True,I,R,N,L,C,I,E,T,S,T,S,G,N,G,A,N,F,D,I,Y,M,C580Y,ERR15627112,12870603.0,ERR14393496,53839.0,ERR14393497,68803.0,ERR14393498,3736.0
RCN15893,VN,AmpSeqV2,True,I,R,N,L,C,I,E,T,S,T,S,G,N,G,A,N,F,D,I,Y,M,C580Y,ERR15627114,13670366.0,ERR14393511,12820.0,ERR14393512,7467.0,ERR14393513,614.0
RCN15894,VN,AmpSeqV2,True,I,R,N,L,C,I,E,T,S,T,S,G,N,G,A,N,F,D,I,Y,M,C580Y,ERR15627115,14945736.0,ERR14393514,44800.0,ERR14393515,42886.0,ERR14393516,314.0
RCN15895,VN,AmpSeqV2,True,I,R,N,L,C,I,E,T,S,T,S,G,N,G,A,N,F,D,I,Y,M,C580Y,ERR15627116,15037461.0,ERR14393517,45081.0,ERR14393518,47258.0,ERR14393519,1690.0
RCN15897,VN,AmpSeqV2,True,I,R,N,I,C,I,E,T,N,I,S,G,N,G,A,N,F,D,T,Y,M,C580Y,ERR15627118,15707031.0,ERR14393523,40444.0,ERR14393524,35513.0,ERR14393525,2059.0
RCN15903,VN,AmpSeqV2,True,I,R,N,L,C,I,E,T,S,T,S,G,N,G,A,N,F,D,I,Y,M,C580Y,ERR15627120,15694642.0,ERR14393538,58787.0,ERR14393539,63562.0,ERR14393540,3066.0
RCN15904,VN,AmpSeqV2,True,I,R,N,I,C,I,D,T,N,I,S,A,K,A,A,N,Y,D,I,D,V,WT,ERR15627121,15478213.0,ERR14393541,47486.0,ERR14393542,42507.0,ERR14393543,1326.0
RCN15905,VN,AmpSeqV2,True,I,R,N,L,C,I,E,T,S,T,S,G,N,G,A,N,F,D,I,Y,M,C580Y,ERR15627122,11298005.0,ERR14393544,28647.0,ERR14393545,24797.0,ERR14393546,2148.0
RCN15908,VN,AmpSeqV2,True,I,R,N,L,C,I,E,T,S,T,S,G,N,G,A,N,F,D,I,Y,M,C580Y,ERR15627123,17833699.0,ERR14393553,26909.0,ERR14393554,32380.0,ERR14393555,1327.0
RCN15911,VN,AmpSeqV2,True,I,R,N,L,C,I,E,T,S,T,S,G,N,G,A,N,F,D,I,Y,M,C580Y,ERR15627124,11256518.0,ERR14393562,32970.0,ERR14393563,41803.0,ERR14393564,1851.0
RCN15912,VN,AmpSeqV2,True,I,R,N,L,C,I,E,T,S,T,S,G,N,G,A,N,F,D,I,Y,M,C580Y,ERR15627125,14554212.0,ERR14393565,48028.0,ERR14393566,49280.0,ERR14393567,1898.0
RCN15913,VN,AmpSeqV2,True,I,R,N,L,C,I,E,T,S,T,S,G,N,G,A,N,F,D,I,Y,M,C580Y,ERR15627126,13855803.0,ERR14393568,31321.0,ERR14393569,49152.0,ERR14393570,1926.0
RCN15926,VN,AmpSeqV2,True,I,R,N,L,C,I,E,T,S,T,S,G,N,G,A,N,F,D,I,Y,M,C580Y,ERR15627130,12381285.0,ERR14393607,43138.0,ERR14393608,41152.0,ERR14393609,1240.0
RCN15927,VN,AmpSeqV2,True,I,R,N,L,C,I,E,T,S,T,S,G,N,G,A,N,F,D,I,Y,M,C580Y,ERR15627131,16308148.0,ERR14393610,44128.0,ERR14393611,38971.0,ERR14393612,1762.0
RCN15928,VN,AmpSeqV2,True,I,R,N,L,C,I,E,T,S,T,S,G,N,G,A,N,F,D,I,Y,M,C580Y,ERR15627132,16902027.0,ERR14393613,46676.0,ERR14393614,45292.0,ERR14393615,2810.0
RCN15930,VN,AmpSeqV2,True,I,R,N,L,C,I,E,T,S,T,S,G,N,G,A,N,F,D,I,Y,M,C580Y,ERR15627133,13569924.0,ERR14393619,19758.0,ERR14393620,36779.0,ERR14393621,1359.0
RCN15932,VN,AmpSeqV2,True,I,R,N,L,C,I,E,T,S,T,S,G,N,G,A,N,F,D,I,Y,M,C580Y,ERR15627134,16030626.0,ERR14393625,16429.0,ERR14393626,32200.0,ERR14393627,719.0
RCN15934,VN,AmpSeqV2,True,I,R,N,L,C,I,E,T,S,T,S,G,N,G,A,N,F,D,I,Y,M,C580Y,ERR15627135,13469549.0,ERR14393631,48631.0,ERR14393632,47016.0,ERR14393633,2587.0
RCN15936,VN,AmpSeqV2,True,I,R,N,L,C,I,E,T,S,T,S,G,N,G,A,N,F,D,I,Y,M,C580Y,ERR15627136,16076645.0,ERR14393637,36014.0,ERR14393638,42911.0,ERR14393639,974.0
RCN15937,VN,AmpSeqV2,True,I,R,N,L,C,I,E,T,S,T,S,G,N,G,A,N,F,D,I,Y,M,C580Y,ERR15627137,15243466.0,ERR14393640,25536.0,ERR14393641,41025.0,ERR14393642,1134.0
RCN15942,VN,AmpSeqV2,True,I,R,N,L,C,I,E,T,S,T,S,G,N,G,A,N,F,D,I,Y,M,C580Y,ERR15627138,18235742.0,ERR14393655,36227.0,ERR14393656,39862.0,ERR14393657,1397.0
RCN15944,VN,AmpSeqV2,True,I,R,N,L,C,I,E,T,S,T,S,G,N,G,A,N,F,D,I,Y,M,C580Y,ERR15627140,16261117.0,ERR14393661,37505.0,ERR14393662,32519.0,ERR14393663,303.0
RCN15946,VN,AmpSeqV2,True,I,R,N,L,C,I,E,T,S,T,S,G,N,G,A,N,F,D,I,Y,M,C580Y,ERR15627141,17119221.0,ERR14393667,26052.0,ERR14393668,36286.0,ERR14393669,1776.0
RCN15950,VN,AmpSeqV2,True,I,R,N,L,C,I,E,T,S,T,S,G,N,G,A,N,F,D,I,Y,M,C580Y,ERR15627144,13295489.0,ERR14393679,42142.0,ERR14393680,53518.0,ERR14393681,1447.0
RCN15958,VN,AmpSeqV2,True,I,R,N,L,C,I,E,T,S,T,S,G,N,G,A,N,F,D,I,Y,M,C580Y,ERR15627145,9494053.0,ERR14393700,26691.0,ERR14393701,49894.0,ERR14393702,1386.0
RCN15961,VN,AmpSeqV2,True,I,R,N,L,C,I,E,T,S,T,S,G,N,G,A,N,F,D,I,Y,M,C580Y,ERR15627148,18085978.0,ERR14393709,18376.0,ERR14393710,10715.0,ERR14393711,1319.0
RCN15966,VN,AmpSeqV2,True,I,R,N,L,C,I,E,T,S,T,S,G,N,G,A,N,F,D,I,Y,M,C580Y,ERR15627149,14291305.0,ERR14393724,30777.0,ERR14393725,49761.0,ERR14393726,2101.0
RCN15967,VN,AmpSeqV2,True,I,R,N,L,C,I,E,T,S,T,S,G,N,G,A,N,F,D,I,Y,M,C580Y,ERR15627150,15667196.0,ERR14393727,24698.0,ERR14393728,23785.0,ERR14393729,700.0
RCN15968,VN,AmpSeqV2,True,I,R,N,L,C,I,E,T,S,T,S,G,N,G,A,N,F,D,I,Y,M,C580Y,ERR15627151,11233979.0,ERR14393730,15705.0,ERR14393731,46808.0,ERR14393732,748.0
RCN15975,VN,AmpSeqV2,True,I,R,N,L,C,I,E,T,S,T,S,G,N,G,A,N,F,D,I,Y,M,C580Y,ERR15627156,15718875.0,ERR14393751,37841.0,ERR14393752,47397.0,ERR14393753,1776.0
RCN15978,VN,AmpSeqV2,True,I,R,N,L,C,I,E,T,S,T,S,G,N,G,A,N,F,D,I,Y,M,C580Y,ERR15627157,14308839.0,ERR14393760,27739.0,ERR14393761,24902.0,ERR14393762,444.0
RCN15979,VN,AmpSeqV2,True,I,R,N,L,C,I,E,T,S,T,S,G,N,G,A,N,F,D,I,Y,M,C580Y,ERR15627158,14186264.0,ERR14393763,30381.0,ERR14393764,44211.0,ERR14393765,1084.0
RCN15980,VN,AmpSeqV2,True,I,R,N,L,C,I,E,T,S,T,S,G,N,G,A,N,F,D,I,Y,M,C580Y,ERR15627159,13309964.0,ERR14393766,54283.0,ERR14393767,47641.0,ERR14393768,1133.0
RCN15982,VN,AmpSeqV2,True,I,R,N,L,C,I,E,T,S,T,S,G,N,G,A,N,F,D,I,Y,M,C580Y,ERR15627160,10739600.0,ERR14393772,54663.0,ERR14393773,78617.0,ERR14393774,4230.0
RCN15983,VN,AmpSeqV2,True,I,R,N,L,C,I,E,T,S,T,S,G,N,G,A,N,F,D,I,Y,M,C580Y,ERR15627161,14871723.0,ERR14393775,29859.0,ERR14393776,47239.0,ERR14393777,1590.0
RCN15987,VN,AmpSeqV2,True,I,R,N,L,C,I,E,T,S,T,S,G,N,G,A,N,F,D,I,Y,M,C580Y,ERR15627163,17910766.0,ERR14393787,42170.0,ERR14393788,50531.0,ERR14393789,960.0
RCN15988,VN,AmpSeqV2,True,I,R,N,L,C,I,E,T,S,T,S,G,N,G,A,N,F,D,I,Y,M,C580Y,ERR15627164,14722521.0,ERR14393790,48965.0,ERR14393791,50017.0,ERR14393792,1825.0
RCN15989,VN,AmpSeqV2,True,I,R,N,L,C,I,E,T,S,T,S,G,N,G,A,N,F,D,I,Y,M,C580Y,ERR15627165,17485921.0,ERR14393793,33119.0,ERR14393794,55576.0,ERR14393795,2202.0
RCN15990,VN,AmpSeqV2,True,I,R,N,L,C,I,E,T,S,T,S,G,N,G,A,N,F,D,I,Y,M,C580Y,ERR15627166,14677019.0,ERR14393796,55435.0,ERR14393797,54524.0,ERR14393798,2101.0
RCN15991,VN,AmpSeqV2,True,I,R,N,L,C,I,E,T,S,T,S,G,N,G,A,N,F,D,I,Y,M,C580Y,ERR15627167,13123171.0,ERR14393799,47334.0,ERR14393800,38584.0,ERR14393801,1678.0
RCN15995,VN,AmpSeqV2,True,I,R,N,L,C,I,E,T,S,T,S,G,N,G,A,N,F,D,I,Y,M,C580Y,ERR15627169,13437250.0,ERR14393808,37580.0,ERR14393809,39476.0,ERR14393810,1470.0
RCN15997,VN,AmpSeqV2,True,I,R,N,L,C,I,E,T,S,T,S,G,N,G,A,N,F,D,I,Y,M,C580Y,ERR15627171,17692485.0,ERR14393814,68315.0,ERR14393815,66319.0,ERR14393816,3083.0
RCN15999,VN,AmpSeqV2,True,I,R,N,L,C,I,E,T,S,T,S,G,N,G,A,N,F,D,I,Y,M,C580Y,ERR15627173,12558954.0,ERR14393820,53476.0,ERR14393821,49914.0,ERR14393822,2228.0
RCN16004,VN,AmpSeqV2,True,I,R,N,L,C,I,E,T,S,T,S,G,N,G,A,N,F,D,I,Y,M,C580Y,ERR15627176,14190958.0,ERR14393835,44608.0,ERR14393836,52513.0,ERR14393837,2121.0
RCN16005,VN,AmpSeqV2,True,I,R,N,L,C,I,E,T,S,T,S,G,N,G,A,N,F,D,I,Y,M,C580Y,ERR15627177,10881168.0,ERR14393838,46065.0,ERR14393839,19367.0,ERR14393840,1707.0
RCN16006,VN,AmpSeqV2,True,I,R,N,L,C,I,E,T,S,T,S,G,N,G,A,N,F,D,I,Y,M,C580Y,ERR15627178,15375077.0,ERR14393841,30314.0,ERR14393842,55821.0,ERR14393843,2473.0
RCN16011,VN,AmpSeqV2,True,I,R,N,I,C,I,E,T,S,T,S,G,N,G,A,N,F,D,I,Y,M,C580Y,ERR15627181,17193383.0,ERR14393856,32631.0,ERR14393857,31085.0,ERR14393858,1217.0
RCN16014,VN,AmpSeqV2,True,I,R,N,I,C,I,D,T,N,I,S,G,E,A,A,N,Y,D,I,D,M,WT,ERR15627183,17205651.0,ERR14393865,68399.0,ERR14393866,58719.0,ERR14393867,1448.0
RCN16015,VN,AmpSeqV2,True,I,R,N,I,C,I,D,T,N,I,S,G,E,A,A,N,Y,D,I,D,M,WT,ERR15627184,20652454.0,ERR14393868,60346.0,ERR14393869,57651.0,ERR14393870,2276.0
RCN16019,VN,AmpSeqV2,True,I,R,N,I,C,I,E,T,S,T,S,G,N,G,A,N,Y,D,I,Y,M,C580Y,ERR15627185,12419977.0,ERR14393874,35753.0,ERR14393875,37419.0,ERR14393876,1183.0
RCN16020,VN,AmpSeqV2,True,I,R,N,I,C,I,E,T,S,T,A,G,K,A,A,N,F,D,I,Y,M,WT,ERR15627186,12369669.0,ERR14393877,49450.0,ERR14393878,42376.0,ERR14393879,1404.0
RCN16022,VN,AmpSeqV2,True,I,R,N,L,C,I,E,T,S,T,S,G,N,G,A,N,F,D,I,Y,M,C580Y,ERR15627188,14927105.0,ERR14393883,58489.0,ERR14393884,44089.0,ERR14393885,2021.0
RCN16023,VN,AmpSeqV2,True,I,R,N,I,C,I,E,T,S,T,A,G,K,A,A,N,F,D,I,Y,M,WT,ERR15627189,12862572.0,ERR14393886,45693.0,ERR14393887,40141.0,ERR14393888,2032.0
RCN16026,VN,AmpSeqV2,True,I,R,N,L,C,I,E,T,S,T,S,G,N,G,A,N,F,D,I,Y,M,C580Y,ERR15627190,11781727.0,ERR14393892,32695.0,ERR14393893,33908.0,ERR14393894,1082.0
RCN16027,VN,AmpSeqV2,True,I,R,N,L,C,I,E,T,S,T,S,G,N,G,A,N,F,D,I,Y,M,C580Y,ERR15627191,12052828.0,ERR14393895,36872.0,ERR14393896,31415.0,ERR14393897,1849.0
RCN16029,VN,AmpSeqV2,True,I,R,N,L,C,I,E,T,S,T,S,G,N,G,A,N,F,D,I,Y,M,C580Y,ERR15627192,9728637.0,ERR14393898,35301.0,ERR14393899,48478.0,ERR14393900,2411.0
RCN16042,VN,AmpSeqV2,True,I,R,N,I,C,I,E,T,S,T,A,G,K,A,A,N,F,D,I,Y,M,WT,ERR15627198,14064603.0,ERR14393925,33042.0,ERR14393926,28185.0,ERR14393927,1054.0
RCN16043,VN,AmpSeqV2,True,I,R,N,I,C,I,E,T,S,T,A,G,K,A,A,N,F,D,I,Y,M,WT,ERR15627199,13112763.0,ERR14393928,43502.0,ERR14393929,29833.0,ERR14393930,1175.0
RCN16045,VN,AmpSeqV2,True,I,R,N,L,C,I,E,T,S,T,S,G,N,G,A,N,F,D,I,Y,M,C580Y,ERR15627200,14514642.0,ERR14393934,49163.0,ERR14393935,39340.0,ERR14393936,1785.0
RCN16046,VN,AmpSeqV2,True,I,R,N,L,C,I,E,T,S,T,S,G,N,G,A,N,F,D,I,Y,M,C580Y,ERR15627201,16613603.0,ERR14393937,49195.0,ERR14393938,46432.0,ERR14393939,1652.0
RCN16047,VN,AmpSeqV2,True,I,R,N,L,C,I,E,T,S,T,S,G,N,G,A,N,F,D,I,Y,M,C580Y,ERR15627202,10076384.0,ERR14393940,40667.0,ERR14393941,40651.0,ERR14393942,1049.0
RCN16049,VN,AmpSeqV2,True,I,R,N,L,C,I,E,T,S,T,S,G,N,G,A,N,F,D,I,Y,M,C580Y,ERR15627204,17450874.0,ERR14393946,26497.0,ERR14393947,29669.0,ERR14393948,817.0
RCN16050,VN,AmpSeqV2,True,I,R,N,L,C,I,E,T,S,T,S,G,N,G,A,N,F,D,I,Y,M,C580Y,ERR15627205,11256845.0,ERR14393949,30820.0,ERR14393950,34941.0,ERR14393951,1450.0
RCN18470,VN,AmpSeqV2,True,I,R,N,L,C,I,E,T,S,T,S,G,N,G,A,N,F,D,I,Y,M,C580Y,ERR15627257,5083483.0,ERR14393952,30086.0,ERR14393953,7396.0,ERR14393954,1990.0
RCN18485,VN,AmpSeqV2,True,I,R,N,L,C,I,E,T,S,T,S,G,N,G,A,N,F,D,I,Y,M,C580Y,ERR15627269,11652978.0,ERR14393991,39534.0,ERR14393992,55999.0,ERR14393993,653.0
RCN18488,VN,AmpSeqV2,True,I,R,N,L,C,I,E,T,S,T,S,G,N,G,A,N,F,D,I,Y,M,C580Y,ERR15627272,13498729.0,ERR14394000,55427.0,ERR14394001,57725.0,ERR14394002,2201.0
RCN18489,VN,AmpSeqV2,True,I,R,N,L,C,I,E,T,S,T,S,G,N,G,A,N,F,D,I,Y,M,C580Y,ERR15627273,16909778.0,ERR14394003,33753.0,ERR14394004,45202.0,ERR14394005,2275.0
RCN18493,VN,AmpSeqV2,True,I,R,N,L,C,I,E,T,S,T,S,G,N,G,A,N,F,D,I,Y,M,C580Y,ERR15627275,7617396.0,ERR14394012,12671.0,ERR14394013,53731.0,ERR14394014,1628.0
RCN18494,VN,AmpSeqV2,True,I,R,N,L,C,I,E,T,S,T,S,G,N,G,A,N,F,D,I,Y,M,C580Y,ERR15627276,16526602.0,ERR14394015,13861.0,ERR14394016,36472.0,ERR14394017,1398.0
RCN18496,VN,AmpSeqV2,True,I,R,N,L,C,I,E,T,S,T,S,G,N,G,A,N,F,D,I,Y,M,C580Y,ERR15627277,11161154.0,ERR14394021,50096.0,ERR14394022,45177.0,ERR14394023,1065.0
RCN18500,VN,AmpSeqV2,True,I,R,N,L,C,I,E,T,S,T,S,G,N,G,A,N,F,D,I,Y,M,C580Y,ERR15627280,12222628.0,ERR14394033,32933.0,ERR14394034,48475.0,ERR14394035,1029.0
RCN18503,VN,AmpSeqV2,True,I,R,N,L,C,I,E,T,S,T,S,G,N,G,A,N,F,D,I,Y,M,C580Y,ERR15627282,13436800.0,ERR14394042,35717.0,ERR14394043,3139.0,ERR14394044,1015.0
RCN18504,VN,AmpSeqV2,True,I,R,N,L,C,I,E,T,S,T,S,G,N,G,A,N,F,D,I,Y,M,C580Y,ERR15627283,15471451.0,ERR14394045,49647.0,ERR14394046,44181.0,ERR14394047,1089.0
RCN18511,VN,AmpSeqV2,True,I,R,N,L,C,I,E,T,S,T,S,G,N,G,A,N,F,D,I,Y,M,C580Y,ERR15627288,10206441.0,ERR14394060,36787.0,ERR14394061,19814.0,ERR14394062,1042.0
RCN18512,VN,AmpSeqV2,True,I,R,N,L,C,I,E,T,S,T,S,G,N,G,A,N,F,D,I,Y,M,C580Y,ERR15627289,9806569.0,ERR14394063,50778.0,ERR14394064,58564.0,ERR14394065,1383.0
RCN18513,VN,AmpSeqV2,True,I,R,N,L,C,I,E,T,S,T,S,G,N,G,A,N,F,D,I,Y,M,C580Y,ERR15627290,14941410.0,ERR14394066,53351.0,ERR14394067,61381.0,ERR14394068,1674.0
RCN18518,VN,AmpSeqV2,True,I,R,N,L,C,I,E,T,S,T,S,G,N,G,A,N,F,D,I,Y,M,C580Y,ERR15627292,14003847.0,ERR14394078,37634.0,ERR14394079,39964.0,ERR14394080,993.0
RCN18519,VN,AmpSeqV2,True,I,R,N,I,C,I,E,T,S,T,S,G,N,G,A,N,F,D,I,Y,M,C580Y,ERR15627293,9469935.0,ERR14394081,38509.0,ERR14394082,35623.0,ERR14394083,833.0
RCN18534,VN,AmpSeqV2,True,I,R,N,L,C,I,E,T,S,T,S,G,N,G,A,N,F,D,I,Y,M,C580Y,ERR15627303,12459317.0,ERR14394123,27965.0,ERR14394124,31759.0,ERR14394125,195.0
RCN18536,VN,AmpSeqV2,True,I,R,N,L,C,I,E,T,S,T,S,G,N,G,A,N,F,D,I,Y,M,C580Y,ERR15627304,17706238.0,ERR14394129,27316.0,ERR14394130,31122.0,ERR14394131,643.0
RCN18540,VN,AmpSeqV2,True,I,R,N,L,C,I,E,T,S,T,S,G,N,G,A,N,F,D,I,Y,M,C580Y,ERR15627305,15234102.0,ERR14394138,36251.0,ERR14394139,5487.0,ERR14394140,1260.0
RCN18542,VN,AmpSeqV2,True,I,R,N,L,C,I,E,T,S,T,S,G,N,G,A,N,F,D,I,Y,M,C580Y,ERR15627306,17660595.0,ERR14394144,12933.0,ERR14394145,4595.0,ERR14394146,1709.0
RCN18543,VN,AmpSeqV2,True,I,R,N,L,C,I,E,T,S,T,S,G,N,G,A,N,F,D,I,Y,M,C580Y,ERR15627307,13399023.0,ERR14394147,35969.0,ERR14394148,57193.0,ERR14394149,1329.0
RCN18549,VN,AmpSeqV2,True,I,R,N,L,C,I,E,T,S,T,S,G,N,G,A,N,F,D,I,Y,M,C580Y,ERR15627310,10522720.0,ERR14394165,34838.0,ERR14394166,41949.0,ERR14394167,320.0
RCN18550,VN,AmpSeqV2,True,I,R,N,L,C,I,E,T,S,T,S,G,N,G,A,N,F,D,I,Y,M,C580Y,ERR15627311,16010868.0,ERR14394168,10171.0,ERR14394169,41626.0,ERR14394170,1588.0
RCN18551,VN,AmpSeqV2,True,I,R,N,L,C,I,E,T,S,T,S,G,N,G,A,N,F,D,I,Y,M,C580Y,ERR15627312,11445593.0,ERR14394171,23659.0,ERR14394172,36407.0,ERR14394173,1576.0
RCN18560,VN,AmpSeqV2,True,I,R,N,L,C,I,E,T,S,T,S,G,N,G,A,N,F,D,I,Y,M,C580Y,ERR15627315,13634084.0,ERR14394195,17891.0,ERR14394196,37707.0,ERR14394197,1499.0
RCN18565,VN,AmpSeqV2,True,I,R,N,L,C,I,E,T,S,T,S,G,N,G,A,N,F,D,I,Y,M,C580Y,ERR15627317,17432798.0,ERR14394210,72940.0,ERR14394211,53846.0,ERR14394212,920.0
RCN18572,VN,AmpSeqV2,True,I,R,N,L,C,I,E,T,S,T,S,G,N,G,A,N,F,D,I,Y,M,C580Y,ERR15627320,12105974.0,ERR14394231,63430.0,ERR14394232,51350.0,ERR14394233,1443.0
RCN18575,VN,AmpSeqV2,True,I,R,N,L,C,I,E,T,S,T,S,G,N,G,A,N,F,D,I,Y,M,C580Y,ERR15627323,12389604.0,ERR14394240,17643.0,ERR14394241,48063.0,ERR14394242,1304.0
RCN18581,VN,AmpSeqV2,True,I,R,N,I,C,I,D,T,N,I,S,G,E,A,A,N,Y,D,I,D,M,WT,ERR15627325,17392057.0,ERR14394258,66736.0,ERR14394259,47832.0,ERR14394260,1919.0
RCN18586,VN,AmpSeqV2,True,I,R,N,L,C,I,E,T,S,T,S,G,N,G,A,N,F,D,I,Y,M,C580Y,ERR15627328,16444304.0,ERR14394273,48761.0,ERR14394274,45057.0,ERR14394275,2090.0
RCN18587,VN,AmpSeqV2,True,I,R,N,L,C,I,E,T,S,T,S,G,N,G,A,N,F,D,I,Y,M,C580Y,ERR15627329,14417433.0,ERR14394276,35635.0,ERR14394277,48302.0,ERR14394278,1629.0
RCN18589,VN,AmpSeqV2,True,I,R,N,L,C,I,E,T,S,T,S,G,N,G,A,N,F,D,I,Y,M,C580Y,ERR15627331,16003631.0,ERR14394282,87747.0,ERR14394283,51752.0,ERR14394284,2017.0
RCN18590,VN,AmpSeqV2,True,I,R,N,L,C,I,E,T,S,T,S,G,N,G,A,N,F,D,I,Y,M,C580Y,ERR15627332,19705867.0,ERR14394285,38162.0,ERR14394286,39754.0,ERR14394287,88.0
RCN18591,VN,AmpSeqV2,True,I,R,N,L,C,I,E,T,S,T,S,G,N,G,A,N,F,D,I,Y,M,C580Y,ERR15627333,18139854.0,ERR14394288,66248.0,ERR14394289,39246.0,ERR14394290,108.0
RCN18593,VN,AmpSeqV2,True,I,R,N,"I,L",C,I,E,T,S,T,S,G,N,G,A,N,F,D,I,Y,M,C580Y,ERR15627334,6284234.0,ERR14394294,39819.0,ERR14394295,34630.0,ERR14394296,1774.0
RCN18594,VN,AmpSeqV2,True,I,R,N,"I,L",C,I,E,T,S,T,S,G,N,G,A,N,F,D,I,Y,M,C580Y,ERR15627335,12458104.0,ERR14394297,44739.0,ERR14394298,34818.0,ERR14394299,1188.0
RCN18607,VN,AmpSeqV2,True,I,R,N,L,C,I,E,T,S,T,S,G,N,G,A,N,F,D,I,Y,M,C580Y,ERR15627339,13776408.0,ERR14394315,85217.0,ERR14394316,65037.0,ERR14394317,1858.0
RCN18611,VN,AmpSeqV2,True,I,R,N,L,C,I,E,T,S,T,S,G,N,G,A,N,F,D,I,Y,M,C580Y,ERR15627341,12608049.0,ERR14394327,52520.0,ERR14394328,38819.0,ERR14394329,2194.0
RCN18612,VN,AmpSeqV2,True,I,R,N,L,C,I,E,T,S,T,S,G,N,G,A,N,F,D,I,Y,M,C580Y,ERR15627342,18588580.0,ERR14394330,47201.0,ERR14394331,44360.0,ERR14394332,304.0
RCN18613,VN,AmpSeqV2,True,I,R,N,L,C,I,E,T,S,T,S,G,N,G,A,N,F,D,I,Y,M,C580Y,ERR15627343,13863475.0,ERR14394333,51150.0,ERR14394334,37619.0,ERR14394335,603.0
RCN18614,VN,AmpSeqV2,True,I,R,N,L,C,I,E,T,S,T,S,G,N,G,A,N,F,D,I,Y,M,C580Y,ERR15627344,21290926.0,ERR14394336,63470.0,ERR14394337,39193.0,ERR14394338,789.0
RCN18615,VN,AmpSeqV2,True,I,R,N,L,C,I,E,T,S,T,S,G,N,G,A,N,F,D,I,Y,M,C580Y,ERR15627345,18200577.0,ERR14394339,67308.0,ERR14394340,40344.0,ERR14394341,775.0
RCN18618,VN,AmpSeqV2,True,I,R,N,L,C,I,E,T,S,T,S,G,N,G,A,N,F,D,I,Y,M,C580Y,ERR15627346,10299085.0,ERR14394348,61786.0,ERR14394349,38256.0,ERR14394350,825.0
RCN18621,VN,AmpSeqV2,True,I,R,N,L,C,I,E,T,S,T,S,G,N,G,A,N,F,D,I,Y,M,C580Y,ERR15627349,11107757.0,ERR14394357,51345.0,ERR14394358,42471.0,ERR14394359,1150.0
RCN18622,VN,AmpSeqV2,True,I,R,N,L,C,I,E,T,S,T,S,G,N,G,A,N,F,D,I,Y,M,C580Y,ERR15627350,11760101.0,ERR14394360,34780.0,ERR14394361,46982.0,ERR14394362,1365.0
RCN18627,VN,AmpSeqV2,True,I,R,N,L,C,I,E,T,S,T,S,G,N,G,A,N,F,D,I,Y,M,C580Y,ERR15627352,15587744.0,ERR14394372,44493.0,ERR14394373,29099.0,ERR14394374,343.0
RCN18630,VN,AmpSeqV2,True,I,R,N,L,C,I,E,T,S,T,S,G,N,G,A,N,F,D,I,Y,M,C580Y,ERR15627354,19865962.0,ERR14394381,17187.0,ERR14394382,30818.0,ERR14394383,696.0
RCN18631,VN,AmpSeqV2,True,I,R,N,L,C,I,E,T,S,T,S,G,N,G,A,N,F,D,I,Y,M,C580Y,ERR15627355,12325891.0,ERR14394384,37948.0,ERR14394385,43947.0,ERR14394386,1743.0
RCN18633,VN,AmpSeqV2,True,I,R,N,L,C,I,E,T,S,T,S,G,N,G,A,N,F,D,I,Y,M,C580Y,ERR15627356,11558657.0,ERR14394390,20177.0,ERR14394391,34065.0,ERR14394392,238.0
RCN18634,VN,AmpSeqV2,True,I,R,N,L,C,I,E,T,S,T,S,G,N,G,A,N,F,D,I,Y,M,C580Y,ERR15627357,17396259.0,ERR14394393,33115.0,ERR14394394,28421.0,ERR14394395,1336.0
RCN18635,VN,AmpSeqV2,True,I,R,N,L,C,I,E,T,S,T,S,G,N,G,A,N,F,D,I,Y,M,C580Y,ERR15627358,15361845.0,ERR14394396,39918.0,ERR14394397,33651.0,ERR14394398,693.0
RCN18636,VN,AmpSeqV2,True,I,R,N,L,C,I,E,T,S,T,S,G,N,G,A,N,F,D,I,Y,M,C580Y,ERR15627359,12993783.0,ERR14394399,16771.0,ERR14394400,41509.0,ERR14394401,1525.0
RCN18637,VN,AmpSeqV2,True,I,R,N,L,C,I,E,T,S,T,S,G,N,G,A,N,F,D,I,Y,M,C580Y,ERR15627360,7835620.0,ERR14394402,62320.0,ERR14394403,43124.0,ERR14394404,1415.0
RCN18638,VN,AmpSeqV2,True,I,R,N,L,C,I,E,T,S,T,S,G,N,G,A,N,F,D,I,Y,M,C580Y,ERR15627361,13717445.0,ERR14394405,46483.0,ERR14394406,52176.0,ERR14394407,1453.0
RCN18639,VN,AmpSeqV2,True,I,R,N,L,C,I,E,T,S,T,S,G,N,G,A,N,F,D,I,Y,M,C580Y,ERR15627362,10479381.0,ERR14394408,19177.0,ERR14394409,45746.0,ERR14394410,1196.0
RCN18641,VN,AmpSeqV2,True,I,R,N,L,C,I,E,T,S,T,S,G,N,G,A,N,F,D,I,Y,M,C580Y,ERR15627364,14722903.0,ERR14394414,23620.0,ERR14394415,41542.0,ERR14394416,896.0
RCN18644,VN,AmpSeqV2,True,I,R,N,L,C,I,E,T,S,T,S,G,N,G,A,N,F,D,I,Y,M,C580Y,ERR15627363,12169174.0,ERR14394423,15946.0,ERR14394424,40107.0,ERR14394425,1676.0
RCN18646,VN,AmpSeqV2,True,I,R,N,L,C,I,E,T,S,T,S,G,N,G,A,N,F,D,I,Y,M,C580Y,ERR15627365,11398481.0,ERR14394426,55389.0,ERR14394427,45849.0,ERR14394428,1955.0
RCN18647,VN,AmpSeqV2,True,I,R,N,L,C,I,E,T,S,T,S,G,N,G,A,N,F,D,I,Y,M,C580Y,ERR15627366,14612824.0,ERR14394429,35064.0,ERR14394430,10167.0,ERR14394431,1927.0
RCN18651,VN,AmpSeqV2,True,I,R,N,L,C,I,E,T,S,T,S,G,N,G,A,N,F,D,I,Y,M,C580Y,ERR15627368,11514632.0,ERR14394441,8744.0,ERR14394442,36008.0,ERR14394443,792.0
RCN18654,VN,AmpSeqV2,True,I,R,N,L,C,I,E,T,S,T,S,G,N,G,A,N,F,D,I,Y,M,C580Y,ERR15627369,13203618.0,ERR14394450,29625.0,ERR14394451,37851.0,ERR14394452,1135.0
RCN18655,VN,AmpSeqV2,True,I,R,N,L,C,I,E,T,S,T,S,G,N,G,A,N,F,D,I,Y,M,C580Y,ERR15627370,17409707.0,ERR14394453,17054.0,ERR14394454,35788.0,ERR14394455,448.0
RCN18658,VN,AmpSeqV2,True,I,R,N,L,C,I,E,T,S,T,S,G,N,G,A,N,F,D,I,Y,M,C580Y,ERR15627371,15985711.0,ERR14394462,46628.0,ERR14394463,35998.0,ERR14394464,460.0
RCN18659,VN,AmpSeqV2,True,I,R,N,L,C,I,E,T,S,T,S,G,N,G,A,N,F,D,I,Y,M,C580Y,ERR15627372,13110397.0,ERR14394465,65797.0,ERR14394466,57636.0,ERR14394467,632.0
RCN18660,VN,AmpSeqV2,True,I,R,N,L,C,I,E,T,S,T,S,G,N,G,A,N,F,D,I,Y,M,C580Y,ERR15627373,17399923.0,ERR14394468,14697.0,ERR14394469,36169.0,ERR14394470,300.0
RCN18664,VN,AmpSeqV2,True,I,R,N,L,C,I,E,T,S,T,S,G,N,G,A,N,F,D,I,Y,M,C580Y,ERR15627375,16820893.0,ERR14394477,6328.0,ERR14394478,18815.0,ERR14394479,21.0
RCN18665,VN,AmpSeqV2,True,I,R,N,L,C,I,E,T,S,T,S,G,N,G,A,N,F,D,I,Y,M,C580Y,ERR15627376,13413728.0,ERR14394480,5375.0,ERR14394481,7600.0,ERR14394482,914.0
RCN18667,VN,AmpSeqV2,True,I,R,N,L,C,I,E,T,S,T,S,G,N,G,A,N,F,D,I,Y,M,C580Y,ERR15627378,14842303.0,ERR14394486,60548.0,ERR14394487,49774.0,ERR14394488,545.0
RCN18669,VN,AmpSeqV2,True,I,R,N,L,C,I,E,T,S,T,S,G,N,G,A,N,F,D,I,Y,M,C580Y,ERR15627380,13111560.0,ERR14394492,10939.0,ERR14394493,33875.0,ERR14394494,520.0
RCN18671,VN,AmpSeqV2,True,I,R,N,L,C,I,E,T,S,T,S,G,N,G,A,N,F,D,I,Y,M,C580Y,ERR15627381,14804434.0,ERR14394498,17044.0,ERR14394499,33176.0,ERR14394500,1588.0
RCN18672,VN,AmpSeqV2,True,I,R,N,L,C,I,E,T,S,T,S,G,N,G,A,N,F,D,I,Y,M,C580Y,ERR15627382,15862603.0,ERR14394501,11234.0,ERR14394502,34753.0,ERR14394503,723.0
RCN18673,VN,AmpSeqV2,True,I,R,N,L,C,I,E,T,S,T,S,G,N,G,A,N,F,D,I,Y,M,C580Y,ERR15627383,16767564.0,ERR14394504,6466.0,ERR14394505,5681.0,ERR14394506,1033.0
RCN18675,VN,AmpSeqV2,True,I,R,N,L,C,I,E,T,S,T,S,G,N,G,A,N,F,D,I,Y,M,C580Y,ERR15627384,14156768.0,ERR14394510,65978.0,ERR14394511,49968.0,ERR14394512,1987.0
RCN18676,VN,AmpSeqV2,True,I,R,N,L,C,I,E,T,S,T,S,G,N,G,A,N,F,D,I,Y,M,C580Y,ERR15627385,16397797.0,ERR14394513,73192.0,ERR14394514,42058.0,ERR14394515,1207.0
RCN18677,VN,AmpSeqV2,True,I,R,N,L,C,I,E,T,S,T,S,G,N,G,A,N,F,D,I,Y,M,C580Y,ERR15627386,11354356.0,ERR14394516,15933.0,ERR14394517,36124.0,ERR14394518,484.0
RCN18680,VN,AmpSeqV2,True,I,R,N,L,C,I,E,T,S,T,S,G,N,G,A,N,F,D,I,Y,M,C580Y,ERR15627387,12798721.0,ERR14394522,58744.0,ERR14394523,42040.0,ERR14394524,1567.0
RCN18681,VN,AmpSeqV2,True,I,R,N,L,C,I,E,T,S,T,S,G,N,G,A,N,F,D,I,Y,M,C580Y,ERR15627388,12580991.0,ERR14394525,6156.0,ERR14394526,7311.0,ERR14394527,364.0
RCN18682,VN,AmpSeqV2,True,I,R,N,L,C,I,E,T,S,T,S,G,N,G,A,N,F,D,I,Y,M,C580Y,ERR15627389,16264153.0,ERR14394528,10774.0,ERR14394529,28445.0,ERR14394530,449.0
RCN18683,VN,AmpSeqV2,True,I,R,N,L,C,I,E,T,S,T,S,G,N,G,A,N,F,D,I,Y,M,C580Y,ERR15627390,14488844.0,ERR14394531,96442.0,ERR14394532,60984.0,ERR14394533,2168.0
RCN18684,VN,AmpSeqV2,True,I,R,N,L,C,I,E,T,S,T,S,G,N,G,A,N,F,D,I,Y,M,C580Y,ERR15627391,13801557.0,ERR14394534,66280.0,ERR14394535,41166.0,ERR14394536,1317.0
RCN18685,VN,AmpSeqV2,True,I,R,N,L,C,I,E,T,S,T,S,G,N,G,A,N,F,D,I,Y,M,C580Y,ERR15627392,13413163.0,ERR14394537,44064.0,ERR14394538,49097.0,ERR14394539,915.0
RCN18688,VN,AmpSeqV2,True,I,R,N,L,C,I,E,T,S,T,S,G,N,G,A,N,F,D,I,Y,M,C580Y,ERR15627394,14755147.0,ERR14394546,45364.0,ERR14394547,30767.0,ERR14394548,1298.0
RCN18691,VN,AmpSeqV2,True,I,R,N,L,C,I,E,T,S,T,S,G,N,G,A,N,F,D,I,Y,M,C580Y,ERR15627397,13859462.0,ERR14394555,36649.0,ERR14394556,19487.0,ERR14394557,1264.0
RCN18692,VN,AmpSeqV2,True,I,R,N,L,C,I,E,T,S,T,S,G,N,G,A,N,F,D,I,Y,M,C580Y,ERR15627398,16430868.0,ERR14394558,36671.0,ERR14394559,44939.0,ERR14394560,1433.0
RCN18693,VN,AmpSeqV2,True,I,R,N,L,C,I,E,T,S,T,S,G,N,G,A,N,F,D,I,Y,M,C580Y,ERR15627399,13427468.0,ERR14394561,34884.0,ERR14394562,46064.0,ERR14394563,684.0
RCN18695,VN,AmpSeqV2,True,I,R,N,L,C,I,E,T,S,T,S,G,N,G,A,N,F,D,I,Y,M,C580Y,ERR15627400,15555356.0,ERR14394567,35715.0,ERR14394568,37046.0,ERR14394569,754.0
RCN18696,VN,AmpSeqV2,True,I,R,N,L,C,I,E,T,S,T,S,G,N,G,A,N,F,D,I,Y,M,C580Y,ERR15627401,12818994.0,ERR14394570,30146.0,ERR14394571,33693.0,ERR14394572,996.0
RCN18697,VN,AmpSeqV2,True,I,R,N,L,C,I,E,T,S,T,S,G,N,G,A,N,F,D,I,Y,M,C580Y,ERR15627402,12867190.0,ERR14394573,6512.0,ERR14394574,3222.0,ERR14394575,656.0
RCN18698,VN,AmpSeqV2,True,I,R,N,L,C,I,E,T,S,T,S,G,N,G,A,N,F,D,I,Y,M,C580Y,ERR15627403,15530055.0,ERR14394576,19413.0,ERR14394577,38488.0,ERR14394578,583.0
RCN18699,VN,AmpSeqV2,True,I,R,N,L,C,I,E,T,S,T,S,G,N,G,A,N,F,D,I,Y,M,C580Y,ERR15627404,17174929.0,ERR14394579,59588.0,ERR14394580,39213.0,ERR14394581,1898.0
RCN18700,VN,AmpSeqV2,True,I,R,N,L,C,I,E,T,S,T,S,G,N,G,A,N,F,D,I,Y,M,C580Y,ERR15627405,11602914.0,ERR14394582,81470.0,ERR14394583,55439.0,ERR14394584,1696.0
RCN18704,VN,AmpSeqV2,True,I,R,N,L,C,I,E,T,S,T,S,G,N,G,A,N,F,D,I,Y,M,C580Y,ERR15627407,16531785.0,ERR14394591,50555.0,ERR14394592,36475.0,ERR14394593,1727.0
RCN18705,VN,AmpSeqV2,True,I,R,N,L,C,I,E,T,S,T,S,G,N,G,A,N,F,D,I,Y,M,C580Y,ERR15627408,15749412.0,ERR14394594,10884.0,ERR14394595,6920.0,ERR14394596,660.0
RCN18706,VN,AmpSeqV2,True,I,R,N,L,C,I,E,T,S,T,S,G,N,G,A,N,F,D,I,Y,M,C580Y,ERR15627409,15912073.0,ERR14394597,64709.0,ERR14394598,49622.0,ERR14394599,1414.0
RCN18707,VN,AmpSeqV2,True,I,R,N,L,C,I,E,T,S,T,S,G,N,G,A,N,F,D,I,Y,M,C580Y,ERR15627410,14538246.0,ERR14394600,58671.0,ERR14394601,40109.0,ERR14394602,1037.0
RCN18708,VN,AmpSeqV2,True,I,R,N,L,C,I,E,T,S,T,S,G,N,G,A,N,F,D,I,Y,M,C580Y,ERR15627411,17089265.0,ERR14394603,69083.0,ERR14394604,48358.0,ERR14394605,1457.0
RCN18709,VN,AmpSeqV2,True,I,R,N,L,C,I,E,T,S,T,S,G,N,G,A,N,F,D,I,Y,M,C580Y,ERR15627412,17930834.0,ERR14394606,34442.0,ERR14394607,38393.0,ERR14394608,105.0
RCN18713,VN,AmpSeqV2,True,I,R,N,L,C,I,E,T,S,T,S,G,N,G,A,N,F,D,I,Y,M,C580Y,ERR15627414,18597838.0,ERR14394618,10703.0,ERR14394619,9887.0,ERR14394620,191.0
RCN18714,VN,AmpSeqV2,True,I,R,N,I,C,M,N,K,N,I,A,G,K,A,A,N,Y,D,I,D,V,WT,ERR15627415,14228661.0,ERR14394621,64228.0,ERR14394622,49519.0,ERR14394623,1320.0
RCN18715,VN,AmpSeqV2,True,I,R,N,I,C,M,N,K,N,I,A,G,K,A,A,N,Y,D,I,D,V,WT,ERR15627416,13921582.0,ERR14394624,66378.0,ERR14394625,34489.0,ERR14394626,1127.0
RCN18717,VN,AmpSeqV2,True,I,R,N,I,C,M,N,K,N,I,S,G,E,A,A,N,Y,D,T,D,M,WT,ERR15627418,21053964.0,ERR14394630,33970.0,ERR14394631,39674.0,ERR14394632,733.0
RCN18720,VN,AmpSeqV2,True,I,R,N,I,C,M,N,K,N,I,S,G,E,A,A,N,Y,D,T,D,M,WT,ERR15627421,12893295.0,ERR14394639,38098.0,ERR14394640,21692.0,ERR14394641,1002.0
RCN18723,VN,AmpSeqV2,True,I,R,N,I,C,I,E,T,S,T,A,G,K,A,A,N,F,D,I,Y,M,WT,ERR15627423,16255379.0,ERR14394645,44922.0,ERR14394646,35110.0,ERR14394647,1628.0
RCN18724,VN,AmpSeqV2,True,I,R,N,I,C,I,E,T,S,T,A,G,K,A,A,N,F,D,I,Y,M,WT,ERR15627424,14595290.0,ERR14394648,29668.0,ERR14394649,33562.0,ERR14394650,1258.0
RCN18725,VN,AmpSeqV2,True,I,R,N,L,C,I,E,T,S,T,S,G,N,G,A,N,F,D,I,Y,M,C580Y,ERR15627425,12938295.0,ERR14394651,12944.0,ERR14394652,41498.0,ERR14394653,1049.0
RCN18728,VN,AmpSeqV2,True,I,R,N,I,C,I,E,T,S,T,S,G,N,G,A,N,F,D,I,Y,M,C580Y,ERR15627426,14884969.0,ERR14394660,40897.0,ERR14394661,26943.0,ERR14394662,1297.0
RCN18729,VN,AmpSeqV2,True,I,R,N,L,C,I,E,T,S,T,S,G,N,G,A,N,F,D,I,Y,M,C580Y,ERR15627427,14824784.0,ERR14394663,7432.0,ERR14394664,32193.0,ERR14394665,499.0
RCN18730,VN,AmpSeqV2,True,I,R,N,L,C,I,E,T,S,T,S,G,N,G,A,N,F,D,I,Y,M,C580Y,ERR15627428,14347628.0,ERR14394666,17521.0,ERR14394667,25395.0,ERR14394668,1033.0
RCN18731,VN,AmpSeqV2,True,I,R,N,L,C,I,E,T,S,T,S,G,N,G,A,N,F,D,I,Y,M,C580Y,ERR15627429,16208654.0,ERR14394669,49229.0,ERR14394670,52503.0,ERR14394671,1991.0
RCN18732,VN,AmpSeqV2,True,I,R,N,L,C,I,E,T,S,T,S,G,N,G,A,N,F,D,I,Y,M,C580Y,ERR15627430,16761856.0,ERR14394672,35431.0,ERR14394673,25277.0,ERR14394674,726.0
RCN18734,VN,AmpSeqV2,True,I,R,N,L,C,I,E,T,S,T,S,G,N,G,A,N,F,D,I,Y,M,C580Y,ERR15627432,9650232.0,ERR14394678,6841.0,ERR14394679,10637.0,ERR14394680,665.0
RCN18735,VN,AmpSeqV2,True,I,R,N,L,C,I,E,T,S,T,S,G,N,G,A,N,F,D,I,Y,M,C580Y,ERR15627433,13274859.0,ERR14394681,41031.0,ERR14394682,26267.0,ERR14394683,1075.0
RCN18736,VN,AmpSeqV2,True,I,R,N,L,C,I,E,T,S,T,S,G,N,G,A,N,F,D,I,Y,M,C580Y,ERR15627434,14429531.0,ERR14394684,26209.0,ERR14394685,29077.0,ERR14394686,1268.0
RCN18737,VN,AmpSeqV2,True,I,R,N,L,C,I,E,T,S,T,S,G,N,G,A,N,F,D,I,Y,M,C580Y,ERR15627435,13109389.0,ERR14394687,13241.0,ERR14394688,32797.0,ERR14394689,1029.0
RCN18738,VN,AmpSeqV2,True,I,R,N,L,C,I,E,T,S,T,S,G,N,G,A,N,F,D,I,Y,M,C580Y,ERR15627436,17752382.0,ERR14394690,37836.0,ERR14394691,37481.0,ERR14394692,1343.0
RCN18739,VN,AmpSeqV2,True,I,R,N,I,C,I,E,T,N,I,S,A,K,A,A,N,Y,D,T,D,V,WT,ERR15627437,15247142.0,ERR14394693,29401.0,ERR14394694,35555.0,ERR14394695,1387.0
RCN18740,VN,AmpSeqV2,True,I,R,N,L,C,I,E,T,S,T,S,G,N,G,A,N,F,D,I,Y,M,C580Y,ERR15627438,12981557.0,ERR14394696,45390.0,ERR14394697,31158.0,ERR14394698,270.0
RCN18741,VN,AmpSeqV2,True,I,R,N,L,C,I,E,T,S,T,S,G,N,G,A,N,F,D,I,Y,M,C580Y,ERR15627439,12810127.0,ERR14394699,15745.0,ERR14394700,27238.0,ERR14394701,603.0
RCN18744,VN,AmpSeqV2,True,I,R,N,L,C,I,E,T,S,T,S,G,N,G,A,N,F,D,I,Y,M,C580Y,ERR15627441,16974424.0,ERR14394708,17093.0,ERR14394709,29694.0,ERR14394710,1043.0
RCN18745,VN,AmpSeqV2,True,I,R,N,L,C,I,E,T,S,T,S,G,N,G,A,N,F,D,I,Y,M,C580Y,ERR15627442,13521553.0,ERR14394711,7098.0,ERR14394712,18541.0,ERR14394713,1144.0
RCN18748,VN,AmpSeqV2,True,I,R,N,L,C,I,E,T,S,T,S,G,N,G,A,N,F,D,I,Y,M,C580Y,ERR15627445,11673211.0,ERR14394717,36826.0,ERR14394718,24914.0,ERR14394719,431.0
RCN18749,VN,AmpSeqV2,True,I,R,N,L,C,I,E,T,S,T,S,G,N,G,A,N,F,D,I,Y,M,C580Y,ERR15627446,16532018.0,ERR14394720,17367.0,ERR14394721,32576.0,ERR14394722,106.0
RCN24787,VN,AmpSeqV2,True,I,R,N,L,C,I,E,T,S,T,S,G,N,G,A,N,F,D,I,Y,M,C580Y,ERR15628006,13194578.0,ERR14394723,39012.0,ERR14394724,26288.0,ERR14394725,756.0
RCN24788,VN,AmpSeqV2,True,I,R,N,L,C,I,E,T,S,T,S,G,N,G,A,N,F,D,I,Y,M,C580Y,ERR15628007,15982835.0,ERR14394726,21800.0,ERR14394727,22273.0,ERR14394728,495.0
RCN24789,VN,AmpSeqV2,True,I,R,N,I,C,I,E,T,S,T,A,G,K,A,A,N,F,D,I,Y,M,WT,ERR15628008,12872727.0,ERR14394729,30412.0,ERR14394730,23958.0,ERR14394731,921.0
RCN24790,VN,AmpSeqV2,True,I,R,N,L,C,I,E,T,S,T,S,G,N,G,A,N,F,D,I,Y,M,C580Y,ERR15628009,14859995.0,ERR14394732,23406.0,ERR14394733,17301.0,ERR14394734,456.0
RCN24791,VN,AmpSeqV2,True,I,R,N,I,C,M,N,K,N,I,A,G,K,A,A,N,Y,D,T,D,V,WT,ERR15628010,11092868.0,ERR14394735,27146.0,ERR14394736,22698.0,ERR14394737,961.0
RCN24792,VN,AmpSeqV2,True,I,R,N,L,C,I,E,T,S,T,S,G,N,G,A,N,F,D,I,Y,M,C580Y,ERR15628011,13385096.0,ERR14394738,15033.0,ERR14394739,11483.0,ERR14394740,392.0
RCN24793,VN,AmpSeqV2,True,I,R,N,L,C,I,E,T,S,T,S,G,N,G,A,N,F,D,I,Y,M,C580Y,ERR15628012,17392097.0,ERR14394741,27728.0,ERR14394742,20861.0,ERR14394743,16.0
RCN24794,VN,AmpSeqV2,True,I,R,N,I,C,I,E,T,S,T,S,G,E,A,A,N,F,D,T,D,M,WT,ERR15628013,12667475.0,ERR14394744,37173.0,ERR14394745,24467.0,ERR14394746,1052.0
RCN24795,VN,AmpSeqV2,True,I,R,N,L,C,I,E,T,S,T,S,G,N,G,A,N,F,D,I,Y,M,C580Y,ERR15628014,15167969.0,ERR14394747,38671.0,ERR14394748,36807.0,ERR14394749,1013.0
RCN24796,VN,AmpSeqV2,True,I,R,N,L,C,I,E,T,S,T,S,G,N,G,A,N,F,D,I,Y,M,C580Y,ERR15628015,14133067.0,ERR14394750,52840.0,ERR14394751,44339.0,ERR14394752,1558.0
RCN24797,VN,AmpSeqV2,True,I,R,N,L,C,I,E,T,S,T,S,G,N,G,A,N,F,D,I,Y,M,C580Y,ERR15628016,13371281.0,ERR14394753,36861.0,ERR14394754,28428.0,ERR14394755,972.0
RCN24798,VN,AmpSeqV2,True,I,R,N,L,C,I,E,T,S,T,S,G,N,G,A,N,F,D,I,Y,M,C580Y,ERR15628017,10222965.0,ERR14394756,40863.0,ERR14394757,29214.0,ERR14394758,757.0
RCN24799,VN,AmpSeqV2,True,I,R,N,L,C,I,E,T,S,T,S,G,N,G,A,N,F,D,I,Y,M,C580Y,ERR15628018,13756178.0,ERR14394759,33844.0,ERR14394760,27650.0,ERR14394761,1224.0
RCN24800,VN,AmpSeqV2,True,I,R,N,L,C,I,E,T,S,T,S,G,N,G,A,N,F,D,I,Y,M,C580Y,ERR15628019,11446457.0,ERR14394762,24842.0,ERR14394763,20293.0,ERR14394764,632.0
RCN24801,VN,AmpSeqV2,True,I,R,N,L,C,I,E,T,S,T,S,G,N,G,A,N,F,D,I,Y,M,C580Y,ERR15628020,11790405.0,ERR14394765,27109.0,ERR14394766,35197.0,ERR14394767,910.0
RCN24802,VN,AmpSeqV2,True,I,R,N,L,C,I,E,T,S,T,S,G,N,G,A,N,F,D,I,Y,M,C580Y,ERR15628021,9151379.0,ERR14394768,38900.0,ERR14394769,22265.0,ERR14394770,410.0
RCN24803,VN,AmpSeqV2,True,I,R,N,L,C,I,E,T,S,T,S,G,N,G,A,N,F,D,I,Y,M,C580Y,ERR15628022,9739779.0,ERR14394771,42024.0,ERR14394772,35953.0,ERR14394773,1185.0
RCN24804,VN,AmpSeqV2,True,I,R,N,L,C,I,E,T,S,T,S,G,N,G,A,N,F,D,I,Y,M,C580Y,ERR15628023,11510690.0,ERR14394774,38307.0,ERR14394775,34303.0,ERR14394776,963.0
RCN24806,VN,AmpSeqV2,True,I,R,N,L,C,I,E,T,S,T,S,G,N,G,A,N,F,D,I,Y,M,C580Y,ERR15628025,10381188.0,ERR14394780,30256.0,ERR14394781,27727.0,ERR14394782,759.0
RCN24807,VN,AmpSeqV2,True,I,R,N,L,C,I,E,T,S,T,S,G,N,G,A,N,F,D,I,Y,M,C580Y,ERR15628026,13724439.0,ERR14394783,29823.0,ERR14394784,33867.0,ERR14394785,1057.0
RCN24808,VN,AmpSeqV2,True,I,R,N,L,C,I,E,T,S,T,S,G,N,G,A,N,F,D,I,Y,M,C580Y,ERR15628027,11333984.0,ERR14394786,28438.0,ERR14394787,30548.0,ERR14394788,1050.0
RCN24809,VN,AmpSeqV2,True,I,R,N,L,C,I,E,T,S,T,S,G,N,G,A,N,F,D,I,Y,M,C580Y,ERR15628028,11000025.0,ERR14394789,22528.0,ERR14394790,17966.0,ERR14394791,977.0
RCN24810,VN,AmpSeqV2,True,I,R,N,L,C,I,E,T,S,T,S,G,N,G,A,N,F,D,I,Y,M,C580Y,ERR15628029,12200653.0,ERR14394792,25797.0,ERR14394793,18147.0,ERR14394794,457.0
RCN24811,VN,AmpSeqV2,True,I,R,N,L,C,I,E,T,S,T,S,G,N,G,A,N,F,D,I,Y,M,C580Y,ERR15628030,12185114.0,ERR14394795,47961.0,ERR14394796,45048.0,ERR14394797,1242.0
RCN24812,VN,AmpSeqV2,True,I,R,N,L,C,I,E,T,S,T,S,G,N,G,A,N,F,D,I,Y,M,C580Y,ERR15628031,8034697.0,ERR14394798,37890.0,ERR14394799,33518.0,ERR14394800,796.0
RCN24813,VN,AmpSeqV2,True,I,R,N,L,C,I,E,T,S,T,S,G,N,G,A,N,F,D,I,Y,M,C580Y,ERR15628032,15476132.0,ERR14394801,30039.0,ERR14394802,29123.0,ERR14394803,846.0
RCN24814,VN,AmpSeqV2,True,I,R,N,L,C,I,E,T,S,T,S,G,N,G,A,N,F,D,I,Y,M,C580Y,ERR15628033,12698320.0,ERR14394804,33885.0,ERR14394805,24929.0,ERR14394806,774.0
RCN24815,VN,AmpSeqV2,True,I,R,N,L,C,I,E,T,S,T,S,G,N,G,A,N,F,D,I,Y,M,C580Y,ERR15628034,17400451.0,ERR14394807,27207.0,ERR14394808,25447.0,ERR14394809,860.0
RCN24816,VN,AmpSeqV2,True,I,R,N,L,C,I,E,T,S,T,S,G,N,G,A,N,F,D,I,Y,M,C580Y,ERR15628035,15737951.0,ERR14394810,23442.0,ERR14394811,20961.0,ERR14394812,164.0
RCN24817,VN,AmpSeqV2,True,I,R,N,L,C,I,E,T,S,T,S,G,N,G,A,N,F,D,I,Y,M,C580Y,ERR15628036,15266500.0,ERR14394813,21969.0,ERR14394814,20891.0,ERR14394815,379.0
RCN24818,VN,AmpSeqV2,True,I,R,N,L,C,I,E,T,S,T,S,G,N,G,A,N,F,D,I,Y,M,C580Y,ERR15628037,15347863.0,ERR14394816,36395.0,ERR14394817,23347.0,ERR14394818,763.0
RCN24819,VN,AmpSeqV2,True,I,R,N,L,C,I,E,T,S,T,S,G,N,G,A,N,F,D,I,Y,M,C580Y,ERR15628038,12952774.0,ERR14394819,31216.0,ERR14394820,25957.0,ERR14394821,220.0
RCN24821,VN,AmpSeqV2,True,I,R,N,L,C,I,E,T,S,T,S,G,N,G,A,N,F,D,I,Y,M,C580Y,ERR15628040,12829847.0,ERR14394825,36707.0,ERR14394826,33438.0,ERR14394827,736.0
RCN24822,VN,AmpSeqV2,True,I,R,N,L,C,I,E,T,S,T,S,G,N,G,A,N,F,D,I,Y,M,C580Y,ERR15628041,14895876.0,ERR14394828,30709.0,ERR14394829,24102.0,ERR14394830,591.0
RCN24823,VN,AmpSeqV2,True,I,R,N,L,C,I,E,T,S,T,S,G,N,G,A,N,F,D,I,Y,M,C580Y,ERR15628042,16731150.0,ERR14394831,33095.0,ERR14394832,37915.0,ERR14394833,772.0
RCN24824,VN,AmpSeqV2,True,I,R,N,L,C,I,E,T,S,T,S,G,N,G,A,N,F,D,I,Y,M,C580Y,ERR15628043,14652100.0,ERR14394834,17295.0,ERR14394835,15028.0,ERR14394836,226.0
RCN24825,VN,AmpSeqV2,True,I,R,N,L,C,I,E,T,S,T,S,G,N,G,A,N,F,D,I,Y,M,C580Y,ERR15628044,13999175.0,ERR14394837,19109.0,ERR14394838,21032.0,ERR14394839,544.0
RCN24827,VN,AmpSeqV2,True,I,R,N,L,C,I,E,T,S,T,S,G,N,G,A,N,F,D,I,Y,M,C580Y,ERR15628046,14908922.0,ERR14394843,34281.0,ERR14394844,29524.0,ERR14394845,469.0
RCN24828,VN,AmpSeqV2,True,I,R,N,L,C,I,E,T,S,T,S,G,N,G,A,N,F,D,I,Y,M,C580Y,ERR15628047,11457990.0,ERR14394846,44984.0,ERR14394847,40664.0,ERR14394848,1628.0
RCN24829,VN,AmpSeqV2,True,I,R,N,L,C,I,E,T,S,T,S,G,N,G,A,N,F,D,I,Y,M,C580Y,ERR15628048,12495881.0,ERR14394849,42555.0,ERR14394850,36650.0,ERR14394851,1008.0
RCN24831,VN,AmpSeqV2,True,I,R,N,L,C,I,E,T,S,T,S,G,N,G,A,N,F,D,I,Y,M,C580Y,ERR15628050,14132519.0,ERR14394855,21848.0,ERR14394856,24458.0,ERR14394857,573.0
RCN24832,VN,AmpSeqV2,True,I,R,N,L,C,I,E,T,S,T,S,G,N,G,A,N,F,D,I,Y,M,C580Y,ERR15628051,10684035.0,ERR14394858,23650.0,ERR14394859,21879.0,ERR14394860,395.0
RCN24833,VN,AmpSeqV2,True,I,R,N,I,C,M,N,K,N,I,A,G,K,A,A,N,Y,D,T,D,V,WT,ERR15628052,15107892.0,ERR14394861,23291.0,ERR14394862,26941.0,ERR14394863,999.0
RCN24834,VN,AmpSeqV2,True,I,R,N,L,C,I,E,T,S,T,S,G,N,G,A,N,F,D,I,Y,M,C580Y,ERR15628053,13342733.0,ERR14394864,37780.0,ERR14394865,28606.0,ERR14394866,1126.0
RCN24838,VN,AmpSeqV2,True,I,R,N,L,C,I,E,T,S,T,S,G,N,G,A,N,F,D,I,Y,M,C580Y,ERR15628057,14698323.0,ERR14394873,31956.0,ERR14394874,29809.0,ERR14394875,741.0
RCN24839,VN,AmpSeqV2,True,I,R,N,L,C,I,E,T,S,T,S,G,N,G,A,N,F,D,I,Y,M,C580Y,ERR15628058,12925010.0,ERR14394876,26005.0,ERR14394877,29534.0,ERR14394878,336.0
RCN24840,VN,AmpSeqV2,True,I,R,N,L,C,I,E,T,S,T,S,G,N,G,A,N,F,D,I,Y,M,C580Y,ERR15628059,8806313.0,ERR14394879,24969.0,ERR14394880,24508.0,ERR14394881,479.0
RCN24842,VN,AmpSeqV2,True,I,R,N,L,C,I,E,T,S,T,S,G,N,G,A,N,F,D,I,Y,M,C580Y,ERR15628061,12582609.0,ERR14394885,36319.0,ERR14394886,30148.0,ERR14394887,901.0
RCN24851,VN,AmpSeqV2,True,I,R,N,L,C,I,E,T,S,T,S,G,N,G,A,N,F,D,I,Y,M,C580Y,ERR15628068,16961761.0,ERR14394906,35345.0,ERR14394907,33824.0,ERR14394908,901.0
RCN24853,VN,AmpSeqV2,True,I,R,N,L,C,I,E,T,S,T,S,G,N,G,A,N,F,D,I,Y,M,C580Y,ERR15628069,12580018.0,ERR14394909,31867.0,ERR14394910,36598.0,ERR14394911,926.0
RCN24856,VN,AmpSeqV2,True,I,R,N,L,C,I,E,T,S,T,S,G,N,G,A,N,F,D,I,Y,M,C580Y,ERR15628072,14865161.0,ERR14394918,23086.0,ERR14394919,20904.0,ERR14394920,720.0
RCN24857,VN,AmpSeqV2,True,I,R,N,L,C,I,E,T,S,T,S,G,N,G,A,N,F,D,I,Y,M,C580Y,ERR15628073,10578623.0,ERR14394921,22801.0,ERR14394922,23935.0,ERR14394923,485.0
RCN24859,VN,AmpSeqV2,True,I,R,N,L,C,I,E,T,S,T,S,G,N,G,A,N,F,D,I,Y,M,C580Y,ERR15628074,12343378.0,ERR14394927,45854.0,ERR14394928,37360.0,ERR14394929,863.0
RCN24860,VN,AmpSeqV2,True,I,R,N,L,C,I,E,T,S,T,S,G,N,G,A,N,F,D,I,Y,M,C580Y,ERR15628075,16236157.0,ERR14394930,35125.0,ERR14394931,30133.0,ERR14394932,650.0
RCN24862,VN,AmpSeqV2,True,I,R,N,L,C,I,E,T,S,T,S,G,N,G,A,N,F,D,I,Y,M,C580Y,ERR15628077,13725636.0,ERR14394936,26484.0,ERR14394937,28742.0,ERR14394938,277.0
RCN24864,VN,AmpSeqV2,True,I,R,N,L,C,I,E,T,S,T,S,G,N,G,A,N,F,D,I,Y,M,C580Y,ERR15628079,10989837.0,ERR14394942,25601.0,ERR14394943,23912.0,ERR14394944,568.0
RCN24867,VN,AmpSeqV2,True,I,R,N,L,C,I,E,T,S,T,S,G,N,G,A,N,F,D,I,Y,M,C580Y,ERR15628082,13293236.0,ERR14394951,36816.0,ERR14394952,32548.0,ERR14394953,941.0
RCN24870,VN,AmpSeqV2,True,I,R,N,L,C,I,E,T,S,T,S,G,N,G,A,N,F,D,I,Y,M,C580Y,ERR15628085,12389686.0,ERR14394960,21442.0,ERR14394961,28388.0,ERR14394962,742.0
RCN24871,VN,AmpSeqV2,True,I,R,N,L,C,I,E,T,S,T,S,G,N,G,A,N,F,D,I,Y,M,C580Y,ERR15628086,13094154.0,ERR14394963,17212.0,ERR14394964,13876.0,ERR14394965,948.0
RCN24873,VN,AmpSeqV2,True,I,R,N,L,C,I,E,T,S,T,S,G,N,G,A,N,F,D,I,Y,M,C580Y,ERR15628088,14692195.0,ERR14394969,10619.0,ERR14394970,19023.0,ERR14394971,313.0
RCN24874,VN,AmpSeqV2,True,I,R,N,L,C,I,E,T,S,T,S,G,N,G,A,N,F,D,I,Y,M,C580Y,ERR15628089,9860005.0,ERR14394972,34532.0,ERR14394973,35005.0,ERR14394974,1097.0
RCN24877,VN,AmpSeqV2,True,I,R,N,L,C,I,E,T,S,T,S,G,N,G,A,N,F,D,I,Y,M,C580Y,ERR15628092,13328351.0,ERR14394981,30264.0,ERR14394982,29098.0,ERR14394983,548.0
RCN24878,VN,AmpSeqV2,True,I,R,N,L,C,I,E,T,S,T,S,G,N,G,A,N,F,D,I,Y,M,C580Y,ERR15628093,12607628.0,ERR14394984,23882.0,ERR14394985,24609.0,ERR14394986,456.0
RCN24883,VN,AmpSeqV2,True,I,R,N,L,C,I,E,T,S,T,S,G,N,G,A,N,F,D,I,Y,M,C580Y,ERR15628097,12739502.0,ERR14394993,26570.0,ERR14394994,21898.0,ERR14394995,790.0
RCN24884,VN,AmpSeqV2,True,I,R,N,L,C,I,E,T,S,T,S,G,N,G,A,N,F,D,I,Y,M,C580Y,ERR15628098,17959035.0,ERR14394996,23168.0,ERR14394997,18912.0,ERR14394998,801.0
RCN24885,VN,AmpSeqV2,True,I,R,N,L,C,I,E,T,S,T,S,G,N,G,A,N,F,D,I,Y,M,C580Y,ERR15628099,12391698.0,ERR14394999,24352.0,ERR14395000,22276.0,ERR14395001,759.0
RCN24888,VN,AmpSeqV2,True,I,R,N,I,C,I,E,T,S,T,A,G,K,A,A,N,F,D,I,Y,M,WT,ERR15628102,11036916.0,ERR14395008,33741.0,ERR14395009,33919.0,ERR14395010,1042.0
RCN24889,VN,AmpSeqV2,True,I,R,N,L,C,I,E,T,S,T,S,G,N,G,A,N,F,D,I,Y,M,C580Y,ERR15628103,10463012.0,ERR14395011,32750.0,ERR14395012,31738.0,ERR14395013,718.0
RCN24890,VN,AmpSeqV2,True,I,R,N,L,C,I,E,T,S,T,S,G,N,G,A,N,F,D,I,Y,M,C580Y,ERR15628104,9985408.0,ERR14395014,47154.0,ERR14395015,48724.0,ERR14395016,2079.0
RCN24892,VN,AmpSeqV2,True,I,R,N,L,C,I,E,T,S,T,S,G,N,G,A,N,F,D,I,Y,M,C580Y,ERR15628106,11565692.0,ERR14395020,33534.0,ERR14395021,27334.0,ERR14395022,791.0
RCN24894,VN,AmpSeqV2,True,I,R,N,L,C,I,E,T,S,T,S,G,N,G,A,N,F,D,I,Y,M,C580Y,ERR15628108,9904787.0,ERR14395026,21231.0,ERR14395027,19113.0,ERR14395028,637.0
RCN24895,VN,AmpSeqV2,True,I,R,N,L,C,I,E,T,S,T,S,G,N,G,A,N,F,D,I,Y,M,C580Y,ERR15628109,11056631.0,ERR14395029,24773.0,ERR14395030,13864.0,ERR14395031,798.0
RCN24896,VN,AmpSeqV2,True,I,R,N,L,C,I,E,T,S,T,S,G,N,G,A,N,F,D,I,Y,M,C580Y,ERR15628110,8980866.0,ERR14395032,33434.0,ERR14395033,33555.0,ERR14395034,1119.0
RCN24898,VN,AmpSeqV2,True,I,R,N,L,C,I,E,T,S,T,S,G,N,G,A,N,F,D,I,Y,M,C580Y,ERR15628112,15122520.0,ERR14395038,37399.0,ERR14395039,30434.0,ERR14395040,590.0
RCN24900,VN,AmpSeqV2,True,I,R,N,L,C,I,E,T,S,T,S,G,N,G,A,N,F,D,I,Y,M,C580Y,ERR15628114,15743047.0,ERR14395041,30720.0,ERR14395042,24288.0,ERR14395043,1053.0
RCN24904,VN,AmpSeqV2,True,I,R,N,L,C,I,E,T,S,T,S,G,N,G,A,N,F,D,I,Y,M,C580Y,ERR15628116,11226634.0,ERR14395053,25888.0,ERR14395054,16378.0,ERR14395055,325.0
RCN24906,VN,AmpSeqV2,True,I,R,N,I,C,I,E,T,S,T,A,G,K,A,A,N,F,D,I,Y,M,WT,ERR15628118,13439730.0,ERR14395059,30497.0,ERR14395060,29920.0,ERR14395061,909.0
RCN24907,VN,AmpSeqV2,True,I,R,N,L,C,I,E,T,S,T,S,G,N,G,A,N,F,D,I,Y,M,C580Y,ERR15628119,9744433.0,ERR14395062,29092.0,ERR14395063,26087.0,ERR14395064,770.0
RCN24909,VN,AmpSeqV2,True,I,R,N,I,C,I,E,T,S,T,A,G,K,A,A,N,F,D,I,Y,M,WT,ERR15628121,13869655.0,ERR14395065,36015.0,ERR14395066,33842.0,ERR14395067,900.0
RCN24910,VN,AmpSeqV2,True,I,R,N,I,C,I,E,T,S,T,A,G,K,A,A,N,F,D,I,Y,M,WT,ERR15628122,10552866.0,ERR14395068,19220.0,ERR14395069,26205.0,ERR14395070,507.0
RCN24911,VN,AmpSeqV2,True,I,R,N,I,C,I,E,T,S,T,A,G,K,A,A,N,F,D,I,Y,M,WT,ERR15628123,14444602.0,ERR14395071,16888.0,ERR14395072,17897.0,ERR14395073,684.0
RCN24912,VN,AmpSeqV2,True,I,R,N,L,C,I,E,T,S,T,S,G,N,G,A,N,F,D,I,Y,M,C580Y,ERR15628124,13997564.0,ERR14395074,34276.0,ERR14395075,35770.0,ERR14395076,883.0
RCN24913,VN,AmpSeqV2,True,I,R,N,I,C,I,E,T,S,T,A,G,K,A,A,N,F,D,I,Y,M,WT,ERR15628125,10318115.0,ERR14395077,33843.0,ERR14395078,32617.0,ERR14395079,673.0
RCN24914,VN,AmpSeqV2,True,I,R,N,I,C,I,E,T,S,T,A,G,K,A,A,N,F,D,I,Y,M,WT,ERR15628126,16517229.0,ERR14395080,36400.0,ERR14395081,33625.0,ERR14395082,1266.0
RCN24915,VN,AmpSeqV2,True,I,R,N,L,C,I,E,T,S,T,S,G,N,G,A,N,F,D,I,Y,M,C580Y,ERR15628127,10932620.0,ERR14395083,32652.0,ERR14395084,33309.0,ERR14395085,1109.0
RCN24916,VN,AmpSeqV2,True,I,R,N,L,C,I,E,T,S,T,S,G,N,G,A,N,F,D,I,Y,M,C580Y,ERR15628128,10474163.0,ERR14395086,22655.0,ERR14395087,28542.0,ERR14395088,729.0
RCN24917,VN,AmpSeqV2,True,I,R,N,L,C,I,E,T,S,T,S,G,N,G,A,N,F,D,I,Y,M,C580Y,ERR15628129,14893962.0,ERR14395089,30555.0,ERR14395090,24332.0,ERR14395091,1026.0
RCN24918,VN,AmpSeqV2,True,N,R,N,I,C,I,E,T,N,I,S,A,K,A,A,N,Y,D,T,D,M,WT,ERR15628130,16449083.0,ERR14395092,17337.0,ERR14395093,22291.0,ERR14395094,557.0
RCN24922,VN,AmpSeqV2,True,I,R,N,L,C,I,E,T,S,T,S,G,N,G,A,N,F,D,I,Y,M,C580Y,ERR15628134,10548248.0,ERR14395101,39087.0,ERR14395102,39036.0,ERR14395103,1375.0
RCN24923,VN,AmpSeqV2,True,I,R,N,L,C,I,E,T,S,T,S,G,N,G,A,N,F,D,I,Y,M,C580Y,ERR15628135,15778485.0,ERR14395104,37452.0,ERR14395105,35932.0,ERR14395106,1199.0
RCN24925,VN,AmpSeqV2,True,I,R,N,L,C,I,E,T,S,T,S,G,N,G,A,N,F,D,I,Y,M,C580Y,ERR15628137,14012968.0,ERR14395110,22497.0,ERR14395111,19408.0,ERR14395112,497.0
RCN24926,VN,AmpSeqV2,True,I,R,N,L,C,I,E,T,S,T,S,G,N,G,A,N,F,D,I,Y,M,C580Y,ERR15628138,11777173.0,ERR14395113,19915.0,ERR14395114,24138.0,ERR14395115,690.0
RCN24927,VN,AmpSeqV2,True,I,R,N,L,C,I,E,T,S,T,S,G,N,G,A,N,F,D,I,Y,M,C580Y,ERR15628139,12597972.0,ERR14395116,17129.0,ERR14395117,18499.0,ERR14395118,405.0
RCN24928,VN,AmpSeqV2,True,I,R,N,L,C,I,E,T,S,T,S,G,N,G,A,N,F,D,I,Y,M,C580Y,ERR15628140,17206934.0,ERR14395119,32181.0,ERR14395120,34182.0,ERR14395121,1200.0
RCN24930,VN,AmpSeqV2,True,I,R,N,L,C,I,E,T,S,T,S,G,N,G,A,N,F,D,I,Y,M,C580Y,ERR15628142,16823464.0,ERR14395125,30552.0,ERR14395126,29625.0,ERR14395127,1193.0
RCN24931,VN,AmpSeqV2,True,I,R,N,L,C,I,E,T,S,T,S,G,N,G,A,N,F,D,I,Y,M,C580Y,ERR15628143,17444022.0,ERR14395128,34759.0,ERR14395129,29025.0,ERR14395130,1017.0
RCN24932,VN,AmpSeqV2,True,I,R,N,L,C,I,E,T,S,T,S,G,N,G,A,N,F,D,I,Y,M,C580Y,ERR15628144,13420412.0,ERR14395131,30033.0,ERR14395132,31155.0,ERR14395133,895.0
RCN24933,VN,AmpSeqV2,True,I,R,N,L,C,I,E,T,S,T,S,G,N,G,A,N,F,D,I,Y,M,C580Y,ERR15628145,13236226.0,ERR14395134,19356.0,ERR14395135,32859.0,ERR14395136,913.0
RCN24934,VN,AmpSeqV2,True,I,R,N,L,C,I,E,T,S,T,S,G,N,G,A,N,F,D,I,Y,M,C580Y,ERR15628146,11859520.0,ERR14395137,20897.0,ERR14395138,23742.0,ERR14395139,643.0
RCN24935,VN,AmpSeqV2,True,I,R,N,L,C,I,E,T,S,T,S,G,N,G,A,N,F,D,I,Y,M,C580Y,ERR15628147,12929286.0,ERR14395140,16752.0,ERR14395141,23694.0,ERR14395142,631.0
RCN24936,VN,AmpSeqV2,True,I,R,N,L,C,I,E,T,S,T,S,G,N,G,A,N,F,D,I,Y,M,C580Y,ERR15628148,10812826.0,ERR14395143,35476.0,ERR14395144,34937.0,ERR14395145,1062.0
RCN24937,VN,AmpSeqV2,True,I,R,N,L,C,I,E,T,S,T,S,G,N,G,A,N,F,D,I,Y,M,C580Y,ERR15628149,12363838.0,ERR14395146,32604.0,ERR14395147,34797.0,ERR14395148,1052.0
RCN24938,VN,AmpSeqV2,True,I,R,N,L,C,I,E,T,S,T,S,G,N,G,A,N,F,D,I,Y,M,C580Y,ERR15628150,13338749.0,ERR14395149,32178.0,ERR14395150,30081.0,ERR14395151,791.0
RCN24939,VN,AmpSeqV2,True,I,R,N,L,C,I,E,T,S,T,S,G,N,G,A,N,F,D,I,Y,M,C580Y,ERR15628151,11039498.0,ERR14395152,29908.0,ERR14395153,32864.0,ERR14395154,716.0
RCN24940,VN,AmpSeqV2,True,I,R,N,L,C,I,E,T,S,T,S,G,N,G,A,N,F,D,I,Y,M,C580Y,ERR15628152,13077155.0,ERR14395155,25626.0,ERR14395156,38582.0,ERR14395157,812.0
RCN24941,VN,AmpSeqV2,True,I,R,N,L,C,I,E,T,S,T,S,G,N,G,A,N,F,D,I,Y,M,C580Y,ERR15628153,8970709.0,ERR14395158,20241.0,ERR14395159,22538.0,ERR14395160,327.0
RCN24942,VN,AmpSeqV2,True,I,R,N,L,C,I,E,T,S,T,S,G,N,G,A,N,F,D,I,Y,M,C580Y,ERR15628154,12638534.0,ERR14395161,24328.0,ERR14395162,24436.0,ERR14395163,385.0
RCN24943,VN,AmpSeqV2,True,I,R,N,L,C,I,E,T,S,T,S,G,N,G,A,N,F,D,I,Y,M,C580Y,ERR15628155,12464116.0,ERR14395164,18225.0,ERR14395165,27439.0,ERR14395166,579.0
RCN24944,VN,AmpSeqV2,True,I,R,N,L,C,I,E,T,S,T,S,G,N,G,A,N,F,D,I,Y,M,C580Y,ERR15628156,9808546.0,ERR14395167,28762.0,ERR14395168,25369.0,ERR14395169,327.0
RCN24945,VN,AmpSeqV2,True,I,R,N,L,C,I,E,T,S,T,S,G,N,G,A,N,F,D,I,Y,M,C580Y,ERR15628157,10831801.0,ERR14395170,34322.0,ERR14395171,30848.0,ERR14395172,481.0
RCN24946,VN,AmpSeqV2,True,I,R,N,L,C,I,E,T,S,T,S,G,N,G,A,N,F,D,I,Y,M,C580Y,ERR15628158,11127228.0,ERR14395173,24363.0,ERR14395174,24233.0,ERR14395175,449.0
RCN24947,VN,AmpSeqV2,True,I,R,N,L,C,I,E,T,S,T,S,G,N,G,A,N,F,D,I,Y,M,C580Y,ERR15628159,9816751.0,ERR14395176,23210.0,ERR14395177,33486.0,ERR14395178,724.0
RCN24951,VN,AmpSeqV2,True,I,R,N,L,C,I,E,T,S,T,S,G,N,G,A,N,F,D,I,Y,M,C580Y,ERR15628163,11311816.0,ERR14395188,13398.0,ERR14395189,12973.0,ERR14395190,16.0
RCN24953,VN,AmpSeqV2,True,I,R,N,L,C,I,E,T,S,T,S,G,N,G,A,N,F,D,I,Y,M,C580Y,ERR15628165,16287324.0,ERR14395194,38111.0,ERR14395195,34477.0,ERR14395196,737.0
RCN24954,VN,AmpSeqV2,True,I,R,N,L,C,I,E,T,S,T,S,G,N,G,A,N,F,D,I,Y,M,C580Y,ERR15628166,10648269.0,ERR14395197,30794.0,ERR14395198,28279.0,ERR14395199,74.0
RCN24955,VN,AmpSeqV2,True,I,R,N,L,C,I,E,T,S,T,S,G,N,G,A,N,F,D,I,Y,M,C580Y,ERR15628167,16319232.0,ERR14395200,19483.0,ERR14395201,25164.0,ERR14395202,264.0
RCN24957,VN,AmpSeqV2,True,I,R,N,I,C,I,E,T,S,T,S,G,N,G,A,N,F,D,I,Y,M,C580Y,ERR15628169,14417755.0,ERR14395206,14408.0,ERR14395207,18756.0,ERR14395208,476.0
RCN24959,VN,AmpSeqV2,True,I,R,N,L,C,I,E,T,S,T,S,G,N,G,A,N,F,D,I,Y,M,C580Y,ERR15628171,11719841.0,ERR14395212,15392.0,ERR14395213,14624.0,ERR14395214,28.0
RCN24960,VN,AmpSeqV2,True,I,R,N,L,C,I,E,T,S,T,S,G,N,G,A,N,F,D,I,Y,M,C580Y,ERR15628172,16226572.0,ERR14395215,37355.0,ERR14395216,37885.0,ERR14395217,905.0
RCN24961,VN,AmpSeqV2,True,I,R,N,L,C,I,E,T,S,T,S,G,N,G,A,N,F,D,I,Y,M,C580Y,ERR15628173,15110806.0,ERR14395218,35903.0,ERR14395219,33796.0,ERR14395220,1276.0
RCN24963,VN,AmpSeqV2,True,I,R,N,L,C,I,E,T,S,T,S,G,N,G,A,N,F,D,I,Y,M,C580Y,ERR15628174,11451134.0,ERR14395221,25153.0,ERR14395222,23391.0,ERR14395223,483.0
RCN24964,VN,AmpSeqV2,True,I,R,N,L,C,I,E,T,S,T,S,G,N,G,A,N,F,D,I,Y,M,C580Y,ERR15628175,14756852.0,ERR14395224,20727.0,ERR14395225,25835.0,ERR14395226,604.0
RCN24965,VN,AmpSeqV2,True,I,R,N,L,C,I,E,T,S,T,S,G,N,G,A,N,F,D,I,Y,M,C580Y,ERR15628176,11350291.0,ERR14395227,28031.0,ERR14395228,23728.0,ERR14395229,899.0
RCN24966,VN,AmpSeqV2,True,I,R,N,L,C,I,E,T,S,T,S,G,N,G,A,N,F,D,I,Y,M,C580Y,ERR15628177,13423283.0,ERR14395230,17611.0,ERR14395231,22679.0,ERR14395232,754.0
RCN24967,VN,AmpSeqV2,True,I,R,N,L,C,I,E,T,S,T,S,G,N,G,A,N,F,D,I,Y,M,C580Y,ERR15628178,16626790.0,ERR14395233,11754.0,ERR14395234,12295.0,ERR14395235,56.0
RCN24968,VN,AmpSeqV2,True,I,R,N,L,C,I,E,T,S,T,S,G,N,G,A,N,F,D,I,Y,M,C580Y,ERR15628179,15621723.0,ERR14395236,32732.0,ERR14395237,39296.0,ERR14395238,822.0
RCN24971,VN,AmpSeqV2,True,I,R,N,L,C,I,E,T,S,T,S,G,N,G,A,N,F,D,I,Y,M,C580Y,ERR15628182,14229579.0,ERR14395245,21093.0,ERR14395246,32286.0,ERR14395247,623.0
RCN24972,VN,AmpSeqV2,True,I,R,N,L,C,I,E,T,S,T,S,G,N,G,A,N,F,D,I,Y,M,C580Y,ERR15628183,11194085.0,ERR14395248,19306.0,ERR14395249,19546.0,ERR14395250,422.0
RCN25068,VN,AmpSeqV2,True,I,R,N,L,C,I,E,T,S,T,S,G,N,G,A,N,F,D,I,Y,M,C580Y,ERR15628247,15285656.0,ERR14395515,33388.0,ERR14395516,37162.0,ERR14395517,1034.0
RCN25079,VN,AmpSeqV2,True,I,R,N,I,C,I,E,T,S,T,A,G,K,A,A,N,F,D,I,Y,M,WT,ERR15628250,13359569.0,ERR14395548,31935.0,ERR14395549,28488.0,ERR14395550,1336.0
RCN25081,VN,AmpSeqV2,True,I,R,N,L,C,I,E,T,S,T,S,G,N,G,A,N,F,D,I,Y,M,C580Y,ERR15628252,12198510.0,ERR14395554,36108.0,ERR14395555,34484.0,ERR14395556,1242.0
RCN25083,VN,AmpSeqV2,True,I,R,N,L,C,I,E,T,S,T,S,G,N,G,A,N,F,D,I,Y,M,C580Y,ERR15628253,13743756.0,ERR14395560,23879.0,ERR14395561,34281.0,ERR14395562,1352.0
RCN25084,VN,AmpSeqV2,True,I,R,N,L,C,I,E,T,S,T,S,G,N,G,A,N,F,D,I,Y,M,C580Y,ERR15628254,16095771.0,ERR14395563,21041.0,ERR14395564,27681.0,ERR14395565,708.0
RCN25085,VN,AmpSeqV2,True,I,R,N,L,C,I,E,T,S,T,S,G,N,G,A,N,F,D,I,Y,M,C580Y,ERR15628255,15023675.0,ERR14395566,22443.0,ERR14395567,25743.0,ERR14395568,831.0
RCN25093,VN,AmpSeqV2,True,I,R,N,L,C,I,E,T,S,T,S,G,N,G,A,N,F,D,I,Y,M,C580Y,ERR15628261,10477618.0,ERR14395587,22435.0,ERR14395588,20685.0,ERR14395589,793.0
RCN25097,VN,AmpSeqV2,True,I,R,N,L,C,I,E,T,S,T,S,G,N,G,A,N,F,D,I,Y,M,C580Y,ERR15628263,12729056.0,ERR14395599,30204.0,ERR14395600,24604.0,ERR14395601,691.0
RCN25099,VN,AmpSeqV2,True,I,R,N,L,C,I,E,T,S,T,S,G,N,G,A,N,F,D,I,Y,M,C580Y,ERR15628264,9701720.0,ERR14395605,21292.0,ERR14395606,31972.0,ERR14395607,524.0
RCN25103,VN,AmpSeqV2,True,I,R,N,L,C,I,E,T,S,T,S,G,N,G,A,N,F,D,I,Y,M,C580Y,ERR15628266,10192925.0,ERR14395617,27175.0,ERR14395618,28376.0,ERR14395619,756.0
RCN25104,VN,AmpSeqV2,True,I,R,N,L,C,I,E,T,S,T,S,G,N,G,A,N,F,D,I,Y,M,C580Y,ERR15628267,11149934.0,ERR14395620,37301.0,ERR14395621,35787.0,ERR14395622,1163.0
RCN25105,VN,AmpSeqV2,True,I,R,N,L,C,I,E,T,S,T,S,G,N,G,A,N,F,D,I,Y,M,C580Y,ERR15628268,13435131.0,ERR14395623,31453.0,ERR14395624,31156.0,ERR14395625,536.0
RCN25107,VN,AmpSeqV2,True,I,R,N,L,C,I,E,T,S,T,S,G,N,G,A,N,F,D,I,Y,M,C580Y,ERR15628269,14357089.0,ERR14395629,20037.0,ERR14395630,19385.0,ERR14395631,700.0
RCN25108,VN,AmpSeqV2,True,I,R,N,L,C,I,E,T,S,T,S,G,N,G,A,N,F,D,I,Y,M,C580Y,ERR15628270,15525867.0,ERR14395632,23456.0,ERR14395633,15061.0,ERR14395634,739.0
RCN25118,VN,AmpSeqV2,True,I,R,N,L,C,I,E,T,S,T,S,G,N,G,A,N,F,D,I,Y,M,C580Y,ERR15628273,13201348.0,ERR14395659,16674.0,ERR14395660,23530.0,ERR14395661,228.0
RCN25119,VN,AmpSeqV2,True,I,R,N,L,C,I,E,T,S,T,S,G,N,G,A,N,F,D,I,Y,M,C580Y,ERR15628274,11209741.0,ERR14395662,31323.0,ERR14395663,26012.0,ERR14395664,32.0
RCN25120,VN,AmpSeqV2,True,I,R,N,L,C,I,E,T,S,T,S,G,N,G,A,N,F,D,I,Y,M,C580Y,ERR15628275,13084587.0,ERR14395665,13923.0,ERR14395666,16470.0,ERR14395667,210.0
RCN25125,VN,AmpSeqV2,True,I,R,N,L,C,I,E,T,S,T,S,G,N,G,A,N,F,D,I,Y,M,C580Y,ERR15628277,14784008.0,ERR14395680,18443.0,ERR14395681,17596.0,ERR14395682,652.0
RCN25129,VN,AmpSeqV2,True,I,R,N,I,C,I,E,T,S,T,S,G,N,G,A,N,F,D,I,Y,M,C580Y,ERR15628278,7534189.0,ERR14395692,20628.0,ERR14395693,17897.0,ERR14395694,529.0
RCN25130,VN,AmpSeqV2,True,I,R,N,L,C,I,E,T,S,T,S,G,N,G,A,N,F,D,I,Y,M,C580Y,ERR15628279,11892785.0,ERR14395695,23852.0,ERR14395696,21383.0,ERR14395697,631.0
RCN25137,VN,AmpSeqV2,True,I,R,N,L,C,I,E,T,S,T,S,G,N,G,A,N,F,D,I,Y,M,C580Y,ERR15628281,9828228.0,ERR14395716,36006.0,ERR14395717,25335.0,ERR14395718,1123.0
RCN25143,VN,AmpSeqV2,True,I,R,N,"I,L",C,I,E,T,S,T,S,G,N,G,A,N,F,D,I,Y,M,C580Y,ERR15628283,10536751.0,ERR14395734,35304.0,ERR14395735,29948.0,ERR14395736,764.0
RCN25145,VN,AmpSeqV2,True,I,R,N,L,C,I,E,T,S,T,S,G,N,G,A,N,F,D,I,Y,M,C580Y,ERR15628284,8890471.0,ERR14395740,26585.0,ERR14395741,19622.0,ERR14395742,901.0
RCN25153,VN,AmpSeqV2,True,I,R,N,I,C,I,E,T,S,T,S,G,E,A,A,N,F,D,T,D,M,WT,ERR15628287,14277422.0,ERR14395758,34772.0,ERR14395759,23819.0,ERR14395760,1347.0
RCN25158,VN,AmpSeqV2,True,I,R,N,L,C,I,E,T,S,T,S,G,N,G,A,N,F,D,I,Y,M,C580Y,ERR15628290,14139753.0,ERR14395773,36625.0,ERR14395774,29644.0,ERR14395775,853.0
RCN25162,VN,AmpSeqV2,True,I,R,N,L,C,I,E,T,S,T,S,G,N,G,A,N,F,D,I,Y,M,C580Y,ERR15628291,10736720.0,ERR14395785,28718.0,ERR14395786,17950.0,ERR14395787,1314.0
RCN25170,VN,AmpSeqV2,True,I,R,N,L,C,I,E,T,S,T,S,G,N,G,A,N,F,D,I,Y,M,C580Y,ERR15628293,11725633.0,ERR14395806,15953.0,ERR14395807,17726.0,ERR14395808,554.0
RCN25177,VN,AmpSeqV2,True,I,R,N,L,C,I,E,T,S,T,S,G,N,G,A,N,F,D,I,Y,M,C580Y,ERR15628295,9794747.0,ERR14395824,25326.0,ERR14395825,26864.0,ERR14395826,410.0
RCN25178,VN,AmpSeqV2,True,I,R,N,L,C,I,E,T,S,T,S,G,N,G,A,N,F,D,I,Y,M,C580Y,ERR15628296,11616591.0,ERR14395827,18910.0,ERR14395828,18701.0,ERR14395829,653.0
RCN25190,LA,AmpSeqV2,True,I,R,N,L,C,I,E,T,S,T,A,G,E,A,A,N,F,D,T,Y,M,C580Y,ERR15628307,11291740.0,ERR14395863,29707.0,ERR14395864,26510.0,ERR14395865,1511.0
RCN25251,LA,AmpSeqV2,True,I,R,N,I,C,I,E,T,S,T,A,G,E,A,A,N,Y,D,I,Y,M,C580Y,ERR15628368,15096587.0,ERR14396007,33572.0,ERR14396008,13751.0,ERR14396009,1133.0
RCN25252,LA,AmpSeqV2,True,I,R,N,I,C,I,E,T,S,T,A,G,E,A,A,N,F,D,I,D,M,R539T,ERR15628369,13551292.0,ERR14396010,25563.0,ERR14396011,7784.0,ERR14396012,863.0
RCN25319,LA,AmpSeqV2,True,I,R,N,I,C,I,E,T,N,I,A,G,E,A,T,N,Y,D,T,D,V,WT,ERR15628436,13840592.0,ERR14396172,22311.0,ERR14396173,19174.0,ERR14396174,1850.0
RCN25908,LA,AmpSeqV2,True,I,R,N,I,C,I,E,T,N,I,S,A,K,A,A,N,Y,D,T,D,V,WT,ERR15628527,15168542.0,ERR14396493,21175.0,ERR14396494,27015.0,ERR14396495,902.0
RCN25935,LA,AmpSeqV2,True,I,R,N,I,C,I,D,T,N,I,S,G,E,A,A,Y,Y,D,T,D,V,WT,ERR15628549,14021352.0,ERR14396568,9504.0,ERR14396569,43736.0,ERR14396570,1065.0
RCN25937,LA,AmpSeqV2,True,I,R,N,I,C,I,D,T,N,I,S,G,E,A,A,Y,Y,D,T,D,V,WT,ERR15628551,15729535.0,ERR14396574,17075.0,ERR14396575,27486.0,ERR14396576,678.0
RCN25942,LA,AmpSeqV2,True,I,R,N,I,C,I,E,T,N,I,S,A,K,A,A,N,Y,D,T,D,V,WT,ERR15628555,17188104.0,ERR14396586,50417.0,ERR14396587,30164.0,ERR14396588,1087.0
RCN25946,LA,AmpSeqV2,True,I,R,N,L,C,I,E,T,S,T,S,G,N,G,A,N,F,D,T,D,M,R539T,ERR15628559,12205062.0,ERR14396598,5481.0,ERR14396599,29780.0,ERR14396600,583.0
RCN25957,LA,AmpSeqV2,True,I,R,N,I,C,I,D,T,N,I,S,A,K,A,A,N,Y,D,T,D,V,WT,ERR15628568,16783328.0,ERR14396622,42584.0,ERR14396623,57827.0,ERR14396624,1316.0
RCN25958,LA,AmpSeqV2,True,I,R,N,I,C,I,D,T,N,I,S,A,K,A,A,N,Y,D,T,D,V,WT,ERR15628569,17015824.0,ERR14396625,35607.0,ERR14396626,57540.0,ERR14396627,1250.0
RCN25976,LA,AmpSeqV2,True,N,R,N,L,C,I,E,T,N,I,S,A,K,A,A,N,Y,D,T,D,V,WT,ERR15628586,16205105.0,ERR14396670,22702.0,ERR14396671,49230.0,ERR14396672,486.0
RCN25983,LA,AmpSeqV2,True,N,R,N,I,C,I,D,T,N,I,S,A,K,A,A,N,Y,D,T,D,V,WT,ERR15628589,16596910.0,ERR14396685,14775.0,ERR14396686,41770.0,ERR14396687,754.0
RCN25994,LA,AmpSeqV2,True,N,R,N,I,C,I,D,T,N,I,S,A,K,A,A,N,Y,D,T,D,V,WT,ERR15628594,15583992.0,ERR14396709,31692.0,ERR14396710,30226.0,ERR14396711,779.0
RCN26582,LA,AmpSeqV2,True,I,R,N,I,C,I,E,T,S,T,A,G,E,A,A,N,F,D,I,D,M,R539T,ERR15628670,18051581.0,ERR14397105,54156.0,ERR14397106,48168.0,ERR14397107,1323.0
RCN26624,LA,AmpSeqV2,True,I,R,N,I,C,I,D,T,N,I,S,A,K,A,A,N,Y,D,T,D,V,WT,ERR15628691,14611856.0,ERR14397219,56923.0,ERR14397220,43715.0,ERR14397221,1018.0
RCN26637,LA,AmpSeqV2,True,I,R,N,I,C,I,E,T,S,T,A,G,E,A,A,N,F,D,I,D,M,R539T,ERR15628695,8161542.0,ERR14397252,43899.0,ERR14397253,41152.0,ERR14397254,1051.0
RCN26646,LA,AmpSeqV2,True,I,R,N,L,C,I,E,T,S,T,S,G,N,G,A,N,F,D,I,Y,M,C580Y,ERR15628699,8754228.0,ERR14397276,56968.0,ERR14397277,41827.0,ERR14397278,1033.0
RCN26647,LA,AmpSeqV2,True,I,R,N,I,C,I,E,T,S,T,A,G,E,A,A,N,F,D,I,D,M,R539T,ERR15628700,15050845.0,ERR14397279,46725.0,ERR14397280,23421.0,ERR14397281,828.0
RCN26663,LA,AmpSeqV2,True,I,R,N,I,C,I,E,T,N,I,F,A,K,A,S,N,F,D,I,Y,V,WT,ERR15628710,18256799.0,ERR14397318,56912.0,ERR14397319,43277.0,ERR14397320,1032.0
RCN26664,LA,AmpSeqV2,True,I,R,N,I,C,I,E,T,S,T,A,G,E,A,A,N,F,D,I,D,M,R539T,ERR15628711,16341183.0,ERR14397321,60427.0,ERR14397322,40825.0,ERR14397323,938.0
RCN26673,LA,AmpSeqV2,True,I,R,N,I,C,I,E,T,S,T,A,G,E,A,A,N,F,D,I,D,M,R539T,ERR15628717,22319294.0,ERR14397339,46139.0,ERR14397340,26149.0,ERR14397341,571.0
RCN26677,LA,AmpSeqV2,True,I,R,N,I,C,I,E,T,S,T,A,G,E,A,A,N,F,D,I,D,M,R539T,ERR15628719,17779062.0,ERR14397348,64566.0,ERR14397349,51696.0,ERR14397350,1011.0
RCN26728,LA,AmpSeqV2,True,I,R,N,I,C,I,E,T,S,T,A,G,E,A,A,N,F,D,I,D,M,R539T,ERR15628734,15198354.0,ERR14397474,54602.0,ERR14397475,46333.0,ERR14397476,757.0
RCN26735,LA,AmpSeqV2,True,N,C,S,I,C,I,D,T,N,I,S,A,K,A,A,N,Y,D,T,D,V,WT,ERR15628738,14023255.0,ERR14397489,56516.0,ERR14397490,47929.0,ERR14397491,1028.0
RCN26736,LA,AmpSeqV2,True,N,R,N,I,C,M,N,K,N,I,S,A,K,A,A,N,Y,D,T,D,V,WT,ERR15628739,13994934.0,ERR14397492,43602.0,ERR14397493,33614.0,ERR14397494,707.0
RCN26765,LA,AmpSeqV2,True,N,R,N,I,C,I,D,T,N,I,S,A,K,A,A,N,Y,D,T,D,V,WT,ERR15628750,12355117.0,ERR14397540,44559.0,ERR14397541,49949.0,ERR14397542,847.0
RCN26767,LA,AmpSeqV2,True,I,R,N,I,C,I,E,T,S,T,A,G,E,A,A,N,F,D,I,D,M,R539T,ERR15628752,18788821.0,ERR14397546,56160.0,ERR14397547,43362.0,ERR14397548,766.0
RCN26775,LA,AmpSeqV2,True,N,R,N,I,C,I,D,T,N,I,S,A,K,A,A,N,Y,D,T,D,V,WT,ERR15628753,13952241.0,ERR14397570,51605.0,ERR14397571,34119.0,ERR14397572,734.0
RCN26820,LA,AmpSeqV2,True,I,R,N,I,C,I,E,T,S,T,A,G,E,A,A,N,F,D,I,D,M,R539T,ERR15628764,14159323.0,ERR14397663,57296.0,ERR14397664,52385.0,ERR14397665,1201.0
RCN26938,LA,AmpSeqV2,True,I,R,N,I,C,I,E,T,S,T,A,G,E,A,A,N,F,D,I,D,M,R539T,ERR15628802,9683996.0,ERR14397990,61156.0,ERR14397991,54973.0,ERR14397992,1527.0
