sample_title,run_accession,panel
RCN12025,ERR14388603,GRC1
RCN12025,ERR14388604,GRC2
RCN12025,ERR14388605,SPEC
RCN12026,ERR14388606,GRC1
RCN12026,ERR14388607,GRC2
RCN12026,ERR14388608,SPEC
RCN12027,ERR14388609,GRC1
RCN12027,ERR14388610,GRC2
RCN12027,ERR14388611,SPEC
RCN12028,ERR14388612,GRC1
RCN12028,ERR14388613,GRC2
RCN12028,ERR14388614,SPEC
RCN12029,ERR14388615,GRC1
RCN12029,ERR14388616,GRC2
RCN12029,ERR14388617,SPEC
RCN12030,ERR14388618,GRC1
RCN12030,ERR14388619,GRC2
RCN12030,ERR14388620,SPEC
RCN12031,ERR14388621,GRC1
RCN12031,ERR14388622,GRC2
RCN12031,ERR14388623,SPEC
RCN12032,ERR14388624,GRC1
RCN12032,ERR14388625,GRC2
RCN12032,ERR14388626,SPEC
RCN12033,ERR14388627,GRC1
RCN12033,ERR14388628,GRC2
RCN12033,ERR14388629,SPEC
RCN12034,ERR14388630,GRC1
RCN12034,ERR14388631,GRC2
RCN12034,ERR14388632,SPEC
RCN12035,ERR14388633,GRC1
RCN12035,ERR14388634,GRC2
RCN12035,ERR14388635,SPEC
RCN12036,ERR14388636,GRC1
RCN12036,ERR14388637,GRC2
RCN12036,ERR14388638,SPEC
RCN12037,ERR14388639,GRC1
RCN12037,ERR14388640,GRC2
RCN12037,ERR14388641,SPEC
RCN12038,ERR14388642,GRC1
RCN12038,ERR14388643,GRC2
RCN12038,ERR14388644,SPEC
RCN12039,ERR14388645,GRC1
RCN12039,ERR14388646,GRC2
RCN12039,ERR14388647,SPEC
RCN12040,ERR14388648,GRC1
RCN12040,ERR14388649,GRC2
RCN12040,ERR14388650,SPEC
RCN12041,ERR14388651,GRC1
RCN12041,ERR14388652,GRC2
RCN12041,ERR14388653,SPEC
RCN12042,ERR14388654,GRC1
RCN12042,ERR14388655,GRC2
RCN12042,ERR14388656,SPEC
RCN12043,ERR14388657,GRC1
RCN12043,ERR14388658,GRC2
RCN12043,ERR14388659,SPEC
RCN12044,ERR14388660,GRC1
RCN12044,ERR14388661,GRC2
RCN12044,ERR14388662,SPEC
RCN12045,ERR14388663,GRC1
RCN12045,ERR14388664,GRC2
RCN12045,ERR14388665,SPEC
RCN12046,ERR14388666,GRC1
RCN12046,ERR14388667,GRC2
RCN12046,ERR14388668,SPEC
RCN12047,ERR14388669,GRC1
RCN12047,ERR14388670,GRC2
RCN12047,ERR14388671,SPEC
RCN12048,ERR14388672,GRC1
RCN12048,ERR14388673,GRC2
RCN12048,ERR14388674,SPEC
RCN12050,ERR14388675,GRC1
RCN12050,ERR14388676,GRC2
RCN12050,ERR14388677,SPEC
RCN12051,ERR14388678,GRC1
RCN12051,ERR14388679,GRC2
RCN12051,ERR14388680,SPEC
RCN12052,ERR14388681,GRC1
RCN12052,ERR14388682,GRC2
RCN12052,ERR14388683,SPEC
RCN12053,ERR14388684,GRC1
RCN12053,ERR14388685,GRC2
RCN12053,ERR14388686,SPEC
RCN12054,ERR14388687,GRC1
RCN12054,ERR14388688,GRC2
RCN12054,ERR14388689,SPEC
RCN12055,ERR14388690,GRC1
RCN12055,ERR14388691,GRC2
RCN12055,ERR14388692,SPEC
RCN12057,ERR14388693,GRC1
RCN12057,ERR14388694,GRC2
RCN12057,ERR14388695,SPEC
RCN12058,ERR14388696,GRC1
RCN12058,ERR14388697,GRC2
RCN12058,ERR14388698,SPEC
RCN12059,ERR14388699,GRC1
RCN12059,ERR14388700,GRC2
RCN12059,ERR14388701,SPEC
RCN12060,ERR14388702,GRC1
RCN12060,ERR14388703,GRC2
RCN12060,ERR14388704,SPEC
RCN12061,ERR14388705,GRC1
RCN12061,ERR14388706,GRC2
RCN12061,ERR14388707,SPEC
RCN12062,ERR14388708,GRC1
RCN12062,ERR14388709,GRC2
RCN12062,ERR14388710,SPEC
RCN12063,ERR14388711,GRC1
RCN12063,ERR14388712,GRC2
RCN12063,ERR14388713,SPEC
RCN12064,ERR14388714,GRC1
RCN12064,ERR14388715,GRC2
RCN12064,ERR14388716,SPEC
RCN12066,ERR14388717,GRC1
RCN12066,ERR14388718,GRC2
RCN12066,ERR14388719,SPEC
RCN12068,ERR14388720,GRC1
RCN12068,ERR14388721,GRC2
RCN12068,ERR14388722,SPEC
RCN12069,ERR14388723,GRC1
RCN12069,ERR14388724,GRC2
RCN12069,ERR14388725,SPEC
RCN12070,ERR14388726,GRC1
RCN12070,ERR14388727,GRC2
RCN12070,ERR14388728,SPEC
RCN12071,ERR14388729,GRC1
RCN12071,ERR14388730,GRC2
RCN12071,ERR14388731,SPEC
RCN12072,ERR14388732,GRC1
RCN12072,ERR14388733,GRC2
RCN12072,ERR14388734,SPEC
RCN12073,ERR14388735,GRC1
RCN12073,ERR14388736,GRC2
RCN12073,ERR14388737,SPEC
RCN12074,ERR14388738,GRC1
RCN12074,ERR14388739,GRC2
RCN12074,ERR14388740,SPEC
RCN12075,ERR14388741,GRC1
RCN12075,ERR14388742,GRC2
RCN12075,ERR14388743,SPEC
RCN12076,ERR14388744,GRC1
RCN12076,ERR14388745,GRC2
RCN12076,ERR14388746,SPEC
RCN12077,ERR14388747,GRC1
RCN12077,ERR14388748,GRC2
RCN12077,ERR14388749,SPEC
RCN12078,ERR14388750,GRC1
RCN12078,ERR14388751,GRC2
RCN12078,ERR14388752,SPEC
RCN12079,ERR14388753,GRC1
RCN12079,ERR14388754,GRC2
RCN12079,ERR14388755,SPEC
RCN12080,ERR14388756,GRC1
RCN12080,ERR14388757,GRC2
RCN12080,ERR14388758,SPEC
RCN12081,ERR14388759,GRC1
RCN12081,ERR14388760,GRC2
RCN12081,ERR14388761,SPEC
RCN12082,ERR14388762,GRC1
RCN12082,ERR14388763,GRC2
RCN12082,ERR14388764,SPEC
RCN12083,ERR14388765,GRC1
RCN12083,ERR14388766,GRC2
RCN12083,ERR14388767,SPEC
RCN12084,ERR14388768,GRC1
RCN12084,ERR14388769,GRC2
RCN12084,ERR14388770,SPEC
RCN12085,ERR14388771,GRC1
RCN12085,ERR14388772,GRC2
RCN12085,ERR14388773,SPEC
RCN12087,ERR14388774,GRC1
RCN12087,ERR14388775,GRC2
RCN12087,ERR14388776,SPEC
RCN12088,ERR14388777,GRC1
RCN12088,ERR14388778,GRC2
RCN12088,ERR14388779,SPEC
RCN12089,ERR14388780,GRC1
RCN12089,ERR14388781,GRC2
RCN12089,ERR14388782,SPEC
RCN12090,ERR14388783,GRC1
RCN12090,ERR14388784,GRC2
RCN12090,ERR14388785,SPEC
RCN12091,ERR14388786,GRC1
RCN12091,ERR14388787,GRC2
RCN12091,ERR14388788,SPEC
RCN12092,ERR14388789,GRC1
RCN12092,ERR14388790,GRC2
RCN12092,ERR14388791,SPEC
RCN12093,ERR14388792,GRC1
RCN12093,ERR14388793,GRC2
RCN12093,ERR14388794,SPEC
RCN12094,ERR14388795,GRC1
RCN12094,ERR14388796,GRC2
RCN12094,ERR14388797,SPEC
RCN12095,ERR14388798,GRC1
RCN12095,ERR14388799,GRC2
RCN12095,ERR14388800,SPEC
RCN12096,ERR14388801,GRC1
RCN12096,ERR14388802,GRC2
RCN12096,ERR14388803,SPEC
RCN12098,ERR14388804,GRC1
RCN12098,ERR14388805,GRC2
RCN12098,ERR14388806,SPEC
RCN12100,ERR14388807,GRC1
RCN12100,ERR14388808,GRC2
RCN12100,ERR14388809,SPEC
RCN12101,ERR14388810,GRC1
RCN12101,ERR14388811,GRC2
RCN12101,ERR14388812,SPEC
RCN12102,ERR14388813,GRC1
RCN12102,ERR14388814,GRC2
RCN12102,ERR14388815,SPEC
RCN12103,ERR14388816,GRC1
RCN12103,ERR14388817,GRC2
RCN12103,ERR14388818,SPEC
RCN12105,ERR14388819,GRC1
RCN12105,ERR14388820,GRC2
RCN12105,ERR14388821,SPEC
RCN12107,ERR14388822,GRC1
RCN12107,ERR14388823,GRC2
RCN12107,ERR14388824,SPEC
RCN12108,ERR14388825,GRC1
RCN12108,ERR14388826,GRC2
RCN12108,ERR14388827,SPEC
RCN12109,ERR14388828,GRC1
RCN12109,ERR14388829,GRC2
RCN12109,ERR14388830,SPEC
RCN12110,ERR14388831,GRC1
RCN12110,ERR14388832,GRC2
RCN12110,ERR14388833,SPEC
RCN12111,ERR14388834,GRC1
RCN12111,ERR14388835,GRC2
RCN12111,ERR14388836,SPEC
RCN12112,ERR14388837,GRC1
RCN12112,ERR14388838,GRC2
RCN12112,ERR14388839,SPEC
RCN12113,ERR14388840,GRC1
RCN12113,ERR14388841,GRC2
RCN12113,ERR14388842,SPEC
RCN12115,ERR14388843,GRC1
RCN12115,ERR14388844,GRC2
RCN12115,ERR14388845,SPEC
RCN12116,ERR14388846,GRC1
RCN12116,ERR14388847,GRC2
RCN12116,ERR14388848,SPEC
RCN12435,ERR14388849,GRC1
RCN12435,ERR14388850,GRC2
RCN12435,ERR14388851,SPEC
RCN12436,ERR14388852,GRC1
RCN12436,ERR14388853,GRC2
RCN12436,ERR14388854,SPEC
RCN12437,ERR14388855,GRC1
RCN12437,ERR14388856,GRC2
RCN12437,ERR14388857,SPEC
RCN12438,ERR14388858,GRC1
RCN12438,ERR14388859,GRC2
RCN12438,ERR14388860,SPEC
RCN12439,ERR14388861,GRC1
RCN12439,ERR14388862,GRC2
RCN12439,ERR14388863,SPEC
RCN12440,ERR14388864,GRC1
RCN12440,ERR14388865,GRC2
RCN12440,ERR14388866,SPEC
RCN12442,ERR14388867,GRC1
RCN12442,ERR14388868,GRC2
RCN12442,ERR14388869,SPEC
RCN12444,ERR14388870,GRC1
RCN12444,ERR14388871,GRC2
RCN12444,ERR14388872,SPEC
RCN12445,ERR14388873,GRC1
RCN12445,ERR14388874,GRC2
RCN12445,ERR14388875,SPEC
RCN12446,ERR14388876,GRC1
RCN12446,ERR14388877,GRC2
RCN12446,ERR14388878,SPEC
RCN12447,ERR14388879,GRC1
RCN12447,ERR14388880,GRC2
RCN12447,ERR14388881,SPEC
RCN12449,ERR14388882,GRC1
RCN12449,ERR14388883,GRC2
RCN12449,ERR14388884,SPEC
RCN12450,ERR14388885,GRC1
RCN12450,ERR14388886,GRC2
RCN12450,ERR14388887,SPEC
RCN12451,ERR14388888,GRC1
RCN12451,ERR14388889,GRC2
RCN12451,ERR14388890,SPEC
RCN12452,ERR14388891,GRC1
RCN12452,ERR14388892,GRC2
RCN12452,ERR14388893,SPEC
RCN12453,ERR14388894,GRC1
RCN12453,ERR14388895,GRC2
RCN12453,ERR14388896,SPEC
RCN12454,ERR14388897,GRC1
RCN12454,ERR14388898,GRC2
RCN12454,ERR14388899,SPEC
RCN12455,ERR14388900,GRC1
RCN12455,ERR14388901,GRC2
RCN12455,ERR14388902,SPEC
RCN12456,ERR14388903,GRC1
RCN12456,ERR14388904,GRC2
RCN12456,ERR14388905,SPEC
RCN12457,ERR14388906,GRC1
RCN12457,ERR14388907,GRC2
RCN12457,ERR14388908,SPEC
RCN12458,ERR14388909,GRC1
RCN12458,ERR14388910,GRC2
RCN12458,ERR14388911,SPEC
RCN12459,ERR14388912,GRC1
RCN12459,ERR14388913,GRC2
RCN12459,ERR14388914,SPEC
RCN12460,ERR14388915,GRC1
RCN12460,ERR14388916,GRC2
RCN12460,ERR14388917,SPEC
RCN12461,ERR14388918,GRC1
RCN12461,ERR14388919,GRC2
RCN12461,ERR14388920,SPEC
RCN12462,ERR14388921,GRC1
RCN12462,ERR14388922,GRC2
RCN12462,ERR14388923,SPEC
RCN12463,ERR14388924,GRC1
RCN12463,ERR14388925,GRC2
RCN12463,ERR14388926,SPEC
RCN12464,ERR14388927,GRC1
RCN12464,ERR14388928,GRC2
RCN12464,ERR14388929,SPEC
RCN12465,ERR14388930,GRC1
RCN12465,ERR14388931,GRC2
RCN12465,ERR14388932,SPEC
RCN12466,ERR14388933,GRC1
RCN12466,ERR14388934,GRC2
RCN12466,ERR14388935,SPEC
RCN12467,ERR14388936,GRC1
RCN12467,ERR14388937,GRC2
RCN12467,ERR14388938,SPEC
RCN12468,ERR14388939,GRC1
RCN12468,ERR14388940,GRC2
RCN12468,ERR14388941,SPEC
RCN12469,ERR14388942,GRC1
RCN12469,ERR14388943,GRC2
RCN12469,ERR14388944,SPEC
RCN12471,ERR14388945,GRC1
RCN12471,ERR14388946,GRC2
RCN12471,ERR14388947,SPEC
RCN12473,ERR14388948,GRC1
RCN12473,ERR14388949,GRC2
RCN12473,ERR14388950,SPEC
RCN12474,ERR14388951,GRC1
RCN12474,ERR14388952,GRC2
RCN12474,ERR14388953,SPEC
RCN12475,ERR14388954,GRC1
RCN12475,ERR14388955,GRC2
RCN12475,ERR14388956,SPEC
RCN12476,ERR14388957,GRC1
RCN12476,ERR14388958,GRC2
RCN12476,ERR14388959,SPEC
RCN12477,ERR14388960,GRC1
RCN12477,ERR14388961,GRC2
RCN12477,ERR14388962,SPEC
RCN12478,ERR14388963,GRC1
RCN12478,ERR14388964,GRC2
RCN12478,ERR14388965,SPEC
RCN12479,ERR14388966,GRC1
RCN12479,ERR14388967,GRC2
RCN12479,ERR14388968,SPEC
RCN12480,ERR14388969,GRC1
RCN12480,ERR14388970,GRC2
RCN12480,ERR14388971,SPEC
RCN12481,ERR14388972,GRC1
RCN12481,ERR14388973,GRC2
RCN12481,ERR14388974,SPEC
RCN12482,ERR14388975,GRC1
RCN12482,ERR14388976,GRC2
RCN12482,ERR14388977,SPEC
RCN12483,ERR14388978,GRC1
RCN12483,ERR14388979,GRC2
RCN12483,ERR14388980,SPEC
RCN12484,ERR14388981,GRC1
RCN12484,ERR14388982,GRC2
RCN12484,ERR14388983,SPEC
RCN12486,ERR14388984,GRC1
RCN12486,ERR14388985,GRC2
RCN12486,ERR14388986,SPEC
RCN12489,ERR14388987,GRC1
RCN12489,ERR14388988,GRC2
RCN12489,ERR14388989,SPEC
RCN12490,ERR14388990,GRC1
RCN12490,ERR14388991,GRC2
RCN12490,ERR14388992,SPEC
RCN12491,ERR14388993,GRC1
RCN12491,ERR14388994,GRC2
RCN12491,ERR14388995,SPEC
RCN12493,ERR14388996,GRC1
RCN12493,ERR14388997,GRC2
RCN12493,ERR14388998,SPEC
RCN12494,ERR14388999,GRC1
RCN12494,ERR14389000,GRC2
RCN12494,ERR14389001,SPEC
RCN12495,ERR14389002,GRC1
RCN12495,ERR14389003,GRC2
RCN12495,ERR14389004,SPEC
RCN12496,ERR14389005,GRC1
RCN12496,ERR14389006,GRC2
RCN12496,ERR14389007,SPEC
RCN12497,ERR14389008,GRC1
RCN12497,ERR14389009,GRC2
RCN12497,ERR14389010,SPEC
RCN12498,ERR14389011,GRC1
RCN12498,ERR14389012,GRC2
RCN12498,ERR14389013,SPEC
RCN12500,ERR14389014,GRC1
RCN12500,ERR14389015,GRC2
RCN12500,ERR14389016,SPEC
RCN12501,ERR14389017,GRC1
RCN12501,ERR14389018,GRC2
RCN12501,ERR14389019,SPEC
RCN12503,ERR14389020,GRC1
RCN12503,ERR14389021,GRC2
RCN12503,ERR14389022,SPEC
RCN12504,ERR14389023,GRC1
RCN12504,ERR14389024,GRC2
RCN12504,ERR14389025,SPEC
RCN12505,ERR14389026,GRC1
RCN12505,ERR14389027,GRC2
RCN12505,ERR14389028,SPEC
RCN12506,ERR14389029,GRC1
RCN12506,ERR14389030,GRC2
RCN12506,ERR14389031,SPEC
RCN12507,ERR14389032,GRC1
RCN12507,ERR14389033,GRC2
RCN12507,ERR14389034,SPEC
RCN12508,ERR14389035,GRC1
RCN12508,ERR14389036,GRC2
RCN12508,ERR14389037,SPEC
RCN12509,ERR14389038,GRC1
RCN12509,ERR14389039,GRC2
RCN12509,ERR14389040,SPEC
RCN12510,ERR14389041,GRC1
RCN12510,ERR14389042,GRC2
RCN12510,ERR14389043,SPEC
RCN12511,ERR14389044,GRC1
RCN12511,ERR14389045,GRC2
RCN12511,ERR14389046,SPEC
RCN12512,ERR14389047,GRC1
RCN12512,ERR14389048,GRC2
RCN12512,ERR14389049,SPEC
RCN12513,ERR14389050,GRC1
RCN12513,ERR14389051,GRC2
RCN12513,ERR14389052,SPEC
RCN12514,ERR14389053,GRC1
RCN12514,ERR14389054,GRC2
RCN12514,ERR14389055,SPEC
RCN12515,ERR14389056,GRC1
RCN12515,ERR14389057,GRC2
RCN12515,ERR14389058,SPEC
RCN12516,ERR14389059,GRC1
RCN12516,ERR14389060,GRC2
RCN12516,ERR14389061,SPEC
RCN12517,ERR14389062,GRC1
RCN12517,ERR14389063,GRC2
RCN12517,ERR14389064,SPEC
RCN12518,ERR14389065,GRC1
RCN12518,ERR14389066,GRC2
RCN12518,ERR14389067,SPEC
RCN12520,ERR14389068,GRC1
RCN12520,ERR14389069,GRC2
RCN12520,ERR14389070,SPEC
RCN12521,ERR14389071,GRC1
RCN12521,ERR14389072,GRC2
RCN12521,ERR14389073,SPEC
RCN12522,ERR14389074,GRC1
RCN12522,ERR14389075,GRC2
RCN12522,ERR14389076,SPEC
RCN12524,ERR14389077,GRC1
RCN12524,ERR14389078,GRC2
RCN12524,ERR14389079,SPEC
RCN12525,ERR14389080,GRC1
RCN12525,ERR14389081,GRC2
RCN12525,ERR14389082,SPEC
RCN12526,ERR14389083,GRC1
RCN12526,ERR14389084,GRC2
RCN12526,ERR14389085,SPEC
RCN12527,ERR14389086,GRC1
RCN12527,ERR14389087,GRC2
RCN12527,ERR14389088,SPEC
RCN12528,ERR14389089,GRC1
RCN12528,ERR14389090,GRC2
RCN12528,ERR14389091,SPEC
RCN12529,ERR14389092,GRC1
RCN12529,ERR14389093,GRC2
RCN12529,ERR14389094,SPEC
RCN12531,ERR14389095,GRC1
RCN12531,ERR14389096,GRC2
RCN12531,ERR14389097,SPEC
RCN12532,ERR14389098,GRC1
RCN12532,ERR14389099,GRC2
RCN12532,ERR14389100,SPEC
RCN12533,ERR14389101,GRC1
RCN12533,ERR14389102,GRC2
RCN12533,ERR14389103,SPEC
RCN12535,ERR14389104,GRC1
RCN12535,ERR14389105,GRC2
RCN12535,ERR14389106,SPEC
RCN12536,ERR14389107,GRC1
RCN12536,ERR14389108,GRC2
RCN12536,ERR14389109,SPEC
RCN12537,ERR14389110,GRC1
RCN12537,ERR14389111,GRC2
RCN12537,ERR14389112,SPEC
RCN12538,ERR14389113,GRC1
RCN12538,ERR14389114,GRC2
RCN12538,ERR14389115,SPEC
RCN12540,ERR14389116,GRC1
RCN12540,ERR14389117,GRC2
RCN12540,ERR14389118,SPEC
RCN12541,ERR14389119,GRC1
RCN12541,ERR14389120,GRC2
RCN12541,ERR14389121,SPEC
RCN12542,ERR14389122,GRC1
RCN12542,ERR14389123,GRC2
RCN12542,ERR14389124,SPEC
RCN12543,ERR14389125,GRC1
RCN12543,ERR14389126,GRC2
RCN12543,ERR14389127,SPEC
RCN12544,ERR14389128,GRC1
RCN12544,ERR14389129,GRC2
RCN12544,ERR14389130,SPEC
RCN12545,ERR14389131,GRC1
RCN12545,ERR14389132,GRC2
RCN12545,ERR14389133,SPEC
RCN12546,ERR14389134,GRC1
RCN12546,ERR14389135,GRC2
RCN12546,ERR14389136,SPEC
RCN12547,ERR14389137,GRC1
RCN12547,ERR14389138,GRC2
RCN12547,ERR14389139,SPEC
RCN12548,ERR14389140,GRC1
RCN12548,ERR14389141,GRC2
RCN12548,ERR14389142,SPEC
RCN12549,ERR14389143,GRC1
RCN12549,ERR14389144,GRC2
RCN12549,ERR14389145,SPEC
RCN12550,ERR14389146,GRC1
RCN12550,ERR14389147,GRC2
RCN12550,ERR14389148,SPEC
RCN12551,ERR14389149,GRC1
RCN12551,ERR14389150,GRC2
RCN12551,ERR14389151,SPEC
RCN12552,ERR14389152,GRC1
RCN12552,ERR14389153,GRC2
RCN12552,ERR14389154,SPEC
RCN12553,ERR14389155,GRC1
RCN12553,ERR14389156,GRC2
RCN12553,ERR14389157,SPEC
RCN12554,ERR14389158,GRC1
RCN12554,ERR14389159,GRC2
RCN12554,ERR14389160,SPEC
RCN12556,ERR14389161,GRC1
RCN12556,ERR14389162,GRC2
RCN12556,ERR14389163,SPEC
RCN12557,ERR14389164,GRC1
RCN12557,ERR14389165,GRC2
RCN12557,ERR14389166,SPEC
RCN12558,ERR14389167,GRC1
RCN12558,ERR14389168,GRC2
RCN12558,ERR14389169,SPEC
RCN12560,ERR14389170,GRC1
RCN12560,ERR14389171,GRC2
RCN12560,ERR14389172,SPEC
RCN12561,ERR14389173,GRC1
RCN12561,ERR14389174,GRC2
RCN12561,ERR14389175,SPEC
RCN12562,ERR14389176,GRC1
RCN12562,ERR14389177,GRC2
RCN12562,ERR14389178,SPEC
RCN12563,ERR14389179,GRC1
RCN12563,ERR14389180,GRC2
RCN12563,ERR14389181,SPEC
RCN12564,ERR14389182,GRC1
RCN12564,ERR14389183,GRC2
RCN12564,ERR14389184,SPEC
RCN12565,ERR14389185,GRC1
RCN12565,ERR14389186,GRC2
RCN12565,ERR14389187,SPEC
RCN12566,ERR14389188,GRC1
RCN12566,ERR14389189,GRC2
RCN12566,ERR14389190,SPEC
RCN12567,ERR14389191,GRC1
RCN12567,ERR14389192,GRC2
RCN12567,ERR14389193,SPEC
RCN12568,ERR14389194,GRC1
RCN12568,ERR14389195,GRC2
RCN12568,ERR14389196,SPEC
RCN12569,ERR14389197,GRC1
RCN12569,ERR14389198,GRC2
RCN12569,ERR14389199,SPEC
RCN12570,ERR14389200,GRC1
RCN12570,ERR14389201,GRC2
RCN12570,ERR14389202,SPEC
RCN12571,ERR14389203,GRC1
RCN12571,ERR14389204,GRC2
RCN12571,ERR14389205,SPEC
RCN12572,ERR14389206,GRC1
RCN12572,ERR14389207,GRC2
RCN12572,ERR14389208,SPEC
RCN12573,ERR14389209,GRC1
RCN12573,ERR14389210,GRC2
RCN12573,ERR14389211,SPEC
RCN12574,ERR14389212,GRC1
RCN12574,ERR14389213,GRC2
RCN12574,ERR14389214,SPEC
RCN12575,ERR14389215,GRC1
RCN12575,ERR14389216,GRC2
RCN12575,ERR14389217,SPEC
RCN12576,ERR14389218,GRC1
RCN12576,ERR14389219,GRC2
RCN12576,ERR14389220,SPEC
RCN12577,ERR14389221,GRC1
RCN12577,ERR14389222,GRC2
RCN12577,ERR14389223,SPEC
RCN12578,ERR14389224,GRC1
RCN12578,ERR14389225,GRC2
RCN12578,ERR14389226,SPEC
RCN12580,ERR14389227,GRC1
RCN12580,ERR14389228,GRC2
RCN12580,ERR14389229,SPEC
RCN12581,ERR14389230,GRC1
RCN12581,ERR14389231,GRC2
RCN12581,ERR14389232,SPEC
RCN12582,ERR14389233,GRC1
RCN12582,ERR14389234,GRC2
RCN12582,ERR14389235,SPEC
RCN12584,ERR14389236,GRC1
RCN12584,ERR14389237,GRC2
RCN12584,ERR14389238,SPEC
RCN12585,ERR14389239,GRC1
RCN12585,ERR14389240,GRC2
RCN12585,ERR14389241,SPEC
RCN12586,ERR14389242,GRC1
RCN12586,ERR14389243,GRC2
RCN12586,ERR14389244,SPEC
RCN12587,ERR14389245,GRC1
RCN12587,ERR14389246,GRC2
RCN12587,ERR14389247,SPEC
RCN12588,ERR14389248,GRC1
RCN12588,ERR14389249,GRC2
RCN12588,ERR14389250,SPEC
RCN12590,ERR14389251,GRC1
RCN12590,ERR14389252,GRC2
RCN12590,ERR14389253,SPEC
RCN12591,ERR14389254,GRC1
RCN12591,ERR14389255,GRC2
RCN12591,ERR14389256,SPEC
RCN12592,ERR14389257,GRC1
RCN12592,ERR14389258,GRC2
RCN12592,ERR14389259,SPEC
RCN12660,ERR14389260,GRC1
RCN12660,ERR14389261,GRC2
RCN12660,ERR14389262,SPEC
RCN12661,ERR14389263,GRC1
RCN12661,ERR14389264,GRC2
RCN12661,ERR14389265,SPEC
RCN12662,ERR14389266,GRC1
RCN12662,ERR14389267,GRC2
RCN12662,ERR14389268,SPEC
RCN12663,ERR14389269,GRC1
RCN12663,ERR14389270,GRC2
RCN12663,ERR14389271,SPEC
RCN12664,ERR14389272,GRC1
RCN12664,ERR14389273,GRC2
RCN12664,ERR14389274,SPEC
RCN12665,ERR14389275,GRC1
RCN12665,ERR14389276,GRC2
RCN12665,ERR14389277,SPEC
RCN12666,ERR14389278,GRC1
RCN12666,ERR14389279,GRC2
RCN12666,ERR14389280,SPEC
RCN12667,ERR14389281,GRC1
RCN12667,ERR14389282,GRC2
RCN12667,ERR14389283,SPEC
RCN12668,ERR14389284,GRC1
RCN12668,ERR14389285,GRC2
RCN12668,ERR14389286,SPEC
RCN12669,ERR14389287,GRC1
RCN12669,ERR14389288,GRC2
RCN12669,ERR14389289,SPEC
RCN12670,ERR14389290,GRC1
RCN12670,ERR14389291,GRC2
RCN12670,ERR14389292,SPEC
RCN12671,ERR14389293,GRC1
RCN12671,ERR14389294,GRC2
RCN12671,ERR14389295,SPEC
RCN12672,ERR14389296,GRC1
RCN12672,ERR14389297,GRC2
RCN12672,ERR14389298,SPEC
RCN12673,ERR14389299,GRC1
RCN12673,ERR14389300,GRC2
RCN12673,ERR14389301,SPEC
RCN12674,ERR14389302,GRC1
RCN12674,ERR14389303,GRC2
RCN12674,ERR14389304,SPEC
RCN12675,ERR14389305,GRC1
RCN12675,ERR14389306,GRC2
RCN12675,ERR14389307,SPEC
RCN12676,ERR14389308,GRC1
RCN12676,ERR14389309,GRC2
RCN12676,ERR14389310,SPEC
RCN12677,ERR14389311,GRC1
RCN12677,ERR14389312,GRC2
RCN12677,ERR14389313,SPEC
RCN12678,ERR14389314,GRC1
RCN12678,ERR14389315,GRC2
RCN12678,ERR14389316,SPEC
RCN12679,ERR14389317,GRC1
RCN12679,ERR14389318,GRC2
RCN12679,ERR14389319,SPEC
RCN12680,ERR14389320,GRC1
RCN12680,ERR14389321,GRC2
RCN12680,ERR14389322,SPEC
RCN12681,ERR14389323,GRC1
RCN12681,ERR14389324,GRC2
RCN12681,ERR14389325,SPEC
RCN12682,ERR14389326,GRC1
RCN12682,ERR14389327,GRC2
RCN12682,ERR14389328,SPEC
RCN12684,ERR14389329,GRC1
RCN12684,ERR14389330,GRC2
RCN12684,ERR14389331,SPEC
RCN12685,ERR14389332,GRC1
RCN12685,ERR14389333,GRC2
RCN12685,ERR14389334,SPEC
RCN12686,ERR14389335,GRC1
RCN12686,ERR14389336,GRC2
RCN12686,ERR14389337,SPEC
RCN12687,ERR14389338,GRC1
RCN12687,ERR14389339,GRC2
RCN12687,ERR14389340,SPEC
RCN12688,ERR14389341,GRC1
RCN12688,ERR14389342,GRC2
RCN12688,ERR14389343,SPEC
RCN12689,ERR14389344,GRC1
RCN12689,ERR14389345,GRC2
RCN12689,ERR14389346,SPEC
RCN12690,ERR14389347,GRC1
RCN12690,ERR14389348,GRC2
RCN12690,ERR14389349,SPEC
RCN12691,ERR14389350,GRC1
RCN12691,ERR14389351,GRC2
RCN12691,ERR14389352,SPEC
RCN12692,ERR14389353,GRC1
RCN12692,ERR14389354,GRC2
RCN12692,ERR14389355,SPEC
RCN12693,ERR14389356,GRC1
RCN12693,ERR14389357,GRC2
RCN12693,ERR14389358,SPEC
RCN12694,ERR14389359,GRC1
RCN12694,ERR14389360,GRC2
RCN12694,ERR14389361,SPEC
RCN12695,ERR14389362,GRC1
RCN12695,ERR14389363,GRC2
RCN12695,ERR14389364,SPEC
RCN12696,ERR14389365,GRC1
RCN12696,ERR14389366,GRC2
RCN12696,ERR14389367,SPEC
RCN12697,ERR14389368,GRC1
RCN12697,ERR14389369,GRC2
RCN12697,ERR14389370,SPEC
RCN12698,ERR14389371,GRC1
RCN12698,ERR14389372,GRC2
RCN12698,ERR14389373,SPEC
RCN12699,ERR14389374,GRC1
RCN12699,ERR14389375,GRC2
RCN12699,ERR14389376,SPEC
RCN12700,ERR14389377,GRC1
RCN12700,ERR14389378,GRC2
RCN12700,ERR14389379,SPEC
RCN12701,ERR14389380,GRC1
RCN12701,ERR14389381,GRC2
RCN12701,ERR14389382,SPEC
RCN12702,ERR14389383,GRC1
RCN12702,ERR14389384,GRC2
RCN12702,ERR14389385,SPEC
RCN12703,ERR14389386,GRC1
RCN12703,ERR14389387,GRC2
RCN12703,ERR14389388,SPEC
RCN12704,ERR14389389,GRC1
RCN12704,ERR14389390,GRC2
RCN12704,ERR14389391,SPEC
RCN12705,ERR14389392,GRC1
RCN12705,ERR14389393,GRC2
RCN12705,ERR14389394,SPEC
RCN12706,ERR14389395,GRC1
RCN12706,ERR14389396,GRC2
RCN12706,ERR14389397,SPEC
RCN12707,ERR14389398,GRC1
RCN12707,ERR14389399,GRC2
RCN12707,ERR14389400,SPEC
RCN12708,ERR14389401,GRC1
RCN12708,ERR14389402,GRC2
RCN12708,ERR14389403,SPEC
RCN12709,ERR14389404,GRC1
RCN12709,ERR14389405,GRC2
RCN12709,ERR14389406,SPEC
RCN12710,ERR14389407,GRC1
RCN12710,ERR14389408,GRC2
RCN12710,ERR14389409,SPEC
RCN12711,ERR14389410,GRC1
RCN12711,ERR14389411,GRC2
RCN12711,ERR14389412,SPEC
RCN12712,ERR14389413,GRC1
RCN12712,ERR14389414,GRC2
RCN12712,ERR14389415,SPEC
RCN12713,ERR14389416,GRC1
RCN12713,ERR14389417,GRC2
RCN12713,ERR14389418,SPEC
RCN12714,ERR14389419,GRC1
RCN12714,ERR14389420,GRC2
RCN12714,ERR14389421,SPEC
RCN12715,ERR14389422,GRC1
RCN12715,ERR14389423,GRC2
RCN12715,ERR14389424,SPEC
RCN12716,ERR14389425,GRC1
RCN12716,ERR14389426,GRC2
RCN12716,ERR14389427,SPEC
RCN12718,ERR14389428,GRC1
RCN12718,ERR14389429,GRC2
RCN12718,ERR14389430,SPEC
RCN12719,ERR14389431,GRC1
RCN12719,ERR14389432,GRC2
RCN12719,ERR14389433,SPEC
RCN12720,ERR14389434,GRC1
RCN12720,ERR14389435,GRC2
RCN12720,ERR14389436,SPEC
RCN12721,ERR14389437,GRC1
RCN12721,ERR14389438,GRC2
RCN12721,ERR14389439,SPEC
RCN12722,ERR14389440,GRC1
RCN12722,ERR14389441,GRC2
RCN12722,ERR14389442,SPEC
RCN12723,ERR14389443,GRC1
RCN12723,ERR14389444,GRC2
RCN12723,ERR14389445,SPEC
RCN12724,ERR14389446,GRC1
RCN12724,ERR14389447,GRC2
RCN12724,ERR14389448,SPEC
RCN12725,ERR14389449,GRC1
RCN12725,ERR14389450,GRC2
RCN12725,ERR14389451,SPEC
RCN12726,ERR14389452,GRC1
RCN12726,ERR14389453,GRC2
RCN12726,ERR14389454,SPEC
RCN12727,ERR14389455,GRC1
RCN12727,ERR14389456,GRC2
RCN12727,ERR14389457,SPEC
RCN12728,ERR14389458,GRC1
RCN12728,ERR14389459,GRC2
RCN12728,ERR14389460,SPEC
RCN12729,ERR14389461,GRC1
RCN12729,ERR14389462,GRC2
RCN12729,ERR14389463,SPEC
RCN12730,ERR14389464,GRC1
RCN12730,ERR14389465,GRC2
RCN12730,ERR14389466,SPEC
RCN12731,ERR14389467,GRC1
RCN12731,ERR14389468,GRC2
RCN12731,ERR14389469,SPEC
RCN12732,ERR14389470,GRC1
RCN12732,ERR14389471,GRC2
RCN12732,ERR14389472,SPEC
RCN12733,ERR14389473,GRC1
RCN12733,ERR14389474,GRC2
RCN12733,ERR14389475,SPEC
RCN12734,ERR14389476,GRC1
RCN12734,ERR14389477,GRC2
RCN12734,ERR14389478,SPEC
RCN12735,ERR14389479,GRC1
RCN12735,ERR14389480,GRC2
RCN12735,ERR14389481,SPEC
RCN12736,ERR14389482,GRC1
RCN12736,ERR14389483,GRC2
RCN12736,ERR14389484,SPEC
RCN12737,ERR14389485,GRC1
RCN12737,ERR14389486,GRC2
RCN12737,ERR14389487,SPEC
RCN12738,ERR14389488,GRC1
RCN12738,ERR14389489,GRC2
RCN12738,ERR14389490,SPEC
RCN12739,ERR14389491,GRC1
RCN12739,ERR14389492,GRC2
RCN12739,ERR14389493,SPEC
RCN12740,ERR14389494,GRC1
RCN12740,ERR14389495,GRC2
RCN12740,ERR14389496,SPEC
RCN12741,ERR14389497,GRC1
RCN12741,ERR14389498,GRC2
RCN12741,ERR14389499,SPEC
RCN12742,ERR14389500,GRC1
RCN12742,ERR14389501,GRC2
RCN12742,ERR14389502,SPEC
RCN12743,ERR14389503,GRC1
RCN12743,ERR14389504,GRC2
RCN12743,ERR14389505,SPEC
RCN12744,ERR14389506,GRC1
RCN12744,ERR14389507,GRC2
RCN12744,ERR14389508,SPEC
RCN12745,ERR14389509,GRC1
RCN12745,ERR14389510,GRC2
RCN12745,ERR14389511,SPEC
RCN12746,ERR14389512,GRC1
RCN12746,ERR14389513,GRC2
RCN12746,ERR14389514,SPEC
RCN12749,ERR14389515,GRC1
RCN12749,ERR14389516,GRC2
RCN12749,ERR14389517,SPEC
RCN12750,ERR14389518,GRC1
RCN12750,ERR14389519,GRC2
RCN12750,ERR14389520,SPEC
RCN12751,ERR14389521,GRC1
RCN12751,ERR14389522,GRC2
RCN12751,ERR14389523,SPEC
RCN12752,ERR14389524,GRC1
RCN12752,ERR14389525,GRC2
RCN12752,ERR14389526,SPEC
RCN12768,ERR14389527,GRC1
RCN12768,ERR14389528,GRC2
RCN12768,ERR14389529,SPEC
RCN12769,ERR14389530,GRC1
RCN12769,ERR14389531,GRC2
RCN12769,ERR14389532,SPEC
RCN12770,ERR14389533,GRC1
RCN12770,ERR14389534,GRC2
RCN12770,ERR14389535,SPEC
RCN12772,ERR14389536,GRC1
RCN12772,ERR14389537,GRC2
RCN12772,ERR14389538,SPEC
RCN12773,ERR14389539,GRC1
RCN12773,ERR14389540,GRC2
RCN12773,ERR14389541,SPEC
RCN12774,ERR14389542,GRC1
RCN12774,ERR14389543,GRC2
RCN12774,ERR14389544,SPEC
RCN12776,ERR14389545,GRC1
RCN12776,ERR14389546,GRC2
RCN12776,ERR14389547,SPEC
RCN12779,ERR14389548,GRC1
RCN12779,ERR14389549,GRC2
RCN12779,ERR14389550,SPEC
RCN12780,ERR14389551,GRC1
RCN12780,ERR14389552,GRC2
RCN12780,ERR14389553,SPEC
RCN12781,ERR14389554,GRC1
RCN12781,ERR14389555,GRC2
RCN12781,ERR14389556,SPEC
RCN12782,ERR14389557,GRC1
RCN12782,ERR14389558,GRC2
RCN12782,ERR14389559,SPEC
RCN12784,ERR14389560,GRC1
RCN12784,ERR14389561,GRC2
RCN12784,ERR14389562,SPEC
RCN12785,ERR14389563,GRC1
RCN12785,ERR14389564,GRC2
RCN12785,ERR14389565,SPEC
RCN12786,ERR14389566,GRC1
RCN12786,ERR14389567,GRC2
RCN12786,ERR14389568,SPEC
RCN12787,ERR14389569,GRC1
RCN12787,ERR14389570,GRC2
RCN12787,ERR14389571,SPEC
RCN12788,ERR14389572,GRC1
RCN12788,ERR14389573,GRC2
RCN12788,ERR14389574,SPEC
RCN12789,ERR14389575,GRC1
RCN12789,ERR14389576,GRC2
RCN12789,ERR14389577,SPEC
RCN12791,ERR14389578,GRC1
RCN12791,ERR14389579,GRC2
RCN12791,ERR14389580,SPEC
RCN12792,ERR14389581,GRC1
RCN12792,ERR14389582,GRC2
RCN12792,ERR14389583,SPEC
RCN12793,ERR14389584,GRC1
RCN12793,ERR14389585,GRC2
RCN12793,ERR14389586,SPEC
RCN12794,ERR14389587,GRC1
RCN12794,ERR14389588,GRC2
RCN12794,ERR14389589,SPEC
RCN12795,ERR14389590,GRC1
RCN12795,ERR14389591,GRC2
RCN12795,ERR14389592,SPEC
RCN12796,ERR14389593,GRC1
RCN12796,ERR14389594,GRC2
RCN12796,ERR14389595,SPEC
RCN12797,ERR14389596,GRC1
RCN12797,ERR14389597,GRC2
RCN12797,ERR14389598,SPEC
RCN12798,ERR14389599,GRC1
RCN12798,ERR14389600,GRC2
RCN12798,ERR14389601,SPEC
RCN12799,ERR14389602,GRC1
RCN12799,ERR14389603,GRC2
RCN12799,ERR14389604,SPEC
RCN12800,ERR14389605,GRC1
RCN12800,ERR14389606,GRC2
RCN12800,ERR14389607,SPEC
RCN12801,ERR14389608,GRC1
RCN12801,ERR14389609,GRC2
RCN12801,ERR14389610,SPEC
RCN12802,ERR14389611,GRC1
RCN12802,ERR14389612,GRC2
RCN12802,ERR14389613,SPEC
RCN12803,ERR14389614,GRC1
RCN12803,ERR14389615,GRC2
RCN12803,ERR14389616,SPEC
RCN12804,ERR14389617,GRC1
RCN12804,ERR14389618,GRC2
RCN12804,ERR14389619,SPEC
RCN12806,ERR14389620,GRC1
RCN12806,ERR14389621,GRC2
RCN12806,ERR14389622,SPEC
RCN12807,ERR14389623,GRC1
RCN12807,ERR14389624,GRC2
RCN12807,ERR14389625,SPEC
RCN12808,ERR14389626,GRC1
RCN12808,ERR14389627,GRC2
RCN12808,ERR14389628,SPEC
RCN12809,ERR14389629,GRC1
RCN12809,ERR14389630,GRC2
RCN12809,ERR14389631,SPEC
RCN12810,ERR14389632,GRC1
RCN12810,ERR14389633,GRC2
RCN12810,ERR14389634,SPEC
RCN12811,ERR14389635,GRC1
RCN12811,ERR14389636,GRC2
RCN12811,ERR14389637,SPEC
RCN12812,ERR14389638,GRC1
RCN12812,ERR14389639,GRC2
RCN12812,ERR14389640,SPEC
RCN12813,ERR14389641,GRC1
RCN12813,ERR14389642,GRC2
RCN12813,ERR14389643,SPEC
RCN12815,ERR14389644,GRC1
RCN12815,ERR14389645,GRC2
RCN12815,ERR14389646,SPEC
RCN12816,ERR14389647,GRC1
RCN12816,ERR14389648,GRC2
RCN12816,ERR14389649,SPEC
RCN12817,ERR14389650,GRC1
RCN12817,ERR14389651,GRC2
RCN12817,ERR14389652,SPEC
RCN12818,ERR14389653,GRC1
RCN12818,ERR14389654,GRC2
RCN12818,ERR14389655,SPEC
RCN12819,ERR14389656,GRC1
RCN12819,ERR14389657,GRC2
RCN12819,ERR14389658,SPEC
RCN12820,ERR14389659,GRC1
RCN12820,ERR14389660,GRC2
RCN12820,ERR14389661,SPEC
RCN12821,ERR14389662,GRC1
RCN12821,ERR14389663,GRC2
RCN12821,ERR14389664,SPEC
RCN12822,ERR14389665,GRC1
RCN12822,ERR14389666,GRC2
RCN12822,ERR14389667,SPEC
RCN12823,ERR14389668,GRC1
RCN12823,ERR14389669,GRC2
RCN12823,ERR14389670,SPEC
RCN12824,ERR14389671,GRC1
RCN12824,ERR14389672,GRC2
RCN12824,ERR14389673,SPEC
RCN12825,ERR14389674,GRC1
RCN12825,ERR14389675,GRC2
RCN12825,ERR14389676,SPEC
RCN12826,ERR14389677,GRC1
RCN12826,ERR14389678,GRC2
RCN12826,ERR14389679,SPEC
RCN12827,ERR14389680,GRC1
RCN12827,ERR14389681,GRC2
RCN12827,ERR14389682,SPEC
RCN12828,ERR14389683,GRC1
RCN12828,ERR14389684,GRC2
RCN12828,ERR14389685,SPEC
RCN12829,ERR14389686,GRC1
RCN12829,ERR14389687,GRC2
RCN12829,ERR14389688,SPEC
RCN12830,ERR14389689,GRC1
RCN12830,ERR14389690,GRC2
RCN12830,ERR14389691,SPEC
RCN12831,ERR14389692,GRC1
RCN12831,ERR14389693,GRC2
RCN12831,ERR14389694,SPEC
RCN12832,ERR14389695,GRC1
RCN12832,ERR14389696,GRC2
RCN12832,ERR14389697,SPEC
RCN12834,ERR14389698,GRC1
RCN12834,ERR14389699,GRC2
RCN12834,ERR14389700,SPEC
RCN12835,ERR14389701,GRC1
RCN12835,ERR14389702,GRC2
RCN12835,ERR14389703,SPEC
RCN12836,ERR14389704,GRC1
RCN12836,ERR14389705,GRC2
RCN12836,ERR14389706,SPEC
RCN12837,ERR14389707,GRC1
RCN12837,ERR14389708,GRC2
RCN12837,ERR14389709,SPEC
RCN12838,ERR14389710,GRC1
RCN12838,ERR14389711,GRC2
RCN12838,ERR14389712,SPEC
RCN12839,ERR14389713,GRC1
RCN12839,ERR14389714,GRC2
RCN12839,ERR14389715,SPEC
RCN12840,ERR14389716,GRC1
RCN12840,ERR14389717,GRC2
RCN12840,ERR14389718,SPEC
RCN12841,ERR14389719,GRC1
RCN12841,ERR14389720,GRC2
RCN12841,ERR14389721,SPEC
RCN12842,ERR14389722,GRC1
RCN12842,ERR14389723,GRC2
RCN12842,ERR14389724,SPEC
RCN12843,ERR14389725,GRC1
RCN12843,ERR14389726,GRC2
RCN12843,ERR14389727,SPEC
RCN12844,ERR14389728,GRC1
RCN12844,ERR14389729,GRC2
RCN12844,ERR14389730,SPEC
RCN12845,ERR14389731,GRC1
RCN12845,ERR14389732,GRC2
RCN12845,ERR14389733,SPEC
RCN12846,ERR14389734,GRC1
RCN12846,ERR14389735,GRC2
RCN12846,ERR14389736,SPEC
RCN12847,ERR14389737,GRC1
RCN12847,ERR14389738,GRC2
RCN12847,ERR14389739,SPEC
RCN12848,ERR14389740,GRC1
RCN12848,ERR14389741,GRC2
RCN12848,ERR14389742,SPEC
RCN12849,ERR14389743,GRC1
RCN12849,ERR14389744,GRC2
RCN12849,ERR14389745,SPEC
RCN12850,ERR14389746,GRC1
RCN12850,ERR14389747,GRC2
RCN12850,ERR14389748,SPEC
RCN12851,ERR14389749,GRC1
RCN12851,ERR14389750,GRC2
RCN12851,ERR14389751,SPEC
RCN12852,ERR14389752,GRC1
RCN12852,ERR14389753,GRC2
RCN12852,ERR14389754,SPEC
RCN12854,ERR14389755,GRC1
RCN12854,ERR14389756,GRC2
RCN12854,ERR14389757,SPEC
RCN12855,ERR14389758,GRC1
RCN12855,ERR14389759,GRC2
RCN12855,ERR14389760,SPEC
RCN12856,ERR14389761,GRC1
RCN12856,ERR14389762,GRC2
RCN12856,ERR14389763,SPEC
RCN12857,ERR14389764,GRC1
RCN12857,ERR14389765,GRC2
RCN12857,ERR14389766,SPEC
RCN12858,ERR14389767,GRC1
RCN12858,ERR14389768,GRC2
RCN12858,ERR14389769,SPEC
RCN12859,ERR14389770,GRC1
RCN12859,ERR14389771,GRC2
RCN12859,ERR14389772,SPEC
RCN12860,ERR14389773,GRC1
RCN12860,ERR14389774,GRC2
RCN12860,ERR14389775,SPEC
RCN12862,ERR14389776,GRC1
RCN12862,ERR14389777,GRC2
RCN12862,ERR14389778,SPEC
RCN12865,ERR14389779,GRC1
RCN12865,ERR14389780,GRC2
RCN12865,ERR14389781,SPEC
RCN12866,ERR14389782,GRC1
RCN12866,ERR14389783,GRC2
RCN12866,ERR14389784,SPEC
RCN12867,ERR14389785,GRC1
RCN12867,ERR14389786,GRC2
RCN12867,ERR14389787,SPEC
RCN12868,ERR14389788,GRC1
RCN12868,ERR14389789,GRC2
RCN12868,ERR14389790,SPEC
RCN12869,ERR14389791,GRC1
RCN12869,ERR14389792,GRC2
RCN12869,ERR14389793,SPEC
RCN12870,ERR14389794,GRC1
RCN12870,ERR14389795,GRC2
RCN12870,ERR14389796,SPEC
RCN12871,ERR14389797,GRC1
RCN12871,ERR14389798,GRC2
RCN12871,ERR14389799,SPEC
RCN12873,ERR14389800,GRC1
RCN12873,ERR14389801,GRC2
RCN12873,ERR14389802,SPEC
RCN12874,ERR14389803,GRC1
RCN12874,ERR14389804,GRC2
RCN12874,ERR14389805,SPEC
RCN12875,ERR14389806,GRC1
RCN12875,ERR14389807,GRC2
RCN12875,ERR14389808,SPEC
RCN12876,ERR14389809,GRC1
RCN12876,ERR14389810,GRC2
RCN12876,ERR14389811,SPEC
RCN12877,ERR14389812,GRC1
RCN12877,ERR14389813,GRC2
RCN12877,ERR14389814,SPEC
RCN12878,ERR14389815,GRC1
RCN12878,ERR14389816,GRC2
RCN12878,ERR14389817,SPEC
RCN12879,ERR14389818,GRC1
RCN12879,ERR14389819,GRC2
RCN12879,ERR14389820,SPEC
RCN12880,ERR14389821,GRC1
RCN12880,ERR14389822,GRC2
RCN12880,ERR14389823,SPEC
RCN12881,ERR14389824,GRC1
RCN12881,ERR14389825,GRC2
RCN12881,ERR14389826,SPEC
RCN12882,ERR14389827,GRC1
RCN12882,ERR14389828,GRC2
RCN12882,ERR14389829,SPEC
RCN12883,ERR14389830,GRC1
RCN12883,ERR14389831,GRC2
RCN12883,ERR14389832,SPEC
RCN12884,ERR14389833,GRC1
RCN12884,ERR14389834,GRC2
RCN12884,ERR14389835,SPEC
RCN12885,ERR14389836,GRC1
RCN12885,ERR14389837,GRC2
RCN12885,ERR14389838,SPEC
RCN12886,ERR14389839,GRC1
RCN12886,ERR14389840,GRC2
RCN12886,ERR14389841,SPEC
RCN12887,ERR14389842,GRC1
RCN12887,ERR14389843,GRC2
RCN12887,ERR14389844,SPEC
RCN12888,ERR14389845,GRC1
RCN12888,ERR14389846,GRC2
RCN12888,ERR14389847,SPEC
RCN12889,ERR14389848,GRC1
RCN12889,ERR14389849,GRC2
RCN12889,ERR14389850,SPEC
RCN12890,ERR14389851,GRC1
RCN12890,ERR14389852,GRC2
RCN12890,ERR14389853,SPEC
RCN12891,ERR14389854,GRC1
RCN12891,ERR14389855,GRC2
RCN12891,ERR14389856,SPEC
RCN12892,ERR14389857,GRC1
RCN12892,ERR14389858,GRC2
RCN12892,ERR14389859,SPEC
RCN12893,ERR14389860,GRC1
RCN12893,ERR14389861,GRC2
RCN12893,ERR14389862,SPEC
RCN12894,ERR14389863,GRC1
RCN12894,ERR14389864,GRC2
RCN12894,ERR14389865,SPEC
RCN12895,ERR14389866,GRC1
RCN12895,ERR14389867,GRC2
RCN12895,ERR14389868,SPEC
RCN12897,ERR14389869,GRC1
RCN12897,ERR14389870,GRC2
RCN12897,ERR14389871,SPEC
RCN12898,ERR14389872,GRC1
RCN12898,ERR14389873,GRC2
RCN12898,ERR14389874,SPEC
RCN12899,ERR14389875,GRC1
RCN12899,ERR14389876,GRC2
RCN12899,ERR14389877,SPEC
RCN12900,ERR14389878,GRC1
RCN12900,ERR14389879,GRC2
RCN12900,ERR14389880,SPEC
RCN12901,ERR14389881,GRC1
RCN12901,ERR14389882,GRC2
RCN12901,ERR14389883,SPEC
RCN13263,ERR14389884,GRC1
RCN13263,ERR14389885,GRC2
RCN13263,ERR14389886,SPEC
RCN13264,ERR14389887,GRC1
RCN13264,ERR14389888,GRC2
RCN13264,ERR14389889,SPEC
RCN13265,ERR14389890,GRC1
RCN13265,ERR14389891,GRC2
RCN13265,ERR14389892,SPEC
RCN13266,ERR14389893,GRC1
RCN13266,ERR14389894,GRC2
RCN13266,ERR14389895,SPEC
RCN13267,ERR14389896,GRC1
RCN13267,ERR14389897,GRC2
RCN13267,ERR14389898,SPEC
RCN13268,ERR14389899,GRC1
RCN13268,ERR14389900,GRC2
RCN13268,ERR14389901,SPEC
RCN13269,ERR14389902,GRC1
RCN13269,ERR14389903,GRC2
RCN13269,ERR14389904,SPEC
RCN13270,ERR14389905,GRC1
RCN13270,ERR14389906,GRC2
RCN13270,ERR14389907,SPEC
RCN13271,ERR14389908,GRC1
RCN13271,ERR14389909,GRC2
RCN13271,ERR14389910,SPEC
RCN13272,ERR14389911,GRC1
RCN13272,ERR14389912,GRC2
RCN13272,ERR14389913,SPEC
RCN13273,ERR14389914,GRC1
RCN13273,ERR14389915,GRC2
RCN13273,ERR14389916,SPEC
RCN13274,ERR14389917,GRC1
RCN13274,ERR14389918,GRC2
RCN13274,ERR14389919,SPEC
RCN13275,ERR14389920,GRC1
RCN13275,ERR14389921,GRC2
RCN13275,ERR14389922,SPEC
RCN13276,ERR14389923,GRC1
RCN13276,ERR14389924,GRC2
RCN13276,ERR14389925,SPEC
RCN13277,ERR14389926,GRC1
RCN13277,ERR14389927,GRC2
RCN13277,ERR14389928,SPEC
RCN13278,ERR14389929,GRC1
RCN13278,ERR14389930,GRC2
RCN13278,ERR14389931,SPEC
RCN13279,ERR14389932,GRC1
RCN13279,ERR14389933,GRC2
RCN13279,ERR14389934,SPEC
RCN13280,ERR14389935,GRC1
RCN13280,ERR14389936,GRC2
RCN13280,ERR14389937,SPEC
RCN13281,ERR14389938,GRC1
RCN13281,ERR14389939,GRC2
RCN13281,ERR14389940,SPEC
RCN13282,ERR14389941,GRC1
RCN13282,ERR14389942,GRC2
RCN13282,ERR14389943,SPEC
RCN13283,ERR14389944,GRC1
RCN13283,ERR14389945,GRC2
RCN13283,ERR14389946,SPEC
RCN13284,ERR14389947,GRC1
RCN13284,ERR14389948,GRC2
RCN13284,ERR14389949,SPEC
RCN13285,ERR14389950,GRC1
RCN13285,ERR14389951,GRC2
RCN13285,ERR14389952,SPEC
RCN13286,ERR14389953,GRC1
RCN13286,ERR14389954,GRC2
RCN13286,ERR14389955,SPEC
RCN13287,ERR14389956,GRC1
RCN13287,ERR14389957,GRC2
RCN13287,ERR14389958,SPEC
RCN13288,ERR14389959,GRC1
RCN13288,ERR14389960,GRC2
RCN13288,ERR14389961,SPEC
RCN13289,ERR14389962,GRC1
RCN13289,ERR14389963,GRC2
RCN13289,ERR14389964,SPEC
RCN13290,ERR14389965,GRC1
RCN13290,ERR14389966,GRC2
RCN13290,ERR14389967,SPEC
RCN13291,ERR14389968,GRC1
RCN13291,ERR14389969,GRC2
RCN13291,ERR14389970,SPEC
RCN13292,ERR14389971,GRC1
RCN13292,ERR14389972,GRC2
RCN13292,ERR14389973,SPEC
RCN13293,ERR14389974,GRC1
RCN13293,ERR14389975,GRC2
RCN13293,ERR14389976,SPEC
RCN13294,ERR14389977,GRC1
RCN13294,ERR14389978,GRC2
RCN13294,ERR14389979,SPEC
RCN13295,ERR14389980,GRC1
RCN13295,ERR14389981,GRC2
RCN13295,ERR14389982,SPEC
RCN13296,ERR14389983,GRC1
RCN13296,ERR14389984,GRC2
RCN13296,ERR14389985,SPEC
RCN13297,ERR14389986,GRC1
RCN13297,ERR14389987,GRC2
RCN13297,ERR14389988,SPEC
RCN13298,ERR14389989,GRC1
RCN13298,ERR14389990,GRC2
RCN13298,ERR14389991,SPEC
RCN13299,ERR14389992,GRC1
RCN13299,ERR14389993,GRC2
RCN13299,ERR14389994,SPEC
RCN13300,ERR14389995,GRC1
RCN13300,ERR14389996,GRC2
RCN13300,ERR14389997,SPEC
RCN13301,ERR14389998,GRC1
RCN13301,ERR14389999,GRC2
RCN13301,ERR14390000,SPEC
RCN13302,ERR14390001,GRC1
RCN13302,ERR14390002,GRC2
RCN13302,ERR14390003,SPEC
RCN13303,ERR14390004,GRC1
RCN13303,ERR14390005,GRC2
RCN13303,ERR14390006,SPEC
RCN13304,ERR14390007,GRC1
RCN13304,ERR14390008,GRC2
RCN13304,ERR14390009,SPEC
RCN13305,ERR14390010,GRC1
RCN13305,ERR14390011,GRC2
RCN13305,ERR14390012,SPEC
RCN13306,ERR14390013,GRC1
RCN13306,ERR14390014,GRC2
RCN13306,ERR14390015,SPEC
RCN13307,ERR14390016,GRC1
RCN13307,ERR14390017,GRC2
RCN13307,ERR14390018,SPEC
RCN13308,ERR14390019,GRC1
RCN13308,ERR14390020,GRC2
RCN13308,ERR14390021,SPEC
RCN13309,ERR14390022,GRC1
RCN13309,ERR14390023,GRC2
RCN13309,ERR14390024,SPEC
RCN13310,ERR14390025,GRC1
RCN13310,ERR14390026,GRC2
RCN13310,ERR14390027,SPEC
RCN13311,ERR14390028,GRC1
RCN13311,ERR14390029,GRC2
RCN13311,ERR14390030,SPEC
RCN13312,ERR14390031,GRC1
RCN13312,ERR14390032,GRC2
RCN13312,ERR14390033,SPEC
RCN13313,ERR14390034,GRC1
RCN13313,ERR14390035,GRC2
RCN13313,ERR14390036,SPEC
RCN13314,ERR14390037,GRC1
RCN13314,ERR14390038,GRC2
RCN13314,ERR14390039,SPEC
RCN13315,ERR14390040,GRC1
RCN13315,ERR14390041,GRC2
RCN13315,ERR14390042,SPEC
RCN13316,ERR14390043,GRC1
RCN13316,ERR14390044,GRC2
RCN13316,ERR14390045,SPEC
RCN13317,ERR14390046,GRC1
RCN13317,ERR14390047,GRC2
RCN13317,ERR14390048,SPEC
RCN13318,ERR14390049,GRC1
RCN13318,ERR14390050,GRC2
RCN13318,ERR14390051,SPEC
RCN13319,ERR14390052,GRC1
RCN13319,ERR14390053,GRC2
RCN13319,ERR14390054,SPEC
RCN13320,ERR14390055,GRC1
RCN13320,ERR14390056,GRC2
RCN13320,ERR14390057,SPEC
RCN13321,ERR14390058,GRC1
RCN13321,ERR14390059,GRC2
RCN13321,ERR14390060,SPEC
RCN13322,ERR14390061,GRC1
RCN13322,ERR14390062,GRC2
RCN13322,ERR14390063,SPEC
RCN13323,ERR14390064,GRC1
RCN13323,ERR14390065,GRC2
RCN13323,ERR14390066,SPEC
RCN13324,ERR14390067,GRC1
RCN13324,ERR14390068,GRC2
RCN13324,ERR14390069,SPEC
RCN13326,ERR14390070,GRC1
RCN13326,ERR14390071,GRC2
RCN13326,ERR14390072,SPEC
RCN13327,ERR14390073,GRC1
RCN13327,ERR14390074,GRC2
RCN13327,ERR14390075,SPEC
RCN13328,ERR14390076,GRC1
RCN13328,ERR14390077,GRC2
RCN13328,ERR14390078,SPEC
RCN13330,ERR14390079,GRC1
RCN13330,ERR14390080,GRC2
RCN13330,ERR14390081,SPEC
RCN13333,ERR14390082,GRC1
RCN13333,ERR14390083,GRC2
RCN13333,ERR14390084,SPEC
RCN13335,ERR14390085,GRC1
RCN13335,ERR14390086,GRC2
RCN13335,ERR14390087,SPEC
RCN13336,ERR14390088,GRC1
RCN13336,ERR14390089,GRC2
RCN13336,ERR14390090,SPEC
RCN13337,ERR14390091,GRC1
RCN13337,ERR14390092,GRC2
RCN13337,ERR14390093,SPEC
RCN13338,ERR14390094,GRC1
RCN13338,ERR14390095,GRC2
RCN13338,ERR14390096,SPEC
RCN13339,ERR14390097,GRC1
RCN13339,ERR14390098,GRC2
RCN13339,ERR14390099,SPEC
RCN13340,ERR14390100,GRC1
RCN13340,ERR14390101,GRC2
RCN13340,ERR14390102,SPEC
RCN13341,ERR14390103,GRC1
RCN13341,ERR14390104,GRC2
RCN13341,ERR14390105,SPEC
RCN13342,ERR14390106,GRC1
RCN13342,ERR14390107,GRC2
RCN13342,ERR14390108,SPEC
RCN13343,ERR14390109,GRC1
RCN13343,ERR14390110,GRC2
RCN13343,ERR14390111,SPEC
RCN13344,ERR14390112,GRC1
RCN13344,ERR14390113,GRC2
RCN13344,ERR14390114,SPEC
RCN13345,ERR14390115,GRC1
RCN13345,ERR14390116,GRC2
RCN13345,ERR14390117,SPEC
RCN13346,ERR14390118,GRC1
RCN13346,ERR14390119,GRC2
RCN13346,ERR14390120,SPEC
RCN13347,ERR14390121,GRC1
RCN13347,ERR14390122,GRC2
RCN13347,ERR14390123,SPEC
RCN13348,ERR14390124,GRC1
RCN13348,ERR14390125,GRC2
RCN13348,ERR14390126,SPEC
RCN13349,ERR14390127,GRC1
RCN13349,ERR14390128,GRC2
RCN13349,ERR14390129,SPEC
RCN13350,ERR14390130,GRC1
RCN13350,ERR14390131,GRC2
RCN13350,ERR14390132,SPEC
RCN13351,ERR14390133,GRC1
RCN13351,ERR14390134,GRC2
RCN13351,ERR14390135,SPEC
RCN13352,ERR14390136,GRC1
RCN13352,ERR14390137,GRC2
RCN13352,ERR14390138,SPEC
RCN13353,ERR14390139,GRC1
RCN13353,ERR14390140,GRC2
RCN13353,ERR14390141,SPEC
RCN13354,ERR14390142,GRC1
RCN13354,ERR14390143,GRC2
RCN13354,ERR14390144,SPEC
RCN13355,ERR14390145,GRC1
RCN13355,ERR14390146,GRC2
RCN13355,ERR14390147,SPEC
RCN13356,ERR14390148,GRC1
RCN13356,ERR14390149,GRC2
RCN13356,ERR14390150,SPEC
RCN13357,ERR14390151,GRC1
RCN13357,ERR14390152,GRC2
RCN13357,ERR14390153,SPEC
RCN13358,ERR14390154,GRC1
RCN13358,ERR14390155,GRC2
RCN13358,ERR14390156,SPEC
RCN13359,ERR14390157,GRC1
RCN13359,ERR14390158,GRC2
RCN13359,ERR14390159,SPEC
RCN13360,ERR14390160,GRC1
RCN13360,ERR14390161,GRC2
RCN13360,ERR14390162,SPEC
RCN13361,ERR14390163,GRC1
RCN13361,ERR14390164,GRC2
RCN13361,ERR14390165,SPEC
RCN13362,ERR14390166,GRC1
RCN13362,ERR14390167,GRC2
RCN13362,ERR14390168,SPEC
RCN13363,ERR14390169,GRC1
RCN13363,ERR14390170,GRC2
RCN13363,ERR14390171,SPEC
RCN13364,ERR14390172,GRC1
RCN13364,ERR14390173,GRC2
RCN13364,ERR14390174,SPEC
RCN13365,ERR14390175,GRC1
RCN13365,ERR14390176,GRC2
RCN13365,ERR14390177,SPEC
RCN13366,ERR14390178,GRC1
RCN13366,ERR14390179,GRC2
RCN13366,ERR14390180,SPEC
RCN13368,ERR14390181,GRC1
RCN13368,ERR14390182,GRC2
RCN13368,ERR14390183,SPEC
RCN13369,ERR14390184,GRC1
RCN13369,ERR14390185,GRC2
RCN13369,ERR14390186,SPEC
RCN13370,ERR14390187,GRC1
RCN13370,ERR14390188,GRC2
RCN13370,ERR14390189,SPEC
RCN13371,ERR14390190,GRC1
RCN13371,ERR14390191,GRC2
RCN13371,ERR14390192,SPEC
RCN13372,ERR14390193,GRC1
RCN13372,ERR14390194,GRC2
RCN13372,ERR14390195,SPEC
RCN13373,ERR14390196,GRC1
RCN13373,ERR14390197,GRC2
RCN13373,ERR14390198,SPEC
RCN13374,ERR14390199,GRC1
RCN13374,ERR14390200,GRC2
RCN13374,ERR14390201,SPEC
RCN13375,ERR14390202,GRC1
RCN13375,ERR14390203,GRC2
RCN13375,ERR14390204,SPEC
RCN13376,ERR14390205,GRC1
RCN13376,ERR14390206,GRC2
RCN13376,ERR14390207,SPEC
RCN13377,ERR14390208,GRC1
RCN13377,ERR14390209,GRC2
RCN13377,ERR14390210,SPEC
RCN13378,ERR14390211,GRC1
RCN13378,ERR14390212,GRC2
RCN13378,ERR14390213,SPEC
RCN13379,ERR14390214,GRC1
RCN13379,ERR14390215,GRC2
RCN13379,ERR14390216,SPEC
RCN13380,ERR14390217,GRC1
RCN13380,ERR14390218,GRC2
RCN13380,ERR14390219,SPEC
RCN13381,ERR14390220,GRC1
RCN13381,ERR14390221,GRC2
RCN13381,ERR14390222,SPEC
RCN13382,ERR14390223,GRC1
RCN13382,ERR14390224,GRC2
RCN13382,ERR14390225,SPEC
RCN13383,ERR14390226,GRC1
RCN13383,ERR14390227,GRC2
RCN13383,ERR14390228,SPEC
RCN13384,ERR14390229,GRC1
RCN13384,ERR14390230,GRC2
RCN13384,ERR14390231,SPEC
RCN13385,ERR14390232,GRC1
RCN13385,ERR14390233,GRC2
RCN13385,ERR14390234,SPEC
RCN13386,ERR14390235,GRC1
RCN13386,ERR14390236,GRC2
RCN13386,ERR14390237,SPEC
RCN13387,ERR14390238,GRC1
RCN13387,ERR14390239,GRC2
RCN13387,ERR14390240,SPEC
RCN13388,ERR14390241,GRC1
RCN13388,ERR14390242,GRC2
RCN13388,ERR14390243,SPEC
RCN13389,ERR14390244,GRC1
RCN13389,ERR14390245,GRC2
RCN13389,ERR14390246,SPEC
RCN13390,ERR14390247,GRC1
RCN13390,ERR14390248,GRC2
RCN13390,ERR14390249,SPEC
RCN13391,ERR14390250,GRC1
RCN13391,ERR14390251,GRC2
RCN13391,ERR14390252,SPEC
RCN13392,ERR14390253,GRC1
RCN13392,ERR14390254,GRC2
RCN13392,ERR14390255,SPEC
RCN13394,ERR14390256,GRC1
RCN13394,ERR14390257,GRC2
RCN13394,ERR14390258,SPEC
RCN13395,ERR14390259,GRC1
RCN13395,ERR14390260,GRC2
RCN13395,ERR14390261,SPEC
RCN13396,ERR14390262,GRC1
RCN13396,ERR14390263,GRC2
RCN13396,ERR14390264,SPEC
RCN13397,ERR14390265,GRC1
RCN13397,ERR14390266,GRC2
RCN13397,ERR14390267,SPEC
RCN13398,ERR14390268,GRC1
RCN13398,ERR14390269,GRC2
RCN13398,ERR14390270,SPEC
RCN13399,ERR14390271,GRC1
RCN13399,ERR14390272,GRC2
RCN13399,ERR14390273,SPEC
RCN13400,ERR14390274,GRC1
RCN13400,ERR14390275,GRC2
RCN13400,ERR14390276,SPEC
RCN13401,ERR14390277,GRC1
RCN13401,ERR14390278,GRC2
RCN13401,ERR14390279,SPEC
RCN13402,ERR14390280,GRC1
RCN13402,ERR14390281,GRC2
RCN13402,ERR14390282,SPEC
RCN13403,ERR14390283,GRC1
RCN13403,ERR14390284,GRC2
RCN13403,ERR14390285,SPEC
RCN13404,ERR14390286,GRC1
RCN13404,ERR14390287,GRC2
RCN13404,ERR14390288,SPEC
RCN13405,ERR14390289,GRC1
RCN13405,ERR14390290,GRC2
RCN13405,ERR14390291,SPEC
RCN13406,ERR14390292,GRC1
RCN13406,ERR14390293,GRC2
RCN13406,ERR14390294,SPEC
RCN13407,ERR14390295,GRC1
RCN13407,ERR14390296,GRC2
RCN13407,ERR14390297,SPEC
RCN13408,ERR14390298,GRC1
RCN13408,ERR14390299,GRC2
RCN13408,ERR14390300,SPEC
RCN13409,ERR14390301,GRC1
RCN13409,ERR14390302,GRC2
RCN13409,ERR14390303,SPEC
RCN13410,ERR14390304,GRC1
RCN13410,ERR14390305,GRC2
RCN13410,ERR14390306,SPEC
RCN13411,ERR14390307,GRC1
RCN13411,ERR14390308,GRC2
RCN13411,ERR14390309,SPEC
RCN13412,ERR14390310,GRC1
RCN13412,ERR14390311,GRC2
RCN13412,ERR14390312,SPEC
RCN13413,ERR14390313,GRC1
RCN13413,ERR14390314,GRC2
RCN13413,ERR14390315,SPEC
RCN13414,ERR14390316,GRC1
RCN13414,ERR14390317,GRC2
RCN13414,ERR14390318,SPEC
RCN13415,ERR14390319,GRC1
RCN13415,ERR14390320,GRC2
RCN13415,ERR14390321,SPEC
RCN13416,ERR14390322,GRC1
RCN13416,ERR14390323,GRC2
RCN13416,ERR14390324,SPEC
RCN13417,ERR14390325,GRC1
RCN13417,ERR14390326,GRC2
RCN13417,ERR14390327,SPEC
RCN13418,ERR14390328,GRC1
RCN13418,ERR14390329,GRC2
RCN13418,ERR14390330,SPEC
RCN13419,ERR14390331,GRC1
RCN13419,ERR14390332,GRC2
RCN13419,ERR14390333,SPEC
RCN13420,ERR14390334,GRC1
RCN13420,ERR14390335,GRC2
RCN13420,ERR14390336,SPEC
RCN13421,ERR14390337,GRC1
RCN13421,ERR14390338,GRC2
RCN13421,ERR14390339,SPEC
RCN13422,ERR14390340,GRC1
RCN13422,ERR14390341,GRC2
RCN13422,ERR14390342,SPEC
RCN13424,ERR14390343,GRC1
RCN13424,ERR14390344,GRC2
RCN13424,ERR14390345,SPEC
RCN13425,ERR14390346,GRC1
RCN13425,ERR14390347,GRC2
RCN13425,ERR14390348,SPEC
RCN13426,ERR14390349,GRC1
RCN13426,ERR14390350,GRC2
RCN13426,ERR14390351,SPEC
RCN13427,ERR14390352,GRC1
RCN13427,ERR14390353,GRC2
RCN13427,ERR14390354,SPEC
RCN13428,ERR14390355,GRC1
RCN13428,ERR14390356,GRC2
RCN13428,ERR14390357,SPEC
RCN13429,ERR14390358,GRC1
RCN13429,ERR14390359,GRC2
RCN13429,ERR14390360,SPEC
RCN13430,ERR14390361,GRC1
RCN13430,ERR14390362,GRC2
RCN13430,ERR14390363,SPEC
RCN13431,ERR14390364,GRC1
RCN13431,ERR14390365,GRC2
RCN13431,ERR14390366,SPEC
RCN13432,ERR14390367,GRC1
RCN13432,ERR14390368,GRC2
RCN13432,ERR14390369,SPEC
RCN13433,ERR14390370,GRC1
RCN13433,ERR14390371,GRC2
RCN13433,ERR14390372,SPEC
RCN13434,ERR14390373,GRC1
RCN13434,ERR14390374,GRC2
RCN13434,ERR14390375,SPEC
RCN13435,ERR14390376,GRC1
RCN13435,ERR14390377,GRC2
RCN13435,ERR14390378,SPEC
RCN13436,ERR14390379,GRC1
RCN13436,ERR14390380,GRC2
RCN13436,ERR14390381,SPEC
RCN13437,ERR14390382,GRC1
RCN13437,ERR14390383,GRC2
RCN13437,ERR14390384,SPEC
RCN13438,ERR14390385,GRC1
RCN13438,ERR14390386,GRC2
RCN13438,ERR14390387,SPEC
RCN13439,ERR14390388,GRC1
RCN13439,ERR14390389,GRC2
RCN13439,ERR14390390,SPEC
RCN13441,ERR14390391,GRC1
RCN13441,ERR14390392,GRC2
RCN13441,ERR14390393,SPEC
RCN13442,ERR14390394,GRC1
RCN13442,ERR14390395,GRC2
RCN13442,ERR14390396,SPEC
RCN13443,ERR14390397,GRC1
RCN13443,ERR14390398,GRC2
RCN13443,ERR14390399,SPEC
RCN13444,ERR14390400,GRC1
RCN13444,ERR14390401,GRC2
RCN13444,ERR14390402,SPEC
RCN13445,ERR14390403,GRC1
RCN13445,ERR14390404,GRC2
RCN13445,ERR14390405,SPEC
RCN13446,ERR14390406,GRC1
RCN13446,ERR14390407,GRC2
RCN13446,ERR14390408,SPEC
RCN13447,ERR14390409,GRC1
RCN13447,ERR14390410,GRC2
RCN13447,ERR14390411,SPEC
RCN13448,ERR14390412,GRC1
RCN13448,ERR14390413,GRC2
RCN13448,ERR14390414,SPEC
RCN13449,ERR14390415,GRC1
RCN13449,ERR14390416,GRC2
RCN13449,ERR14390417,SPEC
RCN13450,ERR14390418,GRC1
RCN13450,ERR14390419,GRC2
RCN13450,ERR14390420,SPEC
RCN13452,ERR14390421,GRC1
RCN13452,ERR14390422,GRC2
RCN13452,ERR14390423,SPEC
RCN13454,ERR14390424,GRC1
RCN13454,ERR14390425,GRC2
RCN13454,ERR14390426,SPEC
RCN13455,ERR14390427,GRC1
RCN13455,ERR14390428,GRC2
RCN13455,ERR14390429,SPEC
RCN13457,ERR14390430,GRC1
RCN13457,ERR14390431,GRC2
RCN13457,ERR14390432,SPEC
RCN13458,ERR14390433,GRC1
RCN13458,ERR14390434,GRC2
RCN13458,ERR14390435,SPEC
RCN13459,ERR14390436,GRC1
RCN13459,ERR14390437,GRC2
RCN13459,ERR14390438,SPEC
RCN13460,ERR14390439,GRC1
RCN13460,ERR14390440,GRC2
RCN13460,ERR14390441,SPEC
RCN13461,ERR14390442,GRC1
RCN13461,ERR14390443,GRC2
RCN13461,ERR14390444,SPEC
RCN13462,ERR14390445,GRC1
RCN13462,ERR14390446,GRC2
RCN13462,ERR14390447,SPEC
RCN13463,ERR14390448,GRC1
RCN13463,ERR14390449,GRC2
RCN13463,ERR14390450,SPEC
RCN13464,ERR14390451,GRC1
RCN13464,ERR14390452,GRC2
RCN13464,ERR14390453,SPEC
RCN13466,ERR14390454,GRC1
RCN13466,ERR14390455,GRC2
RCN13466,ERR14390456,SPEC
RCN13467,ERR14390457,GRC1
RCN13467,ERR14390458,GRC2
RCN13467,ERR14390459,SPEC
RCN13468,ERR14390460,GRC1
RCN13468,ERR14390461,GRC2
RCN13468,ERR14390462,SPEC
RCN13469,ERR14390463,GRC1
RCN13469,ERR14390464,GRC2
RCN13469,ERR14390465,SPEC
RCN13470,ERR14390466,GRC1
RCN13470,ERR14390467,GRC2
RCN13470,ERR14390468,SPEC
RCN13471,ERR14390469,GRC1
RCN13471,ERR14390470,GRC2
RCN13471,ERR14390471,SPEC
RCN13472,ERR14390472,GRC1
RCN13472,ERR14390473,GRC2
RCN13472,ERR14390474,SPEC
RCN13473,ERR14390475,GRC1
RCN13473,ERR14390476,GRC2
RCN13473,ERR14390477,SPEC
RCN13474,ERR14390478,GRC1
RCN13474,ERR14390479,GRC2
RCN13474,ERR14390480,SPEC
RCN13475,ERR14390481,GRC1
RCN13475,ERR14390482,GRC2
RCN13475,ERR14390483,SPEC
RCN13476,ERR14390484,GRC1
RCN13476,ERR14390485,GRC2
RCN13476,ERR14390486,SPEC
RCN13477,ERR14390487,GRC1
RCN13477,ERR14390488,GRC2
RCN13477,ERR14390489,SPEC
RCN13478,ERR14390490,GRC1
RCN13478,ERR14390491,GRC2
RCN13478,ERR14390492,SPEC
RCN13479,ERR14390493,GRC1
RCN13479,ERR14390494,GRC2
RCN13479,ERR14390495,SPEC
RCN13480,ERR14390496,GRC1
RCN13480,ERR14390497,GRC2
RCN13480,ERR14390498,SPEC
RCN13481,ERR14390499,GRC1
RCN13481,ERR14390500,GRC2
RCN13481,ERR14390501,SPEC
RCN13482,ERR14390502,GRC1
RCN13482,ERR14390503,GRC2
RCN13482,ERR14390504,SPEC
RCN13483,ERR14390505,GRC1
RCN13483,ERR14390506,GRC2
RCN13483,ERR14390507,SPEC
RCN13484,ERR14390508,GRC1
RCN13484,ERR14390509,GRC2
RCN13484,ERR14390510,SPEC
RCN13485,ERR14390511,GRC1
RCN13485,ERR14390512,GRC2
RCN13485,ERR14390513,SPEC
RCN13486,ERR14390514,GRC1
RCN13486,ERR14390515,GRC2
RCN13486,ERR14390516,SPEC
RCN13487,ERR14390517,GRC1
RCN13487,ERR14390518,GRC2
RCN13487,ERR14390519,SPEC
RCN13488,ERR14390520,GRC1
RCN13488,ERR14390521,GRC2
RCN13488,ERR14390522,SPEC
RCN13489,ERR14390523,GRC1
RCN13489,ERR14390524,GRC2
RCN13489,ERR14390525,SPEC
RCN13490,ERR14390526,GRC1
RCN13490,ERR14390527,GRC2
RCN13490,ERR14390528,SPEC
RCN13491,ERR14390529,GRC1
RCN13491,ERR14390530,GRC2
RCN13491,ERR14390531,SPEC
RCN13492,ERR14390532,GRC1
RCN13492,ERR14390533,GRC2
RCN13492,ERR14390534,SPEC
RCN13493,ERR14390535,GRC1
RCN13493,ERR14390536,GRC2
RCN13493,ERR14390537,SPEC
RCN13494,ERR14390538,GRC1
RCN13494,ERR14390539,GRC2
RCN13494,ERR14390540,SPEC
RCN13495,ERR14390541,GRC1
RCN13495,ERR14390542,GRC2
RCN13495,ERR14390543,SPEC
RCN13496,ERR14390544,GRC1
RCN13496,ERR14390545,GRC2
RCN13496,ERR14390546,SPEC
RCN13497,ERR14390547,GRC1
RCN13497,ERR14390548,GRC2
RCN13497,ERR14390549,SPEC
RCN13498,ERR14390550,GRC1
RCN13498,ERR14390551,GRC2
RCN13498,ERR14390552,SPEC
RCN13499,ERR14390553,GRC1
RCN13499,ERR14390554,GRC2
RCN13499,ERR14390555,SPEC
RCN13500,ERR14390556,GRC1
RCN13500,ERR14390557,GRC2
RCN13500,ERR14390558,SPEC
RCN13501,ERR14390559,GRC1
RCN13501,ERR14390560,GRC2
RCN13501,ERR14390561,SPEC
RCN13502,ERR14390562,GRC1
RCN13502,ERR14390563,GRC2
RCN13502,ERR14390564,SPEC
RCN13503,ERR14390565,GRC1
RCN13503,ERR14390566,GRC2
RCN13503,ERR14390567,SPEC
RCN13504,ERR14390568,GRC1
RCN13504,ERR14390569,GRC2
RCN13504,ERR14390570,SPEC
RCN13505,ERR14390571,GRC1
RCN13505,ERR14390572,GRC2
RCN13505,ERR14390573,SPEC
RCN13506,ERR14390574,GRC1
RCN13506,ERR14390575,GRC2
RCN13506,ERR14390576,SPEC
RCN13507,ERR14390577,GRC1
RCN13507,ERR14390578,GRC2
RCN13507,ERR14390579,SPEC
RCN13508,ERR14390580,GRC1
RCN13508,ERR14390581,GRC2
RCN13508,ERR14390582,SPEC
RCN13510,ERR14390583,GRC1
RCN13510,ERR14390584,GRC2
RCN13510,ERR14390585,SPEC
RCN13511,ERR14390586,GRC1
RCN13511,ERR14390587,GRC2
RCN13511,ERR14390588,SPEC
RCN13512,ERR14390589,GRC1
RCN13512,ERR14390590,GRC2
RCN13512,ERR14390591,SPEC
RCN13513,ERR14390592,GRC1
RCN13513,ERR14390593,GRC2
RCN13513,ERR14390594,SPEC
RCN13514,ERR14390595,GRC1
RCN13514,ERR14390596,GRC2
RCN13514,ERR14390597,SPEC
RCN13515,ERR14390598,GRC1
RCN13515,ERR14390599,GRC2
RCN13515,ERR14390600,SPEC
RCN13516,ERR14390601,GRC1
RCN13516,ERR14390602,GRC2
RCN13516,ERR14390603,SPEC
RCN13517,ERR14390604,GRC1
RCN13517,ERR14390605,GRC2
RCN13517,ERR14390606,SPEC
RCN13518,ERR14390607,GRC1
RCN13518,ERR14390608,GRC2
RCN13518,ERR14390609,SPEC
RCN13520,ERR14390610,GRC1
RCN13520,ERR14390611,GRC2
RCN13520,ERR14390612,SPEC
RCN13521,ERR14390613,GRC1
RCN13521,ERR14390614,GRC2
RCN13521,ERR14390615,SPEC
RCN13523,ERR14390616,GRC1
RCN13523,ERR14390617,GRC2
RCN13523,ERR14390618,SPEC
RCN13524,ERR14390619,GRC1
RCN13524,ERR14390620,GRC2
RCN13524,ERR14390621,SPEC
RCN13525,ERR14390622,GRC1
RCN13525,ERR14390623,GRC2
RCN13525,ERR14390624,SPEC
RCN13526,ERR14390625,GRC1
RCN13526,ERR14390626,GRC2
RCN13526,ERR14390627,SPEC
RCN13527,ERR14390628,GRC1
RCN13527,ERR14390629,GRC2
RCN13527,ERR14390630,SPEC
RCN13528,ERR14390631,GRC1
RCN13528,ERR14390632,GRC2
RCN13528,ERR14390633,SPEC
RCN13529,ERR14390634,GRC1
RCN13529,ERR14390635,GRC2
RCN13529,ERR14390636,SPEC
RCN13530,ERR14390637,GRC1
RCN13530,ERR14390638,GRC2
RCN13530,ERR14390639,SPEC
RCN13531,ERR14390640,GRC1
RCN13531,ERR14390641,GRC2
RCN13531,ERR14390642,SPEC
RCN13532,ERR14390643,GRC1
RCN13532,ERR14390644,GRC2
RCN13532,ERR14390645,SPEC
RCN13533,ERR14390646,GRC1
RCN13533,ERR14390647,GRC2
RCN13533,ERR14390648,SPEC
RCN13534,ERR14390649,GRC1
RCN13534,ERR14390650,GRC2
RCN13534,ERR14390651,SPEC
RCN13535,ERR14390652,GRC1
RCN13535,ERR14390653,GRC2
RCN13535,ERR14390654,SPEC
RCN13536,ERR14390655,GRC1
RCN13536,ERR14390656,GRC2
RCN13536,ERR14390657,SPEC
RCN13537,ERR14390658,GRC1
RCN13537,ERR14390659,GRC2
RCN13537,ERR14390660,SPEC
RCN13538,ERR14390661,GRC1
RCN13538,ERR14390662,GRC2
RCN13538,ERR14390663,SPEC
RCN13539,ERR14390664,GRC1
RCN13539,ERR14390665,GRC2
RCN13539,ERR14390666,SPEC
RCN13540,ERR14390667,GRC1
RCN13540,ERR14390668,GRC2
RCN13540,ERR14390669,SPEC
RCN13541,ERR14390670,GRC1
RCN13541,ERR14390671,GRC2
RCN13541,ERR14390672,SPEC
RCN13542,ERR14390673,GRC1
RCN13542,ERR14390674,GRC2
RCN13542,ERR14390675,SPEC
RCN13543,ERR14390676,GRC1
RCN13543,ERR14390677,GRC2
RCN13543,ERR14390678,SPEC
RCN13544,ERR14390679,GRC1
RCN13544,ERR14390680,GRC2
RCN13544,ERR14390681,SPEC
RCN13545,ERR14390682,GRC1
RCN13545,ERR14390683,GRC2
RCN13545,ERR14390684,SPEC
RCN13546,ERR14390685,GRC1
RCN13546,ERR14390686,GRC2
RCN13546,ERR14390687,SPEC
RCN13548,ERR14390688,GRC1
RCN13548,ERR14390689,GRC2
RCN13548,ERR14390690,SPEC
RCN13549,ERR14390691,GRC1
RCN13549,ERR14390692,GRC2
RCN13549,ERR14390693,SPEC
RCN13551,ERR14390694,GRC1
RCN13551,ERR14390695,GRC2
RCN13551,ERR14390696,SPEC
RCN13552,ERR14390697,GRC1
RCN13552,ERR14390698,GRC2
RCN13552,ERR14390699,SPEC
RCN13553,ERR14390700,GRC1
RCN13553,ERR14390701,GRC2
RCN13553,ERR14390702,SPEC
RCN13554,ERR14390703,GRC1
RCN13554,ERR14390704,GRC2
RCN13554,ERR14390705,SPEC
RCN13555,ERR14390706,GRC1
RCN13555,ERR14390707,GRC2
RCN13555,ERR14390708,SPEC
RCN13556,ERR14390709,GRC1
RCN13556,ERR14390710,GRC2
RCN13556,ERR14390711,SPEC
RCN13557,ERR14390712,GRC1
RCN13557,ERR14390713,GRC2
RCN13557,ERR14390714,SPEC
RCN13558,ERR14390715,GRC1
RCN13558,ERR14390716,GRC2
RCN13558,ERR14390717,SPEC
RCN13559,ERR14390718,GRC1
RCN13559,ERR14390719,GRC2
RCN13559,ERR14390720,SPEC
RCN13560,ERR14390721,GRC1
RCN13560,ERR14390722,GRC2
RCN13560,ERR14390723,SPEC
RCN13561,ERR14390724,GRC1
RCN13561,ERR14390725,GRC2
RCN13561,ERR14390726,SPEC
RCN13562,ERR14390727,GRC1
RCN13562,ERR14390728,GRC2
RCN13562,ERR14390729,SPEC
RCN13563,ERR14390730,GRC1
RCN13563,ERR14390731,GRC2
RCN13563,ERR14390732,SPEC
RCN13564,ERR14390733,GRC1
RCN13564,ERR14390734,GRC2
RCN13564,ERR14390735,SPEC
RCN13565,ERR14390736,GRC1
RCN13565,ERR14390737,GRC2
RCN13565,ERR14390738,SPEC
RCN13566,ERR14390739,GRC1
RCN13566,ERR14390740,GRC2
RCN13566,ERR14390741,SPEC
RCN13567,ERR14390742,GRC1
RCN13567,ERR14390743,GRC2
RCN13567,ERR14390744,SPEC
RCN13568,ERR14390745,GRC1
RCN13568,ERR14390746,GRC2
RCN13568,ERR14390747,SPEC
RCN13569,ERR14390748,GRC1
RCN13569,ERR14390749,GRC2
RCN13569,ERR14390750,SPEC
RCN13570,ERR14390751,GRC1
RCN13570,ERR14390752,GRC2
RCN13570,ERR14390753,SPEC
RCN13571,ERR14390754,GRC1
RCN13571,ERR14390755,GRC2
RCN13571,ERR14390756,SPEC
RCN13573,ERR14390757,GRC1
RCN13573,ERR14390758,GRC2
RCN13573,ERR14390759,SPEC
RCN13574,ERR14390760,GRC1
RCN13574,ERR14390761,GRC2
RCN13574,ERR14390762,SPEC
RCN13575,ERR14390763,GRC1
RCN13575,ERR14390764,GRC2
RCN13575,ERR14390765,SPEC
RCN13576,ERR14390766,GRC1
RCN13576,ERR14390767,GRC2
RCN13576,ERR14390768,SPEC
RCN13577,ERR14390769,GRC1
RCN13577,ERR14390770,GRC2
RCN13577,ERR14390771,SPEC
RCN13578,ERR14390772,GRC1
RCN13578,ERR14390773,GRC2
RCN13578,ERR14390774,SPEC
RCN13579,ERR14390775,GRC1
RCN13579,ERR14390776,GRC2
RCN13579,ERR14390777,SPEC
RCN13580,ERR14390778,GRC1
RCN13580,ERR14390779,GRC2
RCN13580,ERR14390780,SPEC
RCN13581,ERR14390781,GRC1
RCN13581,ERR14390782,GRC2
RCN13581,ERR14390783,SPEC
RCN13582,ERR14390784,GRC1
RCN13582,ERR14390785,GRC2
RCN13582,ERR14390786,SPEC
RCN13583,ERR14390787,GRC1
RCN13583,ERR14390788,GRC2
RCN13583,ERR14390789,SPEC
RCN13584,ERR14390790,GRC1
RCN13584,ERR14390791,GRC2
RCN13584,ERR14390792,SPEC
RCN13585,ERR14390793,GRC1
RCN13585,ERR14390794,GRC2
RCN13585,ERR14390795,SPEC
RCN14168,ERR14390796,GRC1
RCN14168,ERR14390797,GRC2
RCN14168,ERR14390798,SPEC
RCN14169,ERR14390799,GRC1
RCN14169,ERR14390800,GRC2
RCN14169,ERR14390801,SPEC
RCN14170,ERR14390802,GRC1
RCN14170,ERR14390803,GRC2
RCN14170,ERR14390804,SPEC
RCN14171,ERR14390805,GRC1
RCN14171,ERR14390806,GRC2
RCN14171,ERR14390807,SPEC
RCN14172,ERR14390808,GRC1
RCN14172,ERR14390809,GRC2
RCN14172,ERR14390810,SPEC
RCN14173,ERR14390811,GRC1
RCN14173,ERR14390812,GRC2
RCN14173,ERR14390813,SPEC
RCN14174,ERR14390814,GRC1
RCN14174,ERR14390815,GRC2
RCN14174,ERR14390816,SPEC
RCN14175,ERR14390817,GRC1
RCN14175,ERR14390818,GRC2
RCN14175,ERR14390819,SPEC
RCN14176,ERR14390820,GRC1
RCN14176,ERR14390821,GRC2
RCN14176,ERR14390822,SPEC
RCN14177,ERR14390823,GRC1
RCN14177,ERR14390824,GRC2
RCN14177,ERR14390825,SPEC
RCN14178,ERR14390826,GRC1
RCN14178,ERR14390827,GRC2
RCN14178,ERR14390828,SPEC
RCN14179,ERR14390829,GRC1
RCN14179,ERR14390830,GRC2
RCN14179,ERR14390831,SPEC
RCN14181,ERR14390832,GRC1
RCN14181,ERR14390833,GRC2
RCN14181,ERR14390834,SPEC
RCN14182,ERR14390835,GRC1
RCN14182,ERR14390836,GRC2
RCN14182,ERR14390837,SPEC
RCN14183,ERR14390838,GRC1
RCN14183,ERR14390839,GRC2
RCN14183,ERR14390840,SPEC
RCN14184,ERR14390841,GRC1
RCN14184,ERR14390842,GRC2
RCN14184,ERR14390843,SPEC
RCN14185,ERR14390844,GRC1
RCN14185,ERR14390845,GRC2
RCN14185,ERR14390846,SPEC
RCN14186,ERR14390847,GRC1
RCN14186,ERR14390848,GRC2
RCN14186,ERR14390849,SPEC
RCN14187,ERR14390850,GRC1
RCN14187,ERR14390851,GRC2
RCN14187,ERR14390852,SPEC
RCN14188,ERR14390853,GRC1
RCN14188,ERR14390854,GRC2
RCN14188,ERR14390855,SPEC
RCN14189,ERR14390856,GRC1
RCN14189,ERR14390857,GRC2
RCN14189,ERR14390858,SPEC
RCN14190,ERR14390859,GRC1
RCN14190,ERR14390860,GRC2
RCN14190,ERR14390861,SPEC
RCN14191,ERR14390862,GRC1
RCN14191,ERR14390863,GRC2
RCN14191,ERR14390864,SPEC
RCN14192,ERR14390865,GRC1
RCN14192,ERR14390866,GRC2
RCN14192,ERR14390867,SPEC
RCN14193,ERR14390868,GRC1
RCN14193,ERR14390869,GRC2
RCN14193,ERR14390870,SPEC
RCN14194,ERR14390871,GRC1
RCN14194,ERR14390872,GRC2
RCN14194,ERR14390873,SPEC
RCN14195,ERR14390874,GRC1
RCN14195,ERR14390875,GRC2
RCN14195,ERR14390876,SPEC
RCN14196,ERR14390877,GRC1
RCN14196,ERR14390878,GRC2
RCN14196,ERR14390879,SPEC
RCN14197,ERR14390880,GRC1
RCN14197,ERR14390881,GRC2
RCN14197,ERR14390882,SPEC
RCN14198,ERR14390883,GRC1
RCN14198,ERR14390884,GRC2
RCN14198,ERR14390885,SPEC
RCN14199,ERR14390886,GRC1
RCN14199,ERR14390887,GRC2
RCN14199,ERR14390888,SPEC
RCN14200,ERR14390889,GRC1
RCN14200,ERR14390890,GRC2
RCN14200,ERR14390891,SPEC
RCN14201,ERR14390892,GRC1
RCN14201,ERR14390893,GRC2
RCN14201,ERR14390894,SPEC
RCN14202,ERR14390895,GRC1
RCN14202,ERR14390896,GRC2
RCN14202,ERR14390897,SPEC
RCN14203,ERR14390898,GRC1
RCN14203,ERR14390899,GRC2
RCN14203,ERR14390900,SPEC
RCN14204,ERR14390901,GRC1
RCN14204,ERR14390902,GRC2
RCN14204,ERR14390903,SPEC
RCN14205,ERR14390904,GRC1
RCN14205,ERR14390905,GRC2
RCN14205,ERR14390906,SPEC
RCN14206,ERR14390907,GRC1
RCN14206,ERR14390908,GRC2
RCN14206,ERR14390909,SPEC
RCN14207,ERR14390910,GRC1
RCN14207,ERR14390911,GRC2
RCN14207,ERR14390912,SPEC
RCN14208,ERR14390913,GRC1
RCN14208,ERR14390914,GRC2
RCN14208,ERR14390915,SPEC
RCN14209,ERR14390916,GRC1
RCN14209,ERR14390917,GRC2
RCN14209,ERR14390918,SPEC
RCN14210,ERR14390919,GRC1
RCN14210,ERR14390920,GRC2
RCN14210,ERR14390921,SPEC
RCN14211,ERR14390922,GRC1
RCN14211,ERR14390923,GRC2
RCN14211,ERR14390924,SPEC
RCN14212,ERR14390925,GRC1
RCN14212,ERR14390926,GRC2
RCN14212,ERR14390927,SPEC
RCN14213,ERR14390928,GRC1
RCN14213,ERR14390929,GRC2
RCN14213,ERR14390930,SPEC
RCN14214,ERR14390931,GRC1
RCN14214,ERR14390932,GRC2
RCN14214,ERR14390933,SPEC
RCN14215,ERR14390934,GRC1
RCN14215,ERR14390935,GRC2
RCN14215,ERR14390936,SPEC
RCN14216,ERR14390937,GRC1
RCN14216,ERR14390938,GRC2
RCN14216,ERR14390939,SPEC
RCN14217,ERR14390940,GRC1
RCN14217,ERR14390941,GRC2
RCN14217,ERR14390942,SPEC
RCN14218,ERR14390943,GRC1
RCN14218,ERR14390944,GRC2
RCN14218,ERR14390945,SPEC
RCN14219,ERR14390946,GRC1
RCN14219,ERR14390947,GRC2
RCN14219,ERR14390948,SPEC
RCN14220,ERR14390949,GRC1
RCN14220,ERR14390950,GRC2
RCN14220,ERR14390951,SPEC
RCN14221,ERR14390952,GRC1
RCN14221,ERR14390953,GRC2
RCN14221,ERR14390954,SPEC
RCN14222,ERR14390955,GRC1
RCN14222,ERR14390956,GRC2
RCN14222,ERR14390957,SPEC
RCN14223,ERR14390958,GRC1
RCN14223,ERR14390959,GRC2
RCN14223,ERR14390960,SPEC
RCN14224,ERR14390961,GRC1
RCN14224,ERR14390962,GRC2
RCN14224,ERR14390963,SPEC
RCN14225,ERR14390964,GRC1
RCN14225,ERR14390965,GRC2
RCN14225,ERR14390966,SPEC
RCN14226,ERR14390967,GRC1
RCN14226,ERR14390968,GRC2
RCN14226,ERR14390969,SPEC
RCN14227,ERR14390970,GRC1
RCN14227,ERR14390971,GRC2
RCN14227,ERR14390972,SPEC
RCN14228,ERR14390973,GRC1
RCN14228,ERR14390974,GRC2
RCN14228,ERR14390975,SPEC
RCN14229,ERR14390976,GRC1
RCN14229,ERR14390977,GRC2
RCN14229,ERR14390978,SPEC
RCN14230,ERR14390979,GRC1
RCN14230,ERR14390980,GRC2
RCN14230,ERR14390981,SPEC
RCN14231,ERR14390982,GRC1
RCN14231,ERR14390983,GRC2
RCN14231,ERR14390984,SPEC
RCN14232,ERR14390985,GRC1
RCN14232,ERR14390986,GRC2
RCN14232,ERR14390987,SPEC
RCN14233,ERR14390988,GRC1
RCN14233,ERR14390989,GRC2
RCN14233,ERR14390990,SPEC
RCN14234,ERR14390991,GRC1
RCN14234,ERR14390992,GRC2
RCN14234,ERR14390993,SPEC
RCN14236,ERR14390994,GRC1
RCN14236,ERR14390995,GRC2
RCN14236,ERR14390996,SPEC
RCN14237,ERR14390997,GRC1
RCN14237,ERR14390998,GRC2
RCN14237,ERR14390999,SPEC
RCN14238,ERR14391000,GRC1
RCN14238,ERR14391001,GRC2
RCN14238,ERR14391002,SPEC
RCN14239,ERR14391003,GRC1
RCN14239,ERR14391004,GRC2
RCN14239,ERR14391005,SPEC
RCN14240,ERR14391006,GRC1
RCN14240,ERR14391007,GRC2
RCN14240,ERR14391008,SPEC
RCN14241,ERR14391009,GRC1
RCN14241,ERR14391010,GRC2
RCN14241,ERR14391011,SPEC
RCN14243,ERR14391012,GRC1
RCN14243,ERR14391013,GRC2
RCN14243,ERR14391014,SPEC
RCN14244,ERR14391015,GRC1
RCN14244,ERR14391016,GRC2
RCN14244,ERR14391017,SPEC
RCN14245,ERR14391018,GRC1
RCN14245,ERR14391019,GRC2
RCN14245,ERR14391020,SPEC
RCN14246,ERR14391021,GRC1
RCN14246,ERR14391022,GRC2
RCN14246,ERR14391023,SPEC
RCN14247,ERR14391024,GRC1
RCN14247,ERR14391025,GRC2
RCN14247,ERR14391026,SPEC
RCN14248,ERR14391027,GRC1
RCN14248,ERR14391028,GRC2
RCN14248,ERR14391029,SPEC
RCN14249,ERR14391030,GRC1
RCN14249,ERR14391031,GRC2
RCN14249,ERR14391032,SPEC
RCN14250,ERR14391033,GRC1
RCN14250,ERR14391034,GRC2
RCN14250,ERR14391035,SPEC
RCN14251,ERR14391036,GRC1
RCN14251,ERR14391037,GRC2
RCN14251,ERR14391038,SPEC
RCN14252,ERR14391039,GRC1
RCN14252,ERR14391040,GRC2
RCN14252,ERR14391041,SPEC
RCN14253,ERR14391042,GRC1
RCN14253,ERR14391043,GRC2
RCN14253,ERR14391044,SPEC
RCN14254,ERR14391045,GRC1
RCN14254,ERR14391046,GRC2
RCN14254,ERR14391047,SPEC
RCN14255,ERR14391048,GRC1
RCN14255,ERR14391049,GRC2
RCN14255,ERR14391050,SPEC
RCN14256,ERR14391051,GRC1
RCN14256,ERR14391052,GRC2
RCN14256,ERR14391053,SPEC
RCN14257,ERR14391054,GRC1
RCN14257,ERR14391055,GRC2
RCN14257,ERR14391056,SPEC
RCN14258,ERR14391057,GRC1
RCN14258,ERR14391058,GRC2
RCN14258,ERR14391059,SPEC
RCN14259,ERR14391060,GRC1
RCN14259,ERR14391061,GRC2
RCN14259,ERR14391062,SPEC
RCN14260,ERR14391063,GRC1
RCN14260,ERR14391064,GRC2
RCN14260,ERR14391065,SPEC
RCN14261,ERR14391066,GRC1
RCN14261,ERR14391067,GRC2
RCN14261,ERR14391068,SPEC
RCN14262,ERR14391069,GRC1
RCN14262,ERR14391070,GRC2
RCN14262,ERR14391071,SPEC
RCN14263,ERR14391072,GRC1
RCN14263,ERR14391073,GRC2
RCN14263,ERR14391074,SPEC
RCN14264,ERR14391075,GRC1
RCN14264,ERR14391076,GRC2
RCN14264,ERR14391077,SPEC
RCN14265,ERR14391078,GRC1
RCN14265,ERR14391079,GRC2
RCN14265,ERR14391080,SPEC
RCN14266,ERR14391081,GRC1
RCN14266,ERR14391082,GRC2
RCN14266,ERR14391083,SPEC
RCN14267,ERR14391084,GRC1
RCN14267,ERR14391085,GRC2
RCN14267,ERR14391086,SPEC
RCN14268,ERR14391087,GRC1
RCN14268,ERR14391088,GRC2
RCN14268,ERR14391089,SPEC
RCN14269,ERR14391090,GRC1
RCN14269,ERR14391091,GRC2
RCN14269,ERR14391092,SPEC
RCN14270,ERR14391093,GRC1
RCN14270,ERR14391094,GRC2
RCN14270,ERR14391095,SPEC
RCN14271,ERR14391096,GRC1
RCN14271,ERR14391097,GRC2
RCN14271,ERR14391098,SPEC
RCN14272,ERR14391099,GRC1
RCN14272,ERR14391100,GRC2
RCN14272,ERR14391101,SPEC
RCN14273,ERR14391102,GRC1
RCN14273,ERR14391103,GRC2
RCN14273,ERR14391104,SPEC
RCN14274,ERR14391105,GRC1
RCN14274,ERR14391106,GRC2
RCN14274,ERR14391107,SPEC
RCN14275,ERR14391108,GRC1
RCN14275,ERR14391109,GRC2
RCN14275,ERR14391110,SPEC
RCN14276,ERR14391111,GRC1
RCN14276,ERR14391112,GRC2
RCN14276,ERR14391113,SPEC
RCN14277,ERR14391114,GRC1
RCN14277,ERR14391115,GRC2
RCN14277,ERR14391116,SPEC
RCN14278,ERR14391117,GRC1
RCN14278,ERR14391118,GRC2
RCN14278,ERR14391119,SPEC
RCN14279,ERR14391120,GRC1
RCN14279,ERR14391121,GRC2
RCN14279,ERR14391122,SPEC
RCN14280,ERR14391123,GRC1
RCN14280,ERR14391124,GRC2
RCN14280,ERR14391125,SPEC
RCN14281,ERR14391126,GRC1
RCN14281,ERR14391127,GRC2
RCN14281,ERR14391128,SPEC
RCN14282,ERR14391129,GRC1
RCN14282,ERR14391130,GRC2
RCN14282,ERR14391131,SPEC
RCN14283,ERR14391132,GRC1
RCN14283,ERR14391133,GRC2
RCN14283,ERR14391134,SPEC
RCN14284,ERR14391135,GRC1
RCN14284,ERR14391136,GRC2
RCN14284,ERR14391137,SPEC
RCN14285,ERR14391138,GRC1
RCN14285,ERR14391139,GRC2
RCN14285,ERR14391140,SPEC
RCN14286,ERR14391141,GRC1
RCN14286,ERR14391142,GRC2
RCN14286,ERR14391143,SPEC
RCN14287,ERR14391144,GRC1
RCN14287,ERR14391145,GRC2
RCN14287,ERR14391146,SPEC
RCN14288,ERR14391147,GRC1
RCN14288,ERR14391148,GRC2
RCN14288,ERR14391149,SPEC
RCN14289,ERR14391150,GRC1
RCN14289,ERR14391151,GRC2
RCN14289,ERR14391152,SPEC
RCN14290,ERR14391153,GRC1
RCN14290,ERR14391154,GRC2
RCN14290,ERR14391155,SPEC
RCN14291,ERR14391156,GRC1
RCN14291,ERR14391157,GRC2
RCN14291,ERR14391158,SPEC
RCN14292,ERR14391159,GRC1
RCN14292,ERR14391160,GRC2
RCN14292,ERR14391161,SPEC
RCN14293,ERR14391162,GRC1
RCN14293,ERR14391163,GRC2
RCN14293,ERR14391164,SPEC
RCN14294,ERR14391165,GRC1
RCN14294,ERR14391166,GRC2
RCN14294,ERR14391167,SPEC
RCN14295,ERR14391168,GRC1
RCN14295,ERR14391169,GRC2
RCN14295,ERR14391170,SPEC
RCN14296,ERR14391171,GRC1
RCN14296,ERR14391172,GRC2
RCN14296,ERR14391173,SPEC
RCN14297,ERR14391174,GRC1
RCN14297,ERR14391175,GRC2
RCN14297,ERR14391176,SPEC
RCN14299,ERR14391177,GRC1
RCN14299,ERR14391178,GRC2
RCN14299,ERR14391179,SPEC
RCN14300,ERR14391180,GRC1
RCN14300,ERR14391181,GRC2
RCN14300,ERR14391182,SPEC
RCN14301,ERR14391183,GRC1
RCN14301,ERR14391184,GRC2
RCN14301,ERR14391185,SPEC
RCN14302,ERR14391186,GRC1
RCN14302,ERR14391187,GRC2
RCN14302,ERR14391188,SPEC
RCN14303,ERR14391189,GRC1
RCN14303,ERR14391190,GRC2
RCN14303,ERR14391191,SPEC
RCN14304,ERR14391192,GRC1
RCN14304,ERR14391193,GRC2
RCN14304,ERR14391194,SPEC
RCN14305,ERR14391195,GRC1
RCN14305,ERR14391196,GRC2
RCN14305,ERR14391197,SPEC
RCN14306,ERR14391198,GRC1
RCN14306,ERR14391199,GRC2
RCN14306,ERR14391200,SPEC
RCN14307,ERR14391201,GRC1
RCN14307,ERR14391202,GRC2
RCN14307,ERR14391203,SPEC
RCN14308,ERR14391204,GRC1
RCN14308,ERR14391205,GRC2
RCN14308,ERR14391206,SPEC
RCN14309,ERR14391207,GRC1
RCN14309,ERR14391208,GRC2
RCN14309,ERR14391209,SPEC
RCN14310,ERR14391210,GRC1
RCN14310,ERR14391211,GRC2
RCN14310,ERR14391212,SPEC
RCN14311,ERR14391213,GRC1
RCN14311,ERR14391214,GRC2
RCN14311,ERR14391215,SPEC
RCN14312,ERR14391216,GRC1
RCN14312,ERR14391217,GRC2
RCN14312,ERR14391218,SPEC
RCN14313,ERR14391219,GRC1
RCN14313,ERR14391220,GRC2
RCN14313,ERR14391221,SPEC
RCN14314,ERR14391222,GRC1
RCN14314,ERR14391223,GRC2
RCN14314,ERR14391224,SPEC
RCN14315,ERR14391225,GRC1
RCN14315,ERR14391226,GRC2
RCN14315,ERR14391227,SPEC
RCN14316,ERR14391228,GRC1
RCN14316,ERR14391229,GRC2
RCN14316,ERR14391230,SPEC
RCN14317,ERR14391231,GRC1
RCN14317,ERR14391232,GRC2
RCN14317,ERR14391233,SPEC
RCN14318,ERR14391234,GRC1
RCN14318,ERR14391235,GRC2
RCN14318,ERR14391236,SPEC
RCN14319,ERR14391237,GRC1
RCN14319,ERR14391238,GRC2
RCN14319,ERR14391239,SPEC
RCN14320,ERR14391240,GRC1
RCN14320,ERR14391241,GRC2
RCN14320,ERR14391242,SPEC
RCN14321,ERR14391243,GRC1
RCN14321,ERR14391244,GRC2
RCN14321,ERR14391245,SPEC
RCN14322,ERR14391246,GRC1
RCN14322,ERR14391247,GRC2
RCN14322,ERR14391248,SPEC
RCN14323,ERR14391249,GRC1
RCN14323,ERR14391250,GRC2
RCN14323,ERR14391251,SPEC
RCN14324,ERR14391252,GRC1
RCN14324,ERR14391253,GRC2
RCN14324,ERR14391254,SPEC
RCN14325,ERR14391255,GRC1
RCN14325,ERR14391256,GRC2
RCN14325,ERR14391257,SPEC
RCN14572,ERR14391258,GRC1
RCN14572,ERR14391259,GRC2
RCN14572,ERR14391260,SPEC
RCN14573,ERR14391261,GRC1
RCN14573,ERR14391262,GRC2
RCN14573,ERR14391263,SPEC
RCN14574,ERR14391264,GRC1
RCN14574,ERR14391265,GRC2
RCN14574,ERR14391266,SPEC
RCN14575,ERR14391267,GRC1
RCN14575,ERR14391268,GRC2
RCN14575,ERR14391269,SPEC
RCN14576,ERR14391270,GRC1
RCN14576,ERR14391271,GRC2
RCN14576,ERR14391272,SPEC
RCN14577,ERR14391273,GRC1
RCN14577,ERR14391274,GRC2
RCN14577,ERR14391275,SPEC
RCN14578,ERR14391276,GRC1
RCN14578,ERR14391277,GRC2
RCN14578,ERR14391278,SPEC
RCN14580,ERR14391279,GRC1
RCN14580,ERR14391280,GRC2
RCN14580,ERR14391281,SPEC
RCN14581,ERR14391282,GRC1
RCN14581,ERR14391283,GRC2
RCN14581,ERR14391284,SPEC
RCN14582,ERR14391285,GRC1
RCN14582,ERR14391286,GRC2
RCN14582,ERR14391287,SPEC
RCN14583,ERR14391288,GRC1
RCN14583,ERR14391289,GRC2
RCN14583,ERR14391290,SPEC
RCN14584,ERR14391291,GRC1
RCN14584,ERR14391292,GRC2
RCN14584,ERR14391293,SPEC
RCN14585,ERR14391294,GRC1
RCN14585,ERR14391295,GRC2
RCN14585,ERR14391296,SPEC
RCN14586,ERR14391297,GRC1
RCN14586,ERR14391298,GRC2
RCN14586,ERR14391299,SPEC
RCN14587,ERR14391300,GRC1
RCN14587,ERR14391301,GRC2
RCN14587,ERR14391302,SPEC
RCN14588,ERR14391303,GRC1
RCN14588,ERR14391304,GRC2
RCN14588,ERR14391305,SPEC
RCN14589,ERR14391306,GRC1
RCN14589,ERR14391307,GRC2
RCN14589,ERR14391308,SPEC
RCN14590,ERR14391309,GRC1
RCN14590,ERR14391310,GRC2
RCN14590,ERR14391311,SPEC
RCN14591,ERR14391312,GRC1
RCN14591,ERR14391313,GRC2
RCN14591,ERR14391314,SPEC
RCN14592,ERR14391315,GRC1
RCN14592,ERR14391316,GRC2
RCN14592,ERR14391317,SPEC
RCN14593,ERR14391318,GRC1
RCN14593,ERR14391319,GRC2
RCN14593,ERR14391320,SPEC
RCN14594,ERR14391321,GRC1
RCN14594,ERR14391322,GRC2
RCN14594,ERR14391323,SPEC
RCN14595,ERR14391324,GRC1
RCN14595,ERR14391325,GRC2
RCN14595,ERR14391326,SPEC
RCN14596,ERR14391327,GRC1
RCN14596,ERR14391328,GRC2
RCN14596,ERR14391329,SPEC
RCN14597,ERR14391330,GRC1
RCN14597,ERR14391331,GRC2
RCN14597,ERR14391332,SPEC
RCN14598,ERR14391333,GRC1
RCN14598,ERR14391334,GRC2
RCN14598,ERR14391335,SPEC
RCN14599,ERR14391336,GRC1
RCN14599,ERR14391337,GRC2
RCN14599,ERR14391338,SPEC
RCN14600,ERR14391339,GRC1
RCN14600,ERR14391340,GRC2
RCN14600,ERR14391341,SPEC
RCN14601,ERR14391342,GRC1
RCN14601,ERR14391343,GRC2
RCN14601,ERR14391344,SPEC
RCN14602,ERR14391345,GRC1
RCN14602,ERR14391346,GRC2
RCN14602,ERR14391347,SPEC
RCN14603,ERR14391348,GRC1
RCN14603,ERR14391349,GRC2
RCN14603,ERR14391350,SPEC
RCN14604,ERR14391351,GRC1
RCN14604,ERR14391352,GRC2
RCN14604,ERR14391353,SPEC
RCN14605,ERR14391354,GRC1
RCN14605,ERR14391355,GRC2
RCN14605,ERR14391356,SPEC
RCN14606,ERR14391357,GRC1
RCN14606,ERR14391358,GRC2
RCN14606,ERR14391359,SPEC
RCN14607,ERR14391360,GRC1
RCN14607,ERR14391361,GRC2
RCN14607,ERR14391362,SPEC
RCN14608,ERR14391363,GRC1
RCN14608,ERR14391364,GRC2
RCN14608,ERR14391365,SPEC
RCN14609,ERR14391366,GRC1
RCN14609,ERR14391367,GRC2
RCN14609,ERR14391368,SPEC
RCN14610,ERR14391369,GRC1
RCN14610,ERR14391370,GRC2
RCN14610,ERR14391371,SPEC
RCN14611,ERR14391372,GRC1
RCN14611,ERR14391373,GRC2
RCN14611,ERR14391374,SPEC
RCN14612,ERR14391375,GRC1
RCN14612,ERR14391376,GRC2
RCN14612,ERR14391377,SPEC
RCN14613,ERR14391378,GRC1
RCN14613,ERR14391379,GRC2
RCN14613,ERR14391380,SPEC
RCN14614,ERR14391381,GRC1
RCN14614,ERR14391382,GRC2
RCN14614,ERR14391383,SPEC
RCN14615,ERR14391384,GRC1
RCN14615,ERR14391385,GRC2
RCN14615,ERR14391386,SPEC
RCN14616,ERR14391387,GRC1
RCN14616,ERR14391388,GRC2
RCN14616,ERR14391389,SPEC
RCN14617,ERR14391390,GRC1
RCN14617,ERR14391391,GRC2
RCN14617,ERR14391392,SPEC
RCN14618,ERR14391393,GRC1
RCN14618,ERR14391394,GRC2
RCN14618,ERR14391395,SPEC
RCN14621,ERR14391396,GRC1
RCN14621,ERR14391397,GRC2
RCN14621,ERR14391398,SPEC
RCN14622,ERR14391399,GRC1
RCN14622,ERR14391400,GRC2
RCN14622,ERR14391401,SPEC
RCN14623,ERR14391402,GRC1
RCN14623,ERR14391403,GRC2
RCN14623,ERR14391404,SPEC
RCN14624,ERR14391405,GRC1
RCN14624,ERR14391406,GRC2
RCN14624,ERR14391407,SPEC
RCN14625,ERR14391408,GRC1
RCN14625,ERR14391409,GRC2
RCN14625,ERR14391410,SPEC
RCN14626,ERR14391411,GRC1
RCN14626,ERR14391412,GRC2
RCN14626,ERR14391413,SPEC
RCN14627,ERR14391414,GRC1
RCN14627,ERR14391415,GRC2
RCN14627,ERR14391416,SPEC
RCN14628,ERR14391417,GRC1
RCN14628,ERR14391418,GRC2
RCN14628,ERR14391419,SPEC
RCN14629,ERR14391420,GRC1
RCN14629,ERR14391421,GRC2
RCN14629,ERR14391422,SPEC
RCN14630,ERR14391423,GRC1
RCN14630,ERR14391424,GRC2
RCN14630,ERR14391425,SPEC
RCN14631,ERR14391426,GRC1
RCN14631,ERR14391427,GRC2
RCN14631,ERR14391428,SPEC
RCN14632,ERR14391429,GRC1
RCN14632,ERR14391430,GRC2
RCN14632,ERR14391431,SPEC
RCN14633,ERR14391432,GRC1
RCN14633,ERR14391433,GRC2
RCN14633,ERR14391434,SPEC
RCN14634,ERR14391435,GRC1
RCN14634,ERR14391436,GRC2
RCN14634,ERR14391437,SPEC
RCN14635,ERR14391438,GRC1
RCN14635,ERR14391439,GRC2
RCN14635,ERR14391440,SPEC
RCN14636,ERR14391441,GRC1
RCN14636,ERR14391442,GRC2
RCN14636,ERR14391443,SPEC
RCN14638,ERR14391444,GRC1
RCN14638,ERR14391445,GRC2
RCN14638,ERR14391446,SPEC
RCN14639,ERR14391447,GRC1
RCN14639,ERR14391448,GRC2
RCN14639,ERR14391449,SPEC
RCN14640,ERR14391450,GRC1
RCN14640,ERR14391451,GRC2
RCN14640,ERR14391452,SPEC
RCN14641,ERR14391453,GRC1
RCN14641,ERR14391454,GRC2
RCN14641,ERR14391455,SPEC
RCN14642,ERR14391456,GRC1
RCN14642,ERR14391457,GRC2
RCN14642,ERR14391458,SPEC
RCN14643,ERR14391459,GRC1
RCN14643,ERR14391460,GRC2
RCN14643,ERR14391461,SPEC
RCN14644,ERR14391462,GRC1
RCN14644,ERR14391463,GRC2
RCN14644,ERR14391464,SPEC
RCN14645,ERR14391465,GRC1
RCN14645,ERR14391466,GRC2
RCN14645,ERR14391467,SPEC
RCN14646,ERR14391468,GRC1
RCN14646,ERR14391469,GRC2
RCN14646,ERR14391470,SPEC
RCN14647,ERR14391471,GRC1
RCN14647,ERR14391472,GRC2
RCN14647,ERR14391473,SPEC
RCN14648,ERR14391474,GRC1
RCN14648,ERR14391475,GRC2
RCN14648,ERR14391476,SPEC
RCN14649,ERR14391477,GRC1
RCN14649,ERR14391478,GRC2
RCN14649,ERR14391479,SPEC
RCN14650,ERR14391480,GRC1
RCN14650,ERR14391481,GRC2
RCN14650,ERR14391482,SPEC
RCN14651,ERR14391483,GRC1
RCN14651,ERR14391484,GRC2
RCN14651,ERR14391485,SPEC
RCN14652,ERR14391486,GRC1
RCN14652,ERR14391487,GRC2
RCN14652,ERR14391488,SPEC
RCN14653,ERR14391489,GRC1
RCN14653,ERR14391490,GRC2
RCN14653,ERR14391491,SPEC
RCN14654,ERR14391492,GRC1
RCN14654,ERR14391493,GRC2
RCN14654,ERR14391494,SPEC
RCN14655,ERR14391495,GRC1
RCN14655,ERR14391496,GRC2
RCN14655,ERR14391497,SPEC
RCN14656,ERR14391498,GRC1
RCN14656,ERR14391499,GRC2
RCN14656,ERR14391500,SPEC
RCN14657,ERR14391501,GRC1
RCN14657,ERR14391502,GRC2
RCN14657,ERR14391503,SPEC
RCN14658,ERR14391504,GRC1
RCN14658,ERR14391505,GRC2
RCN14658,ERR14391506,SPEC
RCN14659,ERR14391507,GRC1
RCN14659,ERR14391508,GRC2
RCN14659,ERR14391509,SPEC
RCN14660,ERR14391510,GRC1
RCN14660,ERR14391511,GRC2
RCN14660,ERR14391512,SPEC
RCN14661,ERR14391513,GRC1
RCN14661,ERR14391514,GRC2
RCN14661,ERR14391515,SPEC
RCN14662,ERR14391516,GRC1
RCN14662,ERR14391517,GRC2
RCN14662,ERR14391518,SPEC
RCN14663,ERR14391519,GRC1
RCN14663,ERR14391520,GRC2
RCN14663,ERR14391521,SPEC
RCN14664,ERR14391522,GRC1
RCN14664,ERR14391523,GRC2
RCN14664,ERR14391524,SPEC
RCN14665,ERR14391525,GRC1
RCN14665,ERR14391526,GRC2
RCN14665,ERR14391527,SPEC
RCN14666,ERR14391528,GRC1
RCN14666,ERR14391529,GRC2
RCN14666,ERR14391530,SPEC
RCN14667,ERR14391531,GRC1
RCN14667,ERR14391532,GRC2
RCN14667,ERR14391533,SPEC
RCN14668,ERR14391534,GRC1
RCN14668,ERR14391535,GRC2
RCN14668,ERR14391536,SPEC
RCN14670,ERR14391537,GRC1
RCN14670,ERR14391538,GRC2
RCN14670,ERR14391539,SPEC
RCN14671,ERR14391540,GRC1
RCN14671,ERR14391541,GRC2
RCN14671,ERR14391542,SPEC
RCN14672,ERR14391543,GRC1
RCN14672,ERR14391544,GRC2
RCN14672,ERR14391545,SPEC
RCN14673,ERR14391546,GRC1
RCN14673,ERR14391547,GRC2
RCN14673,ERR14391548,SPEC
RCN14674,ERR14391549,GRC1
RCN14674,ERR14391550,GRC2
RCN14674,ERR14391551,SPEC
RCN14675,ERR14391552,GRC1
RCN14675,ERR14391553,GRC2
RCN14675,ERR14391554,SPEC
RCN14676,ERR14391555,GRC1
RCN14676,ERR14391556,GRC2
RCN14676,ERR14391557,SPEC
RCN14677,ERR14391558,GRC1
RCN14677,ERR14391559,GRC2
RCN14677,ERR14391560,SPEC
RCN14679,ERR14391561,GRC1
RCN14679,ERR14391562,GRC2
RCN14679,ERR14391563,SPEC
RCN14680,ERR14391564,GRC1
RCN14680,ERR14391565,GRC2
RCN14680,ERR14391566,SPEC
RCN14681,ERR14391567,GRC1
RCN14681,ERR14391568,GRC2
RCN14681,ERR14391569,SPEC
RCN14682,ERR14391570,GRC1
RCN14682,ERR14391571,GRC2
RCN14682,ERR14391572,SPEC
RCN14683,ERR14391573,GRC1
RCN14683,ERR14391574,GRC2
RCN14683,ERR14391575,SPEC
RCN14684,ERR14391576,GRC1
RCN14684,ERR14391577,GRC2
RCN14684,ERR14391578,SPEC
RCN14685,ERR14391579,GRC1
RCN14685,ERR14391580,GRC2
RCN14685,ERR14391581,SPEC
RCN14686,ERR14391582,GRC1
RCN14686,ERR14391583,GRC2
RCN14686,ERR14391584,SPEC
RCN14687,ERR14391585,GRC1
RCN14687,ERR14391586,GRC2
RCN14687,ERR14391587,SPEC
RCN14688,ERR14391588,GRC1
RCN14688,ERR14391589,GRC2
RCN14688,ERR14391590,SPEC
RCN14689,ERR14391591,GRC1
RCN14689,ERR14391592,GRC2
RCN14689,ERR14391593,SPEC
RCN14691,ERR14391594,GRC1
RCN14691,ERR14391595,GRC2
RCN14691,ERR14391596,SPEC
RCN14692,ERR14391597,GRC1
RCN14692,ERR14391598,GRC2
RCN14692,ERR14391599,SPEC
RCN14693,ERR14391600,GRC1
RCN14693,ERR14391601,GRC2
RCN14693,ERR14391602,SPEC
RCN14694,ERR14391603,GRC1
RCN14694,ERR14391604,GRC2
RCN14694,ERR14391605,SPEC
RCN14695,ERR14391606,GRC1
RCN14695,ERR14391607,GRC2
RCN14695,ERR14391608,SPEC
RCN14696,ERR14391609,GRC1
RCN14696,ERR14391610,GRC2
RCN14696,ERR14391611,SPEC
RCN14697,ERR14391612,GRC1
RCN14697,ERR14391613,GRC2
RCN14697,ERR14391614,SPEC
RCN14698,ERR14391615,GRC1
RCN14698,ERR14391616,GRC2
RCN14698,ERR14391617,SPEC
RCN14699,ERR14391618,GRC1
RCN14699,ERR14391619,GRC2
RCN14699,ERR14391620,SPEC
RCN14700,ERR14391621,GRC1
RCN14700,ERR14391622,GRC2
RCN14700,ERR14391623,SPEC
RCN14701,ERR14391624,GRC1
RCN14701,ERR14391625,GRC2
RCN14701,ERR14391626,SPEC
RCN14702,ERR14391627,GRC1
RCN14702,ERR14391628,GRC2
RCN14702,ERR14391629,SPEC
RCN14703,ERR14391630,GRC1
RCN14703,ERR14391631,GRC2
RCN14703,ERR14391632,SPEC
RCN14704,ERR14391633,GRC1
RCN14704,ERR14391634,GRC2
RCN14704,ERR14391635,SPEC
RCN14705,ERR14391636,GRC1
RCN14705,ERR14391637,GRC2
RCN14705,ERR14391638,SPEC
RCN14706,ERR14391639,GRC1
RCN14706,ERR14391640,GRC2
RCN14706,ERR14391641,SPEC
RCN14707,ERR14391642,GRC1
RCN14707,ERR14391643,GRC2
RCN14707,ERR14391644,SPEC
RCN14708,ERR14391645,GRC1
RCN14708,ERR14391646,GRC2
RCN14708,ERR14391647,SPEC
RCN14709,ERR14391648,GRC1
RCN14709,ERR14391649,GRC2
RCN14709,ERR14391650,SPEC
RCN14710,ERR14391651,GRC1
RCN14710,ERR14391652,GRC2
RCN14710,ERR14391653,SPEC
RCN14711,ERR14391654,GRC1
RCN14711,ERR14391655,GRC2
RCN14711,ERR14391656,SPEC
RCN14712,ERR14391657,GRC1
RCN14712,ERR14391658,GRC2
RCN14712,ERR14391659,SPEC
RCN14713,ERR14391660,GRC1
RCN14713,ERR14391661,GRC2
RCN14713,ERR14391662,SPEC
RCN14714,ERR14391663,GRC1
RCN14714,ERR14391664,GRC2
RCN14714,ERR14391665,SPEC
RCN14715,ERR14391666,GRC1
RCN14715,ERR14391667,GRC2
RCN14715,ERR14391668,SPEC
RCN14716,ERR14391669,GRC1
RCN14716,ERR14391670,GRC2
RCN14716,ERR14391671,SPEC
RCN14717,ERR14391672,GRC1
RCN14717,ERR14391673,GRC2
RCN14717,ERR14391674,SPEC
RCN14718,ERR14391675,GRC1
RCN14718,ERR14391676,GRC2
RCN14718,ERR14391677,SPEC
RCN14719,ERR14391678,GRC1
RCN14719,ERR14391679,GRC2
RCN14719,ERR14391680,SPEC
RCN14720,ERR14391681,GRC1
RCN14720,ERR14391682,GRC2
RCN14720,ERR14391683,SPEC
RCN14721,ERR14391684,GRC1
RCN14721,ERR14391685,GRC2
RCN14721,ERR14391686,SPEC
RCN14722,ERR14391687,GRC1
RCN14722,ERR14391688,GRC2
RCN14722,ERR14391689,SPEC
RCN14723,ERR14391690,GRC1
RCN14723,ERR14391691,GRC2
RCN14723,ERR14391692,SPEC
RCN14724,ERR14391693,GRC1
RCN14724,ERR14391694,GRC2
RCN14724,ERR14391695,SPEC
RCN14725,ERR14391696,GRC1
RCN14725,ERR14391697,GRC2
RCN14725,ERR14391698,SPEC
RCN14726,ERR14391699,GRC1
RCN14726,ERR14391700,GRC2
RCN14726,ERR14391701,SPEC
RCN14727,ERR14391702,GRC1
RCN14727,ERR14391703,GRC2
RCN14727,ERR14391704,SPEC
RCN14728,ERR14391705,GRC1
RCN14728,ERR14391706,GRC2
RCN14728,ERR14391707,SPEC
RCN14729,ERR14391708,GRC1
RCN14729,ERR14391709,GRC2
RCN14729,ERR14391710,SPEC
RCN14730,ERR14391711,GRC1
RCN14730,ERR14391712,GRC2
RCN14730,ERR14391713,SPEC
RCN14731,ERR14391714,GRC1
RCN14731,ERR14391715,GRC2
RCN14731,ERR14391716,SPEC
RCN14732,ERR14391717,GRC1
RCN14732,ERR14391718,GRC2
RCN14732,ERR14391719,SPEC
RCN14733,ERR14391720,GRC1
RCN14733,ERR14391721,GRC2
RCN14733,ERR14391722,SPEC
RCN14734,ERR14391723,GRC1
RCN14734,ERR14391724,GRC2
RCN14734,ERR14391725,SPEC
RCN14735,ERR14391726,GRC1
RCN14735,ERR14391727,GRC2
RCN14735,ERR14391728,SPEC
RCN14736,ERR14391729,GRC1
RCN14736,ERR14391730,GRC2
RCN14736,ERR14391731,SPEC
RCN14737,ERR14391732,GRC1
RCN14737,ERR14391733,GRC2
RCN14737,ERR14391734,SPEC
RCN14738,ERR14391735,GRC1
RCN14738,ERR14391736,GRC2
RCN14738,ERR14391737,SPEC
RCN14739,ERR14391738,GRC1
RCN14739,ERR14391739,GRC2
RCN14739,ERR14391740,SPEC
RCN14740,ERR14391741,GRC1
RCN14740,ERR14391742,GRC2
RCN14740,ERR14391743,SPEC
RCN14741,ERR14391744,GRC1
RCN14741,ERR14391745,GRC2
RCN14741,ERR14391746,SPEC
RCN14743,ERR14391747,GRC1
RCN14743,ERR14391748,GRC2
RCN14743,ERR14391749,SPEC
RCN14744,ERR14391750,GRC1
RCN14744,ERR14391751,GRC2
RCN14744,ERR14391752,SPEC
RCN14746,ERR14391753,GRC1
RCN14746,ERR14391754,GRC2
RCN14746,ERR14391755,SPEC
RCN14748,ERR14391756,GRC1
RCN14748,ERR14391757,GRC2
RCN14748,ERR14391758,SPEC
RCN14750,ERR14391759,GRC1
RCN14750,ERR14391760,GRC2
RCN14750,ERR14391761,SPEC
RCN14751,ERR14391762,GRC1
RCN14751,ERR14391763,GRC2
RCN14751,ERR14391764,SPEC
RCN14752,ERR14391765,GRC1
RCN14752,ERR14391766,GRC2
RCN14752,ERR14391767,SPEC
RCN14753,ERR14391768,GRC1
RCN14753,ERR14391769,GRC2
RCN14753,ERR14391770,SPEC
RCN14754,ERR14391771,GRC1
RCN14754,ERR14391772,GRC2
RCN14754,ERR14391773,SPEC
RCN14755,ERR14391774,GRC1
RCN14755,ERR14391775,GRC2
RCN14755,ERR14391776,SPEC
RCN14756,ERR14391777,GRC1
RCN14756,ERR14391778,GRC2
RCN14756,ERR14391779,SPEC
RCN14757,ERR14391780,GRC1
RCN14757,ERR14391781,GRC2
RCN14757,ERR14391782,SPEC
RCN14758,ERR14391783,GRC1
RCN14758,ERR14391784,GRC2
RCN14758,ERR14391785,SPEC
RCN14759,ERR14391786,GRC1
RCN14759,ERR14391787,GRC2
RCN14759,ERR14391788,SPEC
RCN14760,ERR14391789,GRC1
RCN14760,ERR14391790,GRC2
RCN14760,ERR14391791,SPEC
RCN14761,ERR14391792,GRC1
RCN14761,ERR14391793,GRC2
RCN14761,ERR14391794,SPEC
RCN14762,ERR14391795,GRC1
RCN14762,ERR14391796,GRC2
RCN14762,ERR14391797,SPEC
RCN14763,ERR14391798,GRC1
RCN14763,ERR14391799,GRC2
RCN14763,ERR14391800,SPEC
RCN14764,ERR14391801,GRC1
RCN14764,ERR14391802,GRC2
RCN14764,ERR14391803,SPEC
RCN14765,ERR14391804,GRC1
RCN14765,ERR14391805,GRC2
RCN14765,ERR14391806,SPEC
RCN14766,ERR14391807,GRC1
RCN14766,ERR14391808,GRC2
RCN14766,ERR14391809,SPEC
RCN14767,ERR14391810,GRC1
RCN14767,ERR14391811,GRC2
RCN14767,ERR14391812,SPEC
RCN14768,ERR14391813,GRC1
RCN14768,ERR14391814,GRC2
RCN14768,ERR14391815,SPEC
RCN14769,ERR14391816,GRC1
RCN14769,ERR14391817,GRC2
RCN14769,ERR14391818,SPEC
RCN14770,ERR14391819,GRC1
RCN14770,ERR14391820,GRC2
RCN14770,ERR14391821,SPEC
RCN14771,ERR14391822,GRC1
RCN14771,ERR14391823,GRC2
RCN14771,ERR14391824,SPEC
RCN14772,ERR14391825,GRC1
RCN14772,ERR14391826,GRC2
RCN14772,ERR14391827,SPEC
RCN14773,ERR14391828,GRC1
RCN14773,ERR14391829,GRC2
RCN14773,ERR14391830,SPEC
RCN14774,ERR14391831,GRC1
RCN14774,ERR14391832,GRC2
RCN14774,ERR14391833,SPEC
RCN14775,ERR14391834,GRC1
RCN14775,ERR14391835,GRC2
RCN14775,ERR14391836,SPEC
RCN14776,ERR14391837,GRC1
RCN14776,ERR14391838,GRC2
RCN14776,ERR14391839,SPEC
RCN14777,ERR14391840,GRC1
RCN14777,ERR14391841,GRC2
RCN14777,ERR14391842,SPEC
RCN14780,ERR14391843,GRC1
RCN14780,ERR14391844,GRC2
RCN14780,ERR14391845,SPEC
RCN14781,ERR14391846,GRC1
RCN14781,ERR14391847,GRC2
RCN14781,ERR14391848,SPEC
RCN14782,ERR14391849,GRC1
RCN14782,ERR14391850,GRC2
RCN14782,ERR14391851,SPEC
RCN14785,ERR14391852,GRC1
RCN14785,ERR14391853,GRC2
RCN14785,ERR14391854,SPEC
RCN14787,ERR14391855,GRC1
RCN14787,ERR14391856,GRC2
RCN14787,ERR14391857,SPEC
RCN14788,ERR14391858,GRC1
RCN14788,ERR14391859,GRC2
RCN14788,ERR14391860,SPEC
RCN14789,ERR14391861,GRC1
RCN14789,ERR14391862,GRC2
RCN14789,ERR14391863,SPEC
RCN14790,ERR14391864,GRC1
RCN14790,ERR14391865,GRC2
RCN14790,ERR14391866,SPEC
RCN14791,ERR14391867,GRC1
RCN14791,ERR14391868,GRC2
RCN14791,ERR14391869,SPEC
RCN14792,ERR14391870,GRC1
RCN14792,ERR14391871,GRC2
RCN14792,ERR14391872,SPEC
RCN14793,ERR14391873,GRC1
RCN14793,ERR14391874,GRC2
RCN14793,ERR14391875,SPEC
RCN14794,ERR14391876,GRC1
RCN14794,ERR14391877,GRC2
RCN14794,ERR14391878,SPEC
RCN14795,ERR14391879,GRC1
RCN14795,ERR14391880,GRC2
RCN14795,ERR14391881,SPEC
RCN14796,ERR14391882,GRC1
RCN14796,ERR14391883,GRC2
RCN14796,ERR14391884,SPEC
RCN14797,ERR14391885,GRC1
RCN14797,ERR14391886,GRC2
RCN14797,ERR14391887,SPEC
RCN14798,ERR14391888,GRC1
RCN14798,ERR14391889,GRC2
RCN14798,ERR14391890,SPEC
RCN14799,ERR14391891,GRC1
RCN14799,ERR14391892,GRC2
RCN14799,ERR14391893,SPEC
RCN14800,ERR14391894,GRC1
RCN14800,ERR14391895,GRC2
RCN14800,ERR14391896,SPEC
RCN14801,ERR14391897,GRC1
RCN14801,ERR14391898,GRC2
RCN14801,ERR14391899,SPEC
RCN14802,ERR14391900,GRC1
RCN14802,ERR14391901,GRC2
RCN14802,ERR14391902,SPEC
RCN14803,ERR14391903,GRC1
RCN14803,ERR14391904,GRC2
RCN14803,ERR14391905,SPEC
RCN14804,ERR14391906,GRC1
RCN14804,ERR14391907,GRC2
RCN14804,ERR14391908,SPEC
RCN14805,ERR14391909,GRC1
RCN14805,ERR14391910,GRC2
RCN14805,ERR14391911,SPEC
RCN14806,ERR14391912,GRC1
RCN14806,ERR14391913,GRC2
RCN14806,ERR14391914,SPEC
RCN14807,ERR14391915,GRC1
RCN14807,ERR14391916,GRC2
RCN14807,ERR14391917,SPEC
RCN14808,ERR14391918,GRC1
RCN14808,ERR14391919,GRC2
RCN14808,ERR14391920,SPEC
RCN14809,ERR14391921,GRC1
RCN14809,ERR14391922,GRC2
RCN14809,ERR14391923,SPEC
RCN14810,ERR14391924,GRC1
RCN14810,ERR14391925,GRC2
RCN14810,ERR14391926,SPEC
RCN14811,ERR14391927,GRC1
RCN14811,ERR14391928,GRC2
RCN14811,ERR14391929,SPEC
RCN14812,ERR14391930,GRC1
RCN14812,ERR14391931,GRC2
RCN14812,ERR14391932,SPEC
RCN14813,ERR14391933,GRC1
RCN14813,ERR14391934,GRC2
RCN14813,ERR14391935,SPEC
RCN14814,ERR14391936,GRC1
RCN14814,ERR14391937,GRC2
RCN14814,ERR14391938,SPEC
RCN14815,ERR14391939,GRC1
RCN14815,ERR14391940,GRC2
RCN14815,ERR14391941,SPEC
RCN14816,ERR14391942,GRC1
RCN14816,ERR14391943,GRC2
RCN14816,ERR14391944,SPEC
RCN14817,ERR14391945,GRC1
RCN14817,ERR14391946,GRC2
RCN14817,ERR14391947,SPEC
RCN14818,ERR14391948,GRC1
RCN14818,ERR14391949,GRC2
RCN14818,ERR14391950,SPEC
RCN14819,ERR14391951,GRC1
RCN14819,ERR14391952,GRC2
RCN14819,ERR14391953,SPEC
RCN14821,ERR14391954,GRC1
RCN14821,ERR14391955,GRC2
RCN14821,ERR14391956,SPEC
RCN14822,ERR14391957,GRC1
RCN14822,ERR14391958,GRC2
RCN14822,ERR14391959,SPEC
RCN14823,ERR14391960,GRC1
RCN14823,ERR14391961,GRC2
RCN14823,ERR14391962,SPEC
RCN14824,ERR14391963,GRC1
RCN14824,ERR14391964,GRC2
RCN14824,ERR14391965,SPEC
RCN14825,ERR14391966,GRC1
RCN14825,ERR14391967,GRC2
RCN14825,ERR14391968,SPEC
RCN14826,ERR14391969,GRC1
RCN14826,ERR14391970,GRC2
RCN14826,ERR14391971,SPEC
RCN14827,ERR14391972,GRC1
RCN14827,ERR14391973,GRC2
RCN14827,ERR14391974,SPEC
RCN14828,ERR14391975,GRC1
RCN14828,ERR14391976,GRC2
RCN14828,ERR14391977,SPEC
RCN14829,ERR14391978,GRC1
RCN14829,ERR14391979,GRC2
RCN14829,ERR14391980,SPEC
RCN14830,ERR14391981,GRC1
RCN14830,ERR14391982,GRC2
RCN14830,ERR14391983,SPEC
RCN14831,ERR14391984,GRC1
RCN14831,ERR14391985,GRC2
RCN14831,ERR14391986,SPEC
RCN14832,ERR14391987,GRC1
RCN14832,ERR14391988,GRC2
RCN14832,ERR14391989,SPEC
RCN14833,ERR14391990,GRC1
RCN14833,ERR14391991,GRC2
RCN14833,ERR14391992,SPEC
RCN14834,ERR14391993,GRC1
RCN14834,ERR14391994,GRC2
RCN14834,ERR14391995,SPEC
RCN14835,ERR14391996,GRC1
RCN14835,ERR14391997,GRC2
RCN14835,ERR14391998,SPEC
RCN14837,ERR14391999,GRC1
RCN14837,ERR14392000,GRC2
RCN14837,ERR14392001,SPEC
RCN14838,ERR14392002,GRC1
RCN14838,ERR14392003,GRC2
RCN14838,ERR14392004,SPEC
RCN14839,ERR14392005,GRC1
RCN14839,ERR14392006,GRC2
RCN14839,ERR14392007,SPEC
RCN14840,ERR14392008,GRC1
RCN14840,ERR14392009,GRC2
RCN14840,ERR14392010,SPEC
RCN14841,ERR14392011,GRC1
RCN14841,ERR14392012,GRC2
RCN14841,ERR14392013,SPEC
RCN14842,ERR14392014,GRC1
RCN14842,ERR14392015,GRC2
RCN14842,ERR14392016,SPEC
RCN14843,ERR14392017,GRC1
RCN14843,ERR14392018,GRC2
RCN14843,ERR14392019,SPEC
RCN14844,ERR14392020,GRC1
RCN14844,ERR14392021,GRC2
RCN14844,ERR14392022,SPEC
RCN14845,ERR14392023,GRC1
RCN14845,ERR14392024,GRC2
RCN14845,ERR14392025,SPEC
RCN14846,ERR14392026,GRC1
RCN14846,ERR14392027,GRC2
RCN14846,ERR14392028,SPEC
RCN14847,ERR14392029,GRC1
RCN14847,ERR14392030,GRC2
RCN14847,ERR14392031,SPEC
RCN14848,ERR14392032,GRC1
RCN14848,ERR14392033,GRC2
RCN14848,ERR14392034,SPEC
RCN14849,ERR14392035,GRC1
RCN14849,ERR14392036,GRC2
RCN14849,ERR14392037,SPEC
RCN14850,ERR14392038,GRC1
RCN14850,ERR14392039,GRC2
RCN14850,ERR14392040,SPEC
RCN14851,ERR14392041,GRC1
RCN14851,ERR14392042,GRC2
RCN14851,ERR14392043,SPEC
RCN14852,ERR14392044,GRC1
RCN14852,ERR14392045,GRC2
RCN14852,ERR14392046,SPEC
RCN14853,ERR14392047,GRC1
RCN14853,ERR14392048,GRC2
RCN14853,ERR14392049,SPEC
RCN14903,ERR14392050,GRC1
RCN14903,ERR14392051,GRC2
RCN14903,ERR14392052,SPEC
RCN14904,ERR14392053,GRC1
RCN14904,ERR14392054,GRC2
RCN14904,ERR14392055,SPEC
RCN14906,ERR14392056,GRC1
RCN14906,ERR14392057,GRC2
RCN14906,ERR14392058,SPEC
RCN14909,ERR14392059,GRC1
RCN14909,ERR14392060,GRC2
RCN14909,ERR14392061,SPEC
RCN14910,ERR14392062,GRC1
RCN14910,ERR14392063,GRC2
RCN14910,ERR14392064,SPEC
RCN14912,ERR14392065,GRC1
RCN14912,ERR14392066,GRC2
RCN14912,ERR14392067,SPEC
RCN14913,ERR14392068,GRC1
RCN14913,ERR14392069,GRC2
RCN14913,ERR14392070,SPEC
RCN14914,ERR14392071,GRC1
RCN14914,ERR14392072,GRC2
RCN14914,ERR14392073,SPEC
RCN14915,ERR14392074,GRC1
RCN14915,ERR14392075,GRC2
RCN14915,ERR14392076,SPEC
RCN14916,ERR14392077,GRC1
RCN14916,ERR14392078,GRC2
RCN14916,ERR14392079,SPEC
RCN14917,ERR14392080,GRC1
RCN14917,ERR14392081,GRC2
RCN14917,ERR14392082,SPEC
RCN14918,ERR14392083,GRC1
RCN14918,ERR14392084,GRC2
RCN14918,ERR14392085,SPEC
RCN14919,ERR14392086,GRC1
RCN14919,ERR14392087,GRC2
RCN14919,ERR14392088,SPEC
RCN14920,ERR14392089,GRC1
RCN14920,ERR14392090,GRC2
RCN14920,ERR14392091,SPEC
RCN14921,ERR14392092,GRC1
RCN14921,ERR14392093,GRC2
RCN14921,ERR14392094,SPEC
RCN14923,ERR14392095,GRC1
RCN14923,ERR14392096,GRC2
RCN14923,ERR14392097,SPEC
RCN14924,ERR14392098,GRC1
RCN14924,ERR14392099,GRC2
RCN14924,ERR14392100,SPEC
RCN14925,ERR14392101,GRC1
RCN14925,ERR14392102,GRC2
RCN14925,ERR14392103,SPEC
RCN14926,ERR14392104,GRC1
RCN14926,ERR14392105,GRC2
RCN14926,ERR14392106,SPEC
RCN14927,ERR14392107,GRC1
RCN14927,ERR14392108,GRC2
RCN14927,ERR14392109,SPEC
RCN14928,ERR14392110,GRC1
RCN14928,ERR14392111,GRC2
RCN14928,ERR14392112,SPEC
RCN14929,ERR14392113,GRC1
RCN14929,ERR14392114,GRC2
RCN14929,ERR14392115,SPEC
RCN14930,ERR14392116,GRC1
RCN14930,ERR14392117,GRC2
RCN14930,ERR14392118,SPEC
RCN14932,ERR14392119,GRC1
RCN14932,ERR14392120,GRC2
RCN14932,ERR14392121,SPEC
RCN14933,ERR14392122,GRC1
RCN14933,ERR14392123,GRC2
RCN14933,ERR14392124,SPEC
RCN14934,ERR14392125,GRC1
RCN14934,ERR14392126,GRC2
RCN14934,ERR14392127,SPEC
RCN14935,ERR14392128,GRC1
RCN14935,ERR14392129,GRC2
RCN14935,ERR14392130,SPEC
RCN14936,ERR14392131,GRC1
RCN14936,ERR14392132,GRC2
RCN14936,ERR14392133,SPEC
RCN14937,ERR14392134,GRC1
RCN14937,ERR14392135,GRC2
RCN14937,ERR14392136,SPEC
RCN14938,ERR14392137,GRC1
RCN14938,ERR14392138,GRC2
RCN14938,ERR14392139,SPEC
RCN14939,ERR14392140,GRC1
RCN14939,ERR14392141,GRC2
RCN14939,ERR14392142,SPEC
RCN14940,ERR14392143,GRC1
RCN14940,ERR14392144,GRC2
RCN14940,ERR14392145,SPEC
RCN14941,ERR14392146,GRC1
RCN14941,ERR14392147,GRC2
RCN14941,ERR14392148,SPEC
RCN14942,ERR14392149,GRC1
RCN14942,ERR14392150,GRC2
RCN14942,ERR14392151,SPEC
RCN14943,ERR14392152,GRC1
RCN14943,ERR14392153,GRC2
RCN14943,ERR14392154,SPEC
RCN14944,ERR14392155,GRC1
RCN14944,ERR14392156,GRC2
RCN14944,ERR14392157,SPEC
RCN14945,ERR14392158,GRC1
RCN14945,ERR14392159,GRC2
RCN14945,ERR14392160,SPEC
RCN14946,ERR14392161,GRC1
RCN14946,ERR14392162,GRC2
RCN14946,ERR14392163,SPEC
RCN14948,ERR14392164,GRC1
RCN14948,ERR14392165,GRC2
RCN14948,ERR14392166,SPEC
RCN14949,ERR14392167,GRC1
RCN14949,ERR14392168,GRC2
RCN14949,ERR14392169,SPEC
RCN14950,ERR14392170,GRC1
RCN14950,ERR14392171,GRC2
RCN14950,ERR14392172,SPEC
RCN14951,ERR14392173,GRC1
RCN14951,ERR14392174,GRC2
RCN14951,ERR14392175,SPEC
RCN14952,ERR14392176,GRC1
RCN14952,ERR14392177,GRC2
RCN14952,ERR14392178,SPEC
RCN14953,ERR14392179,GRC1
RCN14953,ERR14392180,GRC2
RCN14953,ERR14392181,SPEC
RCN14954,ERR14392182,GRC1
RCN14954,ERR14392183,GRC2
RCN14954,ERR14392184,SPEC
RCN14955,ERR14392185,GRC1
RCN14955,ERR14392186,GRC2
RCN14955,ERR14392187,SPEC
RCN14957,ERR14392188,GRC1
RCN14957,ERR14392189,GRC2
RCN14957,ERR14392190,SPEC
RCN14958,ERR14392191,GRC1
RCN14958,ERR14392192,GRC2
RCN14958,ERR14392193,SPEC
RCN14959,ERR14392194,GRC1
RCN14959,ERR14392195,GRC2
RCN14959,ERR14392196,SPEC
RCN14965,ERR14392197,GRC1
RCN14965,ERR14392198,GRC2
RCN14965,ERR14392199,SPEC
RCN14966,ERR14392200,GRC1
RCN14966,ERR14392201,GRC2
RCN14966,ERR14392202,SPEC
RCN14967,ERR14392203,GRC1
RCN14967,ERR14392204,GRC2
RCN14967,ERR14392205,SPEC
RCN14969,ERR14392206,GRC1
RCN14969,ERR14392207,GRC2
RCN14969,ERR14392208,SPEC
RCN14970,ERR14392209,GRC1
RCN14970,ERR14392210,GRC2
RCN14970,ERR14392211,SPEC
RCN14971,ERR14392212,GRC1
RCN14971,ERR14392213,GRC2
RCN14971,ERR14392214,SPEC
RCN14973,ERR14392215,GRC1
RCN14973,ERR14392216,GRC2
RCN14973,ERR14392217,SPEC
RCN14974,ERR14392218,GRC1
RCN14974,ERR14392219,GRC2
RCN14974,ERR14392220,SPEC
RCN14975,ERR14392221,GRC1
RCN14975,ERR14392222,GRC2
RCN14975,ERR14392223,SPEC
RCN14976,ERR14392224,GRC1
RCN14976,ERR14392225,GRC2
RCN14976,ERR14392226,SPEC
RCN14978,ERR14392227,GRC1
RCN14978,ERR14392228,GRC2
RCN14978,ERR14392229,SPEC
RCN14979,ERR14392230,GRC1
RCN14979,ERR14392231,GRC2
RCN14979,ERR14392232,SPEC
RCN14981,ERR14392233,GRC1
RCN14981,ERR14392234,GRC2
RCN14981,ERR14392235,SPEC
RCN14982,ERR14392236,GRC1
RCN14982,ERR14392237,GRC2
RCN14982,ERR14392238,SPEC
RCN14983,ERR14392239,GRC1
RCN14983,ERR14392240,GRC2
RCN14983,ERR14392241,SPEC
RCN14987,ERR14392242,GRC1
RCN14987,ERR14392243,GRC2
RCN14987,ERR14392244,SPEC
RCN14988,ERR14392245,GRC1
RCN14988,ERR14392246,GRC2
RCN14988,ERR14392247,SPEC
RCN14989,ERR14392248,GRC1
RCN14989,ERR14392249,GRC2
RCN14989,ERR14392250,SPEC
RCN14990,ERR14392251,GRC1
RCN14990,ERR14392252,GRC2
RCN14990,ERR14392253,SPEC
RCN14991,ERR14392254,GRC1
RCN14991,ERR14392255,GRC2
RCN14991,ERR14392256,SPEC
RCN14992,ERR14392257,GRC1
RCN14992,ERR14392258,GRC2
RCN14992,ERR14392259,SPEC
RCN14994,ERR14392260,GRC1
RCN14994,ERR14392261,GRC2
RCN14994,ERR14392262,SPEC
RCN14995,ERR14392263,GRC1
RCN14995,ERR14392264,GRC2
RCN14995,ERR14392265,SPEC
RCN14996,ERR14392266,GRC1
RCN14996,ERR14392267,GRC2
RCN14996,ERR14392268,SPEC
RCN14997,ERR14392269,GRC1
RCN14997,ERR14392270,GRC2
RCN14997,ERR14392271,SPEC
RCN14998,ERR14392272,GRC1
RCN14998,ERR14392273,GRC2
RCN14998,ERR14392274,SPEC
RCN14999,ERR14392275,GRC1
RCN14999,ERR14392276,GRC2
RCN14999,ERR14392277,SPEC
RCN15000,ERR14392278,GRC1
RCN15000,ERR14392279,GRC2
RCN15000,ERR14392280,SPEC
RCN15001,ERR14392281,GRC1
RCN15001,ERR14392282,GRC2
RCN15001,ERR14392283,SPEC
RCN15002,ERR14392284,GRC1
RCN15002,ERR14392285,GRC2
RCN15002,ERR14392286,SPEC
RCN15003,ERR14392287,GRC1
RCN15003,ERR14392288,GRC2
RCN15003,ERR14392289,SPEC
RCN15004,ERR14392290,GRC1
RCN15004,ERR14392291,GRC2
RCN15004,ERR14392292,SPEC
RCN15005,ERR14392293,GRC1
RCN15005,ERR14392294,GRC2
RCN15005,ERR14392295,SPEC
RCN15006,ERR14392296,GRC1
RCN15006,ERR14392297,GRC2
RCN15006,ERR14392298,SPEC
RCN15007,ERR14392299,GRC1
RCN15007,ERR14392300,GRC2
RCN15007,ERR14392301,SPEC
RCN15008,ERR14392302,GRC1
RCN15008,ERR14392303,GRC2
RCN15008,ERR14392304,SPEC
RCN15009,ERR14392305,GRC1
RCN15009,ERR14392306,GRC2
RCN15009,ERR14392307,SPEC
RCN15010,ERR14392308,GRC1
RCN15010,ERR14392309,GRC2
RCN15010,ERR14392310,SPEC
RCN15011,ERR14392311,GRC1
RCN15011,ERR14392312,GRC2
RCN15011,ERR14392313,SPEC
RCN15012,ERR14392314,GRC1
RCN15012,ERR14392315,GRC2
RCN15012,ERR14392316,SPEC
RCN15013,ERR14392317,GRC1
RCN15013,ERR14392318,GRC2
RCN15013,ERR14392319,SPEC
RCN15014,ERR14392320,GRC1
RCN15014,ERR14392321,GRC2
RCN15014,ERR14392322,SPEC
RCN15015,ERR14392323,GRC1
RCN15015,ERR14392324,GRC2
RCN15015,ERR14392325,SPEC
RCN15016,ERR14392326,GRC1
RCN15016,ERR14392327,GRC2
RCN15016,ERR14392328,SPEC
RCN15017,ERR14392329,GRC1
RCN15017,ERR14392330,GRC2
RCN15017,ERR14392331,SPEC
RCN15018,ERR14392332,GRC1
RCN15018,ERR14392333,GRC2
RCN15018,ERR14392334,SPEC
RCN15019,ERR14392335,GRC1
RCN15019,ERR14392336,GRC2
RCN15019,ERR14392337,SPEC
RCN15020,ERR14392338,GRC1
RCN15020,ERR14392339,GRC2
RCN15020,ERR14392340,SPEC
RCN15021,ERR14392341,GRC1
RCN15021,ERR14392342,GRC2
RCN15021,ERR14392343,SPEC
RCN15023,ERR14392344,GRC1
RCN15023,ERR14392345,GRC2
RCN15023,ERR14392346,SPEC
RCN15025,ERR14392347,GRC1
RCN15025,ERR14392348,GRC2
RCN15025,ERR14392349,SPEC
RCN15027,ERR14392350,GRC1
RCN15027,ERR14392351,GRC2
RCN15027,ERR14392352,SPEC
RCN15028,ERR14392353,GRC1
RCN15028,ERR14392354,GRC2
RCN15028,ERR14392355,SPEC
RCN15029,ERR14392356,GRC1
RCN15029,ERR14392357,GRC2
RCN15029,ERR14392358,SPEC
RCN15030,ERR14392359,GRC1
RCN15030,ERR14392360,GRC2
RCN15030,ERR14392361,SPEC
RCN15031,ERR14392362,GRC1
RCN15031,ERR14392363,GRC2
RCN15031,ERR14392364,SPEC
RCN15032,ERR14392365,GRC1
RCN15032,ERR14392366,GRC2
RCN15032,ERR14392367,SPEC
RCN15033,ERR14392368,GRC1
RCN15033,ERR14392369,GRC2
RCN15033,ERR14392370,SPEC
RCN15034,ERR14392371,GRC1
RCN15034,ERR14392372,GRC2
RCN15034,ERR14392373,SPEC
RCN15035,ERR14392374,GRC1
RCN15035,ERR14392375,GRC2
RCN15035,ERR14392376,SPEC
RCN15036,ERR14392377,GRC1
RCN15036,ERR14392378,GRC2
RCN15036,ERR14392379,SPEC
RCN15037,ERR14392380,GRC1
RCN15037,ERR14392381,GRC2
RCN15037,ERR14392382,SPEC
RCN15038,ERR14392383,GRC1
RCN15038,ERR14392384,GRC2
RCN15038,ERR14392385,SPEC
RCN15039,ERR14392386,GRC1
RCN15039,ERR14392387,GRC2
RCN15039,ERR14392388,SPEC
RCN15040,ERR14392389,GRC1
RCN15040,ERR14392390,GRC2
RCN15040,ERR14392391,SPEC
RCN15041,ERR14392392,GRC1
RCN15041,ERR14392393,GRC2
RCN15041,ERR14392394,SPEC
RCN15042,ERR14392395,GRC1
RCN15042,ERR14392396,GRC2
RCN15042,ERR14392397,SPEC
RCN15043,ERR14392398,GRC1
RCN15043,ERR14392399,GRC2
RCN15043,ERR14392400,SPEC
RCN15044,ERR14392401,GRC1
RCN15044,ERR14392402,GRC2
RCN15044,ERR14392403,SPEC
RCN15045,ERR14392404,GRC1
RCN15045,ERR14392405,GRC2
RCN15045,ERR14392406,SPEC
RCN15046,ERR14392407,GRC1
RCN15046,ERR14392408,GRC2
RCN15046,ERR14392409,SPEC
RCN15047,ERR14392410,GRC1
RCN15047,ERR14392411,GRC2
RCN15047,ERR14392412,SPEC
RCN15048,ERR14392413,GRC1
RCN15048,ERR14392414,GRC2
RCN15048,ERR14392415,SPEC
RCN15049,ERR14392416,GRC1
RCN15049,ERR14392417,GRC2
RCN15049,ERR14392418,SPEC
RCN15050,ERR14392419,GRC1
RCN15050,ERR14392420,GRC2
RCN15050,ERR14392421,SPEC
RCN15051,ERR14392422,GRC1
RCN15051,ERR14392423,GRC2
RCN15051,ERR14392424,SPEC
RCN15052,ERR14392425,GRC1
RCN15052,ERR14392426,GRC2
RCN15052,ERR14392427,SPEC
RCN15053,ERR14392428,GRC1
RCN15053,ERR14392429,GRC2
RCN15053,ERR14392430,SPEC
RCN15054,ERR14392431,GRC1
RCN15054,ERR14392432,GRC2
RCN15054,ERR14392433,SPEC
RCN15055,ERR14392434,GRC1
RCN15055,ERR14392435,GRC2
RCN15055,ERR14392436,SPEC
RCN15056,ERR14392437,GRC1
RCN15056,ERR14392438,GRC2
RCN15056,ERR14392439,SPEC
RCN15057,ERR14392440,GRC1
RCN15057,ERR14392441,GRC2
RCN15057,ERR14392442,SPEC
RCN15058,ERR14392443,GRC1
RCN15058,ERR14392444,GRC2
RCN15058,ERR14392445,SPEC
RCN15059,ERR14392446,GRC1
RCN15059,ERR14392447,GRC2
RCN15059,ERR14392448,SPEC
RCN15061,ERR14392449,GRC1
RCN15061,ERR14392450,GRC2
RCN15061,ERR14392451,SPEC
RCN15063,ERR14392452,GRC1
RCN15063,ERR14392453,GRC2
RCN15063,ERR14392454,SPEC
RCN15070,ERR14392455,GRC1
RCN15070,ERR14392456,GRC2
RCN15070,ERR14392457,SPEC
RCN15071,ERR14392458,GRC1
RCN15071,ERR14392459,GRC2
RCN15071,ERR14392460,SPEC
RCN15072,ERR14392461,GRC1
RCN15072,ERR14392462,GRC2
RCN15072,ERR14392463,SPEC
RCN15073,ERR14392464,GRC1
RCN15073,ERR14392465,GRC2
RCN15073,ERR14392466,SPEC
RCN15074,ERR14392467,GRC1
RCN15074,ERR14392468,GRC2
RCN15074,ERR14392469,SPEC
RCN15075,ERR14392470,GRC1
RCN15075,ERR14392471,GRC2
RCN15075,ERR14392472,SPEC
RCN15076,ERR14392473,GRC1
RCN15076,ERR14392474,GRC2
RCN15076,ERR14392475,SPEC
RCN15077,ERR14392476,GRC1
RCN15077,ERR14392477,GRC2
RCN15077,ERR14392478,SPEC
RCN15078,ERR14392479,GRC1
RCN15078,ERR14392480,GRC2
RCN15078,ERR14392481,SPEC
RCN15079,ERR14392482,GRC1
RCN15079,ERR14392483,GRC2
RCN15079,ERR14392484,SPEC
RCN15080,ERR14392485,GRC1
RCN15080,ERR14392486,GRC2
RCN15080,ERR14392487,SPEC
RCN15081,ERR14392488,GRC1
RCN15081,ERR14392489,GRC2
RCN15081,ERR14392490,SPEC
RCN15082,ERR14392491,GRC1
RCN15082,ERR14392492,GRC2
RCN15082,ERR14392493,SPEC
RCN15083,ERR14392494,GRC1
RCN15083,ERR14392495,GRC2
RCN15083,ERR14392496,SPEC
RCN15084,ERR14392497,GRC1
RCN15084,ERR14392498,GRC2
RCN15084,ERR14392499,SPEC
RCN15085,ERR14392500,GRC1
RCN15085,ERR14392501,GRC2
RCN15085,ERR14392502,SPEC
RCN15086,ERR14392503,GRC1
RCN15086,ERR14392504,GRC2
RCN15086,ERR14392505,SPEC
RCN15087,ERR14392506,GRC1
RCN15087,ERR14392507,GRC2
RCN15087,ERR14392508,SPEC
RCN15088,ERR14392509,GRC1
RCN15088,ERR14392510,GRC2
RCN15088,ERR14392511,SPEC
RCN15089,ERR14392512,GRC1
RCN15089,ERR14392513,GRC2
RCN15089,ERR14392514,SPEC
RCN15090,ERR14392515,GRC1
RCN15090,ERR14392516,GRC2
RCN15090,ERR14392517,SPEC
RCN15091,ERR14392518,GRC1
RCN15091,ERR14392519,GRC2
RCN15091,ERR14392520,SPEC
RCN15092,ERR14392521,GRC1
RCN15092,ERR14392522,GRC2
RCN15092,ERR14392523,SPEC
RCN15093,ERR14392524,GRC1
RCN15093,ERR14392525,GRC2
RCN15093,ERR14392526,SPEC
RCN15094,ERR14392527,GRC1
RCN15094,ERR14392528,GRC2
RCN15094,ERR14392529,SPEC
RCN15095,ERR14392530,GRC1
RCN15095,ERR14392531,GRC2
RCN15095,ERR14392532,SPEC
RCN15096,ERR14392533,GRC1
RCN15096,ERR14392534,GRC2
RCN15096,ERR14392535,SPEC
RCN15097,ERR14392536,GRC1
RCN15097,ERR14392537,GRC2
RCN15097,ERR14392538,SPEC
RCN15098,ERR14392539,GRC1
RCN15098,ERR14392540,GRC2
RCN15098,ERR14392541,SPEC
RCN15099,ERR14392542,GRC1
RCN15099,ERR14392543,GRC2
RCN15099,ERR14392544,SPEC
RCN15100,ERR14392545,GRC1
RCN15100,ERR14392546,GRC2
RCN15100,ERR14392547,SPEC
RCN15101,ERR14392548,GRC1
RCN15101,ERR14392549,GRC2
RCN15101,ERR14392550,SPEC
RCN15102,ERR14392551,GRC1
RCN15102,ERR14392552,GRC2
RCN15102,ERR14392553,SPEC
RCN15103,ERR14392554,GRC1
RCN15103,ERR14392555,GRC2
RCN15103,ERR14392556,SPEC
RCN15104,ERR14392557,GRC1
RCN15104,ERR14392558,GRC2
RCN15104,ERR14392559,SPEC
RCN15105,ERR14392560,GRC1
RCN15105,ERR14392561,GRC2
RCN15105,ERR14392562,SPEC
RCN15106,ERR14392563,GRC1
RCN15106,ERR14392564,GRC2
RCN15106,ERR14392565,SPEC
RCN15107,ERR14392566,GRC1
RCN15107,ERR14392567,GRC2
RCN15107,ERR14392568,SPEC
RCN15108,ERR14392569,GRC1
RCN15108,ERR14392570,GRC2
RCN15108,ERR14392571,SPEC
RCN15109,ERR14392572,GRC1
RCN15109,ERR14392573,GRC2
RCN15109,ERR14392574,SPEC
RCN15110,ERR14392575,GRC1
RCN15110,ERR14392576,GRC2
RCN15110,ERR14392577,SPEC
RCN15111,ERR14392578,GRC1
RCN15111,ERR14392579,GRC2
RCN15111,ERR14392580,SPEC
RCN15112,ERR14392581,GRC1
RCN15112,ERR14392582,GRC2
RCN15112,ERR14392583,SPEC
RCN15113,ERR14392584,GRC1
RCN15113,ERR14392585,GRC2
RCN15113,ERR14392586,SPEC
RCN15114,ERR14392587,GRC1
RCN15114,ERR14392588,GRC2
RCN15114,ERR14392589,SPEC
RCN15115,ERR14392590,GRC1
RCN15115,ERR14392591,GRC2
RCN15115,ERR14392592,SPEC
RCN15116,ERR14392593,GRC1
RCN15116,ERR14392594,GRC2
RCN15116,ERR14392595,SPEC
RCN15117,ERR14392596,GRC1
RCN15117,ERR14392597,GRC2
RCN15117,ERR14392598,SPEC
RCN15118,ERR14392599,GRC1
RCN15118,ERR14392600,GRC2
RCN15118,ERR14392601,SPEC
RCN15119,ERR14392602,GRC1
RCN15119,ERR14392603,GRC2
RCN15119,ERR14392604,SPEC
RCN15120,ERR14392605,GRC1
RCN15120,ERR14392606,GRC2
RCN15120,ERR14392607,SPEC
RCN15121,ERR14392608,GRC1
RCN15121,ERR14392609,GRC2
RCN15121,ERR14392610,SPEC
RCN15122,ERR14392611,GRC1
RCN15122,ERR14392612,GRC2
RCN15122,ERR14392613,SPEC
RCN15123,ERR14392614,GRC1
RCN15123,ERR14392615,GRC2
RCN15123,ERR14392616,SPEC
RCN15124,ERR14392617,GRC1
RCN15124,ERR14392618,GRC2
RCN15124,ERR14392619,SPEC
RCN15125,ERR14392620,GRC1
RCN15125,ERR14392621,GRC2
RCN15125,ERR14392622,SPEC
RCN15126,ERR14392623,GRC1
RCN15126,ERR14392624,GRC2
RCN15126,ERR14392625,SPEC
RCN15127,ERR14392626,GRC1
RCN15127,ERR14392627,GRC2
RCN15127,ERR14392628,SPEC
RCN15128,ERR14392629,GRC1
RCN15128,ERR14392630,GRC2
RCN15128,ERR14392631,SPEC
RCN15129,ERR14392632,GRC1
RCN15129,ERR14392633,GRC2
RCN15129,ERR14392634,SPEC
RCN15130,ERR14392635,GRC1
RCN15130,ERR14392636,GRC2
RCN15130,ERR14392637,SPEC
RCN15131,ERR14392638,GRC1
RCN15131,ERR14392639,GRC2
RCN15131,ERR14392640,SPEC
RCN15132,ERR14392641,GRC1
RCN15132,ERR14392642,GRC2
RCN15132,ERR14392643,SPEC
RCN15133,ERR14392644,GRC1
RCN15133,ERR14392645,GRC2
RCN15133,ERR14392646,SPEC
RCN15134,ERR14392647,GRC1
RCN15134,ERR14392648,GRC2
RCN15134,ERR14392649,SPEC
RCN15135,ERR14392650,GRC1
RCN15135,ERR14392651,GRC2
RCN15135,ERR14392652,SPEC
RCN15136,ERR14392653,GRC1
RCN15136,ERR14392654,GRC2
RCN15136,ERR14392655,SPEC
RCN15137,ERR14392656,GRC1
RCN15137,ERR14392657,GRC2
RCN15137,ERR14392658,SPEC
RCN15138,ERR14392659,GRC1
RCN15138,ERR14392660,GRC2
RCN15138,ERR14392661,SPEC
RCN15139,ERR14392662,GRC1
RCN15139,ERR14392663,GRC2
RCN15139,ERR14392664,SPEC
RCN15140,ERR14392665,GRC1
RCN15140,ERR14392666,GRC2
RCN15140,ERR14392667,SPEC
RCN15141,ERR14392668,GRC1
RCN15141,ERR14392669,GRC2
RCN15141,ERR14392670,SPEC
RCN15142,ERR14392671,GRC1
RCN15142,ERR14392672,GRC2
RCN15142,ERR14392673,SPEC
RCN15143,ERR14392674,GRC1
RCN15143,ERR14392675,GRC2
RCN15143,ERR14392676,SPEC
RCN15145,ERR14392677,GRC1
RCN15145,ERR14392678,GRC2
RCN15145,ERR14392679,SPEC
RCN15146,ERR14392680,GRC1
RCN15146,ERR14392681,GRC2
RCN15146,ERR14392682,SPEC
RCN15147,ERR14392683,GRC1
RCN15147,ERR14392684,GRC2
RCN15147,ERR14392685,SPEC
RCN15148,ERR14392686,GRC1
RCN15148,ERR14392687,GRC2
RCN15148,ERR14392688,SPEC
RCN15150,ERR14392689,GRC1
RCN15150,ERR14392690,GRC2
RCN15150,ERR14392691,SPEC
RCN15151,ERR14392692,GRC1
RCN15151,ERR14392693,GRC2
RCN15151,ERR14392694,SPEC
RCN15152,ERR14392695,GRC1
RCN15152,ERR14392696,GRC2
RCN15152,ERR14392697,SPEC
RCN15153,ERR14392698,GRC1
RCN15153,ERR14392699,GRC2
RCN15153,ERR14392700,SPEC
RCN15154,ERR14392701,GRC1
RCN15154,ERR14392702,GRC2
RCN15154,ERR14392703,SPEC
RCN15155,ERR14392704,GRC1
RCN15155,ERR14392705,GRC2
RCN15155,ERR14392706,SPEC
RCN15156,ERR14392707,GRC1
RCN15156,ERR14392708,GRC2
RCN15156,ERR14392709,SPEC
RCN15157,ERR14392710,GRC1
RCN15157,ERR14392711,GRC2
RCN15157,ERR14392712,SPEC
RCN15159,ERR14392713,GRC1
RCN15159,ERR14392714,GRC2
RCN15159,ERR14392715,SPEC
RCN15160,ERR14392716,GRC1
RCN15160,ERR14392717,GRC2
RCN15160,ERR14392718,SPEC
RCN15161,ERR14392719,GRC1
RCN15161,ERR14392720,GRC2
RCN15161,ERR14392721,SPEC
RCN15162,ERR14392722,GRC1
RCN15162,ERR14392723,GRC2
RCN15162,ERR14392724,SPEC
RCN15163,ERR14392725,GRC1
RCN15163,ERR14392726,GRC2
RCN15163,ERR14392727,SPEC
RCN15164,ERR14392728,GRC1
RCN15164,ERR14392729,GRC2
RCN15164,ERR14392730,SPEC
RCN15165,ERR14392731,GRC1
RCN15165,ERR14392732,GRC2
RCN15165,ERR14392733,SPEC
RCN15167,ERR14392734,GRC1
RCN15167,ERR14392735,GRC2
RCN15167,ERR14392736,SPEC
RCN15169,ERR14392737,GRC1
RCN15169,ERR14392738,GRC2
RCN15169,ERR14392739,SPEC
RCN15170,ERR14392740,GRC1
RCN15170,ERR14392741,GRC2
RCN15170,ERR14392742,SPEC
RCN15171,ERR14392743,GRC1
RCN15171,ERR14392744,GRC2
RCN15171,ERR14392745,SPEC
RCN15172,ERR14392746,GRC1
RCN15172,ERR14392747,GRC2
RCN15172,ERR14392748,SPEC
RCN15173,ERR14392749,GRC1
RCN15173,ERR14392750,GRC2
RCN15173,ERR14392751,SPEC
RCN15174,ERR14392752,GRC1
RCN15174,ERR14392753,GRC2
RCN15174,ERR14392754,SPEC
RCN15175,ERR14392755,GRC1
RCN15175,ERR14392756,GRC2
RCN15175,ERR14392757,SPEC
RCN15176,ERR14392758,GRC1
RCN15176,ERR14392759,GRC2
RCN15176,ERR14392760,SPEC
RCN15177,ERR14392761,GRC1
RCN15177,ERR14392762,GRC2
RCN15177,ERR14392763,SPEC
RCN15178,ERR14392764,GRC1
RCN15178,ERR14392765,GRC2
RCN15178,ERR14392766,SPEC
RCN15179,ERR14392767,GRC1
RCN15179,ERR14392768,GRC2
RCN15179,ERR14392769,SPEC
RCN15180,ERR14392770,GRC1
RCN15180,ERR14392771,GRC2
RCN15180,ERR14392772,SPEC
RCN15181,ERR14392773,GRC1
RCN15181,ERR14392774,GRC2
RCN15181,ERR14392775,SPEC
RCN15182,ERR14392776,GRC1
RCN15182,ERR14392777,GRC2
RCN15182,ERR14392778,SPEC
RCN15183,ERR14392779,GRC1
RCN15183,ERR14392780,GRC2
RCN15183,ERR14392781,SPEC
RCN15184,ERR14392782,GRC1
RCN15184,ERR14392783,GRC2
RCN15184,ERR14392784,SPEC
RCN15185,ERR14392785,GRC1
RCN15185,ERR14392786,GRC2
RCN15185,ERR14392787,SPEC
RCN15186,ERR14392788,GRC1
RCN15186,ERR14392789,GRC2
RCN15186,ERR14392790,SPEC
RCN15187,ERR14392791,GRC1
RCN15187,ERR14392792,GRC2
RCN15187,ERR14392793,SPEC
RCN15188,ERR14392794,GRC1
RCN15188,ERR14392795,GRC2
RCN15188,ERR14392796,SPEC
RCN15189,ERR14392797,GRC1
RCN15189,ERR14392798,GRC2
RCN15189,ERR14392799,SPEC
RCN15190,ERR14392800,GRC1
RCN15190,ERR14392801,GRC2
RCN15190,ERR14392802,SPEC
RCN15191,ERR14392803,GRC1
RCN15191,ERR14392804,GRC2
RCN15191,ERR14392805,SPEC
RCN15192,ERR14392806,GRC1
RCN15192,ERR14392807,GRC2
RCN15192,ERR14392808,SPEC
RCN15193,ERR14392809,GRC1
RCN15193,ERR14392810,GRC2
RCN15193,ERR14392811,SPEC
RCN15194,ERR14392812,GRC1
RCN15194,ERR14392813,GRC2
RCN15194,ERR14392814,SPEC
RCN15195,ERR14392815,GRC1
RCN15195,ERR14392816,GRC2
RCN15195,ERR14392817,SPEC
RCN15196,ERR14392818,GRC1
RCN15196,ERR14392819,GRC2
RCN15196,ERR14392820,SPEC
RCN15197,ERR14392821,GRC1
RCN15197,ERR14392822,GRC2
RCN15197,ERR14392823,SPEC
RCN15198,ERR14392824,GRC1
RCN15198,ERR14392825,GRC2
RCN15198,ERR14392826,SPEC
RCN15199,ERR14392827,GRC1
RCN15199,ERR14392828,GRC2
RCN15199,ERR14392829,SPEC
RCN15200,ERR14392830,GRC1
RCN15200,ERR14392831,GRC2
RCN15200,ERR14392832,SPEC
RCN15201,ERR14392833,GRC1
RCN15201,ERR14392834,GRC2
RCN15201,ERR14392835,SPEC
RCN15202,ERR14392836,GRC1
RCN15202,ERR14392837,GRC2
RCN15202,ERR14392838,SPEC
RCN15203,ERR14392839,GRC1
RCN15203,ERR14392840,GRC2
RCN15203,ERR14392841,SPEC
RCN15204,ERR14392842,GRC1
RCN15204,ERR14392843,GRC2
RCN15204,ERR14392844,SPEC
RCN15205,ERR14392845,GRC1
RCN15205,ERR14392846,GRC2
RCN15205,ERR14392847,SPEC
RCN15206,ERR14392848,GRC1
RCN15206,ERR14392849,GRC2
RCN15206,ERR14392850,SPEC
RCN15207,ERR14392851,GRC1
RCN15207,ERR14392852,GRC2
RCN15207,ERR14392853,SPEC
RCN15208,ERR14392854,GRC1
RCN15208,ERR14392855,GRC2
RCN15208,ERR14392856,SPEC
RCN15209,ERR14392857,GRC1
RCN15209,ERR14392858,GRC2
RCN15209,ERR14392859,SPEC
RCN15210,ERR14392860,GRC1
RCN15210,ERR14392861,GRC2
RCN15210,ERR14392862,SPEC
RCN15211,ERR14392863,GRC1
RCN15211,ERR14392864,GRC2
RCN15211,ERR14392865,SPEC
RCN15212,ERR14392866,GRC1
RCN15212,ERR14392867,GRC2
RCN15212,ERR14392868,SPEC
RCN15213,ERR14392869,GRC1
RCN15213,ERR14392870,GRC2
RCN15213,ERR14392871,SPEC
RCN15214,ERR14392872,GRC1
RCN15214,ERR14392873,GRC2
RCN15214,ERR14392874,SPEC
RCN15215,ERR14392875,GRC1
RCN15215,ERR14392876,GRC2
RCN15215,ERR14392877,SPEC
RCN15217,ERR14392878,GRC1
RCN15217,ERR14392879,GRC2
RCN15217,ERR14392880,SPEC
RCN15218,ERR14392881,GRC1
RCN15218,ERR14392882,GRC2
RCN15218,ERR14392883,SPEC
RCN15219,ERR14392884,GRC1
RCN15219,ERR14392885,GRC2
RCN15219,ERR14392886,SPEC
RCN15220,ERR14392887,GRC1
RCN15220,ERR14392888,GRC2
RCN15220,ERR14392889,SPEC
RCN15221,ERR14392890,GRC1
RCN15221,ERR14392891,GRC2
RCN15221,ERR14392892,SPEC
RCN15222,ERR14392893,GRC1
RCN15222,ERR14392894,GRC2
RCN15222,ERR14392895,SPEC
RCN15223,ERR14392896,GRC1
RCN15223,ERR14392897,GRC2
RCN15223,ERR14392898,SPEC
RCN15224,ERR14392899,GRC1
RCN15224,ERR14392900,GRC2
RCN15224,ERR14392901,SPEC
RCN15225,ERR14392902,GRC1
RCN15225,ERR14392903,GRC2
RCN15225,ERR14392904,SPEC
RCN15226,ERR14392905,GRC1
RCN15226,ERR14392906,GRC2
RCN15226,ERR14392907,SPEC
RCN15227,ERR14392908,GRC1
RCN15227,ERR14392909,GRC2
RCN15227,ERR14392910,SPEC
RCN15228,ERR14392911,GRC1
RCN15228,ERR14392912,GRC2
RCN15228,ERR14392913,SPEC
RCN15229,ERR14392914,GRC1
RCN15229,ERR14392915,GRC2
RCN15229,ERR14392916,SPEC
RCN15230,ERR14392917,GRC1
RCN15230,ERR14392918,GRC2
RCN15230,ERR14392919,SPEC
RCN15231,ERR14392920,GRC1
RCN15231,ERR14392921,GRC2
RCN15231,ERR14392922,SPEC
RCN15233,ERR14392923,GRC1
RCN15233,ERR14392924,GRC2
RCN15233,ERR14392925,SPEC
RCN15234,ERR14392926,GRC1
RCN15234,ERR14392927,GRC2
RCN15234,ERR14392928,SPEC
RCN15235,ERR14392929,GRC1
RCN15235,ERR14392930,GRC2
RCN15235,ERR14392931,SPEC
RCN15236,ERR14392932,GRC1
RCN15236,ERR14392933,GRC2
RCN15236,ERR14392934,SPEC
RCN15237,ERR14392935,GRC1
RCN15237,ERR14392936,GRC2
RCN15237,ERR14392937,SPEC
RCN15238,ERR14392938,GRC1
RCN15238,ERR14392939,GRC2
RCN15238,ERR14392940,SPEC
RCN15239,ERR14392941,GRC1
RCN15239,ERR14392942,GRC2
RCN15239,ERR14392943,SPEC
RCN15240,ERR14392944,GRC1
RCN15240,ERR14392945,GRC2
RCN15240,ERR14392946,SPEC
RCN15241,ERR14392947,GRC1
RCN15241,ERR14392948,GRC2
RCN15241,ERR14392949,SPEC
RCN15242,ERR14392950,GRC1
RCN15242,ERR14392951,GRC2
RCN15242,ERR14392952,SPEC
RCN15243,ERR14392953,GRC1
RCN15243,ERR14392954,GRC2
RCN15243,ERR14392955,SPEC
RCN15244,ERR14392956,GRC1
RCN15244,ERR14392957,GRC2
RCN15244,ERR14392958,SPEC
RCN15245,ERR14392959,GRC1
RCN15245,ERR14392960,GRC2
RCN15245,ERR14392961,SPEC
RCN15246,ERR14392962,GRC1
RCN15246,ERR14392963,GRC2
RCN15246,ERR14392964,SPEC
RCN15247,ERR14392965,GRC1
RCN15247,ERR14392966,GRC2
RCN15247,ERR14392967,SPEC
RCN15248,ERR14392968,GRC1
RCN15248,ERR14392969,GRC2
RCN15248,ERR14392970,SPEC
RCN15249,ERR14392971,GRC1
RCN15249,ERR14392972,GRC2
RCN15249,ERR14392973,SPEC
RCN15250,ERR14392974,GRC1
RCN15250,ERR14392975,GRC2
RCN15250,ERR14392976,SPEC
RCN15251,ERR14392977,GRC1
RCN15251,ERR14392978,GRC2
RCN15251,ERR14392979,SPEC
RCN15252,ERR14392980,GRC1
RCN15252,ERR14392981,GRC2
RCN15252,ERR14392982,SPEC
RCN15253,ERR14392983,GRC1
RCN15253,ERR14392984,GRC2
RCN15253,ERR14392985,SPEC
RCN15254,ERR14392986,GRC1
RCN15254,ERR14392987,GRC2
RCN15254,ERR14392988,SPEC
RCN15256,ERR14392989,GRC1
RCN15256,ERR14392990,GRC2
RCN15256,ERR14392991,SPEC
RCN15258,ERR14392992,GRC1
RCN15258,ERR14392993,GRC2
RCN15258,ERR14392994,SPEC
RCN15259,ERR14392995,GRC1
RCN15259,ERR14392996,GRC2
RCN15259,ERR14392997,SPEC
RCN15260,ERR14392998,GRC1
RCN15260,ERR14392999,GRC2
RCN15260,ERR14393000,SPEC
RCN15261,ERR14393001,GRC1
RCN15261,ERR14393002,GRC2
RCN15261,ERR14393003,SPEC
RCN15262,ERR14393004,GRC1
RCN15262,ERR14393005,GRC2
RCN15262,ERR14393006,SPEC
RCN15263,ERR14393007,GRC1
RCN15263,ERR14393008,GRC2
RCN15263,ERR14393009,SPEC
RCN15264,ERR14393010,GRC1
RCN15264,ERR14393011,GRC2
RCN15264,ERR14393012,SPEC
RCN15265,ERR14393013,GRC1
RCN15265,ERR14393014,GRC2
RCN15265,ERR14393015,SPEC
RCN15267,ERR14393016,GRC1
RCN15267,ERR14393017,GRC2
RCN15267,ERR14393018,SPEC
RCN15268,ERR14393019,GRC1
RCN15268,ERR14393020,GRC2
RCN15268,ERR14393021,SPEC
RCN15269,ERR14393022,GRC1
RCN15269,ERR14393023,GRC2
RCN15269,ERR14393024,SPEC
RCN15270,ERR14393025,GRC1
RCN15270,ERR14393026,GRC2
RCN15270,ERR14393027,SPEC
RCN15271,ERR14393028,GRC1
RCN15271,ERR14393029,GRC2
RCN15271,ERR14393030,SPEC
RCN15272,ERR14393031,GRC1
RCN15272,ERR14393032,GRC2
RCN15272,ERR14393033,SPEC
RCN15273,ERR14393034,GRC1
RCN15273,ERR14393035,GRC2
RCN15273,ERR14393036,SPEC
RCN15274,ERR14393037,GRC1
RCN15274,ERR14393038,GRC2
RCN15274,ERR14393039,SPEC
RCN15275,ERR14393040,GRC1
RCN15275,ERR14393041,GRC2
RCN15275,ERR14393042,SPEC
RCN15276,ERR14393043,GRC1
RCN15276,ERR14393044,GRC2
RCN15276,ERR14393045,SPEC
RCN15277,ERR14393046,GRC1
RCN15277,ERR14393047,GRC2
RCN15277,ERR14393048,SPEC
RCN15278,ERR14393049,GRC1
RCN15278,ERR14393050,GRC2
RCN15278,ERR14393051,SPEC
RCN15279,ERR14393052,GRC1
RCN15279,ERR14393053,GRC2
RCN15279,ERR14393054,SPEC
RCN15280,ERR14393055,GRC1
RCN15280,ERR14393056,GRC2
RCN15280,ERR14393057,SPEC
RCN15281,ERR14393058,GRC1
RCN15281,ERR14393059,GRC2
RCN15281,ERR14393060,SPEC
RCN15282,ERR14393061,GRC1
RCN15282,ERR14393062,GRC2
RCN15282,ERR14393063,SPEC
RCN15283,ERR14393064,GRC1
RCN15283,ERR14393065,GRC2
RCN15283,ERR14393066,SPEC
RCN15284,ERR14393067,GRC1
RCN15284,ERR14393068,GRC2
RCN15284,ERR14393069,SPEC
RCN15285,ERR14393070,GRC1
RCN15285,ERR14393071,GRC2
RCN15285,ERR14393072,SPEC
RCN15288,ERR14393073,GRC1
RCN15288,ERR14393074,GRC2
RCN15288,ERR14393075,SPEC
RCN15289,ERR14393076,GRC1
RCN15289,ERR14393077,GRC2
RCN15289,ERR14393078,SPEC
RCN15290,ERR14393079,GRC1
RCN15290,ERR14393080,GRC2
RCN15290,ERR14393081,SPEC
RCN15291,ERR14393082,GRC1
RCN15291,ERR14393083,GRC2
RCN15291,ERR14393084,SPEC
RCN15292,ERR14393085,GRC1
RCN15292,ERR14393086,GRC2
RCN15292,ERR14393087,SPEC
RCN15293,ERR14393088,GRC1
RCN15293,ERR14393089,GRC2
RCN15293,ERR14393090,SPEC
RCN15294,ERR14393091,GRC1
RCN15294,ERR14393092,GRC2
RCN15294,ERR14393093,SPEC
RCN15295,ERR14393094,GRC1
RCN15295,ERR14393095,GRC2
RCN15295,ERR14393096,SPEC
RCN15296,ERR14393097,GRC1
RCN15296,ERR14393098,GRC2
RCN15296,ERR14393099,SPEC
RCN15297,ERR14393100,GRC1
RCN15297,ERR14393101,GRC2
RCN15297,ERR14393102,SPEC
RCN15298,ERR14393103,GRC1
RCN15298,ERR14393104,GRC2
RCN15298,ERR14393105,SPEC
RCN15299,ERR14393106,GRC1
RCN15299,ERR14393107,GRC2
RCN15299,ERR14393108,SPEC
RCN15300,ERR14393109,GRC1
RCN15300,ERR14393110,GRC2
RCN15300,ERR14393111,SPEC
RCN15301,ERR14393112,GRC1
RCN15301,ERR14393113,GRC2
RCN15301,ERR14393114,SPEC
RCN15302,ERR14393115,GRC1
RCN15302,ERR14393116,GRC2
RCN15302,ERR14393117,SPEC
RCN15303,ERR14393118,GRC1
RCN15303,ERR14393119,GRC2
RCN15303,ERR14393120,SPEC
RCN15304,ERR14393121,GRC1
RCN15304,ERR14393122,GRC2
RCN15304,ERR14393123,SPEC
RCN15305,ERR14393124,GRC1
RCN15305,ERR14393125,GRC2
RCN15305,ERR14393126,SPEC
RCN15306,ERR14393127,GRC1
RCN15306,ERR14393128,GRC2
RCN15306,ERR14393129,SPEC
RCN15307,ERR14393130,GRC1
RCN15307,ERR14393131,GRC2
RCN15307,ERR14393132,SPEC
RCN15308,ERR14393133,GRC1
RCN15308,ERR14393134,GRC2
RCN15308,ERR14393135,SPEC
RCN15309,ERR14393136,GRC1
RCN15309,ERR14393137,GRC2
RCN15309,ERR14393138,SPEC
RCN15310,ERR14393139,GRC1
RCN15310,ERR14393140,GRC2
RCN15310,ERR14393141,SPEC
RCN15311,ERR14393142,GRC1
RCN15311,ERR14393143,GRC2
RCN15311,ERR14393144,SPEC
RCN15312,ERR14393145,GRC1
RCN15312,ERR14393146,GRC2
RCN15312,ERR14393147,SPEC
RCN15313,ERR14393148,GRC1
RCN15313,ERR14393149,GRC2
RCN15313,ERR14393150,SPEC
RCN15314,ERR14393151,GRC1
RCN15314,ERR14393152,GRC2
RCN15314,ERR14393153,SPEC
RCN15315,ERR14393154,GRC1
RCN15315,ERR14393155,GRC2
RCN15315,ERR14393156,SPEC
RCN15316,ERR14393157,GRC1
RCN15316,ERR14393158,GRC2
RCN15316,ERR14393159,SPEC
RCN15317,ERR14393160,GRC1
RCN15317,ERR14393161,GRC2
RCN15317,ERR14393162,SPEC
RCN15318,ERR14393163,GRC1
RCN15318,ERR14393164,GRC2
RCN15318,ERR14393165,SPEC
RCN15319,ERR14393166,GRC1
RCN15319,ERR14393167,GRC2
RCN15319,ERR14393168,SPEC
RCN15320,ERR14393169,GRC1
RCN15320,ERR14393170,GRC2
RCN15320,ERR14393171,SPEC
RCN15321,ERR14393172,GRC1
RCN15321,ERR14393173,GRC2
RCN15321,ERR14393174,SPEC
RCN15322,ERR14393175,GRC1
RCN15322,ERR14393176,GRC2
RCN15322,ERR14393177,SPEC
RCN15323,ERR14393178,GRC1
RCN15323,ERR14393179,GRC2
RCN15323,ERR14393180,SPEC
RCN15324,ERR14393181,GRC1
RCN15324,ERR14393182,GRC2
RCN15324,ERR14393183,SPEC
RCN15325,ERR14393184,GRC1
RCN15325,ERR14393185,GRC2
RCN15325,ERR14393186,SPEC
RCN15326,ERR14393187,GRC1
RCN15326,ERR14393188,GRC2
RCN15326,ERR14393189,SPEC
RCN15327,ERR14393190,GRC1
RCN15327,ERR14393191,GRC2
RCN15327,ERR14393192,SPEC
RCN15328,ERR14393193,GRC1
RCN15328,ERR14393194,GRC2
RCN15328,ERR14393195,SPEC
RCN15329,ERR14393196,GRC1
RCN15329,ERR14393197,GRC2
RCN15329,ERR14393198,SPEC
RCN15330,ERR14393199,GRC1
RCN15330,ERR14393200,GRC2
RCN15330,ERR14393201,SPEC
RCN15331,ERR14393202,GRC1
RCN15331,ERR14393203,GRC2
RCN15331,ERR14393204,SPEC
RCN15332,ERR14393205,GRC1
RCN15332,ERR14393206,GRC2
RCN15332,ERR14393207,SPEC
RCN15333,ERR14393208,GRC1
RCN15333,ERR14393209,GRC2
RCN15333,ERR14393210,SPEC
RCN15334,ERR14393211,GRC1
RCN15334,ERR14393212,GRC2
RCN15334,ERR14393213,SPEC
RCN15335,ERR14393214,GRC1
RCN15335,ERR14393215,GRC2
RCN15335,ERR14393216,SPEC
RCN15337,ERR14393217,GRC1
RCN15337,ERR14393218,GRC2
RCN15337,ERR14393219,SPEC
RCN15338,ERR14393220,GRC1
RCN15338,ERR14393221,GRC2
RCN15338,ERR14393222,SPEC
RCN15340,ERR14393223,GRC1
RCN15340,ERR14393224,GRC2
RCN15340,ERR14393225,SPEC
RCN15341,ERR14393226,GRC1
RCN15341,ERR14393227,GRC2
RCN15341,ERR14393228,SPEC
RCN15342,ERR14393229,GRC1
RCN15342,ERR14393230,GRC2
RCN15342,ERR14393231,SPEC
RCN15343,ERR14393232,GRC1
RCN15343,ERR14393233,GRC2
RCN15343,ERR14393234,SPEC
RCN15345,ERR14393235,GRC1
RCN15345,ERR14393236,GRC2
RCN15345,ERR14393237,SPEC
RCN15346,ERR14393238,GRC1
RCN15346,ERR14393239,GRC2
RCN15346,ERR14393240,SPEC
RCN15347,ERR14393241,GRC1
RCN15347,ERR14393242,GRC2
RCN15347,ERR14393243,SPEC
RCN15348,ERR14393244,GRC1
RCN15348,ERR14393245,GRC2
RCN15348,ERR14393246,SPEC
RCN15349,ERR14393247,GRC1
RCN15349,ERR14393248,GRC2
RCN15349,ERR14393249,SPEC
RCN15350,ERR14393250,GRC1
RCN15350,ERR14393251,GRC2
RCN15350,ERR14393252,SPEC
RCN15351,ERR14393253,GRC1
RCN15351,ERR14393254,GRC2
RCN15351,ERR14393255,SPEC
RCN15352,ERR14393256,GRC1
RCN15352,ERR14393257,GRC2
RCN15352,ERR14393258,SPEC
RCN15353,ERR14393259,GRC1
RCN15353,ERR14393260,GRC2
RCN15353,ERR14393261,SPEC
RCN15354,ERR14393262,GRC1
RCN15354,ERR14393263,GRC2
RCN15354,ERR14393264,SPEC
RCN15355,ERR14393265,GRC1
RCN15355,ERR14393266,GRC2
RCN15355,ERR14393267,SPEC
RCN15356,ERR14393268,GRC1
RCN15356,ERR14393269,GRC2
RCN15356,ERR14393270,SPEC
RCN15357,ERR14393271,GRC1
RCN15357,ERR14393272,GRC2
RCN15357,ERR14393273,SPEC
RCN15358,ERR14393274,GRC1
RCN15358,ERR14393275,GRC2
RCN15358,ERR14393276,SPEC
RCN15359,ERR14393277,GRC1
RCN15359,ERR14393278,GRC2
RCN15359,ERR14393279,SPEC
RCN15360,ERR14393280,GRC1
RCN15360,ERR14393281,GRC2
RCN15360,ERR14393282,SPEC
RCN15362,ERR14393283,GRC1
RCN15362,ERR14393284,GRC2
RCN15362,ERR14393285,SPEC
RCN15363,ERR14393286,GRC1
RCN15363,ERR14393287,GRC2
RCN15363,ERR14393288,SPEC
RCN15364,ERR14393289,GRC1
RCN15364,ERR14393290,GRC2
RCN15364,ERR14393291,SPEC
RCN15365,ERR14393292,GRC1
RCN15365,ERR14393293,GRC2
RCN15365,ERR14393294,SPEC
RCN15366,ERR14393295,GRC1
RCN15366,ERR14393296,GRC2
RCN15366,ERR14393297,SPEC
RCN15368,ERR14393298,GRC1
RCN15368,ERR14393299,GRC2
RCN15368,ERR14393300,SPEC
RCN15369,ERR14393301,GRC1
RCN15369,ERR14393302,GRC2
RCN15369,ERR14393303,SPEC
RCN15370,ERR14393304,GRC1
RCN15370,ERR14393305,GRC2
RCN15370,ERR14393306,SPEC
RCN15371,ERR14393307,GRC1
RCN15371,ERR14393308,GRC2
RCN15371,ERR14393309,SPEC
RCN15372,ERR14393310,GRC1
RCN15372,ERR14393311,GRC2
RCN15372,ERR14393312,SPEC
RCN15373,ERR14393313,GRC1
RCN15373,ERR14393314,GRC2
RCN15373,ERR14393315,SPEC
RCN15374,ERR14393316,GRC1
RCN15374,ERR14393317,GRC2
RCN15374,ERR14393318,SPEC
RCN15375,ERR14393319,GRC1
RCN15375,ERR14393320,GRC2
RCN15375,ERR14393321,SPEC
RCN15376,ERR14393322,GRC1
RCN15376,ERR14393323,GRC2
RCN15376,ERR14393324,SPEC
RCN15377,ERR14393325,GRC1
RCN15377,ERR14393326,GRC2
RCN15377,ERR14393327,SPEC
RCN15381,ERR14393328,GRC1
RCN15381,ERR14393329,GRC2
RCN15381,ERR14393330,SPEC
RCN15382,ERR14393331,GRC1
RCN15382,ERR14393332,GRC2
RCN15382,ERR14393333,SPEC
RCN15387,ERR14393334,GRC1
RCN15387,ERR14393335,GRC2
RCN15387,ERR14393336,SPEC
RCN15828,ERR14393337,GRC1
RCN15828,ERR14393338,GRC2
RCN15828,ERR14393339,SPEC
RCN15829,ERR14393340,GRC1
RCN15829,ERR14393341,GRC2
RCN15829,ERR14393342,SPEC
RCN15830,ERR14393343,GRC1
RCN15830,ERR14393344,GRC2
RCN15830,ERR14393345,SPEC
RCN15831,ERR14393346,GRC1
RCN15831,ERR14393347,GRC2
RCN15831,ERR14393348,SPEC
RCN15834,ERR14393349,GRC1
RCN15834,ERR14393350,GRC2
RCN15834,ERR14393351,SPEC
RCN15835,ERR14393352,GRC1
RCN15835,ERR14393353,GRC2
RCN15835,ERR14393354,SPEC
RCN15836,ERR14393355,GRC1
RCN15836,ERR14393356,GRC2
RCN15836,ERR14393357,SPEC
RCN15837,ERR14393358,GRC1
RCN15837,ERR14393359,GRC2
RCN15837,ERR14393360,SPEC
RCN15839,ERR14393361,GRC1
RCN15839,ERR14393362,GRC2
RCN15839,ERR14393363,SPEC
RCN15840,ERR14393364,GRC1
RCN15840,ERR14393365,GRC2
RCN15840,ERR14393366,SPEC
RCN15841,ERR14393367,GRC1
RCN15841,ERR14393368,GRC2
RCN15841,ERR14393369,SPEC
RCN15842,ERR14393370,GRC1
RCN15842,ERR14393371,GRC2
RCN15842,ERR14393372,SPEC
RCN15843,ERR14393373,GRC1
RCN15843,ERR14393374,GRC2
RCN15843,ERR14393375,SPEC
RCN15844,ERR14393376,GRC1
RCN15844,ERR14393377,GRC2
RCN15844,ERR14393378,SPEC
RCN15845,ERR14393379,GRC1
RCN15845,ERR14393380,GRC2
RCN15845,ERR14393381,SPEC
RCN15846,ERR14393382,GRC1
RCN15846,ERR14393383,GRC2
RCN15846,ERR14393384,SPEC
RCN15847,ERR14393385,GRC1
RCN15847,ERR14393386,GRC2
RCN15847,ERR14393387,SPEC
RCN15850,ERR14393388,GRC1
RCN15850,ERR14393389,GRC2
RCN15850,ERR14393390,SPEC
RCN15851,ERR14393391,GRC1
RCN15851,ERR14393392,GRC2
RCN15851,ERR14393393,SPEC
RCN15853,ERR14393394,GRC1
RCN15853,ERR14393395,GRC2
RCN15853,ERR14393396,SPEC
RCN15854,ERR14393397,GRC1
RCN15854,ERR14393398,GRC2
RCN15854,ERR14393399,SPEC
RCN15855,ERR14393400,GRC1
RCN15855,ERR14393401,GRC2
RCN15855,ERR14393402,SPEC
RCN15856,ERR14393403,GRC1
RCN15856,ERR14393404,GRC2
RCN15856,ERR14393405,SPEC
RCN15857,ERR14393406,GRC1
RCN15857,ERR14393407,GRC2
RCN15857,ERR14393408,SPEC
RCN15858,ERR14393409,GRC1
RCN15858,ERR14393410,GRC2
RCN15858,ERR14393411,SPEC
RCN15859,ERR14393412,GRC1
RCN15859,ERR14393413,GRC2
RCN15859,ERR14393414,SPEC
RCN15860,ERR14393415,GRC1
RCN15860,ERR14393416,GRC2
RCN15860,ERR14393417,SPEC
RCN15861,ERR14393418,GRC1
RCN15861,ERR14393419,GRC2
RCN15861,ERR14393420,SPEC
RCN15862,ERR14393421,GRC1
RCN15862,ERR14393422,GRC2
RCN15862,ERR14393423,SPEC
RCN15863,ERR14393424,GRC1
RCN15863,ERR14393425,GRC2
RCN15863,ERR14393426,SPEC
RCN15864,ERR14393427,GRC1
RCN15864,ERR14393428,GRC2
RCN15864,ERR14393429,SPEC
RCN15866,ERR14393430,GRC1
RCN15866,ERR14393431,GRC2
RCN15866,ERR14393432,SPEC
RCN15867,ERR14393433,GRC1
RCN15867,ERR14393434,GRC2
RCN15867,ERR14393435,SPEC
RCN15868,ERR14393436,GRC1
RCN15868,ERR14393437,GRC2
RCN15868,ERR14393438,SPEC
RCN15869,ERR14393439,GRC1
RCN15869,ERR14393440,GRC2
RCN15869,ERR14393441,SPEC
RCN15870,ERR14393442,GRC1
RCN15870,ERR14393443,GRC2
RCN15870,ERR14393444,SPEC
RCN15871,ERR14393445,GRC1
RCN15871,ERR14393446,GRC2
RCN15871,ERR14393447,SPEC
RCN15872,ERR14393448,GRC1
RCN15872,ERR14393449,GRC2
RCN15872,ERR14393450,SPEC
RCN15873,ERR14393451,GRC1
RCN15873,ERR14393452,GRC2
RCN15873,ERR14393453,SPEC
RCN15874,ERR14393454,GRC1
RCN15874,ERR14393455,GRC2
RCN15874,ERR14393456,SPEC
RCN15875,ERR14393457,GRC1
RCN15875,ERR14393458,GRC2
RCN15875,ERR14393459,SPEC
RCN15876,ERR14393460,GRC1
RCN15876,ERR14393461,GRC2
RCN15876,ERR14393462,SPEC
RCN15877,ERR14393463,GRC1
RCN15877,ERR14393464,GRC2
RCN15877,ERR14393465,SPEC
RCN15878,ERR14393466,GRC1
RCN15878,ERR14393467,GRC2
RCN15878,ERR14393468,SPEC
RCN15879,ERR14393469,GRC1
RCN15879,ERR14393470,GRC2
RCN15879,ERR14393471,SPEC
RCN15880,ERR14393472,GRC1
RCN15880,ERR14393473,GRC2
RCN15880,ERR14393474,SPEC
RCN15881,ERR14393475,GRC1
RCN15881,ERR14393476,GRC2
RCN15881,ERR14393477,SPEC
RCN15882,ERR14393478,GRC1
RCN15882,ERR14393479,GRC2
RCN15882,ERR14393480,SPEC
RCN15883,ERR14393481,GRC1
RCN15883,ERR14393482,GRC2
RCN15883,ERR14393483,SPEC
RCN15884,ERR14393484,GRC1
RCN15884,ERR14393485,GRC2
RCN15884,ERR14393486,SPEC
RCN15885,ERR14393487,GRC1
RCN15885,ERR14393488,GRC2
RCN15885,ERR14393489,SPEC
RCN15886,ERR14393490,GRC1
RCN15886,ERR14393491,GRC2
RCN15886,ERR14393492,SPEC
RCN15887,ERR14393493,GRC1
RCN15887,ERR14393494,GRC2
RCN15887,ERR14393495,SPEC
RCN15888,ERR14393496,GRC1
RCN15888,ERR14393497,GRC2
RCN15888,ERR14393498,SPEC
RCN15889,ERR14393499,GRC1
RCN15889,ERR14393500,GRC2
RCN15889,ERR14393501,SPEC
RCN15890,ERR14393502,GRC1
RCN15890,ERR14393503,GRC2
RCN15890,ERR14393504,SPEC
RCN15891,ERR14393505,GRC1
RCN15891,ERR14393506,GRC2
RCN15891,ERR14393507,SPEC
RCN15892,ERR14393508,GRC1
RCN15892,ERR14393509,GRC2
RCN15892,ERR14393510,SPEC
RCN15893,ERR14393511,GRC1
RCN15893,ERR14393512,GRC2
RCN15893,ERR14393513,SPEC
RCN15894,ERR14393514,GRC1
RCN15894,ERR14393515,GRC2
RCN15894,ERR14393516,SPEC
RCN15895,ERR14393517,GRC1
RCN15895,ERR14393518,GRC2
RCN15895,ERR14393519,SPEC
RCN15896,ERR14393520,GRC1
RCN15896,ERR14393521,GRC2
RCN15896,ERR14393522,SPEC
RCN15897,ERR14393523,GRC1
RCN15897,ERR14393524,GRC2
RCN15897,ERR14393525,SPEC
RCN15898,ERR14393526,GRC1
RCN15898,ERR14393527,GRC2
RCN15898,ERR14393528,SPEC
RCN15899,ERR14393529,GRC1
RCN15899,ERR14393530,GRC2
RCN15899,ERR14393531,SPEC
RCN15900,ERR14393532,GRC1
RCN15900,ERR14393533,GRC2
RCN15900,ERR14393534,SPEC
RCN15901,ERR14393535,GRC1
RCN15901,ERR14393536,GRC2
RCN15901,ERR14393537,SPEC
RCN15903,ERR14393538,GRC1
RCN15903,ERR14393539,GRC2
RCN15903,ERR14393540,SPEC
RCN15904,ERR14393541,GRC1
RCN15904,ERR14393542,GRC2
RCN15904,ERR14393543,SPEC
RCN15905,ERR14393544,GRC1
RCN15905,ERR14393545,GRC2
RCN15905,ERR14393546,SPEC
RCN15906,ERR14393547,GRC1
RCN15906,ERR14393548,GRC2
RCN15906,ERR14393549,SPEC
RCN15907,ERR14393550,GRC1
RCN15907,ERR14393551,GRC2
RCN15907,ERR14393552,SPEC
RCN15908,ERR14393553,GRC1
RCN15908,ERR14393554,GRC2
RCN15908,ERR14393555,SPEC
RCN15909,ERR14393556,GRC1
RCN15909,ERR14393557,GRC2
RCN15909,ERR14393558,SPEC
RCN15910,ERR14393559,GRC1
RCN15910,ERR14393560,GRC2
RCN15910,ERR14393561,SPEC
RCN15911,ERR14393562,GRC1
RCN15911,ERR14393563,GRC2
RCN15911,ERR14393564,SPEC
RCN15912,ERR14393565,GRC1
RCN15912,ERR14393566,GRC2
RCN15912,ERR14393567,SPEC
RCN15913,ERR14393568,GRC1
RCN15913,ERR14393569,GRC2
RCN15913,ERR14393570,SPEC
RCN15914,ERR14393571,GRC1
RCN15914,ERR14393572,GRC2
RCN15914,ERR14393573,SPEC
RCN15915,ERR14393574,GRC1
RCN15915,ERR14393575,GRC2
RCN15915,ERR14393576,SPEC
RCN15916,ERR14393577,GRC1
RCN15916,ERR14393578,GRC2
RCN15916,ERR14393579,SPEC
RCN15917,ERR14393580,GRC1
RCN15917,ERR14393581,GRC2
RCN15917,ERR14393582,SPEC
RCN15918,ERR14393583,GRC1
RCN15918,ERR14393584,GRC2
RCN15918,ERR14393585,SPEC
RCN15919,ERR14393586,GRC1
RCN15919,ERR14393587,GRC2
RCN15919,ERR14393588,SPEC
RCN15920,ERR14393589,GRC1
RCN15920,ERR14393590,GRC2
RCN15920,ERR14393591,SPEC
RCN15921,ERR14393592,GRC1
RCN15921,ERR14393593,GRC2
RCN15921,ERR14393594,SPEC
RCN15922,ERR14393595,GRC1
RCN15922,ERR14393596,GRC2
RCN15922,ERR14393597,SPEC
RCN15923,ERR14393598,GRC1
RCN15923,ERR14393599,GRC2
RCN15923,ERR14393600,SPEC
RCN15924,ERR14393601,GRC1
RCN15924,ERR14393602,GRC2
RCN15924,ERR14393603,SPEC
RCN15925,ERR14393604,GRC1
RCN15925,ERR14393605,GRC2
RCN15925,ERR14393606,SPEC
RCN15926,ERR14393607,GRC1
RCN15926,ERR14393608,GRC2
RCN15926,ERR14393609,SPEC
RCN15927,ERR14393610,GRC1
RCN15927,ERR14393611,GRC2
RCN15927,ERR14393612,SPEC
RCN15928,ERR14393613,GRC1
RCN15928,ERR14393614,GRC2
RCN15928,ERR14393615,SPEC
RCN15929,ERR14393616,GRC1
RCN15929,ERR14393617,GRC2
RCN15929,ERR14393618,SPEC
RCN15930,ERR14393619,GRC1
RCN15930,ERR14393620,GRC2
RCN15930,ERR14393621,SPEC
RCN15931,ERR14393622,GRC1
RCN15931,ERR14393623,GRC2
RCN15931,ERR14393624,SPEC
RCN15932,ERR14393625,GRC1
RCN15932,ERR14393626,GRC2
RCN15932,ERR14393627,SPEC
RCN15933,ERR14393628,GRC1
RCN15933,ERR14393629,GRC2
RCN15933,ERR14393630,SPEC
RCN15934,ERR14393631,GRC1
RCN15934,ERR14393632,GRC2
RCN15934,ERR14393633,SPEC
RCN15935,ERR14393634,GRC1
RCN15935,ERR14393635,GRC2
RCN15935,ERR14393636,SPEC
RCN15936,ERR14393637,GRC1
RCN15936,ERR14393638,GRC2
RCN15936,ERR14393639,SPEC
RCN15937,ERR14393640,GRC1
RCN15937,ERR14393641,GRC2
RCN15937,ERR14393642,SPEC
RCN15938,ERR14393643,GRC1
RCN15938,ERR14393644,GRC2
RCN15938,ERR14393645,SPEC
RCN15939,ERR14393646,GRC1
RCN15939,ERR14393647,GRC2
RCN15939,ERR14393648,SPEC
RCN15940,ERR14393649,GRC1
RCN15940,ERR14393650,GRC2
RCN15940,ERR14393651,SPEC
RCN15941,ERR14393652,GRC1
RCN15941,ERR14393653,GRC2
RCN15941,ERR14393654,SPEC
RCN15942,ERR14393655,GRC1
RCN15942,ERR14393656,GRC2
RCN15942,ERR14393657,SPEC
RCN15943,ERR14393658,GRC1
RCN15943,ERR14393659,GRC2
RCN15943,ERR14393660,SPEC
RCN15944,ERR14393661,GRC1
RCN15944,ERR14393662,GRC2
RCN15944,ERR14393663,SPEC
RCN15945,ERR14393664,GRC1
RCN15945,ERR14393665,GRC2
RCN15945,ERR14393666,SPEC
RCN15946,ERR14393667,GRC1
RCN15946,ERR14393668,GRC2
RCN15946,ERR14393669,SPEC
RCN15947,ERR14393670,GRC1
RCN15947,ERR14393671,GRC2
RCN15947,ERR14393672,SPEC
RCN15948,ERR14393673,GRC1
RCN15948,ERR14393674,GRC2
RCN15948,ERR14393675,SPEC
RCN15949,ERR14393676,GRC1
RCN15949,ERR14393677,GRC2
RCN15949,ERR14393678,SPEC
RCN15950,ERR14393679,GRC1
RCN15950,ERR14393680,GRC2
RCN15950,ERR14393681,SPEC
RCN15951,ERR14393682,GRC1
RCN15951,ERR14393683,GRC2
RCN15951,ERR14393684,SPEC
RCN15952,ERR14393685,GRC1
RCN15952,ERR14393686,GRC2
RCN15952,ERR14393687,SPEC
RCN15953,ERR14393688,GRC1
RCN15953,ERR14393689,GRC2
RCN15953,ERR14393690,SPEC
RCN15954,ERR14393691,GRC1
RCN15954,ERR14393692,GRC2
RCN15954,ERR14393693,SPEC
RCN15955,ERR14393694,GRC1
RCN15955,ERR14393695,GRC2
RCN15955,ERR14393696,SPEC
RCN15957,ERR14393697,GRC1
RCN15957,ERR14393698,GRC2
RCN15957,ERR14393699,SPEC
RCN15958,ERR14393700,GRC1
RCN15958,ERR14393701,GRC2
RCN15958,ERR14393702,SPEC
RCN15959,ERR14393703,GRC1
RCN15959,ERR14393704,GRC2
RCN15959,ERR14393705,SPEC
RCN15960,ERR14393706,GRC1
RCN15960,ERR14393707,GRC2
RCN15960,ERR14393708,SPEC
RCN15961,ERR14393709,GRC1
RCN15961,ERR14393710,GRC2
RCN15961,ERR14393711,SPEC
RCN15962,ERR14393712,GRC1
RCN15962,ERR14393713,GRC2
RCN15962,ERR14393714,SPEC
RCN15963,ERR14393715,GRC1
RCN15963,ERR14393716,GRC2
RCN15963,ERR14393717,SPEC
RCN15964,ERR14393718,GRC1
RCN15964,ERR14393719,GRC2
RCN15964,ERR14393720,SPEC
RCN15965,ERR14393721,GRC1
RCN15965,ERR14393722,GRC2
RCN15965,ERR14393723,SPEC
RCN15966,ERR14393724,GRC1
RCN15966,ERR14393725,GRC2
RCN15966,ERR14393726,SPEC
RCN15967,ERR14393727,GRC1
RCN15967,ERR14393728,GRC2
RCN15967,ERR14393729,SPEC
RCN15968,ERR14393730,GRC1
RCN15968,ERR14393731,GRC2
RCN15968,ERR14393732,SPEC
RCN15969,ERR14393733,GRC1
RCN15969,ERR14393734,GRC2
RCN15969,ERR14393735,SPEC
RCN15970,ERR14393736,GRC1
RCN15970,ERR14393737,GRC2
RCN15970,ERR14393738,SPEC
RCN15971,ERR14393739,GRC1
RCN15971,ERR14393740,GRC2
RCN15971,ERR14393741,SPEC
RCN15972,ERR14393742,GRC1
RCN15972,ERR14393743,GRC2
RCN15972,ERR14393744,SPEC
RCN15973,ERR14393745,GRC1
RCN15973,ERR14393746,GRC2
RCN15973,ERR14393747,SPEC
RCN15974,ERR14393748,GRC1
RCN15974,ERR14393749,GRC2
RCN15974,ERR14393750,SPEC
RCN15975,ERR14393751,GRC1
RCN15975,ERR14393752,GRC2
RCN15975,ERR14393753,SPEC
RCN15976,ERR14393754,GRC1
RCN15976,ERR14393755,GRC2
RCN15976,ERR14393756,SPEC
RCN15977,ERR14393757,GRC1
RCN15977,ERR14393758,GRC2
RCN15977,ERR14393759,SPEC
RCN15978,ERR14393760,GRC1
RCN15978,ERR14393761,GRC2
RCN15978,ERR14393762,SPEC
RCN15979,ERR14393763,GRC1
RCN15979,ERR14393764,GRC2
RCN15979,ERR14393765,SPEC
RCN15980,ERR14393766,GRC1
RCN15980,ERR14393767,GRC2
RCN15980,ERR14393768,SPEC
RCN15981,ERR14393769,GRC1
RCN15981,ERR14393770,GRC2
RCN15981,ERR14393771,SPEC
RCN15982,ERR14393772,GRC1
RCN15982,ERR14393773,GRC2
RCN15982,ERR14393774,SPEC
RCN15983,ERR14393775,GRC1
RCN15983,ERR14393776,GRC2
RCN15983,ERR14393777,SPEC
RCN15984,ERR14393778,GRC1
RCN15984,ERR14393779,GRC2
RCN15984,ERR14393780,SPEC
RCN15985,ERR14393781,GRC1
RCN15985,ERR14393782,GRC2
RCN15985,ERR14393783,SPEC
RCN15986,ERR14393784,GRC1
RCN15986,ERR14393785,GRC2
RCN15986,ERR14393786,SPEC
RCN15987,ERR14393787,GRC1
RCN15987,ERR14393788,GRC2
RCN15987,ERR14393789,SPEC
RCN15988,ERR14393790,GRC1
RCN15988,ERR14393791,GRC2
RCN15988,ERR14393792,SPEC
RCN15989,ERR14393793,GRC1
RCN15989,ERR14393794,GRC2
RCN15989,ERR14393795,SPEC
RCN15990,ERR14393796,GRC1
RCN15990,ERR14393797,GRC2
RCN15990,ERR14393798,SPEC
RCN15991,ERR14393799,GRC1
RCN15991,ERR14393800,GRC2
RCN15991,ERR14393801,SPEC
RCN15992,ERR14393802,GRC1
RCN15992,ERR14393803,GRC2
RCN15992,ERR14393804,SPEC
RCN15993,ERR14393805,GRC1
RCN15993,ERR14393806,GRC2
RCN15993,ERR14393807,SPEC
RCN15995,ERR14393808,GRC1
RCN15995,ERR14393809,GRC2
RCN15995,ERR14393810,SPEC
RCN15996,ERR14393811,GRC1
RCN15996,ERR14393812,GRC2
RCN15996,ERR14393813,SPEC
RCN15997,ERR14393814,GRC1
RCN15997,ERR14393815,GRC2
RCN15997,ERR14393816,SPEC
RCN15998,ERR14393817,GRC1
RCN15998,ERR14393818,GRC2
RCN15998,ERR14393819,SPEC
RCN15999,ERR14393820,GRC1
RCN15999,ERR14393821,GRC2
RCN15999,ERR14393822,SPEC
RCN16000,ERR14393823,GRC1
RCN16000,ERR14393824,GRC2
RCN16000,ERR14393825,SPEC
RCN16001,ERR14393826,GRC1
RCN16001,ERR14393827,GRC2
RCN16001,ERR14393828,SPEC
RCN16002,ERR14393829,GRC1
RCN16002,ERR14393830,GRC2
RCN16002,ERR14393831,SPEC
RCN16003,ERR14393832,GRC1
RCN16003,ERR14393833,GRC2
RCN16003,ERR14393834,SPEC
RCN16004,ERR14393835,GRC1
RCN16004,ERR14393836,GRC2
RCN16004,ERR14393837,SPEC
RCN16005,ERR14393838,GRC1
RCN16005,ERR14393839,GRC2
RCN16005,ERR14393840,SPEC
RCN16006,ERR14393841,GRC1
RCN16006,ERR14393842,GRC2
RCN16006,ERR14393843,SPEC
RCN16007,ERR14393844,GRC1
RCN16007,ERR14393845,GRC2
RCN16007,ERR14393846,SPEC
RCN16008,ERR14393847,GRC1
RCN16008,ERR14393848,GRC2
RCN16008,ERR14393849,SPEC
RCN16009,ERR14393850,GRC1
RCN16009,ERR14393851,GRC2
RCN16009,ERR14393852,SPEC
RCN16010,ERR14393853,GRC1
RCN16010,ERR14393854,GRC2
RCN16010,ERR14393855,SPEC
RCN16011,ERR14393856,GRC1
RCN16011,ERR14393857,GRC2
RCN16011,ERR14393858,SPEC
RCN16012,ERR14393859,GRC1
RCN16012,ERR14393860,GRC2
RCN16012,ERR14393861,SPEC
RCN16013,ERR14393862,GRC1
RCN16013,ERR14393863,GRC2
RCN16013,ERR14393864,SPEC
RCN16014,ERR14393865,GRC1
RCN16014,ERR14393866,GRC2
RCN16014,ERR14393867,SPEC
RCN16015,ERR14393868,GRC1
RCN16015,ERR14393869,GRC2
RCN16015,ERR14393870,SPEC
RCN16017,ERR14393871,GRC1
RCN16017,ERR14393872,GRC2
RCN16017,ERR14393873,SPEC
RCN16019,ERR14393874,GRC1
RCN16019,ERR14393875,GRC2
RCN16019,ERR14393876,SPEC
RCN16020,ERR14393877,GRC1
RCN16020,ERR14393878,GRC2
RCN16020,ERR14393879,SPEC
RCN16021,ERR14393880,GRC1
RCN16021,ERR14393881,GRC2
RCN16021,ERR14393882,SPEC
RCN16022,ERR14393883,GRC1
RCN16022,ERR14393884,GRC2
RCN16022,ERR14393885,SPEC
RCN16023,ERR14393886,GRC1
RCN16023,ERR14393887,GRC2
RCN16023,ERR14393888,SPEC
RCN16024,ERR14393889,GRC1
RCN16024,ERR14393890,GRC2
RCN16024,ERR14393891,SPEC
RCN16026,ERR14393892,GRC1
RCN16026,ERR14393893,GRC2
RCN16026,ERR14393894,SPEC
RCN16027,ERR14393895,GRC1
RCN16027,ERR14393896,GRC2
RCN16027,ERR14393897,SPEC
RCN16029,ERR14393898,GRC1
RCN16029,ERR14393899,GRC2
RCN16029,ERR14393900,SPEC
RCN16031,ERR14393901,GRC1
RCN16031,ERR14393902,GRC2
RCN16031,ERR14393903,SPEC
RCN16032,ERR14393904,GRC1
RCN16032,ERR14393905,GRC2
RCN16032,ERR14393906,SPEC
RCN16033,ERR14393907,GRC1
RCN16033,ERR14393908,GRC2
RCN16033,ERR14393909,SPEC
RCN16034,ERR14393910,GRC1
RCN16034,ERR14393911,GRC2
RCN16034,ERR14393912,SPEC
RCN16035,ERR14393913,GRC1
RCN16035,ERR14393914,GRC2
RCN16035,ERR14393915,SPEC
RCN16036,ERR14393916,GRC1
RCN16036,ERR14393917,GRC2
RCN16036,ERR14393918,SPEC
RCN16040,ERR14393919,GRC1
RCN16040,ERR14393920,GRC2
RCN16040,ERR14393921,SPEC
RCN16041,ERR14393922,GRC1
RCN16041,ERR14393923,GRC2
RCN16041,ERR14393924,SPEC
RCN16042,ERR14393925,GRC1
RCN16042,ERR14393926,GRC2
RCN16042,ERR14393927,SPEC
RCN16043,ERR14393928,GRC1
RCN16043,ERR14393929,GRC2
RCN16043,ERR14393930,SPEC
RCN16044,ERR14393931,GRC1
RCN16044,ERR14393932,GRC2
RCN16044,ERR14393933,SPEC
RCN16045,ERR14393934,GRC1
RCN16045,ERR14393935,GRC2
RCN16045,ERR14393936,SPEC
RCN16046,ERR14393937,GRC1
RCN16046,ERR14393938,GRC2
RCN16046,ERR14393939,SPEC
RCN16047,ERR14393940,GRC1
RCN16047,ERR14393941,GRC2
RCN16047,ERR14393942,SPEC
RCN16048,ERR14393943,GRC1
RCN16048,ERR14393944,GRC2
RCN16048,ERR14393945,SPEC
RCN16049,ERR14393946,GRC1
RCN16049,ERR14393947,GRC2
RCN16049,ERR14393948,SPEC
RCN16050,ERR14393949,GRC1
RCN16050,ERR14393950,GRC2
RCN16050,ERR14393951,SPEC
RCN18470,ERR14393952,GRC1
RCN18470,ERR14393953,GRC2
RCN18470,ERR14393954,SPEC
RCN18471,ERR14393955,GRC1
RCN18471,ERR14393956,GRC2
RCN18471,ERR14393957,SPEC
RCN18472,ERR14393958,GRC1
RCN18472,ERR14393959,GRC2
RCN18472,ERR14393960,SPEC
RCN18474,ERR14393961,GRC1
RCN18474,ERR14393962,GRC2
RCN18474,ERR14393963,SPEC
RCN18475,ERR14393964,GRC1
RCN18475,ERR14393965,GRC2
RCN18475,ERR14393966,SPEC
RCN18476,ERR14393967,GRC1
RCN18476,ERR14393968,GRC2
RCN18476,ERR14393969,SPEC
RCN18477,ERR14393970,GRC1
RCN18477,ERR14393971,GRC2
RCN18477,ERR14393972,SPEC
RCN18478,ERR14393973,GRC1
RCN18478,ERR14393974,GRC2
RCN18478,ERR14393975,SPEC
RCN18479,ERR14393976,GRC1
RCN18479,ERR14393977,GRC2
RCN18479,ERR14393978,SPEC
RCN18480,ERR14393979,GRC1
RCN18480,ERR14393980,GRC2
RCN18480,ERR14393981,SPEC
RCN18481,ERR14393982,GRC1
RCN18481,ERR14393983,GRC2
RCN18481,ERR14393984,SPEC
RCN18482,ERR14393985,GRC1
RCN18482,ERR14393986,GRC2
RCN18482,ERR14393987,SPEC
RCN18484,ERR14393988,GRC1
RCN18484,ERR14393989,GRC2
RCN18484,ERR14393990,SPEC
RCN18485,ERR14393991,GRC1
RCN18485,ERR14393992,GRC2
RCN18485,ERR14393993,SPEC
RCN18486,ERR14393994,GRC1
RCN18486,ERR14393995,GRC2
RCN18486,ERR14393996,SPEC
RCN18487,ERR14393997,GRC1
RCN18487,ERR14393998,GRC2
RCN18487,ERR14393999,SPEC
RCN18488,ERR14394000,GRC1
RCN18488,ERR14394001,GRC2
RCN18488,ERR14394002,SPEC
RCN18489,ERR14394003,GRC1
RCN18489,ERR14394004,GRC2
RCN18489,ERR14394005,SPEC
RCN18491,ERR14394006,GRC1
RCN18491,ERR14394007,GRC2
RCN18491,ERR14394008,SPEC
RCN18492,ERR14394009,GRC1
RCN18492,ERR14394010,GRC2
RCN18492,ERR14394011,SPEC
RCN18493,ERR14394012,GRC1
RCN18493,ERR14394013,GRC2
RCN18493,ERR14394014,SPEC
RCN18494,ERR14394015,GRC1
RCN18494,ERR14394016,GRC2
RCN18494,ERR14394017,SPEC
RCN18495,ERR14394018,GRC1
RCN18495,ERR14394019,GRC2
RCN18495,ERR14394020,SPEC
RCN18496,ERR14394021,GRC1
RCN18496,ERR14394022,GRC2
RCN18496,ERR14394023,SPEC
RCN18497,ERR14394024,GRC1
RCN18497,ERR14394025,GRC2
RCN18497,ERR14394026,SPEC
RCN18498,ERR14394027,GRC1
RCN18498,ERR14394028,GRC2
RCN18498,ERR14394029,SPEC
RCN18499,ERR14394030,GRC1
RCN18499,ERR14394031,GRC2
RCN18499,ERR14394032,SPEC
RCN18500,ERR14394033,GRC1
RCN18500,ERR14394034,GRC2
RCN18500,ERR14394035,SPEC
RCN18501,ERR14394036,GRC1
RCN18501,ERR14394037,GRC2
RCN18501,ERR14394038,SPEC
RCN18502,ERR14394039,GRC1
RCN18502,ERR14394040,GRC2
RCN18502,ERR14394041,SPEC
RCN18503,ERR14394042,GRC1
RCN18503,ERR14394043,GRC2
RCN18503,ERR14394044,SPEC
RCN18504,ERR14394045,GRC1
RCN18504,ERR14394046,GRC2
RCN18504,ERR14394047,SPEC
RCN18505,ERR14394048,GRC1
RCN18505,ERR14394049,GRC2
RCN18505,ERR14394050,SPEC
RCN18508,ERR14394051,GRC1
RCN18508,ERR14394052,GRC2
RCN18508,ERR14394053,SPEC
RCN18509,ERR14394054,GRC1
RCN18509,ERR14394055,GRC2
RCN18509,ERR14394056,SPEC
RCN18510,ERR14394057,GRC1
RCN18510,ERR14394058,GRC2
RCN18510,ERR14394059,SPEC
RCN18511,ERR14394060,GRC1
RCN18511,ERR14394061,GRC2
RCN18511,ERR14394062,SPEC
RCN18512,ERR14394063,GRC1
RCN18512,ERR14394064,GRC2
RCN18512,ERR14394065,SPEC
RCN18513,ERR14394066,GRC1
RCN18513,ERR14394067,GRC2
RCN18513,ERR14394068,SPEC
RCN18515,ERR14394069,GRC1
RCN18515,ERR14394070,GRC2
RCN18515,ERR14394071,SPEC
RCN18516,ERR14394072,GRC1
RCN18516,ERR14394073,GRC2
RCN18516,ERR14394074,SPEC
RCN18517,ERR14394075,GRC1
RCN18517,ERR14394076,GRC2
RCN18517,ERR14394077,SPEC
RCN18518,ERR14394078,GRC1
RCN18518,ERR14394079,GRC2
RCN18518,ERR14394080,SPEC
RCN18519,ERR14394081,GRC1
RCN18519,ERR14394082,GRC2
RCN18519,ERR14394083,SPEC
RCN18520,ERR14394084,GRC1
RCN18520,ERR14394085,GRC2
RCN18520,ERR14394086,SPEC
RCN18521,ERR14394087,GRC1
RCN18521,ERR14394088,GRC2
RCN18521,ERR14394089,SPEC
RCN18522,ERR14394090,GRC1
RCN18522,ERR14394091,GRC2
RCN18522,ERR14394092,SPEC
RCN18523,ERR14394093,GRC1
RCN18523,ERR14394094,GRC2
RCN18523,ERR14394095,SPEC
RCN18524,ERR14394096,GRC1
RCN18524,ERR14394097,GRC2
RCN18524,ERR14394098,SPEC
RCN18525,ERR14394099,GRC1
RCN18525,ERR14394100,GRC2
RCN18525,ERR14394101,SPEC
RCN18526,ERR14394102,GRC1
RCN18526,ERR14394103,GRC2
RCN18526,ERR14394104,SPEC
RCN18527,ERR14394105,GRC1
RCN18527,ERR14394106,GRC2
RCN18527,ERR14394107,SPEC
RCN18528,ERR14394108,GRC1
RCN18528,ERR14394109,GRC2
RCN18528,ERR14394110,SPEC
RCN18529,ERR14394111,GRC1
RCN18529,ERR14394112,GRC2
RCN18529,ERR14394113,SPEC
RCN18530,ERR14394114,GRC1
RCN18530,ERR14394115,GRC2
RCN18530,ERR14394116,SPEC
RCN18531,ERR14394117,GRC1
RCN18531,ERR14394118,GRC2
RCN18531,ERR14394119,SPEC
RCN18533,ERR14394120,GRC1
RCN18533,ERR14394121,GRC2
RCN18533,ERR14394122,SPEC
RCN18534,ERR14394123,GRC1
RCN18534,ERR14394124,GRC2
RCN18534,ERR14394125,SPEC
RCN18535,ERR14394126,GRC1
RCN18535,ERR14394127,GRC2
RCN18535,ERR14394128,SPEC
RCN18536,ERR14394129,GRC1
RCN18536,ERR14394130,GRC2
RCN18536,ERR14394131,SPEC
RCN18537,ERR14394132,GRC1
RCN18537,ERR14394133,GRC2
RCN18537,ERR14394134,SPEC
RCN18538,ERR14394135,GRC1
RCN18538,ERR14394136,GRC2
RCN18538,ERR14394137,SPEC
RCN18540,ERR14394138,GRC1
RCN18540,ERR14394139,GRC2
RCN18540,ERR14394140,SPEC
RCN18541,ERR14394141,GRC1
RCN18541,ERR14394142,GRC2
RCN18541,ERR14394143,SPEC
RCN18542,ERR14394144,GRC1
RCN18542,ERR14394145,GRC2
RCN18542,ERR14394146,SPEC
RCN18543,ERR14394147,GRC1
RCN18543,ERR14394148,GRC2
RCN18543,ERR14394149,SPEC
RCN18544,ERR14394150,GRC1
RCN18544,ERR14394151,GRC2
RCN18544,ERR14394152,SPEC
RCN18545,ERR14394153,GRC1
RCN18545,ERR14394154,GRC2
RCN18545,ERR14394155,SPEC
RCN18546,ERR14394156,GRC1
RCN18546,ERR14394157,GRC2
RCN18546,ERR14394158,SPEC
RCN18547,ERR14394159,GRC1
RCN18547,ERR14394160,GRC2
RCN18547,ERR14394161,SPEC
RCN18548,ERR14394162,GRC1
RCN18548,ERR14394163,GRC2
RCN18548,ERR14394164,SPEC
RCN18549,ERR14394165,GRC1
RCN18549,ERR14394166,GRC2
RCN18549,ERR14394167,SPEC
RCN18550,ERR14394168,GRC1
RCN18550,ERR14394169,GRC2
RCN18550,ERR14394170,SPEC
RCN18551,ERR14394171,GRC1
RCN18551,ERR14394172,GRC2
RCN18551,ERR14394173,SPEC
RCN18552,ERR14394174,GRC1
RCN18552,ERR14394175,GRC2
RCN18552,ERR14394176,SPEC
RCN18553,ERR14394177,GRC1
RCN18553,ERR14394178,GRC2
RCN18553,ERR14394179,SPEC
RCN18554,ERR14394180,GRC1
RCN18554,ERR14394181,GRC2
RCN18554,ERR14394182,SPEC
RCN18555,ERR14394183,GRC1
RCN18555,ERR14394184,GRC2
RCN18555,ERR14394185,SPEC
RCN18556,ERR14394186,GRC1
RCN18556,ERR14394187,GRC2
RCN18556,ERR14394188,SPEC
RCN18558,ERR14394189,GRC1
RCN18558,ERR14394190,GRC2
RCN18558,ERR14394191,SPEC
RCN18559,ERR14394192,GRC1
RCN18559,ERR14394193,GRC2
RCN18559,ERR14394194,SPEC
RCN18560,ERR14394195,GRC1
RCN18560,ERR14394196,GRC2
RCN18560,ERR14394197,SPEC
RCN18561,ERR14394198,GRC1
RCN18561,ERR14394199,GRC2
RCN18561,ERR14394200,SPEC
RCN18562,ERR14394201,GRC1
RCN18562,ERR14394202,GRC2
RCN18562,ERR14394203,SPEC
RCN18563,ERR14394204,GRC1
RCN18563,ERR14394205,GRC2
RCN18563,ERR14394206,SPEC
RCN18564,ERR14394207,GRC1
RCN18564,ERR14394208,GRC2
RCN18564,ERR14394209,SPEC
RCN18565,ERR14394210,GRC1
RCN18565,ERR14394211,GRC2
RCN18565,ERR14394212,SPEC
RCN18566,ERR14394213,GRC1
RCN18566,ERR14394214,GRC2
RCN18566,ERR14394215,SPEC
RCN18567,ERR14394216,GRC1
RCN18567,ERR14394217,GRC2
RCN18567,ERR14394218,SPEC
RCN18568,ERR14394219,GRC1
RCN18568,ERR14394220,GRC2
RCN18568,ERR14394221,SPEC
RCN18569,ERR14394222,GRC1
RCN18569,ERR14394223,GRC2
RCN18569,ERR14394224,SPEC
RCN18570,ERR14394225,GRC1
RCN18570,ERR14394226,GRC2
RCN18570,ERR14394227,SPEC
RCN18571,ERR14394228,GRC1
RCN18571,ERR14394229,GRC2
RCN18571,ERR14394230,SPEC
RCN18572,ERR14394231,GRC1
RCN18572,ERR14394232,GRC2
RCN18572,ERR14394233,SPEC
RCN18573,ERR14394234,GRC1
RCN18573,ERR14394235,GRC2
RCN18573,ERR14394236,SPEC
RCN18574,ERR14394237,GRC1
RCN18574,ERR14394238,GRC2
RCN18574,ERR14394239,SPEC
RCN18575,ERR14394240,GRC1
RCN18575,ERR14394241,GRC2
RCN18575,ERR14394242,SPEC
RCN18576,ERR14394243,GRC1
RCN18576,ERR14394244,GRC2
RCN18576,ERR14394245,SPEC
RCN18577,ERR14394246,GRC1
RCN18577,ERR14394247,GRC2
RCN18577,ERR14394248,SPEC
RCN18578,ERR14394249,GRC1
RCN18578,ERR14394250,GRC2
RCN18578,ERR14394251,SPEC
RCN18579,ERR14394252,GRC1
RCN18579,ERR14394253,GRC2
RCN18579,ERR14394254,SPEC
RCN18580,ERR14394255,GRC1
RCN18580,ERR14394256,GRC2
RCN18580,ERR14394257,SPEC
RCN18581,ERR14394258,GRC1
RCN18581,ERR14394259,GRC2
RCN18581,ERR14394260,SPEC
RCN18582,ERR14394261,GRC1
RCN18582,ERR14394262,GRC2
RCN18582,ERR14394263,SPEC
RCN18583,ERR14394264,GRC1
RCN18583,ERR14394265,GRC2
RCN18583,ERR14394266,SPEC
RCN18584,ERR14394267,GRC1
RCN18584,ERR14394268,GRC2
RCN18584,ERR14394269,SPEC
RCN18585,ERR14394270,GRC1
RCN18585,ERR14394271,GRC2
RCN18585,ERR14394272,SPEC
RCN18586,ERR14394273,GRC1
RCN18586,ERR14394274,GRC2
RCN18586,ERR14394275,SPEC
RCN18587,ERR14394276,GRC1
RCN18587,ERR14394277,GRC2
RCN18587,ERR14394278,SPEC
RCN18588,ERR14394279,GRC1
RCN18588,ERR14394280,GRC2
RCN18588,ERR14394281,SPEC
RCN18589,ERR14394282,GRC1
RCN18589,ERR14394283,GRC2
RCN18589,ERR14394284,SPEC
RCN18590,ERR14394285,GRC1
RCN18590,ERR14394286,GRC2
RCN18590,ERR14394287,SPEC
RCN18591,ERR14394288,GRC1
RCN18591,ERR14394289,GRC2
RCN18591,ERR14394290,SPEC
RCN18592,ERR14394291,GRC1
RCN18592,ERR14394292,GRC2
RCN18592,ERR14394293,SPEC
RCN18593,ERR14394294,GRC1
RCN18593,ERR14394295,GRC2
RCN18593,ERR14394296,SPEC
RCN18594,ERR14394297,GRC1
RCN18594,ERR14394298,GRC2
RCN18594,ERR14394299,SPEC
RCN18602,ERR14394300,GRC1
RCN18602,ERR14394301,GRC2
RCN18602,ERR14394302,SPEC
RCN18603,ERR14394303,GRC1
RCN18603,ERR14394304,GRC2
RCN18603,ERR14394305,SPEC
RCN18604,ERR14394306,GRC1
RCN18604,ERR14394307,GRC2
RCN18604,ERR14394308,SPEC
RCN18605,ERR14394309,GRC1
RCN18605,ERR14394310,GRC2
RCN18605,ERR14394311,SPEC
RCN18606,ERR14394312,GRC1
RCN18606,ERR14394313,GRC2
RCN18606,ERR14394314,SPEC
RCN18607,ERR14394315,GRC1
RCN18607,ERR14394316,GRC2
RCN18607,ERR14394317,SPEC
RCN18608,ERR14394318,GRC1
RCN18608,ERR14394319,GRC2
RCN18608,ERR14394320,SPEC
RCN18609,ERR14394321,GRC1
RCN18609,ERR14394322,GRC2
RCN18609,ERR14394323,SPEC
RCN18610,ERR14394324,GRC1
RCN18610,ERR14394325,GRC2
RCN18610,ERR14394326,SPEC
RCN18611,ERR14394327,GRC1
RCN18611,ERR14394328,GRC2
RCN18611,ERR14394329,SPEC
RCN18612,ERR14394330,GRC1
RCN18612,ERR14394331,GRC2
RCN18612,ERR14394332,SPEC
RCN18613,ERR14394333,GRC1
RCN18613,ERR14394334,GRC2
RCN18613,ERR14394335,SPEC
RCN18614,ERR14394336,GRC1
RCN18614,ERR14394337,GRC2
RCN18614,ERR14394338,SPEC
RCN18615,ERR14394339,GRC1
RCN18615,ERR14394340,GRC2
RCN18615,ERR14394341,SPEC
RCN18616,ERR14394342,GRC1
RCN18616,ERR14394343,GRC2
RCN18616,ERR14394344,SPEC
RCN18617,ERR14394345,GRC1
RCN18617,ERR14394346,GRC2
RCN18617,ERR14394347,SPEC
RCN18618,ERR14394348,GRC1
RCN18618,ERR14394349,GRC2
RCN18618,ERR14394350,SPEC
RCN18619,ERR14394351,GRC1
RCN18619,ERR14394352,GRC2
RCN18619,ERR14394353,SPEC
RCN18620,ERR14394354,GRC1
RCN18620,ERR14394355,GRC2
RCN18620,ERR14394356,SPEC
RCN18621,ERR14394357,GRC1
RCN18621,ERR14394358,GRC2
RCN18621,ERR14394359,SPEC
RCN18622,ERR14394360,GRC1
RCN18622,ERR14394361,GRC2
RCN18622,ERR14394362,SPEC
RCN18623,ERR14394363,GRC1
RCN18623,ERR14394364,GRC2
RCN18623,ERR14394365,SPEC
RCN18624,ERR14394366,GRC1
RCN18624,ERR14394367,GRC2
RCN18624,ERR14394368,SPEC
RCN18625,ERR14394369,GRC1
RCN18625,ERR14394370,GRC2
RCN18625,ERR14394371,SPEC
RCN18627,ERR14394372,GRC1
RCN18627,ERR14394373,GRC2
RCN18627,ERR14394374,SPEC
RCN18628,ERR14394375,GRC1
RCN18628,ERR14394376,GRC2
RCN18628,ERR14394377,SPEC
RCN18629,ERR14394378,GRC1
RCN18629,ERR14394379,GRC2
RCN18629,ERR14394380,SPEC
RCN18630,ERR14394381,GRC1
RCN18630,ERR14394382,GRC2
RCN18630,ERR14394383,SPEC
RCN18631,ERR14394384,GRC1
RCN18631,ERR14394385,GRC2
RCN18631,ERR14394386,SPEC
RCN18632,ERR14394387,GRC1
RCN18632,ERR14394388,GRC2
RCN18632,ERR14394389,SPEC
RCN18633,ERR14394390,GRC1
RCN18633,ERR14394391,GRC2
RCN18633,ERR14394392,SPEC
RCN18634,ERR14394393,GRC1
RCN18634,ERR14394394,GRC2
RCN18634,ERR14394395,SPEC
RCN18635,ERR14394396,GRC1
RCN18635,ERR14394397,GRC2
RCN18635,ERR14394398,SPEC
RCN18636,ERR14394399,GRC1
RCN18636,ERR14394400,GRC2
RCN18636,ERR14394401,SPEC
RCN18637,ERR14394402,GRC1
RCN18637,ERR14394403,GRC2
RCN18637,ERR14394404,SPEC
RCN18638,ERR14394405,GRC1
RCN18638,ERR14394406,GRC2
RCN18638,ERR14394407,SPEC
RCN18639,ERR14394408,GRC1
RCN18639,ERR14394409,GRC2
RCN18639,ERR14394410,SPEC
RCN18640,ERR14394411,GRC1
RCN18640,ERR14394412,GRC2
RCN18640,ERR14394413,SPEC
RCN18641,ERR14394414,GRC1
RCN18641,ERR14394415,GRC2
RCN18641,ERR14394416,SPEC
RCN18642,ERR14394417,GRC1
RCN18642,ERR14394418,GRC2
RCN18642,ERR14394419,SPEC
RCN18643,ERR14394420,GRC1
RCN18643,ERR14394421,GRC2
RCN18643,ERR14394422,SPEC
RCN18644,ERR14394423,GRC1
RCN18644,ERR14394424,GRC2
RCN18644,ERR14394425,SPEC
RCN18646,ERR14394426,GRC1
RCN18646,ERR14394427,GRC2
RCN18646,ERR14394428,SPEC
RCN18647,ERR14394429,GRC1
RCN18647,ERR14394430,GRC2
RCN18647,ERR14394431,SPEC
RCN18648,ERR14394432,GRC1
RCN18648,ERR14394433,GRC2
RCN18648,ERR14394434,SPEC
RCN18649,ERR14394435,GRC1
RCN18649,ERR14394436,GRC2
RCN18649,ERR14394437,SPEC
RCN18650,ERR14394438,GRC1
RCN18650,ERR14394439,GRC2
RCN18650,ERR14394440,SPEC
RCN18651,ERR14394441,GRC1
RCN18651,ERR14394442,GRC2
RCN18651,ERR14394443,SPEC
RCN18652,ERR14394444,GRC1
RCN18652,ERR14394445,GRC2
RCN18652,ERR14394446,SPEC
RCN18653,ERR14394447,GRC1
RCN18653,ERR14394448,GRC2
RCN18653,ERR14394449,SPEC
RCN18654,ERR14394450,GRC1
RCN18654,ERR14394451,GRC2
RCN18654,ERR14394452,SPEC
RCN18655,ERR14394453,GRC1
RCN18655,ERR14394454,GRC2
RCN18655,ERR14394455,SPEC
RCN18656,ERR14394456,GRC1
RCN18656,ERR14394457,GRC2
RCN18656,ERR14394458,SPEC
RCN18657,ERR14394459,GRC1
RCN18657,ERR14394460,GRC2
RCN18657,ERR14394461,SPEC
RCN18658,ERR14394462,GRC1
RCN18658,ERR14394463,GRC2
RCN18658,ERR14394464,SPEC
RCN18659,ERR14394465,GRC1
RCN18659,ERR14394466,GRC2
RCN18659,ERR14394467,SPEC
RCN18660,ERR14394468,GRC1
RCN18660,ERR14394469,GRC2
RCN18660,ERR14394470,SPEC
RCN18662,ERR14394471,GRC1
RCN18662,ERR14394472,GRC2
RCN18662,ERR14394473,SPEC
RCN18663,ERR14394474,GRC1
RCN18663,ERR14394475,GRC2
RCN18663,ERR14394476,SPEC
RCN18664,ERR14394477,GRC1
RCN18664,ERR14394478,GRC2
RCN18664,ERR14394479,SPEC
RCN18665,ERR14394480,GRC1
RCN18665,ERR14394481,GRC2
RCN18665,ERR14394482,SPEC
RCN18666,ERR14394483,GRC1
RCN18666,ERR14394484,GRC2
RCN18666,ERR14394485,SPEC
RCN18667,ERR14394486,GRC1
RCN18667,ERR14394487,GRC2
RCN18667,ERR14394488,SPEC
RCN18668,ERR14394489,GRC1
RCN18668,ERR14394490,GRC2
RCN18668,ERR14394491,SPEC
RCN18669,ERR14394492,GRC1
RCN18669,ERR14394493,GRC2
RCN18669,ERR14394494,SPEC
RCN18670,ERR14394495,GRC1
RCN18670,ERR14394496,GRC2
RCN18670,ERR14394497,SPEC
RCN18671,ERR14394498,GRC1
RCN18671,ERR14394499,GRC2
RCN18671,ERR14394500,SPEC
RCN18672,ERR14394501,GRC1
RCN18672,ERR14394502,GRC2
RCN18672,ERR14394503,SPEC
RCN18673,ERR14394504,GRC1
RCN18673,ERR14394505,GRC2
RCN18673,ERR14394506,SPEC
RCN18674,ERR14394507,GRC1
RCN18674,ERR14394508,GRC2
RCN18674,ERR14394509,SPEC
RCN18675,ERR14394510,GRC1
RCN18675,ERR14394511,GRC2
RCN18675,ERR14394512,SPEC
RCN18676,ERR14394513,GRC1
RCN18676,ERR14394514,GRC2
RCN18676,ERR14394515,SPEC
RCN18677,ERR14394516,GRC1
RCN18677,ERR14394517,GRC2
RCN18677,ERR14394518,SPEC
RCN18678,ERR14394519,GRC1
RCN18678,ERR14394520,GRC2
RCN18678,ERR14394521,SPEC
RCN18680,ERR14394522,GRC1
RCN18680,ERR14394523,GRC2
RCN18680,ERR14394524,SPEC
RCN18681,ERR14394525,GRC1
RCN18681,ERR14394526,GRC2
RCN18681,ERR14394527,SPEC
RCN18682,ERR14394528,GRC1
RCN18682,ERR14394529,GRC2
RCN18682,ERR14394530,SPEC
RCN18683,ERR14394531,GRC1
RCN18683,ERR14394532,GRC2
RCN18683,ERR14394533,SPEC
RCN18684,ERR14394534,GRC1
RCN18684,ERR14394535,GRC2
RCN18684,ERR14394536,SPEC
RCN18685,ERR14394537,GRC1
RCN18685,ERR14394538,GRC2
RCN18685,ERR14394539,SPEC
RCN18686,ERR14394540,GRC1
RCN18686,ERR14394541,GRC2
RCN18686,ERR14394542,SPEC
RCN18687,ERR14394543,GRC1
RCN18687,ERR14394544,GRC2
RCN18687,ERR14394545,SPEC
RCN18688,ERR14394546,GRC1
RCN18688,ERR14394547,GRC2
RCN18688,ERR14394548,SPEC
RCN18689,ERR14394549,GRC1
RCN18689,ERR14394550,GRC2
RCN18689,ERR14394551,SPEC
RCN18690,ERR14394552,GRC1
RCN18690,ERR14394553,GRC2
RCN18690,ERR14394554,SPEC
RCN18691,ERR14394555,GRC1
RCN18691,ERR14394556,GRC2
RCN18691,ERR14394557,SPEC
RCN18692,ERR14394558,GRC1
RCN18692,ERR14394559,GRC2
RCN18692,ERR14394560,SPEC
RCN18693,ERR14394561,GRC1
RCN18693,ERR14394562,GRC2
RCN18693,ERR14394563,SPEC
RCN18694,ERR14394564,GRC1
RCN18694,ERR14394565,GRC2
RCN18694,ERR14394566,SPEC
RCN18695,ERR14394567,GRC1
RCN18695,ERR14394568,GRC2
RCN18695,ERR14394569,SPEC
RCN18696,ERR14394570,GRC1
RCN18696,ERR14394571,GRC2
RCN18696,ERR14394572,SPEC
RCN18697,ERR14394573,GRC1
RCN18697,ERR14394574,GRC2
RCN18697,ERR14394575,SPEC
RCN18698,ERR14394576,GRC1
RCN18698,ERR14394577,GRC2
RCN18698,ERR14394578,SPEC
RCN18699,ERR14394579,GRC1
RCN18699,ERR14394580,GRC2
RCN18699,ERR14394581,SPEC
RCN18700,ERR14394582,GRC1
RCN18700,ERR14394583,GRC2
RCN18700,ERR14394584,SPEC
RCN18702,ERR14394585,GRC1
RCN18702,ERR14394586,GRC2
RCN18702,ERR14394587,SPEC
RCN18703,ERR14394588,GRC1
RCN18703,ERR14394589,GRC2
RCN18703,ERR14394590,SPEC
RCN18704,ERR14394591,GRC1
RCN18704,ERR14394592,GRC2
RCN18704,ERR14394593,SPEC
RCN18705,ERR14394594,GRC1
RCN18705,ERR14394595,GRC2
RCN18705,ERR14394596,SPEC
RCN18706,ERR14394597,GRC1
RCN18706,ERR14394598,GRC2
RCN18706,ERR14394599,SPEC
RCN18707,ERR14394600,GRC1
RCN18707,ERR14394601,GRC2
RCN18707,ERR14394602,SPEC
RCN18708,ERR14394603,GRC1
RCN18708,ERR14394604,GRC2
RCN18708,ERR14394605,SPEC
RCN18709,ERR14394606,GRC1
RCN18709,ERR14394607,GRC2
RCN18709,ERR14394608,SPEC
RCN18710,ERR14394609,GRC1
RCN18710,ERR14394610,GRC2
RCN18710,ERR14394611,SPEC
RCN18711,ERR14394612,GRC1
RCN18711,ERR14394613,GRC2
RCN18711,ERR14394614,SPEC
RCN18712,ERR14394615,GRC1
RCN18712,ERR14394616,GRC2
RCN18712,ERR14394617,SPEC
RCN18713,ERR14394618,GRC1
RCN18713,ERR14394619,GRC2
RCN18713,ERR14394620,SPEC
RCN18714,ERR14394621,GRC1
RCN18714,ERR14394622,GRC2
RCN18714,ERR14394623,SPEC
RCN18715,ERR14394624,GRC1
RCN18715,ERR14394625,GRC2
RCN18715,ERR14394626,SPEC
RCN18716,ERR14394627,GRC1
RCN18716,ERR14394628,GRC2
RCN18716,ERR14394629,SPEC
RCN18717,ERR14394630,GRC1
RCN18717,ERR14394631,GRC2
RCN18717,ERR14394632,SPEC
RCN18718,ERR14394633,GRC1
RCN18718,ERR14394634,GRC2
RCN18718,ERR14394635,SPEC
RCN18719,ERR14394636,GRC1
RCN18719,ERR14394637,GRC2
RCN18719,ERR14394638,SPEC
RCN18720,ERR14394639,GRC1
RCN18720,ERR14394640,GRC2
RCN18720,ERR14394641,SPEC
RCN18722,ERR14394642,GRC1
RCN18722,ERR14394643,GRC2
RCN18722,ERR14394644,SPEC
RCN18723,ERR14394645,GRC1
RCN18723,ERR14394646,GRC2
RCN18723,ERR14394647,SPEC
RCN18724,ERR14394648,GRC1
RCN18724,ERR14394649,GRC2
RCN18724,ERR14394650,SPEC
RCN18725,ERR14394651,GRC1
RCN18725,ERR14394652,GRC2
RCN18725,ERR14394653,SPEC
RCN18726,ERR14394654,GRC1
RCN18726,ERR14394655,GRC2
RCN18726,ERR14394656,SPEC
RCN18727,ERR14394657,GRC1
RCN18727,ERR14394658,GRC2
RCN18727,ERR14394659,SPEC
RCN18728,ERR14394660,GRC1
RCN18728,ERR14394661,GRC2
RCN18728,ERR14394662,SPEC
RCN18729,ERR14394663,GRC1
RCN18729,ERR14394664,GRC2
RCN18729,ERR14394665,SPEC
RCN18730,ERR14394666,GRC1
RCN18730,ERR14394667,GRC2
RCN18730,ERR14394668,SPEC
RCN18731,ERR14394669,GRC1
RCN18731,ERR14394670,GRC2
RCN18731,ERR14394671,SPEC
RCN18732,ERR14394672,GRC1
RCN18732,ERR14394673,GRC2
RCN18732,ERR14394674,SPEC
RCN18733,ERR14394675,GRC1
RCN18733,ERR14394676,GRC2
RCN18733,ERR14394677,SPEC
RCN18734,ERR14394678,GRC1
RCN18734,ERR14394679,GRC2
RCN18734,ERR14394680,SPEC
RCN18735,ERR14394681,GRC1
RCN18735,ERR14394682,GRC2
RCN18735,ERR14394683,SPEC
RCN18736,ERR14394684,GRC1
RCN18736,ERR14394685,GRC2
RCN18736,ERR14394686,SPEC
RCN18737,ERR14394687,GRC1
RCN18737,ERR14394688,GRC2
RCN18737,ERR14394689,SPEC
RCN18738,ERR14394690,GRC1
RCN18738,ERR14394691,GRC2
RCN18738,ERR14394692,SPEC
RCN18739,ERR14394693,GRC1
RCN18739,ERR14394694,GRC2
RCN18739,ERR14394695,SPEC
RCN18740,ERR14394696,GRC1
RCN18740,ERR14394697,GRC2
RCN18740,ERR14394698,SPEC
RCN18741,ERR14394699,GRC1
RCN18741,ERR14394700,GRC2
RCN18741,ERR14394701,SPEC
RCN18742,ERR14394702,GRC1
RCN18742,ERR14394703,GRC2
RCN18742,ERR14394704,SPEC
RCN18743,ERR14394705,GRC1
RCN18743,ERR14394706,GRC2
RCN18743,ERR14394707,SPEC
RCN18744,ERR14394708,GRC1
RCN18744,ERR14394709,GRC2
RCN18744,ERR14394710,SPEC
RCN18745,ERR14394711,GRC1
RCN18745,ERR14394712,GRC2
RCN18745,ERR14394713,SPEC
RCN18747,ERR14394714,GRC1
RCN18747,ERR14394715,GRC2
RCN18747,ERR14394716,SPEC
RCN18748,ERR14394717,GRC1
RCN18748,ERR14394718,GRC2
RCN18748,ERR14394719,SPEC
RCN18749,ERR14394720,GRC1
RCN18749,ERR14394721,GRC2
RCN18749,ERR14394722,SPEC
RCN24787,ERR14394723,GRC1
RCN24787,ERR14394724,GRC2
RCN24787,ERR14394725,SPEC
RCN24788,ERR14394726,GRC1
RCN24788,ERR14394727,GRC2
RCN24788,ERR14394728,SPEC
RCN24789,ERR14394729,GRC1
RCN24789,ERR14394730,GRC2
RCN24789,ERR14394731,SPEC
RCN24790,ERR14394732,GRC1
RCN24790,ERR14394733,GRC2
RCN24790,ERR14394734,SPEC
RCN24791,ERR14394735,GRC1
RCN24791,ERR14394736,GRC2
RCN24791,ERR14394737,SPEC
RCN24792,ERR14394738,GRC1
RCN24792,ERR14394739,GRC2
RCN24792,ERR14394740,SPEC
RCN24793,ERR14394741,GRC1
RCN24793,ERR14394742,GRC2
RCN24793,ERR14394743,SPEC
RCN24794,ERR14394744,GRC1
RCN24794,ERR14394745,GRC2
RCN24794,ERR14394746,SPEC
RCN24795,ERR14394747,GRC1
RCN24795,ERR14394748,GRC2
RCN24795,ERR14394749,SPEC
RCN24796,ERR14394750,GRC1
RCN24796,ERR14394751,GRC2
RCN24796,ERR14394752,SPEC
RCN24797,ERR14394753,GRC1
RCN24797,ERR14394754,GRC2
RCN24797,ERR14394755,SPEC
RCN24798,ERR14394756,GRC1
RCN24798,ERR14394757,GRC2
RCN24798,ERR14394758,SPEC
RCN24799,ERR14394759,GRC1
RCN24799,ERR14394760,GRC2
RCN24799,ERR14394761,SPEC
RCN24800,ERR14394762,GRC1
RCN24800,ERR14394763,GRC2
RCN24800,ERR14394764,SPEC
RCN24801,ERR14394765,GRC1
RCN24801,ERR14394766,GRC2
RCN24801,ERR14394767,SPEC
RCN24802,ERR14394768,GRC1
RCN24802,ERR14394769,GRC2
RCN24802,ERR14394770,SPEC
RCN24803,ERR14394771,GRC1
RCN24803,ERR14394772,GRC2
RCN24803,ERR14394773,SPEC
RCN24804,ERR14394774,GRC1
RCN24804,ERR14394775,GRC2
RCN24804,ERR14394776,SPEC
RCN24805,ERR14394777,GRC1
RCN24805,ERR14394778,GRC2
RCN24805,ERR14394779,SPEC
RCN24806,ERR14394780,GRC1
RCN24806,ERR14394781,GRC2
RCN24806,ERR14394782,SPEC
RCN24807,ERR14394783,GRC1
RCN24807,ERR14394784,GRC2
RCN24807,ERR14394785,SPEC
RCN24808,ERR14394786,GRC1
RCN24808,ERR14394787,GRC2
RCN24808,ERR14394788,SPEC
RCN24809,ERR14394789,GRC1
RCN24809,ERR14394790,GRC2
RCN24809,ERR14394791,SPEC
RCN24810,ERR14394792,GRC1
RCN24810,ERR14394793,GRC2
RCN24810,ERR14394794,SPEC
RCN24811,ERR14394795,GRC1
RCN24811,ERR14394796,GRC2
RCN24811,ERR14394797,SPEC
RCN24812,ERR14394798,GRC1
RCN24812,ERR14394799,GRC2
RCN24812,ERR14394800,SPEC
RCN24813,ERR14394801,GRC1
RCN24813,ERR14394802,GRC2
RCN24813,ERR14394803,SPEC
RCN24814,ERR14394804,GRC1
RCN24814,ERR14394805,GRC2
RCN24814,ERR14394806,SPEC
RCN24815,ERR14394807,GRC1
RCN24815,ERR14394808,GRC2
RCN24815,ERR14394809,SPEC
RCN24816,ERR14394810,GRC1
RCN24816,ERR14394811,GRC2
RCN24816,ERR14394812,SPEC
RCN24817,ERR14394813,GRC1
RCN24817,ERR14394814,GRC2
RCN24817,ERR14394815,SPEC
RCN24818,ERR14394816,GRC1
RCN24818,ERR14394817,GRC2
RCN24818,ERR14394818,SPEC
RCN24819,ERR14394819,GRC1
RCN24819,ERR14394820,GRC2
RCN24819,ERR14394821,SPEC
RCN24820,ERR14394822,GRC1
RCN24820,ERR14394823,GRC2
RCN24820,ERR14394824,SPEC
RCN24821,ERR14394825,GRC1
RCN24821,ERR14394826,GRC2
RCN24821,ERR14394827,SPEC
RCN24822,ERR14394828,GRC1
RCN24822,ERR14394829,GRC2
RCN24822,ERR14394830,SPEC
RCN24823,ERR14394831,GRC1
RCN24823,ERR14394832,GRC2
RCN24823,ERR14394833,SPEC
RCN24824,ERR14394834,GRC1
RCN24824,ERR14394835,GRC2
RCN24824,ERR14394836,SPEC
RCN24825,ERR14394837,GRC1
RCN24825,ERR14394838,GRC2
RCN24825,ERR14394839,SPEC
RCN24826,ERR14394840,GRC1
RCN24826,ERR14394841,GRC2
RCN24826,ERR14394842,SPEC
RCN24827,ERR14394843,GRC1
RCN24827,ERR14394844,GRC2
RCN24827,ERR14394845,SPEC
RCN24828,ERR14394846,GRC1
RCN24828,ERR14394847,GRC2
RCN24828,ERR14394848,SPEC
RCN24829,ERR14394849,GRC1
RCN24829,ERR14394850,GRC2
RCN24829,ERR14394851,SPEC
RCN24830,ERR14394852,GRC1
RCN24830,ERR14394853,GRC2
RCN24830,ERR14394854,SPEC
RCN24831,ERR14394855,GRC1
RCN24831,ERR14394856,GRC2
RCN24831,ERR14394857,SPEC
RCN24832,ERR14394858,GRC1
RCN24832,ERR14394859,GRC2
RCN24832,ERR14394860,SPEC
RCN24833,ERR14394861,GRC1
RCN24833,ERR14394862,GRC2
RCN24833,ERR14394863,SPEC
RCN24834,ERR14394864,GRC1
RCN24834,ERR14394865,GRC2
RCN24834,ERR14394866,SPEC
RCN24835,ERR14394867,GRC1
RCN24835,ERR14394868,GRC2
RCN24835,ERR14394869,SPEC
RCN24837,ERR14394870,GRC1
RCN24837,ERR14394871,GRC2
RCN24837,ERR14394872,SPEC
RCN24838,ERR14394873,GRC1
RCN24838,ERR14394874,GRC2
RCN24838,ERR14394875,SPEC
RCN24839,ERR14394876,GRC1
RCN24839,ERR14394877,GRC2
RCN24839,ERR14394878,SPEC
RCN24840,ERR14394879,GRC1
RCN24840,ERR14394880,GRC2
RCN24840,ERR14394881,SPEC
RCN24841,ERR14394882,GRC1
RCN24841,ERR14394883,GRC2
RCN24841,ERR14394884,SPEC
RCN24842,ERR14394885,GRC1
RCN24842,ERR14394886,GRC2
RCN24842,ERR14394887,SPEC
RCN24844,ERR14394888,GRC1
RCN24844,ERR14394889,GRC2
RCN24844,ERR14394890,SPEC
RCN24845,ERR14394891,GRC1
RCN24845,ERR14394892,GRC2
RCN24845,ERR14394893,SPEC
RCN24846,ERR14394894,GRC1
RCN24846,ERR14394895,GRC2
RCN24846,ERR14394896,SPEC
RCN24848,ERR14394897,GRC1
RCN24848,ERR14394898,GRC2
RCN24848,ERR14394899,SPEC
RCN24849,ERR14394900,GRC1
RCN24849,ERR14394901,GRC2
RCN24849,ERR14394902,SPEC
RCN24850,ERR14394903,GRC1
RCN24850,ERR14394904,GRC2
RCN24850,ERR14394905,SPEC
RCN24851,ERR14394906,GRC1
RCN24851,ERR14394907,GRC2
RCN24851,ERR14394908,SPEC
RCN24853,ERR14394909,GRC1
RCN24853,ERR14394910,GRC2
RCN24853,ERR14394911,SPEC
RCN24854,ERR14394912,GRC1
RCN24854,ERR14394913,GRC2
RCN24854,ERR14394914,SPEC
RCN24855,ERR14394915,GRC1
RCN24855,ERR14394916,GRC2
RCN24855,ERR14394917,SPEC
RCN24856,ERR14394918,GRC1
RCN24856,ERR14394919,GRC2
RCN24856,ERR14394920,SPEC
RCN24857,ERR14394921,GRC1
RCN24857,ERR14394922,GRC2
RCN24857,ERR14394923,SPEC
RCN24858,ERR14394924,GRC1
RCN24858,ERR14394925,GRC2
RCN24858,ERR14394926,SPEC
RCN24859,ERR14394927,GRC1
RCN24859,ERR14394928,GRC2
RCN24859,ERR14394929,SPEC
RCN24860,ERR14394930,GRC1
RCN24860,ERR14394931,GRC2
RCN24860,ERR14394932,SPEC
RCN24861,ERR14394933,GRC1
RCN24861,ERR14394934,GRC2
RCN24861,ERR14394935,SPEC
RCN24862,ERR14394936,GRC1
RCN24862,ERR14394937,GRC2
RCN24862,ERR14394938,SPEC
RCN24863,ERR14394939,GRC1
RCN24863,ERR14394940,GRC2
RCN24863,ERR14394941,SPEC
RCN24864,ERR14394942,GRC1
RCN24864,ERR14394943,GRC2
RCN24864,ERR14394944,SPEC
RCN24865,ERR14394945,GRC1
RCN24865,ERR14394946,GRC2
RCN24865,ERR14394947,SPEC
RCN24866,ERR14394948,GRC1
RCN24866,ERR14394949,GRC2
RCN24866,ERR14394950,SPEC
RCN24867,ERR14394951,GRC1
RCN24867,ERR14394952,GRC2
RCN24867,ERR14394953,SPEC
RCN24868,ERR14394954,GRC1
RCN24868,ERR14394955,GRC2
RCN24868,ERR14394956,SPEC
RCN24869,ERR14394957,GRC1
RCN24869,ERR14394958,GRC2
RCN24869,ERR14394959,SPEC
RCN24870,ERR14394960,GRC1
RCN24870,ERR14394961,GRC2
RCN24870,ERR14394962,SPEC
RCN24871,ERR14394963,GRC1
RCN24871,ERR14394964,GRC2
RCN24871,ERR14394965,SPEC
RCN24872,ERR14394966,GRC1
RCN24872,ERR14394967,GRC2
RCN24872,ERR14394968,SPEC
RCN24873,ERR14394969,GRC1
RCN24873,ERR14394970,GRC2
RCN24873,ERR14394971,SPEC
RCN24874,ERR14394972,GRC1
RCN24874,ERR14394973,GRC2
RCN24874,ERR14394974,SPEC
RCN24875,ERR14394975,GRC1
RCN24875,ERR14394976,GRC2
RCN24875,ERR14394977,SPEC
RCN24876,ERR14394978,GRC1
RCN24876,ERR14394979,GRC2
RCN24876,ERR14394980,SPEC
RCN24877,ERR14394981,GRC1
RCN24877,ERR14394982,GRC2
RCN24877,ERR14394983,SPEC
RCN24878,ERR14394984,GRC1
RCN24878,ERR14394985,GRC2
RCN24878,ERR14394986,SPEC
RCN24879,ERR14394987,GRC1
RCN24879,ERR14394988,GRC2
RCN24879,ERR14394989,SPEC
RCN24880,ERR14394990,GRC1
RCN24880,ERR14394991,GRC2
RCN24880,ERR14394992,SPEC
RCN24883,ERR14394993,GRC1
RCN24883,ERR14394994,GRC2
RCN24883,ERR14394995,SPEC
RCN24884,ERR14394996,GRC1
RCN24884,ERR14394997,GRC2
RCN24884,ERR14394998,SPEC
RCN24885,ERR14394999,GRC1
RCN24885,ERR14395000,GRC2
RCN24885,ERR14395001,SPEC
RCN24886,ERR14395002,GRC1
RCN24886,ERR14395003,GRC2
RCN24886,ERR14395004,SPEC
RCN24887,ERR14395005,GRC1
RCN24887,ERR14395006,GRC2
RCN24887,ERR14395007,SPEC
RCN24888,ERR14395008,GRC1
RCN24888,ERR14395009,GRC2
RCN24888,ERR14395010,SPEC
RCN24889,ERR14395011,GRC1
RCN24889,ERR14395012,GRC2
RCN24889,ERR14395013,SPEC
RCN24890,ERR14395014,GRC1
RCN24890,ERR14395015,GRC2
RCN24890,ERR14395016,SPEC
RCN24891,ERR14395017,GRC1
RCN24891,ERR14395018,GRC2
RCN24891,ERR14395019,SPEC
RCN24892,ERR14395020,GRC1
RCN24892,ERR14395021,GRC2
RCN24892,ERR14395022,SPEC
RCN24893,ERR14395023,GRC1
RCN24893,ERR14395024,GRC2
RCN24893,ERR14395025,SPEC
RCN24894,ERR14395026,GRC1
RCN24894,ERR14395027,GRC2
RCN24894,ERR14395028,SPEC
RCN24895,ERR14395029,GRC1
RCN24895,ERR14395030,GRC2
RCN24895,ERR14395031,SPEC
RCN24896,ERR14395032,GRC1
RCN24896,ERR14395033,GRC2
RCN24896,ERR14395034,SPEC
RCN24897,ERR14395035,GRC1
RCN24897,ERR14395036,GRC2
RCN24897,ERR14395037,SPEC
RCN24898,ERR14395038,GRC1
RCN24898,ERR14395039,GRC2
RCN24898,ERR14395040,SPEC
RCN24900,ERR14395041,GRC1
RCN24900,ERR14395042,GRC2
RCN24900,ERR14395043,SPEC
RCN24901,ERR14395044,GRC1
RCN24901,ERR14395045,GRC2
RCN24901,ERR14395046,SPEC
RCN24902,ERR14395047,GRC1
RCN24902,ERR14395048,GRC2
RCN24902,ERR14395049,SPEC
RCN24903,ERR14395050,GRC1
RCN24903,ERR14395051,GRC2
RCN24903,ERR14395052,SPEC
RCN24904,ERR14395053,GRC1
RCN24904,ERR14395054,GRC2
RCN24904,ERR14395055,SPEC
RCN24905,ERR14395056,GRC1
RCN24905,ERR14395057,GRC2
RCN24905,ERR14395058,SPEC
RCN24906,ERR14395059,GRC1
RCN24906,ERR14395060,GRC2
RCN24906,ERR14395061,SPEC
RCN24907,ERR14395062,GRC1
RCN24907,ERR14395063,GRC2
RCN24907,ERR14395064,SPEC
RCN24909,ERR14395065,GRC1
RCN24909,ERR14395066,GRC2
RCN24909,ERR14395067,SPEC
RCN24910,ERR14395068,GRC1
RCN24910,ERR14395069,GRC2
RCN24910,ERR14395070,SPEC
RCN24911,ERR14395071,GRC1
RCN24911,ERR14395072,GRC2
RCN24911,ERR14395073,SPEC
RCN24912,ERR14395074,GRC1
RCN24912,ERR14395075,GRC2
RCN24912,ERR14395076,SPEC
RCN24913,ERR14395077,GRC1
RCN24913,ERR14395078,GRC2
RCN24913,ERR14395079,SPEC
RCN24914,ERR14395080,GRC1
RCN24914,ERR14395081,GRC2
RCN24914,ERR14395082,SPEC
RCN24915,ERR14395083,GRC1
RCN24915,ERR14395084,GRC2
RCN24915,ERR14395085,SPEC
RCN24916,ERR14395086,GRC1
RCN24916,ERR14395087,GRC2
RCN24916,ERR14395088,SPEC
RCN24917,ERR14395089,GRC1
RCN24917,ERR14395090,GRC2
RCN24917,ERR14395091,SPEC
RCN24918,ERR14395092,GRC1
RCN24918,ERR14395093,GRC2
RCN24918,ERR14395094,SPEC
RCN24919,ERR14395095,GRC1
RCN24919,ERR14395096,GRC2
RCN24919,ERR14395097,SPEC
RCN24921,ERR14395098,GRC1
RCN24921,ERR14395099,GRC2
RCN24921,ERR14395100,SPEC
RCN24922,ERR14395101,GRC1
RCN24922,ERR14395102,GRC2
RCN24922,ERR14395103,SPEC
RCN24923,ERR14395104,GRC1
RCN24923,ERR14395105,GRC2
RCN24923,ERR14395106,SPEC
RCN24924,ERR14395107,GRC1
RCN24924,ERR14395108,GRC2
RCN24924,ERR14395109,SPEC
RCN24925,ERR14395110,GRC1
RCN24925,ERR14395111,GRC2
RCN24925,ERR14395112,SPEC
RCN24926,ERR14395113,GRC1
RCN24926,ERR14395114,GRC2
RCN24926,ERR14395115,SPEC
RCN24927,ERR14395116,GRC1
RCN24927,ERR14395117,GRC2
RCN24927,ERR14395118,SPEC
RCN24928,ERR14395119,GRC1
RCN24928,ERR14395120,GRC2
RCN24928,ERR14395121,SPEC
RCN24929,ERR14395122,GRC1
RCN24929,ERR14395123,GRC2
RCN24929,ERR14395124,SPEC
RCN24930,ERR14395125,GRC1
RCN24930,ERR14395126,GRC2
RCN24930,ERR14395127,SPEC
RCN24931,ERR14395128,GRC1
RCN24931,ERR14395129,GRC2
RCN24931,ERR14395130,SPEC
RCN24932,ERR14395131,GRC1
RCN24932,ERR14395132,GRC2
RCN24932,ERR14395133,SPEC
RCN24933,ERR14395134,GRC1
RCN24933,ERR14395135,GRC2
RCN24933,ERR14395136,SPEC
RCN24934,ERR14395137,GRC1
RCN24934,ERR14395138,GRC2
RCN24934,ERR14395139,SPEC
RCN24935,ERR14395140,GRC1
RCN24935,ERR14395141,GRC2
RCN24935,ERR14395142,SPEC
RCN24936,ERR14395143,GRC1
RCN24936,ERR14395144,GRC2
RCN24936,ERR14395145,SPEC
RCN24937,ERR14395146,GRC1
RCN24937,ERR14395147,GRC2
RCN24937,ERR14395148,SPEC
RCN24938,ERR14395149,GRC1
RCN24938,ERR14395150,GRC2
RCN24938,ERR14395151,SPEC
RCN24939,ERR14395152,GRC1
RCN24939,ERR14395153,GRC2
RCN24939,ERR14395154,SPEC
RCN24940,ERR14395155,GRC1
RCN24940,ERR14395156,GRC2
RCN24940,ERR14395157,SPEC
RCN24941,ERR14395158,GRC1
RCN24941,ERR14395159,GRC2
RCN24941,ERR14395160,SPEC
RCN24942,ERR14395161,GRC1
RCN24942,ERR14395162,GRC2
RCN24942,ERR14395163,SPEC
RCN24943,ERR14395164,GRC1
RCN24943,ERR14395165,GRC2
RCN24943,ERR14395166,SPEC
RCN24944,ERR14395167,GRC1
RCN24944,ERR14395168,GRC2
RCN24944,ERR14395169,SPEC
RCN24945,ERR14395170,GRC1
RCN24945,ERR14395171,GRC2
RCN24945,ERR14395172,SPEC
RCN24946,ERR14395173,GRC1
RCN24946,ERR14395174,GRC2
RCN24946,ERR14395175,SPEC
RCN24947,ERR14395176,GRC1
RCN24947,ERR14395177,GRC2
RCN24947,ERR14395178,SPEC
RCN24948,ERR14395179,GRC1
RCN24948,ERR14395180,GRC2
RCN24948,ERR14395181,SPEC
RCN24949,ERR14395182,GRC1
RCN24949,ERR14395183,GRC2
RCN24949,ERR14395184,SPEC
RCN24950,ERR14395185,GRC1
RCN24950,ERR14395186,GRC2
RCN24950,ERR14395187,SPEC
RCN24951,ERR14395188,GRC1
RCN24951,ERR14395189,GRC2
RCN24951,ERR14395190,SPEC
RCN24952,ERR14395191,GRC1
RCN24952,ERR14395192,GRC2
RCN24952,ERR14395193,SPEC
RCN24953,ERR14395194,GRC1
RCN24953,ERR14395195,GRC2
RCN24953,ERR14395196,SPEC
RCN24954,ERR14395197,GRC1
RCN24954,ERR14395198,GRC2
RCN24954,ERR14395199,SPEC
RCN24955,ERR14395200,GRC1
RCN24955,ERR14395201,GRC2
RCN24955,ERR14395202,SPEC
RCN24956,ERR14395203,GRC1
RCN24956,ERR14395204,GRC2
RCN24956,ERR14395205,SPEC
RCN24957,ERR14395206,GRC1
RCN24957,ERR14395207,GRC2
RCN24957,ERR14395208,SPEC
RCN24958,ERR14395209,GRC1
RCN24958,ERR14395210,GRC2
RCN24958,ERR14395211,SPEC
RCN24959,ERR14395212,GRC1
RCN24959,ERR14395213,GRC2
RCN24959,ERR14395214,SPEC
RCN24960,ERR14395215,GRC1
RCN24960,ERR14395216,GRC2
RCN24960,ERR14395217,SPEC
RCN24961,ERR14395218,GRC1
RCN24961,ERR14395219,GRC2
RCN24961,ERR14395220,SPEC
RCN24963,ERR14395221,GRC1
RCN24963,ERR14395222,GRC2
RCN24963,ERR14395223,SPEC
RCN24964,ERR14395224,GRC1
RCN24964,ERR14395225,GRC2
RCN24964,ERR14395226,SPEC
RCN24965,ERR14395227,GRC1
RCN24965,ERR14395228,GRC2
RCN24965,ERR14395229,SPEC
RCN24966,ERR14395230,GRC1
RCN24966,ERR14395231,GRC2
RCN24966,ERR14395232,SPEC
RCN24967,ERR14395233,GRC1
RCN24967,ERR14395234,GRC2
RCN24967,ERR14395235,SPEC
RCN24968,ERR14395236,GRC1
RCN24968,ERR14395237,GRC2
RCN24968,ERR14395238,SPEC
RCN24969,ERR14395239,GRC1
RCN24969,ERR14395240,GRC2
RCN24969,ERR14395241,SPEC
RCN24970,ERR14395242,GRC1
RCN24970,ERR14395243,GRC2
RCN24970,ERR14395244,SPEC
RCN24971,ERR14395245,GRC1
RCN24971,ERR14395246,GRC2
RCN24971,ERR14395247,SPEC
RCN24972,ERR14395248,GRC1
RCN24972,ERR14395249,GRC2
RCN24972,ERR14395250,SPEC
RCN24973,ERR14395251,GRC1
RCN24973,ERR14395252,GRC2
RCN24973,ERR14395253,SPEC
RCN24974,ERR14395254,GRC1
RCN24974,ERR14395255,GRC2
RCN24974,ERR14395256,SPEC
RCN24975,ERR14395257,GRC1
RCN24975,ERR14395258,GRC2
RCN24975,ERR14395259,SPEC
RCN24976,ERR14395260,GRC1
RCN24976,ERR14395261,GRC2
RCN24976,ERR14395262,SPEC
RCN24978,ERR14395263,GRC1
RCN24978,ERR14395264,GRC2
RCN24978,ERR14395265,SPEC
RCN24979,ERR14395266,GRC1
RCN24979,ERR14395267,GRC2
RCN24979,ERR14395268,SPEC
RCN24980,ERR14395269,GRC1
RCN24980,ERR14395270,GRC2
RCN24980,ERR14395271,SPEC
RCN24981,ERR14395272,GRC1
RCN24981,ERR14395273,GRC2
RCN24981,ERR14395274,SPEC
RCN24982,ERR14395275,GRC1
RCN24982,ERR14395276,GRC2
RCN24982,ERR14395277,SPEC
RCN24983,ERR14395278,GRC1
RCN24983,ERR14395279,GRC2
RCN24983,ERR14395280,SPEC
RCN24984,ERR14395281,GRC1
RCN24984,ERR14395282,GRC2
RCN24984,ERR14395283,SPEC
RCN24985,ERR14395284,GRC1
RCN24985,ERR14395285,GRC2
RCN24985,ERR14395286,SPEC
RCN24986,ERR14395287,GRC1
RCN24986,ERR14395288,GRC2
RCN24986,ERR14395289,SPEC
RCN24987,ERR14395290,GRC1
RCN24987,ERR14395291,GRC2
RCN24987,ERR14395292,SPEC
RCN24988,ERR14395293,GRC1
RCN24988,ERR14395294,GRC2
RCN24988,ERR14395295,SPEC
RCN24989,ERR14395296,GRC1
RCN24989,ERR14395297,GRC2
RCN24989,ERR14395298,SPEC
RCN24990,ERR14395299,GRC1
RCN24990,ERR14395300,GRC2
RCN24990,ERR14395301,SPEC
RCN24991,ERR14395302,GRC1
RCN24991,ERR14395303,GRC2
RCN24991,ERR14395304,SPEC
RCN24992,ERR14395305,GRC1
RCN24992,ERR14395306,GRC2
RCN24992,ERR14395307,SPEC
RCN24994,ERR14395308,GRC1
RCN24994,ERR14395309,GRC2
RCN24994,ERR14395310,SPEC
RCN24995,ERR14395311,GRC1
RCN24995,ERR14395312,GRC2
RCN24995,ERR14395313,SPEC
RCN24996,ERR14395314,GRC1
RCN24996,ERR14395315,GRC2
RCN24996,ERR14395316,SPEC
RCN24997,ERR14395317,GRC1
RCN24997,ERR14395318,GRC2
RCN24997,ERR14395319,SPEC
RCN24998,ERR14395320,GRC1
RCN24998,ERR14395321,GRC2
RCN24998,ERR14395322,SPEC
RCN25000,ERR14395323,GRC1
RCN25000,ERR14395324,GRC2
RCN25000,ERR14395325,SPEC
RCN25003,ERR14395326,GRC1
RCN25003,ERR14395327,GRC2
RCN25003,ERR14395328,SPEC
RCN25004,ERR14395329,GRC1
RCN25004,ERR14395330,GRC2
RCN25004,ERR14395331,SPEC
RCN25005,ERR14395332,GRC1
RCN25005,ERR14395333,GRC2
RCN25005,ERR14395334,SPEC
RCN25006,ERR14395335,GRC1
RCN25006,ERR14395336,GRC2
RCN25006,ERR14395337,SPEC
RCN25007,ERR14395338,GRC1
RCN25007,ERR14395339,GRC2
RCN25007,ERR14395340,SPEC
RCN25008,ERR14395341,GRC1
RCN25008,ERR14395342,GRC2
RCN25008,ERR14395343,SPEC
RCN25009,ERR14395344,GRC1
RCN25009,ERR14395345,GRC2
RCN25009,ERR14395346,SPEC
RCN25010,ERR14395347,GRC1
RCN25010,ERR14395348,GRC2
RCN25010,ERR14395349,SPEC
RCN25011,ERR14395350,GRC1
RCN25011,ERR14395351,GRC2
RCN25011,ERR14395352,SPEC
RCN25012,ERR14395353,GRC1
RCN25012,ERR14395354,GRC2
RCN25012,ERR14395355,SPEC
RCN25013,ERR14395356,GRC1
RCN25013,ERR14395357,GRC2
RCN25013,ERR14395358,SPEC
RCN25014,ERR14395359,GRC1
RCN25014,ERR14395360,GRC2
RCN25014,ERR14395361,SPEC
RCN25015,ERR14395362,GRC1
RCN25015,ERR14395363,GRC2
RCN25015,ERR14395364,SPEC
RCN25016,ERR14395365,GRC1
RCN25016,ERR14395366,GRC2
RCN25016,ERR14395367,SPEC
RCN25017,ERR14395368,GRC1
RCN25017,ERR14395369,GRC2
RCN25017,ERR14395370,SPEC
RCN25018,ERR14395371,GRC1
RCN25018,ERR14395372,GRC2
RCN25018,ERR14395373,SPEC
RCN25019,ERR14395374,GRC1
RCN25019,ERR14395375,GRC2
RCN25019,ERR14395376,SPEC
RCN25020,ERR14395377,GRC1
RCN25020,ERR14395378,GRC2
RCN25020,ERR14395379,SPEC
RCN25021,ERR14395380,GRC1
RCN25021,ERR14395381,GRC2
RCN25021,ERR14395382,SPEC
RCN25022,ERR14395383,GRC1
RCN25022,ERR14395384,GRC2
RCN25022,ERR14395385,SPEC
RCN25023,ERR14395386,GRC1
RCN25023,ERR14395387,GRC2
RCN25023,ERR14395388,SPEC
RCN25024,ERR14395389,GRC1
RCN25024,ERR14395390,GRC2
RCN25024,ERR14395391,SPEC
RCN25025,ERR14395392,GRC1
RCN25025,ERR14395393,GRC2
RCN25025,ERR14395394,SPEC
RCN25026,ERR14395395,GRC1
RCN25026,ERR14395396,GRC2
RCN25026,ERR14395397,SPEC
RCN25027,ERR14395398,GRC1
RCN25027,ERR14395399,GRC2
RCN25027,ERR14395400,SPEC
RCN25028,ERR14395401,GRC1
RCN25028,ERR14395402,GRC2
RCN25028,ERR14395403,SPEC
RCN25029,ERR14395404,GRC1
RCN25029,ERR14395405,GRC2
RCN25029,ERR14395406,SPEC
RCN25030,ERR14395407,GRC1
RCN25030,ERR14395408,GRC2
RCN25030,ERR14395409,SPEC
RCN25031,ERR14395410,GRC1
RCN25031,ERR14395411,GRC2
RCN25031,ERR14395412,SPEC
RCN25032,ERR14395413,GRC1
RCN25032,ERR14395414,GRC2
RCN25032,ERR14395415,SPEC
RCN25033,ERR14395416,GRC1
RCN25033,ERR14395417,GRC2
RCN25033,ERR14395418,SPEC
RCN25034,ERR14395419,GRC1
RCN25034,ERR14395420,GRC2
RCN25034,ERR14395421,SPEC
RCN25036,ERR14395422,GRC1
RCN25036,ERR14395423,GRC2
RCN25036,ERR14395424,SPEC
RCN25037,ERR14395425,GRC1
RCN25037,ERR14395426,GRC2
RCN25037,ERR14395427,SPEC
RCN25038,ERR14395428,GRC1
RCN25038,ERR14395429,GRC2
RCN25038,ERR14395430,SPEC
RCN25039,ERR14395431,GRC1
RCN25039,ERR14395432,GRC2
RCN25039,ERR14395433,SPEC
RCN25040,ERR14395434,GRC1
RCN25040,ERR14395435,GRC2
RCN25040,ERR14395436,SPEC
RCN25041,ERR14395437,GRC1
RCN25041,ERR14395438,GRC2
RCN25041,ERR14395439,SPEC
RCN25042,ERR14395440,GRC1
RCN25042,ERR14395441,GRC2
RCN25042,ERR14395442,SPEC
RCN25043,ERR14395443,GRC1
RCN25043,ERR14395444,GRC2
RCN25043,ERR14395445,SPEC
RCN25044,ERR14395446,GRC1
RCN25044,ERR14395447,GRC2
RCN25044,ERR14395448,SPEC
RCN25045,ERR14395449,GRC1
RCN25045,ERR14395450,GRC2
RCN25045,ERR14395451,SPEC
RCN25046,ERR14395452,GRC1
RCN25046,ERR14395453,GRC2
RCN25046,ERR14395454,SPEC
RCN25047,ERR14395455,GRC1
RCN25047,ERR14395456,GRC2
RCN25047,ERR14395457,SPEC
RCN25048,ERR14395458,GRC1
RCN25048,ERR14395459,GRC2
RCN25048,ERR14395460,SPEC
RCN25049,ERR14395461,GRC1
RCN25049,ERR14395462,GRC2
RCN25049,ERR14395463,SPEC
RCN25050,ERR14395464,GRC1
RCN25050,ERR14395465,GRC2
RCN25050,ERR14395466,SPEC
RCN25051,ERR14395467,GRC1
RCN25051,ERR14395468,GRC2
RCN25051,ERR14395469,SPEC
RCN25052,ERR14395470,GRC1
RCN25052,ERR14395471,GRC2
RCN25052,ERR14395472,SPEC
RCN25053,ERR14395473,GRC1
RCN25053,ERR14395474,GRC2
RCN25053,ERR14395475,SPEC
RCN25054,ERR14395476,GRC1
RCN25054,ERR14395477,GRC2
RCN25054,ERR14395478,SPEC
RCN25055,ERR14395479,GRC1
RCN25055,ERR14395480,GRC2
RCN25055,ERR14395481,SPEC
RCN25056,ERR14395482,GRC1
RCN25056,ERR14395483,GRC2
RCN25056,ERR14395484,SPEC
RCN25057,ERR14395485,GRC1
RCN25057,ERR14395486,GRC2
RCN25057,ERR14395487,SPEC
RCN25058,ERR14395488,GRC1
RCN25058,ERR14395489,GRC2
RCN25058,ERR14395490,SPEC
RCN25059,ERR14395491,GRC1
RCN25059,ERR14395492,GRC2
RCN25059,ERR14395493,SPEC
RCN25060,ERR14395494,GRC1
RCN25060,ERR14395495,GRC2
RCN25060,ERR14395496,SPEC
RCN25061,ERR14395497,GRC1
RCN25061,ERR14395498,GRC2
RCN25061,ERR14395499,SPEC
RCN25062,ERR14395500,GRC1
RCN25062,ERR14395501,GRC2
RCN25062,ERR14395502,SPEC
RCN25063,ERR14395503,GRC1
RCN25063,ERR14395504,GRC2
RCN25063,ERR14395505,SPEC
RCN25064,ERR14395506,GRC1
RCN25064,ERR14395507,GRC2
RCN25064,ERR14395508,SPEC
RCN25065,ERR14395509,GRC1
RCN25065,ERR14395510,GRC2
RCN25065,ERR14395511,SPEC
RCN25066,ERR14395512,GRC1
RCN25066,ERR14395513,GRC2
RCN25066,ERR14395514,SPEC
RCN25068,ERR14395515,GRC1
RCN25068,ERR14395516,GRC2
RCN25068,ERR14395517,SPEC
RCN25069,ERR14395518,GRC1
RCN25069,ERR14395519,GRC2
RCN25069,ERR14395520,SPEC
RCN25070,ERR14395521,GRC1
RCN25070,ERR14395522,GRC2
RCN25070,ERR14395523,SPEC
RCN25071,ERR14395524,GRC1
RCN25071,ERR14395525,GRC2
RCN25071,ERR14395526,SPEC
RCN25072,ERR14395527,GRC1
RCN25072,ERR14395528,GRC2
RCN25072,ERR14395529,SPEC
RCN25073,ERR14395530,GRC1
RCN25073,ERR14395531,GRC2
RCN25073,ERR14395532,SPEC
RCN25074,ERR14395533,GRC1
RCN25074,ERR14395534,GRC2
RCN25074,ERR14395535,SPEC
RCN25075,ERR14395536,GRC1
RCN25075,ERR14395537,GRC2
RCN25075,ERR14395538,SPEC
RCN25076,ERR14395539,GRC1
RCN25076,ERR14395540,GRC2
RCN25076,ERR14395541,SPEC
RCN25077,ERR14395542,GRC1
RCN25077,ERR14395543,GRC2
RCN25077,ERR14395544,SPEC
RCN25078,ERR14395545,GRC1
RCN25078,ERR14395546,GRC2
RCN25078,ERR14395547,SPEC
RCN25079,ERR14395548,GRC1
RCN25079,ERR14395549,GRC2
RCN25079,ERR14395550,SPEC
RCN25080,ERR14395551,GRC1
RCN25080,ERR14395552,GRC2
RCN25080,ERR14395553,SPEC
RCN25081,ERR14395554,GRC1
RCN25081,ERR14395555,GRC2
RCN25081,ERR14395556,SPEC
RCN25082,ERR14395557,GRC1
RCN25082,ERR14395558,GRC2
RCN25082,ERR14395559,SPEC
RCN25083,ERR14395560,GRC1
RCN25083,ERR14395561,GRC2
RCN25083,ERR14395562,SPEC
RCN25084,ERR14395563,GRC1
RCN25084,ERR14395564,GRC2
RCN25084,ERR14395565,SPEC
RCN25085,ERR14395566,GRC1
RCN25085,ERR14395567,GRC2
RCN25085,ERR14395568,SPEC
RCN25086,ERR14395569,GRC1
RCN25086,ERR14395570,GRC2
RCN25086,ERR14395571,SPEC
RCN25088,ERR14395572,GRC1
RCN25088,ERR14395573,GRC2
RCN25088,ERR14395574,SPEC
RCN25089,ERR14395575,GRC1
RCN25089,ERR14395576,GRC2
RCN25089,ERR14395577,SPEC
RCN25090,ERR14395578,GRC1
RCN25090,ERR14395579,GRC2
RCN25090,ERR14395580,SPEC
RCN25091,ERR14395581,GRC1
RCN25091,ERR14395582,GRC2
RCN25091,ERR14395583,SPEC
RCN25092,ERR14395584,GRC1
RCN25092,ERR14395585,GRC2
RCN25092,ERR14395586,SPEC
RCN25093,ERR14395587,GRC1
RCN25093,ERR14395588,GRC2
RCN25093,ERR14395589,SPEC
RCN25094,ERR14395590,GRC1
RCN25094,ERR14395591,GRC2
RCN25094,ERR14395592,SPEC
RCN25095,ERR14395593,GRC1
RCN25095,ERR14395594,GRC2
RCN25095,ERR14395595,SPEC
RCN25096,ERR14395596,GRC1
RCN25096,ERR14395597,GRC2
RCN25096,ERR14395598,SPEC
RCN25097,ERR14395599,GRC1
RCN25097,ERR14395600,GRC2
RCN25097,ERR14395601,SPEC
RCN25098,ERR14395602,GRC1
RCN25098,ERR14395603,GRC2
RCN25098,ERR14395604,SPEC
RCN25099,ERR14395605,GRC1
RCN25099,ERR14395606,GRC2
RCN25099,ERR14395607,SPEC
RCN25100,ERR14395608,GRC1
RCN25100,ERR14395609,GRC2
RCN25100,ERR14395610,SPEC
RCN25101,ERR14395611,GRC1
RCN25101,ERR14395612,GRC2
RCN25101,ERR14395613,SPEC
RCN25102,ERR14395614,GRC1
RCN25102,ERR14395615,GRC2
RCN25102,ERR14395616,SPEC
RCN25103,ERR14395617,GRC1
RCN25103,ERR14395618,GRC2
RCN25103,ERR14395619,SPEC
RCN25104,ERR14395620,GRC1
RCN25104,ERR14395621,GRC2
RCN25104,ERR14395622,SPEC
RCN25105,ERR14395623,GRC1
RCN25105,ERR14395624,GRC2
RCN25105,ERR14395625,SPEC
RCN25106,ERR14395626,GRC1
RCN25106,ERR14395627,GRC2
RCN25106,ERR14395628,SPEC
RCN25107,ERR14395629,GRC1
RCN25107,ERR14395630,GRC2
RCN25107,ERR14395631,SPEC
RCN25108,ERR14395632,GRC1
RCN25108,ERR14395633,GRC2
RCN25108,ERR14395634,SPEC
RCN25109,ERR14395635,GRC1
RCN25109,ERR14395636,GRC2
RCN25109,ERR14395637,SPEC
RCN25110,ERR14395638,GRC1
RCN25110,ERR14395639,GRC2
RCN25110,ERR14395640,SPEC
RCN25112,ERR14395641,GRC1
RCN25112,ERR14395642,GRC2
RCN25112,ERR14395643,SPEC
RCN25113,ERR14395644,GRC1
RCN25113,ERR14395645,GRC2
RCN25113,ERR14395646,SPEC
RCN25114,ERR14395647,GRC1
RCN25114,ERR14395648,GRC2
RCN25114,ERR14395649,SPEC
RCN25115,ERR14395650,GRC1
RCN25115,ERR14395651,GRC2
RCN25115,ERR14395652,SPEC
RCN25116,ERR14395653,GRC1
RCN25116,ERR14395654,GRC2
RCN25116,ERR14395655,SPEC
RCN25117,ERR14395656,GRC1
RCN25117,ERR14395657,GRC2
RCN25117,ERR14395658,SPEC
RCN25118,ERR14395659,GRC1
RCN25118,ERR14395660,GRC2
RCN25118,ERR14395661,SPEC
RCN25119,ERR14395662,GRC1
RCN25119,ERR14395663,GRC2
RCN25119,ERR14395664,SPEC
RCN25120,ERR14395665,GRC1
RCN25120,ERR14395666,GRC2
RCN25120,ERR14395667,SPEC
RCN25121,ERR14395668,GRC1
RCN25121,ERR14395669,GRC2
RCN25121,ERR14395670,SPEC
RCN25122,ERR14395671,GRC1
RCN25122,ERR14395672,GRC2
RCN25122,ERR14395673,SPEC
RCN25123,ERR14395674,GRC1
RCN25123,ERR14395675,GRC2
RCN25123,ERR14395676,SPEC
RCN25124,ERR14395677,GRC1
RCN25124,ERR14395678,GRC2
RCN25124,ERR14395679,SPEC
RCN25125,ERR14395680,GRC1
RCN25125,ERR14395681,GRC2
RCN25125,ERR14395682,SPEC
RCN25126,ERR14395683,GRC1
RCN25126,ERR14395684,GRC2
RCN25126,ERR14395685,SPEC
RCN25127,ERR14395686,GRC1
RCN25127,ERR14395687,GRC2
RCN25127,ERR14395688,SPEC
RCN25128,ERR14395689,GRC1
RCN25128,ERR14395690,GRC2
RCN25128,ERR14395691,SPEC
RCN25129,ERR14395692,GRC1
RCN25129,ERR14395693,GRC2
RCN25129,ERR14395694,SPEC
RCN25130,ERR14395695,GRC1
RCN25130,ERR14395696,GRC2
RCN25130,ERR14395697,SPEC
RCN25131,ERR14395698,GRC1
RCN25131,ERR14395699,GRC2
RCN25131,ERR14395700,SPEC
RCN25132,ERR14395701,GRC1
RCN25132,ERR14395702,GRC2
RCN25132,ERR14395703,SPEC
RCN25133,ERR14395704,GRC1
RCN25133,ERR14395705,GRC2
RCN25133,ERR14395706,SPEC
RCN25134,ERR14395707,GRC1
RCN25134,ERR14395708,GRC2
RCN25134,ERR14395709,SPEC
RCN25135,ERR14395710,GRC1
RCN25135,ERR14395711,GRC2
RCN25135,ERR14395712,SPEC
RCN25136,ERR14395713,GRC1
RCN25136,ERR14395714,GRC2
RCN25136,ERR14395715,SPEC
RCN25137,ERR14395716,GRC1
RCN25137,ERR14395717,GRC2
RCN25137,ERR14395718,SPEC
RCN25138,ERR14395719,GRC1
RCN25138,ERR14395720,GRC2
RCN25138,ERR14395721,SPEC
RCN25139,ERR14395722,GRC1
RCN25139,ERR14395723,GRC2
RCN25139,ERR14395724,SPEC
RCN25140,ERR14395725,GRC1
RCN25140,ERR14395726,GRC2
RCN25140,ERR14395727,SPEC
RCN25141,ERR14395728,GRC1
RCN25141,ERR14395729,GRC2
RCN25141,ERR14395730,SPEC
RCN25142,ERR14395731,GRC1
RCN25142,ERR14395732,GRC2
RCN25142,ERR14395733,SPEC
RCN25143,ERR14395734,GRC1
RCN25143,ERR14395735,GRC2
RCN25143,ERR14395736,SPEC
RCN25144,ERR14395737,GRC1
RCN25144,ERR14395738,GRC2
RCN25144,ERR14395739,SPEC
RCN25145,ERR14395740,GRC1
RCN25145,ERR14395741,GRC2
RCN25145,ERR14395742,SPEC
RCN25146,ERR14395743,GRC1
RCN25146,ERR14395744,GRC2
RCN25146,ERR14395745,SPEC
RCN25147,ERR14395746,GRC1
RCN25147,ERR14395747,GRC2
RCN25147,ERR14395748,SPEC
RCN25149,ERR14395749,GRC1
RCN25149,ERR14395750,GRC2
RCN25149,ERR14395751,SPEC
RCN25150,ERR14395752,GRC1
RCN25150,ERR14395753,GRC2
RCN25150,ERR14395754,SPEC
RCN25151,ERR14395755,GRC1
RCN25151,ERR14395756,GRC2
RCN25151,ERR14395757,SPEC
RCN25153,ERR14395758,GRC1
RCN25153,ERR14395759,GRC2
RCN25153,ERR14395760,SPEC
RCN25154,ERR14395761,GRC1
RCN25154,ERR14395762,GRC2
RCN25154,ERR14395763,SPEC
RCN25155,ERR14395764,GRC1
RCN25155,ERR14395765,GRC2
RCN25155,ERR14395766,SPEC
RCN25156,ERR14395767,GRC1
RCN25156,ERR14395768,GRC2
RCN25156,ERR14395769,SPEC
RCN25157,ERR14395770,GRC1
RCN25157,ERR14395771,GRC2
RCN25157,ERR14395772,SPEC
RCN25158,ERR14395773,GRC1
RCN25158,ERR14395774,GRC2
RCN25158,ERR14395775,SPEC
RCN25159,ERR14395776,GRC1
RCN25159,ERR14395777,GRC2
RCN25159,ERR14395778,SPEC
RCN25160,ERR14395779,GRC1
RCN25160,ERR14395780,GRC2
RCN25160,ERR14395781,SPEC
RCN25161,ERR14395782,GRC1
RCN25161,ERR14395783,GRC2
RCN25161,ERR14395784,SPEC
RCN25162,ERR14395785,GRC1
RCN25162,ERR14395786,GRC2
RCN25162,ERR14395787,SPEC
RCN25163,ERR14395788,GRC1
RCN25163,ERR14395789,GRC2
RCN25163,ERR14395790,SPEC
RCN25164,ERR14395791,GRC1
RCN25164,ERR14395792,GRC2
RCN25164,ERR14395793,SPEC
RCN25165,ERR14395794,GRC1
RCN25165,ERR14395795,GRC2
RCN25165,ERR14395796,SPEC
RCN25166,ERR14395797,GRC1
RCN25166,ERR14395798,GRC2
RCN25166,ERR14395799,SPEC
RCN25167,ERR14395800,GRC1
RCN25167,ERR14395801,GRC2
RCN25167,ERR14395802,SPEC
RCN25168,ERR14395803,GRC1
RCN25168,ERR14395804,GRC2
RCN25168,ERR14395805,SPEC
RCN25170,ERR14395806,GRC1
RCN25170,ERR14395807,GRC2
RCN25170,ERR14395808,SPEC
RCN25171,ERR14395809,GRC1
RCN25171,ERR14395810,GRC2
RCN25171,ERR14395811,SPEC
RCN25172,ERR14395812,GRC1
RCN25172,ERR14395813,GRC2
RCN25172,ERR14395814,SPEC
RCN25173,ERR14395815,GRC1
RCN25173,ERR14395816,GRC2
RCN25173,ERR14395817,SPEC
RCN25175,ERR14395818,GRC1
RCN25175,ERR14395819,GRC2
RCN25175,ERR14395820,SPEC
RCN25176,ERR14395821,GRC1
RCN25176,ERR14395822,GRC2
RCN25176,ERR14395823,SPEC
RCN25177,ERR14395824,GRC1
RCN25177,ERR14395825,GRC2
RCN25177,ERR14395826,SPEC
RCN25178,ERR14395827,GRC1
RCN25178,ERR14395828,GRC2
RCN25178,ERR14395829,SPEC
RCN25179,ERR14395830,GRC1
RCN25179,ERR14395831,GRC2
RCN25179,ERR14395832,SPEC
RCN25180,ERR14395833,GRC1
RCN25180,ERR14395834,GRC2
RCN25180,ERR14395835,SPEC
RCN25181,ERR14395836,GRC1
RCN25181,ERR14395837,GRC2
RCN25181,ERR14395838,SPEC
RCN25182,ERR14395839,GRC1
RCN25182,ERR14395840,GRC2
RCN25182,ERR14395841,SPEC
RCN25183,ERR14395842,GRC1
RCN25183,ERR14395843,GRC2
RCN25183,ERR14395844,SPEC
RCN25184,ERR14395845,GRC1
RCN25184,ERR14395846,GRC2
RCN25184,ERR14395847,SPEC
RCN25185,ERR14395848,GRC1
RCN25185,ERR14395849,GRC2
RCN25185,ERR14395850,SPEC
RCN25186,ERR14395851,GRC1
RCN25186,ERR14395852,GRC2
RCN25186,ERR14395853,SPEC
RCN25187,ERR14395854,GRC1
RCN25187,ERR14395855,GRC2
RCN25187,ERR14395856,SPEC
RCN25188,ERR14395857,GRC1
RCN25188,ERR14395858,GRC2
RCN25188,ERR14395859,SPEC
RCN25189,ERR14395860,GRC1
RCN25189,ERR14395861,GRC2
RCN25189,ERR14395862,SPEC
RCN25190,ERR14395863,GRC1
RCN25190,ERR14395864,GRC2
RCN25190,ERR14395865,SPEC
RCN25192,ERR14395866,GRC1
RCN25192,ERR14395867,GRC2
RCN25192,ERR14395868,SPEC
RCN25193,ERR14395869,GRC1
RCN25193,ERR14395870,GRC2
RCN25193,ERR14395871,SPEC
RCN25194,ERR14395872,GRC1
RCN25194,ERR14395873,GRC2
RCN25194,ERR14395874,SPEC
RCN25196,ERR14395875,GRC1
RCN25196,ERR14395876,GRC2
RCN25196,ERR14395877,SPEC
RCN25197,ERR14395878,GRC1
RCN25197,ERR14395879,GRC2
RCN25197,ERR14395880,SPEC
RCN25198,ERR14395881,GRC1
RCN25198,ERR14395882,GRC2
RCN25198,ERR14395883,SPEC
RCN25199,ERR14395884,GRC1
RCN25199,ERR14395885,GRC2
RCN25199,ERR14395886,SPEC
RCN25200,ERR14395887,GRC1
RCN25200,ERR14395888,GRC2
RCN25200,ERR14395889,SPEC
RCN25201,ERR14395890,GRC1
RCN25201,ERR14395891,GRC2
RCN25201,ERR14395892,SPEC
RCN25202,ERR14395893,GRC1
RCN25202,ERR14395894,GRC2
RCN25202,ERR14395895,SPEC
RCN25203,ERR14395896,GRC1
RCN25203,ERR14395897,GRC2
RCN25203,ERR14395898,SPEC
RCN25204,ERR14395899,GRC1
RCN25204,ERR14395900,GRC2
RCN25204,ERR14395901,SPEC
RCN25205,ERR14395902,GRC1
RCN25205,ERR14395903,GRC2
RCN25205,ERR14395904,SPEC
RCN25206,ERR14395905,GRC1
RCN25206,ERR14395906,GRC2
RCN25206,ERR14395907,SPEC
RCN25207,ERR14395908,GRC1
RCN25207,ERR14395909,GRC2
RCN25207,ERR14395910,SPEC
RCN25208,ERR14395911,GRC1
RCN25208,ERR14395912,GRC2
RCN25208,ERR14395913,SPEC
RCN25209,ERR14395914,GRC1
RCN25209,ERR14395915,GRC2
RCN25209,ERR14395916,SPEC
RCN25210,ERR14395917,GRC1
RCN25210,ERR14395918,GRC2
RCN25210,ERR14395919,SPEC
RCN25211,ERR14395920,GRC1
RCN25211,ERR14395921,GRC2
RCN25211,ERR14395922,SPEC
RCN25213,ERR14395923,GRC1
RCN25213,ERR14395924,GRC2
RCN25213,ERR14395925,SPEC
RCN25214,ERR14395926,GRC1
RCN25214,ERR14395927,GRC2
RCN25214,ERR14395928,SPEC
RCN25215,ERR14395929,GRC1
RCN25215,ERR14395930,GRC2
RCN25215,ERR14395931,SPEC
RCN25218,ERR14395932,GRC1
RCN25218,ERR14395933,GRC2
RCN25218,ERR14395934,SPEC
RCN25219,ERR14395935,GRC1
RCN25219,ERR14395936,GRC2
RCN25219,ERR14395937,SPEC
RCN25220,ERR14395938,GRC1
RCN25220,ERR14395939,GRC2
RCN25220,ERR14395940,SPEC
RCN25221,ERR14395941,GRC1
RCN25221,ERR14395942,GRC2
RCN25221,ERR14395943,SPEC
RCN25223,ERR14395944,GRC1
RCN25223,ERR14395945,GRC2
RCN25223,ERR14395946,SPEC
RCN25224,ERR14395947,GRC1
RCN25224,ERR14395948,GRC2
RCN25224,ERR14395949,SPEC
RCN25225,ERR14395950,GRC1
RCN25225,ERR14395951,GRC2
RCN25225,ERR14395952,SPEC
RCN25227,ERR14395953,GRC1
RCN25227,ERR14395954,GRC2
RCN25227,ERR14395955,SPEC
RCN25228,ERR14395956,GRC1
RCN25228,ERR14395957,GRC2
RCN25228,ERR14395958,SPEC
RCN25229,ERR14395959,GRC1
RCN25229,ERR14395960,GRC2
RCN25229,ERR14395961,SPEC
RCN25230,ERR14395962,GRC1
RCN25230,ERR14395963,GRC2
RCN25230,ERR14395964,SPEC
RCN25232,ERR14395965,GRC1
RCN25232,ERR14395966,GRC2
RCN25232,ERR14395967,SPEC
RCN25233,ERR14395968,GRC1
RCN25233,ERR14395969,GRC2
RCN25233,ERR14395970,SPEC
RCN25234,ERR14395971,GRC1
RCN25234,ERR14395972,GRC2
RCN25234,ERR14395973,SPEC
RCN25235,ERR14395974,GRC1
RCN25235,ERR14395975,GRC2
RCN25235,ERR14395976,SPEC
RCN25236,ERR14395977,GRC1
RCN25236,ERR14395978,GRC2
RCN25236,ERR14395979,SPEC
RCN25238,ERR14395980,GRC1
RCN25238,ERR14395981,GRC2
RCN25238,ERR14395982,SPEC
RCN25239,ERR14395983,GRC1
RCN25239,ERR14395984,GRC2
RCN25239,ERR14395985,SPEC
RCN25240,ERR14395986,GRC1
RCN25240,ERR14395987,GRC2
RCN25240,ERR14395988,SPEC
RCN25242,ERR14395989,GRC1
RCN25242,ERR14395990,GRC2
RCN25242,ERR14395991,SPEC
RCN25243,ERR14395992,GRC1
RCN25243,ERR14395993,GRC2
RCN25243,ERR14395994,SPEC
RCN25244,ERR14395995,GRC1
RCN25244,ERR14395996,GRC2
RCN25244,ERR14395997,SPEC
RCN25245,ERR14395998,GRC1
RCN25245,ERR14395999,GRC2
RCN25245,ERR14396000,SPEC
RCN25246,ERR14396001,GRC1
RCN25246,ERR14396002,GRC2
RCN25246,ERR14396003,SPEC
RCN25249,ERR14396004,GRC1
RCN25249,ERR14396005,GRC2
RCN25249,ERR14396006,SPEC
RCN25251,ERR14396007,GRC1
RCN25251,ERR14396008,GRC2
RCN25251,ERR14396009,SPEC
RCN25252,ERR14396010,GRC1
RCN25252,ERR14396011,GRC2
RCN25252,ERR14396012,SPEC
RCN25253,ERR14396013,GRC1
RCN25253,ERR14396014,GRC2
RCN25253,ERR14396015,SPEC
RCN25254,ERR14396016,GRC1
RCN25254,ERR14396017,GRC2
RCN25254,ERR14396018,SPEC
RCN25255,ERR14396019,GRC1
RCN25255,ERR14396020,GRC2
RCN25255,ERR14396021,SPEC
RCN25256,ERR14396022,GRC1
RCN25256,ERR14396023,GRC2
RCN25256,ERR14396024,SPEC
RCN25257,ERR14396025,GRC1
RCN25257,ERR14396026,GRC2
RCN25257,ERR14396027,SPEC
RCN25259,ERR14396028,GRC1
RCN25259,ERR14396029,GRC2
RCN25259,ERR14396030,SPEC
RCN25260,ERR14396031,GRC1
RCN25260,ERR14396032,GRC2
RCN25260,ERR14396033,SPEC
RCN25263,ERR14396034,GRC1
RCN25263,ERR14396035,GRC2
RCN25263,ERR14396036,SPEC
RCN25264,ERR14396037,GRC1
RCN25264,ERR14396038,GRC2
RCN25264,ERR14396039,SPEC
RCN25266,ERR14396040,GRC1
RCN25266,ERR14396041,GRC2
RCN25266,ERR14396042,SPEC
RCN25267,ERR14396043,GRC1
RCN25267,ERR14396044,GRC2
RCN25267,ERR14396045,SPEC
RCN25271,ERR14396046,GRC1
RCN25271,ERR14396047,GRC2
RCN25271,ERR14396048,SPEC
RCN25272,ERR14396049,GRC1
RCN25272,ERR14396050,GRC2
RCN25272,ERR14396051,SPEC
RCN25273,ERR14396052,GRC1
RCN25273,ERR14396053,GRC2
RCN25273,ERR14396054,SPEC
RCN25274,ERR14396055,GRC1
RCN25274,ERR14396056,GRC2
RCN25274,ERR14396057,SPEC
RCN25275,ERR14396058,GRC1
RCN25275,ERR14396059,GRC2
RCN25275,ERR14396060,SPEC
RCN25276,ERR14396061,GRC1
RCN25276,ERR14396062,GRC2
RCN25276,ERR14396063,SPEC
RCN25279,ERR14396064,GRC1
RCN25279,ERR14396065,GRC2
RCN25279,ERR14396066,SPEC
RCN25280,ERR14396067,GRC1
RCN25280,ERR14396068,GRC2
RCN25280,ERR14396069,SPEC
RCN25281,ERR14396070,GRC1
RCN25281,ERR14396071,GRC2
RCN25281,ERR14396072,SPEC
RCN25282,ERR14396073,GRC1
RCN25282,ERR14396074,GRC2
RCN25282,ERR14396075,SPEC
RCN25283,ERR14396076,GRC1
RCN25283,ERR14396077,GRC2
RCN25283,ERR14396078,SPEC
RCN25284,ERR14396079,GRC1
RCN25284,ERR14396080,GRC2
RCN25284,ERR14396081,SPEC
RCN25285,ERR14396082,GRC1
RCN25285,ERR14396083,GRC2
RCN25285,ERR14396084,SPEC
RCN25287,ERR14396085,GRC1
RCN25287,ERR14396086,GRC2
RCN25287,ERR14396087,SPEC
RCN25288,ERR14396088,GRC1
RCN25288,ERR14396089,GRC2
RCN25288,ERR14396090,SPEC
RCN25289,ERR14396091,GRC1
RCN25289,ERR14396092,GRC2
RCN25289,ERR14396093,SPEC
RCN25290,ERR14396094,GRC1
RCN25290,ERR14396095,GRC2
RCN25290,ERR14396096,SPEC
RCN25291,ERR14396097,GRC1
RCN25291,ERR14396098,GRC2
RCN25291,ERR14396099,SPEC
RCN25292,ERR14396100,GRC1
RCN25292,ERR14396101,GRC2
RCN25292,ERR14396102,SPEC
RCN25293,ERR14396103,GRC1
RCN25293,ERR14396104,GRC2
RCN25293,ERR14396105,SPEC
RCN25294,ERR14396106,GRC1
RCN25294,ERR14396107,GRC2
RCN25294,ERR14396108,SPEC
RCN25295,ERR14396109,GRC1
RCN25295,ERR14396110,GRC2
RCN25295,ERR14396111,SPEC
RCN25296,ERR14396112,GRC1
RCN25296,ERR14396113,GRC2
RCN25296,ERR14396114,SPEC
RCN25297,ERR14396115,GRC1
RCN25297,ERR14396116,GRC2
RCN25297,ERR14396117,SPEC
RCN25298,ERR14396118,GRC1
RCN25298,ERR14396119,GRC2
RCN25298,ERR14396120,SPEC
RCN25299,ERR14396121,GRC1
RCN25299,ERR14396122,GRC2
RCN25299,ERR14396123,SPEC
RCN25301,ERR14396124,GRC1
RCN25301,ERR14396125,GRC2
RCN25301,ERR14396126,SPEC
RCN25302,ERR14396127,GRC1
RCN25302,ERR14396128,GRC2
RCN25302,ERR14396129,SPEC
RCN25303,ERR14396130,GRC1
RCN25303,ERR14396131,GRC2
RCN25303,ERR14396132,SPEC
RCN25304,ERR14396133,GRC1
RCN25304,ERR14396134,GRC2
RCN25304,ERR14396135,SPEC
RCN25305,ERR14396136,GRC1
RCN25305,ERR14396137,GRC2
RCN25305,ERR14396138,SPEC
RCN25306,ERR14396139,GRC1
RCN25306,ERR14396140,GRC2
RCN25306,ERR14396141,SPEC
RCN25307,ERR14396142,GRC1
RCN25307,ERR14396143,GRC2
RCN25307,ERR14396144,SPEC
RCN25308,ERR14396145,GRC1
RCN25308,ERR14396146,GRC2
RCN25308,ERR14396147,SPEC
RCN25309,ERR14396148,GRC1
RCN25309,ERR14396149,GRC2
RCN25309,ERR14396150,SPEC
RCN25311,ERR14396151,GRC1
RCN25311,ERR14396152,GRC2
RCN25311,ERR14396153,SPEC
RCN25312,ERR14396154,GRC1
RCN25312,ERR14396155,GRC2
RCN25312,ERR14396156,SPEC
RCN25313,ERR14396157,GRC1
RCN25313,ERR14396158,GRC2
RCN25313,ERR14396159,SPEC
RCN25314,ERR14396160,GRC1
RCN25314,ERR14396161,GRC2
RCN25314,ERR14396162,SPEC
RCN25316,ERR14396163,GRC1
RCN25316,ERR14396164,GRC2
RCN25316,ERR14396165,SPEC
RCN25317,ERR14396166,GRC1
RCN25317,ERR14396167,GRC2
RCN25317,ERR14396168,SPEC
RCN25318,ERR14396169,GRC1
RCN25318,ERR14396170,GRC2
RCN25318,ERR14396171,SPEC
RCN25319,ERR14396172,GRC1
RCN25319,ERR14396173,GRC2
RCN25319,ERR14396174,SPEC
RCN25320,ERR14396175,GRC1
RCN25320,ERR14396176,GRC2
RCN25320,ERR14396177,SPEC
RCN25323,ERR14396178,GRC1
RCN25323,ERR14396179,GRC2
RCN25323,ERR14396180,SPEC
RCN25325,ERR14396181,GRC1
RCN25325,ERR14396182,GRC2
RCN25325,ERR14396183,SPEC
RCN25326,ERR14396184,GRC1
RCN25326,ERR14396185,GRC2
RCN25326,ERR14396186,SPEC
RCN25327,ERR14396187,GRC1
RCN25327,ERR14396188,GRC2
RCN25327,ERR14396189,SPEC
RCN25329,ERR14396190,GRC1
RCN25329,ERR14396191,GRC2
RCN25329,ERR14396192,SPEC
RCN25330,ERR14396193,GRC1
RCN25330,ERR14396194,GRC2
RCN25330,ERR14396195,SPEC
RCN25332,ERR14396196,GRC1
RCN25332,ERR14396197,GRC2
RCN25332,ERR14396198,SPEC
RCN25333,ERR14396199,GRC1
RCN25333,ERR14396200,GRC2
RCN25333,ERR14396201,SPEC
RCN25335,ERR14396202,GRC1
RCN25335,ERR14396203,GRC2
RCN25335,ERR14396204,SPEC
RCN25337,ERR14396205,GRC1
RCN25337,ERR14396206,GRC2
RCN25337,ERR14396207,SPEC
RCN25338,ERR14396208,GRC1
RCN25338,ERR14396209,GRC2
RCN25338,ERR14396210,SPEC
RCN25339,ERR14396211,GRC1
RCN25339,ERR14396212,GRC2
RCN25339,ERR14396213,SPEC
RCN25340,ERR14396214,GRC1
RCN25340,ERR14396215,GRC2
RCN25340,ERR14396216,SPEC
RCN25341,ERR14396217,GRC1
RCN25341,ERR14396218,GRC2
RCN25341,ERR14396219,SPEC
RCN25342,ERR14396220,GRC1
RCN25342,ERR14396221,GRC2
RCN25342,ERR14396222,SPEC
RCN25343,ERR14396223,GRC1
RCN25343,ERR14396224,GRC2
RCN25343,ERR14396225,SPEC
RCN25344,ERR14396226,GRC1
RCN25344,ERR14396227,GRC2
RCN25344,ERR14396228,SPEC
RCN25345,ERR14396229,GRC1
RCN25345,ERR14396230,GRC2
RCN25345,ERR14396231,SPEC
RCN25346,ERR14396232,GRC1
RCN25346,ERR14396233,GRC2
RCN25346,ERR14396234,SPEC
RCN25347,ERR14396235,GRC1
RCN25347,ERR14396236,GRC2
RCN25347,ERR14396237,SPEC
RCN25348,ERR14396238,GRC1
RCN25348,ERR14396239,GRC2
RCN25348,ERR14396240,SPEC
RCN25349,ERR14396241,GRC1
RCN25349,ERR14396242,GRC2
RCN25349,ERR14396243,SPEC
RCN25350,ERR14396244,GRC1
RCN25350,ERR14396245,GRC2
RCN25350,ERR14396246,SPEC
RCN25351,ERR14396247,GRC1
RCN25351,ERR14396248,GRC2
RCN25351,ERR14396249,SPEC
RCN25352,ERR14396250,GRC1
RCN25352,ERR14396251,GRC2
RCN25352,ERR14396252,SPEC
RCN25353,ERR14396253,GRC1
RCN25353,ERR14396254,GRC2
RCN25353,ERR14396255,SPEC
RCN25354,ERR14396256,GRC1
RCN25354,ERR14396257,GRC2
RCN25354,ERR14396258,SPEC
RCN25355,ERR14396259,GRC1
RCN25355,ERR14396260,GRC2
RCN25355,ERR14396261,SPEC
RCN25356,ERR14396262,GRC1
RCN25356,ERR14396263,GRC2
RCN25356,ERR14396264,SPEC
RCN25357,ERR14396265,GRC1
RCN25357,ERR14396266,GRC2
RCN25357,ERR14396267,SPEC
RCN25358,ERR14396268,GRC1
RCN25358,ERR14396269,GRC2
RCN25358,ERR14396270,SPEC
RCN25359,ERR14396271,GRC1
RCN25359,ERR14396272,GRC2
RCN25359,ERR14396273,SPEC
RCN25360,ERR14396274,GRC1
RCN25360,ERR14396275,GRC2
RCN25360,ERR14396276,SPEC
RCN25813,ERR14396277,GRC1
RCN25813,ERR14396278,GRC2
RCN25813,ERR14396279,SPEC
RCN25814,ERR14396280,GRC1
RCN25814,ERR14396281,GRC2
RCN25814,ERR14396282,SPEC
RCN25815,ERR14396283,GRC1
RCN25815,ERR14396284,GRC2
RCN25815,ERR14396285,SPEC
RCN25819,ERR14396286,GRC1
RCN25819,ERR14396287,GRC2
RCN25819,ERR14396288,SPEC
RCN25820,ERR14396289,GRC1
RCN25820,ERR14396290,GRC2
RCN25820,ERR14396291,SPEC
RCN25821,ERR14396292,GRC1
RCN25821,ERR14396293,GRC2
RCN25821,ERR14396294,SPEC
RCN25822,ERR14396295,GRC1
RCN25822,ERR14396296,GRC2
RCN25822,ERR14396297,SPEC
RCN25824,ERR14396298,GRC1
RCN25824,ERR14396299,GRC2
RCN25824,ERR14396300,SPEC
RCN25825,ERR14396301,GRC1
RCN25825,ERR14396302,GRC2
RCN25825,ERR14396303,SPEC
RCN25826,ERR14396304,GRC1
RCN25826,ERR14396305,GRC2
RCN25826,ERR14396306,SPEC
RCN25827,ERR14396307,GRC1
RCN25827,ERR14396308,GRC2
RCN25827,ERR14396309,SPEC
RCN25828,ERR14396310,GRC1
RCN25828,ERR14396311,GRC2
RCN25828,ERR14396312,SPEC
RCN25829,ERR14396313,GRC1
RCN25829,ERR14396314,GRC2
RCN25829,ERR14396315,SPEC
RCN25830,ERR14396316,GRC1
RCN25830,ERR14396317,GRC2
RCN25830,ERR14396318,SPEC
RCN25831,ERR14396319,GRC1
RCN25831,ERR14396320,GRC2
RCN25831,ERR14396321,SPEC
RCN25832,ERR14396322,GRC1
RCN25832,ERR14396323,GRC2
RCN25832,ERR14396324,SPEC
RCN25833,ERR14396325,GRC1
RCN25833,ERR14396326,GRC2
RCN25833,ERR14396327,SPEC
RCN25836,ERR14396328,GRC1
RCN25836,ERR14396329,GRC2
RCN25836,ERR14396330,SPEC
RCN25838,ERR14396331,GRC1
RCN25838,ERR14396332,GRC2
RCN25838,ERR14396333,SPEC
RCN25844,ERR14396334,GRC1
RCN25844,ERR14396335,GRC2
RCN25844,ERR14396336,SPEC
RCN25845,ERR14396337,GRC1
RCN25845,ERR14396338,GRC2
RCN25845,ERR14396339,SPEC
RCN25846,ERR14396340,GRC1
RCN25846,ERR14396341,GRC2
RCN25846,ERR14396342,SPEC
RCN25847,ERR14396343,GRC1
RCN25847,ERR14396344,GRC2
RCN25847,ERR14396345,SPEC
RCN25848,ERR14396346,GRC1
RCN25848,ERR14396347,GRC2
RCN25848,ERR14396348,SPEC
RCN25849,ERR14396349,GRC1
RCN25849,ERR14396350,GRC2
RCN25849,ERR14396351,SPEC
RCN25850,ERR14396352,GRC1
RCN25850,ERR14396353,GRC2
RCN25850,ERR14396354,SPEC
RCN25851,ERR14396355,GRC1
RCN25851,ERR14396356,GRC2
RCN25851,ERR14396357,SPEC
RCN25853,ERR14396358,GRC1
RCN25853,ERR14396359,GRC2
RCN25853,ERR14396360,SPEC
RCN25854,ERR14396361,GRC1
RCN25854,ERR14396362,GRC2
RCN25854,ERR14396363,SPEC
RCN25856,ERR14396364,GRC1
RCN25856,ERR14396365,GRC2
RCN25856,ERR14396366,SPEC
RCN25857,ERR14396367,GRC1
RCN25857,ERR14396368,GRC2
RCN25857,ERR14396369,SPEC
RCN25859,ERR14396370,GRC1
RCN25859,ERR14396371,GRC2
RCN25859,ERR14396372,SPEC
RCN25861,ERR14396373,GRC1
RCN25861,ERR14396374,GRC2
RCN25861,ERR14396375,SPEC
RCN25863,ERR14396376,GRC1
RCN25863,ERR14396377,GRC2
RCN25863,ERR14396378,SPEC
RCN25864,ERR14396379,GRC1
RCN25864,ERR14396380,GRC2
RCN25864,ERR14396381,SPEC
RCN25865,ERR14396382,GRC1
RCN25865,ERR14396383,GRC2
RCN25865,ERR14396384,SPEC
RCN25866,ERR14396385,GRC1
RCN25866,ERR14396386,GRC2
RCN25866,ERR14396387,SPEC
RCN25868,ERR14396388,GRC1
RCN25868,ERR14396389,GRC2
RCN25868,ERR14396390,SPEC
RCN25869,ERR14396391,GRC1
RCN25869,ERR14396392,GRC2
RCN25869,ERR14396393,SPEC
RCN25870,ERR14396394,GRC1
RCN25870,ERR14396395,GRC2
RCN25870,ERR14396396,SPEC
RCN25871,ERR14396397,GRC1
RCN25871,ERR14396398,GRC2
RCN25871,ERR14396399,SPEC
RCN25872,ERR14396400,GRC1
RCN25872,ERR14396401,GRC2
RCN25872,ERR14396402,SPEC
RCN25874,ERR14396403,GRC1
RCN25874,ERR14396404,GRC2
RCN25874,ERR14396405,SPEC
RCN25875,ERR14396406,GRC1
RCN25875,ERR14396407,GRC2
RCN25875,ERR14396408,SPEC
RCN25877,ERR14396409,GRC1
RCN25877,ERR14396410,GRC2
RCN25877,ERR14396411,SPEC
RCN25879,ERR14396412,GRC1
RCN25879,ERR14396413,GRC2
RCN25879,ERR14396414,SPEC
RCN25880,ERR14396415,GRC1
RCN25880,ERR14396416,GRC2
RCN25880,ERR14396417,SPEC
RCN25881,ERR14396418,GRC1
RCN25881,ERR14396419,GRC2
RCN25881,ERR14396420,SPEC
RCN25882,ERR14396421,GRC1
RCN25882,ERR14396422,GRC2
RCN25882,ERR14396423,SPEC
RCN25883,ERR14396424,GRC1
RCN25883,ERR14396425,GRC2
RCN25883,ERR14396426,SPEC
RCN25884,ERR14396427,GRC1
RCN25884,ERR14396428,GRC2
RCN25884,ERR14396429,SPEC
RCN25885,ERR14396430,GRC1
RCN25885,ERR14396431,GRC2
RCN25885,ERR14396432,SPEC
RCN25886,ERR14396433,GRC1
RCN25886,ERR14396434,GRC2
RCN25886,ERR14396435,SPEC
RCN25887,ERR14396436,GRC1
RCN25887,ERR14396437,GRC2
RCN25887,ERR14396438,SPEC
RCN25888,ERR14396439,GRC1
RCN25888,ERR14396440,GRC2
RCN25888,ERR14396441,SPEC
RCN25889,ERR14396442,GRC1
RCN25889,ERR14396443,GRC2
RCN25889,ERR14396444,SPEC
RCN25890,ERR14396445,GRC1
RCN25890,ERR14396446,GRC2
RCN25890,ERR14396447,SPEC
RCN25891,ERR14396448,GRC1
RCN25891,ERR14396449,GRC2
RCN25891,ERR14396450,SPEC
RCN25892,ERR14396451,GRC1
RCN25892,ERR14396452,GRC2
RCN25892,ERR14396453,SPEC
RCN25893,ERR14396454,GRC1
RCN25893,ERR14396455,GRC2
RCN25893,ERR14396456,SPEC
RCN25894,ERR14396457,GRC1
RCN25894,ERR14396458,GRC2
RCN25894,ERR14396459,SPEC
RCN25895,ERR14396460,GRC1
RCN25895,ERR14396461,GRC2
RCN25895,ERR14396462,SPEC
RCN25896,ERR14396463,GRC1
RCN25896,ERR14396464,GRC2
RCN25896,ERR14396465,SPEC
RCN25897,ERR14396466,GRC1
RCN25897,ERR14396467,GRC2
RCN25897,ERR14396468,SPEC
RCN25898,ERR14396469,GRC1
RCN25898,ERR14396470,GRC2
RCN25898,ERR14396471,SPEC
RCN25899,ERR14396472,GRC1
RCN25899,ERR14396473,GRC2
RCN25899,ERR14396474,SPEC
RCN25901,ERR14396475,GRC1
RCN25901,ERR14396476,GRC2
RCN25901,ERR14396477,SPEC
RCN25902,ERR14396478,GRC1
RCN25902,ERR14396479,GRC2
RCN25902,ERR14396480,SPEC
RCN25903,ERR14396481,GRC1
RCN25903,ERR14396482,GRC2
RCN25903,ERR14396483,SPEC
RCN25904,ERR14396484,GRC1
RCN25904,ERR14396485,GRC2
RCN25904,ERR14396486,SPEC
RCN25906,ERR14396487,GRC1
RCN25906,ERR14396488,GRC2
RCN25906,ERR14396489,SPEC
RCN25907,ERR14396490,GRC1
RCN25907,ERR14396491,GRC2
RCN25907,ERR14396492,SPEC
RCN25908,ERR14396493,GRC1
RCN25908,ERR14396494,GRC2
RCN25908,ERR14396495,SPEC
RCN25910,ERR14396496,GRC1
RCN25910,ERR14396497,GRC2
RCN25910,ERR14396498,SPEC
RCN25911,ERR14396499,GRC1
RCN25911,ERR14396500,GRC2
RCN25911,ERR14396501,SPEC
RCN25912,ERR14396502,GRC1
RCN25912,ERR14396503,GRC2
RCN25912,ERR14396504,SPEC
RCN25913,ERR14396505,GRC1
RCN25913,ERR14396506,GRC2
RCN25913,ERR14396507,SPEC
RCN25914,ERR14396508,GRC1
RCN25914,ERR14396509,GRC2
RCN25914,ERR14396510,SPEC
RCN25915,ERR14396511,GRC1
RCN25915,ERR14396512,GRC2
RCN25915,ERR14396513,SPEC
RCN25916,ERR14396514,GRC1
RCN25916,ERR14396515,GRC2
RCN25916,ERR14396516,SPEC
RCN25917,ERR14396517,GRC1
RCN25917,ERR14396518,GRC2
RCN25917,ERR14396519,SPEC
RCN25918,ERR14396520,GRC1
RCN25918,ERR14396521,GRC2
RCN25918,ERR14396522,SPEC
RCN25919,ERR14396523,GRC1
RCN25919,ERR14396524,GRC2
RCN25919,ERR14396525,SPEC
RCN25920,ERR14396526,GRC1
RCN25920,ERR14396527,GRC2
RCN25920,ERR14396528,SPEC
RCN25921,ERR14396529,GRC1
RCN25921,ERR14396530,GRC2
RCN25921,ERR14396531,SPEC
RCN25922,ERR14396532,GRC1
RCN25922,ERR14396533,GRC2
RCN25922,ERR14396534,SPEC
RCN25923,ERR14396535,GRC1
RCN25923,ERR14396536,GRC2
RCN25923,ERR14396537,SPEC
RCN25924,ERR14396538,GRC1
RCN25924,ERR14396539,GRC2
RCN25924,ERR14396540,SPEC
RCN25926,ERR14396541,GRC1
RCN25926,ERR14396542,GRC2
RCN25926,ERR14396543,SPEC
RCN25927,ERR14396544,GRC1
RCN25927,ERR14396545,GRC2
RCN25927,ERR14396546,SPEC
RCN25928,ERR14396547,GRC1
RCN25928,ERR14396548,GRC2
RCN25928,ERR14396549,SPEC
RCN25929,ERR14396550,GRC1
RCN25929,ERR14396551,GRC2
RCN25929,ERR14396552,SPEC
RCN25930,ERR14396553,GRC1
RCN25930,ERR14396554,GRC2
RCN25930,ERR14396555,SPEC
RCN25931,ERR14396556,GRC1
RCN25931,ERR14396557,GRC2
RCN25931,ERR14396558,SPEC
RCN25932,ERR14396559,GRC1
RCN25932,ERR14396560,GRC2
RCN25932,ERR14396561,SPEC
RCN25933,ERR14396562,GRC1
RCN25933,ERR14396563,GRC2
RCN25933,ERR14396564,SPEC
RCN25934,ERR14396565,GRC1
RCN25934,ERR14396566,GRC2
RCN25934,ERR14396567,SPEC
RCN25935,ERR14396568,GRC1
RCN25935,ERR14396569,GRC2
RCN25935,ERR14396570,SPEC
RCN25936,ERR14396571,GRC1
RCN25936,ERR14396572,GRC2
RCN25936,ERR14396573,SPEC
RCN25937,ERR14396574,GRC1
RCN25937,ERR14396575,GRC2
RCN25937,ERR14396576,SPEC
RCN25939,ERR14396577,GRC1
RCN25939,ERR14396578,GRC2
RCN25939,ERR14396579,SPEC
RCN25940,ERR14396580,GRC1
RCN25940,ERR14396581,GRC2
RCN25940,ERR14396582,SPEC
RCN25941,ERR14396583,GRC1
RCN25941,ERR14396584,GRC2
RCN25941,ERR14396585,SPEC
RCN25942,ERR14396586,GRC1
RCN25942,ERR14396587,GRC2
RCN25942,ERR14396588,SPEC
RCN25943,ERR14396589,GRC1
RCN25943,ERR14396590,GRC2
RCN25943,ERR14396591,SPEC
RCN25944,ERR14396592,GRC1
RCN25944,ERR14396593,GRC2
RCN25944,ERR14396594,SPEC
RCN25945,ERR14396595,GRC1
RCN25945,ERR14396596,GRC2
RCN25945,ERR14396597,SPEC
RCN25946,ERR14396598,GRC1
RCN25946,ERR14396599,GRC2
RCN25946,ERR14396600,SPEC
RCN25947,ERR14396601,GRC1
RCN25947,ERR14396602,GRC2
RCN25947,ERR14396603,SPEC
RCN25951,ERR14396604,GRC1
RCN25951,ERR14396605,GRC2
RCN25951,ERR14396606,SPEC
RCN25952,ERR14396607,GRC1
RCN25952,ERR14396608,GRC2
RCN25952,ERR14396609,SPEC
RCN25953,ERR14396610,GRC1
RCN25953,ERR14396611,GRC2
RCN25953,ERR14396612,SPEC
RCN25954,ERR14396613,GRC1
RCN25954,ERR14396614,GRC2
RCN25954,ERR14396615,SPEC
RCN25955,ERR14396616,GRC1
RCN25955,ERR14396617,GRC2
RCN25955,ERR14396618,SPEC
RCN25956,ERR14396619,GRC1
RCN25956,ERR14396620,GRC2
RCN25956,ERR14396621,SPEC
RCN25957,ERR14396622,GRC1
RCN25957,ERR14396623,GRC2
RCN25957,ERR14396624,SPEC
RCN25958,ERR14396625,GRC1
RCN25958,ERR14396626,GRC2
RCN25958,ERR14396627,SPEC
RCN25959,ERR14396628,GRC1
RCN25959,ERR14396629,GRC2
RCN25959,ERR14396630,SPEC
RCN25960,ERR14396631,GRC1
RCN25960,ERR14396632,GRC2
RCN25960,ERR14396633,SPEC
RCN25961,ERR14396634,GRC1
RCN25961,ERR14396635,GRC2
RCN25961,ERR14396636,SPEC
RCN25962,ERR14396637,GRC1
RCN25962,ERR14396638,GRC2
RCN25962,ERR14396639,SPEC
RCN25963,ERR14396640,GRC1
RCN25963,ERR14396641,GRC2
RCN25963,ERR14396642,SPEC
RCN25964,ERR14396643,GRC1
RCN25964,ERR14396644,GRC2
RCN25964,ERR14396645,SPEC
RCN25965,ERR14396646,GRC1
RCN25965,ERR14396647,GRC2
RCN25965,ERR14396648,SPEC
RCN25966,ERR14396649,GRC1
RCN25966,ERR14396650,GRC2
RCN25966,ERR14396651,SPEC
RCN25967,ERR14396652,GRC1
RCN25967,ERR14396653,GRC2
RCN25967,ERR14396654,SPEC
RCN25968,ERR14396655,GRC1
RCN25968,ERR14396656,GRC2
RCN25968,ERR14396657,SPEC
RCN25969,ERR14396658,GRC1
RCN25969,ERR14396659,GRC2
RCN25969,ERR14396660,SPEC
RCN25971,ERR14396661,GRC1
RCN25971,ERR14396662,GRC2
RCN25971,ERR14396663,SPEC
RCN25974,ERR14396664,GRC1
RCN25974,ERR14396665,GRC2
RCN25974,ERR14396666,SPEC
RCN25975,ERR14396667,GRC1
RCN25975,ERR14396668,GRC2
RCN25975,ERR14396669,SPEC
RCN25976,ERR14396670,GRC1
RCN25976,ERR14396671,GRC2
RCN25976,ERR14396672,SPEC
RCN25978,ERR14396673,GRC1
RCN25978,ERR14396674,GRC2
RCN25978,ERR14396675,SPEC
RCN25979,ERR14396676,GRC1
RCN25979,ERR14396677,GRC2
RCN25979,ERR14396678,SPEC
RCN25980,ERR14396679,GRC1
RCN25980,ERR14396680,GRC2
RCN25980,ERR14396681,SPEC
RCN25982,ERR14396682,GRC1
RCN25982,ERR14396683,GRC2
RCN25982,ERR14396684,SPEC
RCN25983,ERR14396685,GRC1
RCN25983,ERR14396686,GRC2
RCN25983,ERR14396687,SPEC
RCN25984,ERR14396688,GRC1
RCN25984,ERR14396689,GRC2
RCN25984,ERR14396690,SPEC
RCN25985,ERR14396691,GRC1
RCN25985,ERR14396692,GRC2
RCN25985,ERR14396693,SPEC
RCN25987,ERR14396694,GRC1
RCN25987,ERR14396695,GRC2
RCN25987,ERR14396696,SPEC
RCN25988,ERR14396697,GRC1
RCN25988,ERR14396698,GRC2
RCN25988,ERR14396699,SPEC
RCN25989,ERR14396700,GRC1
RCN25989,ERR14396701,GRC2
RCN25989,ERR14396702,SPEC
RCN25990,ERR14396703,GRC1
RCN25990,ERR14396704,GRC2
RCN25990,ERR14396705,SPEC
RCN25992,ERR14396706,GRC1
RCN25992,ERR14396707,GRC2
RCN25992,ERR14396708,SPEC
RCN25994,ERR14396709,GRC1
RCN25994,ERR14396710,GRC2
RCN25994,ERR14396711,SPEC
RCN25995,ERR14396712,GRC1
RCN25995,ERR14396713,GRC2
RCN25995,ERR14396714,SPEC
RCN25996,ERR14396715,GRC1
RCN25996,ERR14396716,GRC2
RCN25996,ERR14396717,SPEC
RCN25997,ERR14396718,GRC1
RCN25997,ERR14396719,GRC2
RCN25997,ERR14396720,SPEC
RCN25998,ERR14396721,GRC1
RCN25998,ERR14396722,GRC2
RCN25998,ERR14396723,SPEC
RCN26001,ERR14396724,GRC1
RCN26001,ERR14396725,GRC2
RCN26001,ERR14396726,SPEC
RCN26002,ERR14396727,GRC1
RCN26002,ERR14396728,GRC2
RCN26002,ERR14396729,SPEC
RCN26003,ERR14396730,GRC1
RCN26003,ERR14396731,GRC2
RCN26003,ERR14396732,SPEC
RCN26004,ERR14396733,GRC1
RCN26004,ERR14396734,GRC2
RCN26004,ERR14396735,SPEC
RCN26005,ERR14396736,GRC1
RCN26005,ERR14396737,GRC2
RCN26005,ERR14396738,SPEC
RCN26007,ERR14396739,GRC1
RCN26007,ERR14396740,GRC2
RCN26007,ERR14396741,SPEC
RCN26008,ERR14396742,GRC1
RCN26008,ERR14396743,GRC2
RCN26008,ERR14396744,SPEC
RCN26009,ERR14396745,GRC1
RCN26009,ERR14396746,GRC2
RCN26009,ERR14396747,SPEC
RCN26010,ERR14396748,GRC1
RCN26010,ERR14396749,GRC2
RCN26010,ERR14396750,SPEC
RCN26011,ERR14396751,GRC1
RCN26011,ERR14396752,GRC2
RCN26011,ERR14396753,SPEC
RCN26012,ERR14396754,GRC1
RCN26012,ERR14396755,GRC2
RCN26012,ERR14396756,SPEC
RCN26013,ERR14396757,GRC1
RCN26013,ERR14396758,GRC2
RCN26013,ERR14396759,SPEC
RCN26014,ERR14396760,GRC1
RCN26014,ERR14396761,GRC2
RCN26014,ERR14396762,SPEC
RCN26017,ERR14396763,GRC1
RCN26017,ERR14396764,GRC2
RCN26017,ERR14396765,SPEC
RCN26018,ERR14396766,GRC1
RCN26018,ERR14396767,GRC2
RCN26018,ERR14396768,SPEC
RCN26019,ERR14396769,GRC1
RCN26019,ERR14396770,GRC2
RCN26019,ERR14396771,SPEC
RCN26020,ERR14396772,GRC1
RCN26020,ERR14396773,GRC2
RCN26020,ERR14396774,SPEC
RCN26021,ERR14396775,GRC1
RCN26021,ERR14396776,GRC2
RCN26021,ERR14396777,SPEC
RCN26022,ERR14396778,GRC1
RCN26022,ERR14396779,GRC2
RCN26022,ERR14396780,SPEC
RCN26023,ERR14396781,GRC1
RCN26023,ERR14396782,GRC2
RCN26023,ERR14396783,SPEC
RCN26024,ERR14396784,GRC1
RCN26024,ERR14396785,GRC2
RCN26024,ERR14396786,SPEC
RCN26025,ERR14396787,GRC1
RCN26025,ERR14396788,GRC2
RCN26025,ERR14396789,SPEC
RCN26026,ERR14396790,GRC1
RCN26026,ERR14396791,GRC2
RCN26026,ERR14396792,SPEC
RCN26027,ERR14396793,GRC1
RCN26027,ERR14396794,GRC2
RCN26027,ERR14396795,SPEC
RCN26028,ERR14396796,GRC1
RCN26028,ERR14396797,GRC2
RCN26028,ERR14396798,SPEC
RCN26029,ERR14396799,GRC1
RCN26029,ERR14396800,GRC2
RCN26029,ERR14396801,SPEC
RCN26030,ERR14396802,GRC1
RCN26030,ERR14396803,GRC2
RCN26030,ERR14396804,SPEC
RCN26031,ERR14396805,GRC1
RCN26031,ERR14396806,GRC2
RCN26031,ERR14396807,SPEC
RCN26032,ERR14396808,GRC1
RCN26032,ERR14396809,GRC2
RCN26032,ERR14396810,SPEC
RCN26033,ERR14396811,GRC1
RCN26033,ERR14396812,GRC2
RCN26033,ERR14396813,SPEC
RCN26034,ERR14396814,GRC1
RCN26034,ERR14396815,GRC2
RCN26034,ERR14396816,SPEC
RCN26036,ERR14396817,GRC1
RCN26036,ERR14396818,GRC2
RCN26036,ERR14396819,SPEC
RCN26037,ERR14396820,GRC1
RCN26037,ERR14396821,GRC2
RCN26037,ERR14396822,SPEC
RCN26038,ERR14396823,GRC1
RCN26038,ERR14396824,GRC2
RCN26038,ERR14396825,SPEC
RCN26039,ERR14396826,GRC1
RCN26039,ERR14396827,GRC2
RCN26039,ERR14396828,SPEC
RCN26041,ERR14396829,GRC1
RCN26041,ERR14396830,GRC2
RCN26041,ERR14396831,SPEC
RCN26042,ERR14396832,GRC1
RCN26042,ERR14396833,GRC2
RCN26042,ERR14396834,SPEC
RCN26043,ERR14396835,GRC1
RCN26043,ERR14396836,GRC2
RCN26043,ERR14396837,SPEC
RCN26044,ERR14396838,GRC1
RCN26044,ERR14396839,GRC2
RCN26044,ERR14396840,SPEC
RCN26045,ERR14396841,GRC1
RCN26045,ERR14396842,GRC2
RCN26045,ERR14396843,SPEC
RCN26047,ERR14396844,GRC1
RCN26047,ERR14396845,GRC2
RCN26047,ERR14396846,SPEC
RCN26048,ERR14396847,GRC1
RCN26048,ERR14396848,GRC2
RCN26048,ERR14396849,SPEC
RCN26049,ERR14396850,GRC1
RCN26049,ERR14396851,GRC2
RCN26049,ERR14396852,SPEC
RCN26050,ERR14396853,GRC1
RCN26050,ERR14396854,GRC2
RCN26050,ERR14396855,SPEC
RCN26051,ERR14396856,GRC1
RCN26051,ERR14396857,GRC2
RCN26051,ERR14396858,SPEC
RCN26055,ERR14396859,GRC1
RCN26055,ERR14396860,GRC2
RCN26055,ERR14396861,SPEC
RCN26056,ERR14396862,GRC1
RCN26056,ERR14396863,GRC2
RCN26056,ERR14396864,SPEC
RCN26057,ERR14396865,GRC1
RCN26057,ERR14396866,GRC2
RCN26057,ERR14396867,SPEC
RCN26058,ERR14396868,GRC1
RCN26058,ERR14396869,GRC2
RCN26058,ERR14396870,SPEC
RCN26059,ERR14396871,GRC1
RCN26059,ERR14396872,GRC2
RCN26059,ERR14396873,SPEC
RCN26060,ERR14396874,GRC1
RCN26060,ERR14396875,GRC2
RCN26060,ERR14396876,SPEC
RCN26061,ERR14396877,GRC1
RCN26061,ERR14396878,GRC2
RCN26061,ERR14396879,SPEC
RCN26062,ERR14396880,GRC1
RCN26062,ERR14396881,GRC2
RCN26062,ERR14396882,SPEC
RCN26063,ERR14396883,GRC1
RCN26063,ERR14396884,GRC2
RCN26063,ERR14396885,SPEC
RCN26064,ERR14396886,GRC1
RCN26064,ERR14396887,GRC2
RCN26064,ERR14396888,SPEC
RCN26066,ERR14396889,GRC1
RCN26066,ERR14396890,GRC2
RCN26066,ERR14396891,SPEC
RCN26067,ERR14396892,GRC1
RCN26067,ERR14396893,GRC2
RCN26067,ERR14396894,SPEC
RCN26068,ERR14396895,GRC1
RCN26068,ERR14396896,GRC2
RCN26068,ERR14396897,SPEC
RCN26070,ERR14396898,GRC1
RCN26070,ERR14396899,GRC2
RCN26070,ERR14396900,SPEC
RCN26071,ERR14396901,GRC1
RCN26071,ERR14396902,GRC2
RCN26071,ERR14396903,SPEC
RCN26072,ERR14396904,GRC1
RCN26072,ERR14396905,GRC2
RCN26072,ERR14396906,SPEC
RCN26073,ERR14396907,GRC1
RCN26073,ERR14396908,GRC2
RCN26073,ERR14396909,SPEC
RCN26074,ERR14396910,GRC1
RCN26074,ERR14396911,GRC2
RCN26074,ERR14396912,SPEC
RCN26075,ERR14396913,GRC1
RCN26075,ERR14396914,GRC2
RCN26075,ERR14396915,SPEC
RCN26076,ERR14396916,GRC1
RCN26076,ERR14396917,GRC2
RCN26076,ERR14396918,SPEC
RCN26078,ERR14396919,GRC1
RCN26078,ERR14396920,GRC2
RCN26078,ERR14396921,SPEC
RCN26508,ERR14396922,GRC1
RCN26508,ERR14396923,GRC2
RCN26508,ERR14396924,SPEC
RCN26509,ERR14396925,GRC1
RCN26509,ERR14396926,GRC2
RCN26509,ERR14396927,SPEC
RCN26510,ERR14396928,GRC1
RCN26510,ERR14396929,GRC2
RCN26510,ERR14396930,SPEC
RCN26511,ERR14396931,GRC1
RCN26511,ERR14396932,GRC2
RCN26511,ERR14396933,SPEC
RCN26512,ERR14396934,GRC1
RCN26512,ERR14396935,GRC2
RCN26512,ERR14396936,SPEC
RCN26513,ERR14396937,GRC1
RCN26513,ERR14396938,GRC2
RCN26513,ERR14396939,SPEC
RCN26514,ERR14396940,GRC1
RCN26514,ERR14396941,GRC2
RCN26514,ERR14396942,SPEC
RCN26515,ERR14396943,GRC1
RCN26515,ERR14396944,GRC2
RCN26515,ERR14396945,SPEC
RCN26516,ERR14396946,GRC1
RCN26516,ERR14396947,GRC2
RCN26516,ERR14396948,SPEC
RCN26517,ERR14396949,GRC1
RCN26517,ERR14396950,GRC2
RCN26517,ERR14396951,SPEC
RCN26523,ERR14396952,GRC1
RCN26523,ERR14396953,GRC2
RCN26523,ERR14396954,SPEC
RCN26524,ERR14396955,GRC1
RCN26524,ERR14396956,GRC2
RCN26524,ERR14396957,SPEC
RCN26525,ERR14396958,GRC1
RCN26525,ERR14396959,GRC2
RCN26525,ERR14396960,SPEC
RCN26526,ERR14396961,GRC1
RCN26526,ERR14396962,GRC2
RCN26526,ERR14396963,SPEC
RCN26527,ERR14396964,GRC1
RCN26527,ERR14396965,GRC2
RCN26527,ERR14396966,SPEC
RCN26528,ERR14396967,GRC1
RCN26528,ERR14396968,GRC2
RCN26528,ERR14396969,SPEC
RCN26530,ERR14396970,GRC1
RCN26530,ERR14396971,GRC2
RCN26530,ERR14396972,SPEC
RCN26531,ERR14396973,GRC1
RCN26531,ERR14396974,GRC2
RCN26531,ERR14396975,SPEC
RCN26532,ERR14396976,GRC1
RCN26532,ERR14396977,GRC2
RCN26532,ERR14396978,SPEC
RCN26533,ERR14396979,GRC1
RCN26533,ERR14396980,GRC2
RCN26533,ERR14396981,SPEC
RCN26534,ERR14396982,GRC1
RCN26534,ERR14396983,GRC2
RCN26534,ERR14396984,SPEC
RCN26535,ERR14396985,GRC1
RCN26535,ERR14396986,GRC2
RCN26535,ERR14396987,SPEC
RCN26536,ERR14396988,GRC1
RCN26536,ERR14396989,GRC2
RCN26536,ERR14396990,SPEC
RCN26538,ERR14396991,GRC1
RCN26538,ERR14396992,GRC2
RCN26538,ERR14396993,SPEC
RCN26539,ERR14396994,GRC1
RCN26539,ERR14396995,GRC2
RCN26539,ERR14396996,SPEC
RCN26540,ERR14396997,GRC1
RCN26540,ERR14396998,GRC2
RCN26540,ERR14396999,SPEC
RCN26541,ERR14397000,GRC1
RCN26541,ERR14397001,GRC2
RCN26541,ERR14397002,SPEC
RCN26543,ERR14397003,GRC1
RCN26543,ERR14397004,GRC2
RCN26543,ERR14397005,SPEC
RCN26544,ERR14397006,GRC1
RCN26544,ERR14397007,GRC2
RCN26544,ERR14397008,SPEC
RCN26545,ERR14397009,GRC1
RCN26545,ERR14397010,GRC2
RCN26545,ERR14397011,SPEC
RCN26548,ERR14397012,GRC1
RCN26548,ERR14397013,GRC2
RCN26548,ERR14397014,SPEC
RCN26549,ERR14397015,GRC1
RCN26549,ERR14397016,GRC2
RCN26549,ERR14397017,SPEC
RCN26550,ERR14397018,GRC1
RCN26550,ERR14397019,GRC2
RCN26550,ERR14397020,SPEC
RCN26551,ERR14397021,GRC1
RCN26551,ERR14397022,GRC2
RCN26551,ERR14397023,SPEC
RCN26552,ERR14397024,GRC1
RCN26552,ERR14397025,GRC2
RCN26552,ERR14397026,SPEC
RCN26553,ERR14397027,GRC1
RCN26553,ERR14397028,GRC2
RCN26553,ERR14397029,SPEC
RCN26554,ERR14397030,GRC1
RCN26554,ERR14397031,GRC2
RCN26554,ERR14397032,SPEC
RCN26555,ERR14397033,GRC1
RCN26555,ERR14397034,GRC2
RCN26555,ERR14397035,SPEC
RCN26556,ERR14397036,GRC1
RCN26556,ERR14397037,GRC2
RCN26556,ERR14397038,SPEC
RCN26557,ERR14397039,GRC1
RCN26557,ERR14397040,GRC2
RCN26557,ERR14397041,SPEC
RCN26558,ERR14397042,GRC1
RCN26558,ERR14397043,GRC2
RCN26558,ERR14397044,SPEC
RCN26559,ERR14397045,GRC1
RCN26559,ERR14397046,GRC2
RCN26559,ERR14397047,SPEC
RCN26560,ERR14397048,GRC1
RCN26560,ERR14397049,GRC2
RCN26560,ERR14397050,SPEC
RCN26561,ERR14397051,GRC1
RCN26561,ERR14397052,GRC2
RCN26561,ERR14397053,SPEC
RCN26562,ERR14397054,GRC1
RCN26562,ERR14397055,GRC2
RCN26562,ERR14397056,SPEC
RCN26563,ERR14397057,GRC1
RCN26563,ERR14397058,GRC2
RCN26563,ERR14397059,SPEC
RCN26564,ERR14397060,GRC1
RCN26564,ERR14397061,GRC2
RCN26564,ERR14397062,SPEC
RCN26565,ERR14397063,GRC1
RCN26565,ERR14397064,GRC2
RCN26565,ERR14397065,SPEC
RCN26566,ERR14397066,GRC1
RCN26566,ERR14397067,GRC2
RCN26566,ERR14397068,SPEC
RCN26569,ERR14397069,GRC1
RCN26569,ERR14397070,GRC2
RCN26569,ERR14397071,SPEC
RCN26571,ERR14397072,GRC1
RCN26571,ERR14397073,GRC2
RCN26571,ERR14397074,SPEC
RCN26572,ERR14397075,GRC1
RCN26572,ERR14397076,GRC2
RCN26572,ERR14397077,SPEC
RCN26573,ERR14397078,GRC1
RCN26573,ERR14397079,GRC2
RCN26573,ERR14397080,SPEC
RCN26574,ERR14397081,GRC1
RCN26574,ERR14397082,GRC2
RCN26574,ERR14397083,SPEC
RCN26575,ERR14397084,GRC1
RCN26575,ERR14397085,GRC2
RCN26575,ERR14397086,SPEC
RCN26576,ERR14397087,GRC1
RCN26576,ERR14397088,GRC2
RCN26576,ERR14397089,SPEC
RCN26577,ERR14397090,GRC1
RCN26577,ERR14397091,GRC2
RCN26577,ERR14397092,SPEC
RCN26578,ERR14397093,GRC1
RCN26578,ERR14397094,GRC2
RCN26578,ERR14397095,SPEC
RCN26579,ERR14397096,GRC1
RCN26579,ERR14397097,GRC2
RCN26579,ERR14397098,SPEC
RCN26580,ERR14397099,GRC1
RCN26580,ERR14397100,GRC2
RCN26580,ERR14397101,SPEC
RCN26581,ERR14397102,GRC1
RCN26581,ERR14397103,GRC2
RCN26581,ERR14397104,SPEC
RCN26582,ERR14397105,GRC1
RCN26582,ERR14397106,GRC2
RCN26582,ERR14397107,SPEC
RCN26583,ERR14397108,GRC1
RCN26583,ERR14397109,GRC2
RCN26583,ERR14397110,SPEC
RCN26584,ERR14397111,GRC1
RCN26584,ERR14397112,GRC2
RCN26584,ERR14397113,SPEC
RCN26585,ERR14397114,GRC1
RCN26585,ERR14397115,GRC2
RCN26585,ERR14397116,SPEC
RCN26586,ERR14397117,GRC1
RCN26586,ERR14397118,GRC2
RCN26586,ERR14397119,SPEC
RCN26587,ERR14397120,GRC1
RCN26587,ERR14397121,GRC2
RCN26587,ERR14397122,SPEC
RCN26588,ERR14397123,GRC1
RCN26588,ERR14397124,GRC2
RCN26588,ERR14397125,SPEC
RCN26589,ERR14397126,GRC1
RCN26589,ERR14397127,GRC2
RCN26589,ERR14397128,SPEC
RCN26590,ERR14397129,GRC1
RCN26590,ERR14397130,GRC2
RCN26590,ERR14397131,SPEC
RCN26591,ERR14397132,GRC1
RCN26591,ERR14397133,GRC2
RCN26591,ERR14397134,SPEC
RCN26592,ERR14397135,GRC1
RCN26592,ERR14397136,GRC2
RCN26592,ERR14397137,SPEC
RCN26593,ERR14397138,GRC1
RCN26593,ERR14397139,GRC2
RCN26593,ERR14397140,SPEC
RCN26594,ERR14397141,GRC1
RCN26594,ERR14397142,GRC2
RCN26594,ERR14397143,SPEC
RCN26595,ERR14397144,GRC1
RCN26595,ERR14397145,GRC2
RCN26595,ERR14397146,SPEC
RCN26596,ERR14397147,GRC1
RCN26596,ERR14397148,GRC2
RCN26596,ERR14397149,SPEC
RCN26597,ERR14397150,GRC1
RCN26597,ERR14397151,GRC2
RCN26597,ERR14397152,SPEC
RCN26598,ERR14397153,GRC1
RCN26598,ERR14397154,GRC2
RCN26598,ERR14397155,SPEC
RCN26599,ERR14397156,GRC1
RCN26599,ERR14397157,GRC2
RCN26599,ERR14397158,SPEC
RCN26600,ERR14397159,GRC1
RCN26600,ERR14397160,GRC2
RCN26600,ERR14397161,SPEC
RCN26601,ERR14397162,GRC1
RCN26601,ERR14397163,GRC2
RCN26601,ERR14397164,SPEC
RCN26602,ERR14397165,GRC1
RCN26602,ERR14397166,GRC2
RCN26602,ERR14397167,SPEC
RCN26603,ERR14397168,GRC1
RCN26603,ERR14397169,GRC2
RCN26603,ERR14397170,SPEC
RCN26604,ERR14397171,GRC1
RCN26604,ERR14397172,GRC2
RCN26604,ERR14397173,SPEC
RCN26605,ERR14397174,GRC1
RCN26605,ERR14397175,GRC2
RCN26605,ERR14397176,SPEC
RCN26607,ERR14397177,GRC1
RCN26607,ERR14397178,GRC2
RCN26607,ERR14397179,SPEC
RCN26610,ERR14397180,GRC1
RCN26610,ERR14397181,GRC2
RCN26610,ERR14397182,SPEC
RCN26611,ERR14397183,GRC1
RCN26611,ERR14397184,GRC2
RCN26611,ERR14397185,SPEC
RCN26612,ERR14397186,GRC1
RCN26612,ERR14397187,GRC2
RCN26612,ERR14397188,SPEC
RCN26613,ERR14397189,GRC1
RCN26613,ERR14397190,GRC2
RCN26613,ERR14397191,SPEC
RCN26614,ERR14397192,GRC1
RCN26614,ERR14397193,GRC2
RCN26614,ERR14397194,SPEC
RCN26615,ERR14397195,GRC1
RCN26615,ERR14397196,GRC2
RCN26615,ERR14397197,SPEC
RCN26616,ERR14397198,GRC1
RCN26616,ERR14397199,GRC2
RCN26616,ERR14397200,SPEC
RCN26617,ERR14397201,GRC1
RCN26617,ERR14397202,GRC2
RCN26617,ERR14397203,SPEC
RCN26618,ERR14397204,GRC1
RCN26618,ERR14397205,GRC2
RCN26618,ERR14397206,SPEC
RCN26619,ERR14397207,GRC1
RCN26619,ERR14397208,GRC2
RCN26619,ERR14397209,SPEC
RCN26620,ERR14397210,GRC1
RCN26620,ERR14397211,GRC2
RCN26620,ERR14397212,SPEC
RCN26621,ERR14397213,GRC1
RCN26621,ERR14397214,GRC2
RCN26621,ERR14397215,SPEC
RCN26622,ERR14397216,GRC1
RCN26622,ERR14397217,GRC2
RCN26622,ERR14397218,SPEC
RCN26624,ERR14397219,GRC1
RCN26624,ERR14397220,GRC2
RCN26624,ERR14397221,SPEC
RCN26625,ERR14397222,GRC1
RCN26625,ERR14397223,GRC2
RCN26625,ERR14397224,SPEC
RCN26626,ERR14397225,GRC1
RCN26626,ERR14397226,GRC2
RCN26626,ERR14397227,SPEC
RCN26627,ERR14397228,GRC1
RCN26627,ERR14397229,GRC2
RCN26627,ERR14397230,SPEC
RCN26628,ERR14397231,GRC1
RCN26628,ERR14397232,GRC2
RCN26628,ERR14397233,SPEC
RCN26629,ERR14397234,GRC1
RCN26629,ERR14397235,GRC2
RCN26629,ERR14397236,SPEC
RCN26630,ERR14397237,GRC1
RCN26630,ERR14397238,GRC2
RCN26630,ERR14397239,SPEC
RCN26631,ERR14397240,GRC1
RCN26631,ERR14397241,GRC2
RCN26631,ERR14397242,SPEC
RCN26632,ERR14397243,GRC1
RCN26632,ERR14397244,GRC2
RCN26632,ERR14397245,SPEC
RCN26634,ERR14397246,GRC1
RCN26634,ERR14397247,GRC2
RCN26634,ERR14397248,SPEC
RCN26635,ERR14397249,GRC1
RCN26635,ERR14397250,GRC2
RCN26635,ERR14397251,SPEC
RCN26637,ERR14397252,GRC1
RCN26637,ERR14397253,GRC2
RCN26637,ERR14397254,SPEC
RCN26638,ERR14397255,GRC1
RCN26638,ERR14397256,GRC2
RCN26638,ERR14397257,SPEC
RCN26640,ERR14397258,GRC1
RCN26640,ERR14397259,GRC2
RCN26640,ERR14397260,SPEC
RCN26641,ERR14397261,GRC1
RCN26641,ERR14397262,GRC2
RCN26641,ERR14397263,SPEC
RCN26642,ERR14397264,GRC1
RCN26642,ERR14397265,GRC2
RCN26642,ERR14397266,SPEC
RCN26643,ERR14397267,GRC1
RCN26643,ERR14397268,GRC2
RCN26643,ERR14397269,SPEC
RCN26644,ERR14397270,GRC1
RCN26644,ERR14397271,GRC2
RCN26644,ERR14397272,SPEC
RCN26645,ERR14397273,GRC1
RCN26645,ERR14397274,GRC2
RCN26645,ERR14397275,SPEC
RCN26646,ERR14397276,GRC1
RCN26646,ERR14397277,GRC2
RCN26646,ERR14397278,SPEC
RCN26647,ERR14397279,GRC1
RCN26647,ERR14397280,GRC2
RCN26647,ERR14397281,SPEC
RCN26648,ERR14397282,GRC1
RCN26648,ERR14397283,GRC2
RCN26648,ERR14397284,SPEC
RCN26649,ERR14397285,GRC1
RCN26649,ERR14397286,GRC2
RCN26649,ERR14397287,SPEC
RCN26650,ERR14397288,GRC1
RCN26650,ERR14397289,GRC2
RCN26650,ERR14397290,SPEC
RCN26651,ERR14397291,GRC1
RCN26651,ERR14397292,GRC2
RCN26651,ERR14397293,SPEC
RCN26652,ERR14397294,GRC1
RCN26652,ERR14397295,GRC2
RCN26652,ERR14397296,SPEC
RCN26654,ERR14397297,GRC1
RCN26654,ERR14397298,GRC2
RCN26654,ERR14397299,SPEC
RCN26655,ERR14397300,GRC1
RCN26655,ERR14397301,GRC2
RCN26655,ERR14397302,SPEC
RCN26656,ERR14397303,GRC1
RCN26656,ERR14397304,GRC2
RCN26656,ERR14397305,SPEC
RCN26657,ERR14397306,GRC1
RCN26657,ERR14397307,GRC2
RCN26657,ERR14397308,SPEC
RCN26658,ERR14397309,GRC1
RCN26658,ERR14397310,GRC2
RCN26658,ERR14397311,SPEC
RCN26660,ERR14397312,GRC1
RCN26660,ERR14397313,GRC2
RCN26660,ERR14397314,SPEC
RCN26661,ERR14397315,GRC1
RCN26661,ERR14397316,GRC2
RCN26661,ERR14397317,SPEC
RCN26663,ERR14397318,GRC1
RCN26663,ERR14397319,GRC2
RCN26663,ERR14397320,SPEC
RCN26664,ERR14397321,GRC1
RCN26664,ERR14397322,GRC2
RCN26664,ERR14397323,SPEC
RCN26666,ERR14397324,GRC1
RCN26666,ERR14397325,GRC2
RCN26666,ERR14397326,SPEC
RCN26668,ERR14397327,GRC1
RCN26668,ERR14397328,GRC2
RCN26668,ERR14397329,SPEC
RCN26669,ERR14397330,GRC1
RCN26669,ERR14397331,GRC2
RCN26669,ERR14397332,SPEC
RCN26670,ERR14397333,GRC1
RCN26670,ERR14397334,GRC2
RCN26670,ERR14397335,SPEC
RCN26672,ERR14397336,GRC1
RCN26672,ERR14397337,GRC2
RCN26672,ERR14397338,SPEC
RCN26673,ERR14397339,GRC1
RCN26673,ERR14397340,GRC2
RCN26673,ERR14397341,SPEC
RCN26675,ERR14397342,GRC1
RCN26675,ERR14397343,GRC2
RCN26675,ERR14397344,SPEC
RCN26676,ERR14397345,GRC1
RCN26676,ERR14397346,GRC2
RCN26676,ERR14397347,SPEC
RCN26677,ERR14397348,GRC1
RCN26677,ERR14397349,GRC2
RCN26677,ERR14397350,SPEC
RCN26678,ERR14397351,GRC1
RCN26678,ERR14397352,GRC2
RCN26678,ERR14397353,SPEC
RCN26679,ERR14397354,GRC1
RCN26679,ERR14397355,GRC2
RCN26679,ERR14397356,SPEC
RCN26680,ERR14397357,GRC1
RCN26680,ERR14397358,GRC2
RCN26680,ERR14397359,SPEC
RCN26681,ERR14397360,GRC1
RCN26681,ERR14397361,GRC2
RCN26681,ERR14397362,SPEC
RCN26682,ERR14397363,GRC1
RCN26682,ERR14397364,GRC2
RCN26682,ERR14397365,SPEC
RCN26683,ERR14397366,GRC1
RCN26683,ERR14397367,GRC2
RCN26683,ERR14397368,SPEC
RCN26685,ERR14397369,GRC1
RCN26685,ERR14397370,GRC2
RCN26685,ERR14397371,SPEC
RCN26686,ERR14397372,GRC1
RCN26686,ERR14397373,GRC2
RCN26686,ERR14397374,SPEC
RCN26687,ERR14397375,GRC1
RCN26687,ERR14397376,GRC2
RCN26687,ERR14397377,SPEC
RCN26688,ERR14397378,GRC1
RCN26688,ERR14397379,GRC2
RCN26688,ERR14397380,SPEC
RCN26689,ERR14397381,GRC1
RCN26689,ERR14397382,GRC2
RCN26689,ERR14397383,SPEC
RCN26690,ERR14397384,GRC1
RCN26690,ERR14397385,GRC2
RCN26690,ERR14397386,SPEC
RCN26691,ERR14397387,GRC1
RCN26691,ERR14397388,GRC2
RCN26691,ERR14397389,SPEC
RCN26692,ERR14397390,GRC1
RCN26692,ERR14397391,GRC2
RCN26692,ERR14397392,SPEC
RCN26693,ERR14397393,GRC1
RCN26693,ERR14397394,GRC2
RCN26693,ERR14397395,SPEC
RCN26694,ERR14397396,GRC1
RCN26694,ERR14397397,GRC2
RCN26694,ERR14397398,SPEC
RCN26695,ERR14397399,GRC1
RCN26695,ERR14397400,GRC2
RCN26695,ERR14397401,SPEC
RCN26696,ERR14397402,GRC1
RCN26696,ERR14397403,GRC2
RCN26696,ERR14397404,SPEC
RCN26697,ERR14397405,GRC1
RCN26697,ERR14397406,GRC2
RCN26697,ERR14397407,SPEC
RCN26698,ERR14397408,GRC1
RCN26698,ERR14397409,GRC2
RCN26698,ERR14397410,SPEC
RCN26699,ERR14397411,GRC1
RCN26699,ERR14397412,GRC2
RCN26699,ERR14397413,SPEC
RCN26701,ERR14397414,GRC1
RCN26701,ERR14397415,GRC2
RCN26701,ERR14397416,SPEC
RCN26702,ERR14397417,GRC1
RCN26702,ERR14397418,GRC2
RCN26702,ERR14397419,SPEC
RCN26703,ERR14397420,GRC1
RCN26703,ERR14397421,GRC2
RCN26703,ERR14397422,SPEC
RCN26705,ERR14397423,GRC1
RCN26705,ERR14397424,GRC2
RCN26705,ERR14397425,SPEC
RCN26709,ERR14397426,GRC1
RCN26709,ERR14397427,GRC2
RCN26709,ERR14397428,SPEC
RCN26710,ERR14397429,GRC1
RCN26710,ERR14397430,GRC2
RCN26710,ERR14397431,SPEC
RCN26711,ERR14397432,GRC1
RCN26711,ERR14397433,GRC2
RCN26711,ERR14397434,SPEC
RCN26713,ERR14397435,GRC1
RCN26713,ERR14397436,GRC2
RCN26713,ERR14397437,SPEC
RCN26714,ERR14397438,GRC1
RCN26714,ERR14397439,GRC2
RCN26714,ERR14397440,SPEC
RCN26715,ERR14397441,GRC1
RCN26715,ERR14397442,GRC2
RCN26715,ERR14397443,SPEC
RCN26716,ERR14397444,GRC1
RCN26716,ERR14397445,GRC2
RCN26716,ERR14397446,SPEC
RCN26719,ERR14397447,GRC1
RCN26719,ERR14397448,GRC2
RCN26719,ERR14397449,SPEC
RCN26720,ERR14397450,GRC1
RCN26720,ERR14397451,GRC2
RCN26720,ERR14397452,SPEC
RCN26721,ERR14397453,GRC1
RCN26721,ERR14397454,GRC2
RCN26721,ERR14397455,SPEC
RCN26722,ERR14397456,GRC1
RCN26722,ERR14397457,GRC2
RCN26722,ERR14397458,SPEC
RCN26723,ERR14397459,GRC1
RCN26723,ERR14397460,GRC2
RCN26723,ERR14397461,SPEC
RCN26724,ERR14397462,GRC1
RCN26724,ERR14397463,GRC2
RCN26724,ERR14397464,SPEC
RCN26725,ERR14397465,GRC1
RCN26725,ERR14397466,GRC2
RCN26725,ERR14397467,SPEC
RCN26726,ERR14397468,GRC1
RCN26726,ERR14397469,GRC2
RCN26726,ERR14397470,SPEC
RCN26727,ERR14397471,GRC1
RCN26727,ERR14397472,GRC2
RCN26727,ERR14397473,SPEC
RCN26728,ERR14397474,GRC1
RCN26728,ERR14397475,GRC2
RCN26728,ERR14397476,SPEC
RCN26729,ERR14397477,GRC1
RCN26729,ERR14397478,GRC2
RCN26729,ERR14397479,SPEC
RCN26731,ERR14397480,GRC1
RCN26731,ERR14397481,GRC2
RCN26731,ERR14397482,SPEC
RCN26733,ERR14397483,GRC1
RCN26733,ERR14397484,GRC2
RCN26733,ERR14397485,SPEC
RCN26734,ERR14397486,GRC1
RCN26734,ERR14397487,GRC2
RCN26734,ERR14397488,SPEC
RCN26735,ERR14397489,GRC1
RCN26735,ERR14397490,GRC2
RCN26735,ERR14397491,SPEC
RCN26736,ERR14397492,GRC1
RCN26736,ERR14397493,GRC2
RCN26736,ERR14397494,SPEC
RCN26737,ERR14397495,GRC1
RCN26737,ERR14397496,GRC2
RCN26737,ERR14397497,SPEC
RCN26738,ERR14397498,GRC1
RCN26738,ERR14397499,GRC2
RCN26738,ERR14397500,SPEC
RCN26739,ERR14397501,GRC1
RCN26739,ERR14397502,GRC2
RCN26739,ERR14397503,SPEC
RCN26740,ERR14397504,GRC1
RCN26740,ERR14397505,GRC2
RCN26740,ERR14397506,SPEC
RCN26741,ERR14397507,GRC1
RCN26741,ERR14397508,GRC2
RCN26741,ERR14397509,SPEC
RCN26742,ERR14397510,GRC1
RCN26742,ERR14397511,GRC2
RCN26742,ERR14397512,SPEC
RCN26743,ERR14397513,GRC1
RCN26743,ERR14397514,GRC2
RCN26743,ERR14397515,SPEC
RCN26744,ERR14397516,GRC1
RCN26744,ERR14397517,GRC2
RCN26744,ERR14397518,SPEC
RCN26745,ERR14397519,GRC1
RCN26745,ERR14397520,GRC2
RCN26745,ERR14397521,SPEC
RCN26747,ERR14397522,GRC1
RCN26747,ERR14397523,GRC2
RCN26747,ERR14397524,SPEC
RCN26748,ERR14397525,GRC1
RCN26748,ERR14397526,GRC2
RCN26748,ERR14397527,SPEC
RCN26750,ERR14397528,GRC1
RCN26750,ERR14397529,GRC2
RCN26750,ERR14397530,SPEC
RCN26751,ERR14397531,GRC1
RCN26751,ERR14397532,GRC2
RCN26751,ERR14397533,SPEC
RCN26756,ERR14397534,GRC1
RCN26756,ERR14397535,GRC2
RCN26756,ERR14397536,SPEC
RCN26764,ERR14397537,GRC1
RCN26764,ERR14397538,GRC2
RCN26764,ERR14397539,SPEC
RCN26765,ERR14397540,GRC1
RCN26765,ERR14397541,GRC2
RCN26765,ERR14397542,SPEC
RCN26766,ERR14397543,GRC1
RCN26766,ERR14397544,GRC2
RCN26766,ERR14397545,SPEC
RCN26767,ERR14397546,GRC1
RCN26767,ERR14397547,GRC2
RCN26767,ERR14397548,SPEC
RCN26768,ERR14397549,GRC1
RCN26768,ERR14397550,GRC2
RCN26768,ERR14397551,SPEC
RCN26769,ERR14397552,GRC1
RCN26769,ERR14397553,GRC2
RCN26769,ERR14397554,SPEC
RCN26770,ERR14397555,GRC1
RCN26770,ERR14397556,GRC2
RCN26770,ERR14397557,SPEC
RCN26771,ERR14397558,GRC1
RCN26771,ERR14397559,GRC2
RCN26771,ERR14397560,SPEC
RCN26772,ERR14397561,GRC1
RCN26772,ERR14397562,GRC2
RCN26772,ERR14397563,SPEC
RCN26773,ERR14397564,GRC1
RCN26773,ERR14397565,GRC2
RCN26773,ERR14397566,SPEC
RCN26774,ERR14397567,GRC1
RCN26774,ERR14397568,GRC2
RCN26774,ERR14397569,SPEC
RCN26775,ERR14397570,GRC1
RCN26775,ERR14397571,GRC2
RCN26775,ERR14397572,SPEC
RCN26776,ERR14397573,GRC1
RCN26776,ERR14397574,GRC2
RCN26776,ERR14397575,SPEC
RCN26777,ERR14397576,GRC1
RCN26777,ERR14397577,GRC2
RCN26777,ERR14397578,SPEC
RCN26778,ERR14397579,GRC1
RCN26778,ERR14397580,GRC2
RCN26778,ERR14397581,SPEC
RCN26779,ERR14397582,GRC1
RCN26779,ERR14397583,GRC2
RCN26779,ERR14397584,SPEC
RCN26781,ERR14397585,GRC1
RCN26781,ERR14397586,GRC2
RCN26781,ERR14397587,SPEC
RCN26782,ERR14397588,GRC1
RCN26782,ERR14397589,GRC2
RCN26782,ERR14397590,SPEC
RCN26785,ERR14397591,GRC1
RCN26785,ERR14397592,GRC2
RCN26785,ERR14397593,SPEC
RCN26786,ERR14397594,GRC1
RCN26786,ERR14397595,GRC2
RCN26786,ERR14397596,SPEC
RCN26788,ERR14397597,GRC1
RCN26788,ERR14397598,GRC2
RCN26788,ERR14397599,SPEC
RCN26789,ERR14397600,GRC1
RCN26789,ERR14397601,GRC2
RCN26789,ERR14397602,SPEC
RCN26791,ERR14397603,GRC1
RCN26791,ERR14397604,GRC2
RCN26791,ERR14397605,SPEC
RCN26792,ERR14397606,GRC1
RCN26792,ERR14397607,GRC2
RCN26792,ERR14397608,SPEC
RCN26793,ERR14397609,GRC1
RCN26793,ERR14397610,GRC2
RCN26793,ERR14397611,SPEC
RCN26797,ERR14397612,GRC1
RCN26797,ERR14397613,GRC2
RCN26797,ERR14397614,SPEC
RCN26799,ERR14397615,GRC1
RCN26799,ERR14397616,GRC2
RCN26799,ERR14397617,SPEC
RCN26802,ERR14397618,GRC1
RCN26802,ERR14397619,GRC2
RCN26802,ERR14397620,SPEC
RCN26803,ERR14397621,GRC1
RCN26803,ERR14397622,GRC2
RCN26803,ERR14397623,SPEC
RCN26804,ERR14397624,GRC1
RCN26804,ERR14397625,GRC2
RCN26804,ERR14397626,SPEC
RCN26805,ERR14397627,GRC1
RCN26805,ERR14397628,GRC2
RCN26805,ERR14397629,SPEC
RCN26806,ERR14397630,GRC1
RCN26806,ERR14397631,GRC2
RCN26806,ERR14397632,SPEC
RCN26808,ERR14397633,GRC1
RCN26808,ERR14397634,GRC2
RCN26808,ERR14397635,SPEC
RCN26809,ERR14397636,GRC1
RCN26809,ERR14397637,GRC2
RCN26809,ERR14397638,SPEC
RCN26810,ERR14397639,GRC1
RCN26810,ERR14397640,GRC2
RCN26810,ERR14397641,SPEC
RCN26811,ERR14397642,GRC1
RCN26811,ERR14397643,GRC2
RCN26811,ERR14397644,SPEC
RCN26812,ERR14397645,GRC1
RCN26812,ERR14397646,GRC2
RCN26812,ERR14397647,SPEC
RCN26813,ERR14397648,GRC1
RCN26813,ERR14397649,GRC2
RCN26813,ERR14397650,SPEC
RCN26815,ERR14397651,GRC1
RCN26815,ERR14397652,GRC2
RCN26815,ERR14397653,SPEC
RCN26816,ERR14397654,GRC1
RCN26816,ERR14397655,GRC2
RCN26816,ERR14397656,SPEC
RCN26818,ERR14397657,GRC1
RCN26818,ERR14397658,GRC2
RCN26818,ERR14397659,SPEC
RCN26819,ERR14397660,GRC1
RCN26819,ERR14397661,GRC2
RCN26819,ERR14397662,SPEC
RCN26820,ERR14397663,GRC1
RCN26820,ERR14397664,GRC2
RCN26820,ERR14397665,SPEC
RCN26821,ERR14397666,GRC1
RCN26821,ERR14397667,GRC2
RCN26821,ERR14397668,SPEC
RCN26822,ERR14397669,GRC1
RCN26822,ERR14397670,GRC2
RCN26822,ERR14397671,SPEC
RCN26823,ERR14397672,GRC1
RCN26823,ERR14397673,GRC2
RCN26823,ERR14397674,SPEC
RCN26824,ERR14397675,GRC1
RCN26824,ERR14397676,GRC2
RCN26824,ERR14397677,SPEC
RCN26825,ERR14397678,GRC1
RCN26825,ERR14397679,GRC2
RCN26825,ERR14397680,SPEC
RCN26826,ERR14397681,GRC1
RCN26826,ERR14397682,GRC2
RCN26826,ERR14397683,SPEC
RCN26827,ERR14397684,GRC1
RCN26827,ERR14397685,GRC2
RCN26827,ERR14397686,SPEC
RCN26828,ERR14397687,GRC1
RCN26828,ERR14397688,GRC2
RCN26828,ERR14397689,SPEC
RCN26830,ERR14397690,GRC1
RCN26830,ERR14397691,GRC2
RCN26830,ERR14397692,SPEC
RCN26831,ERR14397693,GRC1
RCN26831,ERR14397694,GRC2
RCN26831,ERR14397695,SPEC
RCN26833,ERR14397696,GRC1
RCN26833,ERR14397697,GRC2
RCN26833,ERR14397698,SPEC
RCN26834,ERR14397699,GRC1
RCN26834,ERR14397700,GRC2
RCN26834,ERR14397701,SPEC
RCN26835,ERR14397702,GRC1
RCN26835,ERR14397703,GRC2
RCN26835,ERR14397704,SPEC
RCN26836,ERR14397705,GRC1
RCN26836,ERR14397706,GRC2
RCN26836,ERR14397707,SPEC
RCN26837,ERR14397708,GRC1
RCN26837,ERR14397709,GRC2
RCN26837,ERR14397710,SPEC
RCN26838,ERR14397711,GRC1
RCN26838,ERR14397712,GRC2
RCN26838,ERR14397713,SPEC
RCN26839,ERR14397714,GRC1
RCN26839,ERR14397715,GRC2
RCN26839,ERR14397716,SPEC
RCN26840,ERR14397717,GRC1
RCN26840,ERR14397718,GRC2
RCN26840,ERR14397719,SPEC
RCN26841,ERR14397720,GRC1
RCN26841,ERR14397721,GRC2
RCN26841,ERR14397722,SPEC
RCN26842,ERR14397723,GRC1
RCN26842,ERR14397724,GRC2
RCN26842,ERR14397725,SPEC
RCN26843,ERR14397726,GRC1
RCN26843,ERR14397727,GRC2
RCN26843,ERR14397728,SPEC
RCN26845,ERR14397729,GRC1
RCN26845,ERR14397730,GRC2
RCN26845,ERR14397731,SPEC
RCN26846,ERR14397732,GRC1
RCN26846,ERR14397733,GRC2
RCN26846,ERR14397734,SPEC
RCN26847,ERR14397735,GRC1
RCN26847,ERR14397736,GRC2
RCN26847,ERR14397737,SPEC
RCN26848,ERR14397738,GRC1
RCN26848,ERR14397739,GRC2
RCN26848,ERR14397740,SPEC
RCN26849,ERR14397741,GRC1
RCN26849,ERR14397742,GRC2
RCN26849,ERR14397743,SPEC
RCN26850,ERR14397744,GRC1
RCN26850,ERR14397745,GRC2
RCN26850,ERR14397746,SPEC
RCN26852,ERR14397747,GRC1
RCN26852,ERR14397748,GRC2
RCN26852,ERR14397749,SPEC
RCN26853,ERR14397750,GRC1
RCN26853,ERR14397751,GRC2
RCN26853,ERR14397752,SPEC
RCN26854,ERR14397753,GRC1
RCN26854,ERR14397754,GRC2
RCN26854,ERR14397755,SPEC
RCN26855,ERR14397756,GRC1
RCN26855,ERR14397757,GRC2
RCN26855,ERR14397758,SPEC
RCN26857,ERR14397759,GRC1
RCN26857,ERR14397760,GRC2
RCN26857,ERR14397761,SPEC
RCN26858,ERR14397762,GRC1
RCN26858,ERR14397763,GRC2
RCN26858,ERR14397764,SPEC
RCN26859,ERR14397765,GRC1
RCN26859,ERR14397766,GRC2
RCN26859,ERR14397767,SPEC
RCN26861,ERR14397768,GRC1
RCN26861,ERR14397769,GRC2
RCN26861,ERR14397770,SPEC
RCN26862,ERR14397771,GRC1
RCN26862,ERR14397772,GRC2
RCN26862,ERR14397773,SPEC
RCN26864,ERR14397774,GRC1
RCN26864,ERR14397775,GRC2
RCN26864,ERR14397776,SPEC
RCN26865,ERR14397777,GRC1
RCN26865,ERR14397778,GRC2
RCN26865,ERR14397779,SPEC
RCN26866,ERR14397780,GRC1
RCN26866,ERR14397781,GRC2
RCN26866,ERR14397782,SPEC
RCN26867,ERR14397783,GRC1
RCN26867,ERR14397784,GRC2
RCN26867,ERR14397785,SPEC
RCN26868,ERR14397786,GRC1
RCN26868,ERR14397787,GRC2
RCN26868,ERR14397788,SPEC
RCN26869,ERR14397789,GRC1
RCN26869,ERR14397790,GRC2
RCN26869,ERR14397791,SPEC
RCN26870,ERR14397792,GRC1
RCN26870,ERR14397793,GRC2
RCN26870,ERR14397794,SPEC
RCN26871,ERR14397795,GRC1
RCN26871,ERR14397796,GRC2
RCN26871,ERR14397797,SPEC
RCN26872,ERR14397798,GRC1
RCN26872,ERR14397799,GRC2
RCN26872,ERR14397800,SPEC
RCN26873,ERR14397801,GRC1
RCN26873,ERR14397802,GRC2
RCN26873,ERR14397803,SPEC
RCN26874,ERR14397804,GRC1
RCN26874,ERR14397805,GRC2
RCN26874,ERR14397806,SPEC
RCN26875,ERR14397807,GRC1
RCN26875,ERR14397808,GRC2
RCN26875,ERR14397809,SPEC
RCN26876,ERR14397810,GRC1
RCN26876,ERR14397811,GRC2
RCN26876,ERR14397812,SPEC
RCN26877,ERR14397813,GRC1
RCN26877,ERR14397814,GRC2
RCN26877,ERR14397815,SPEC
RCN26878,ERR14397816,GRC1
RCN26878,ERR14397817,GRC2
RCN26878,ERR14397818,SPEC
RCN26879,ERR14397819,GRC1
RCN26879,ERR14397820,GRC2
RCN26879,ERR14397821,SPEC
RCN26881,ERR14397822,GRC1
RCN26881,ERR14397823,GRC2
RCN26881,ERR14397824,SPEC
RCN26882,ERR14397825,GRC1
RCN26882,ERR14397826,GRC2
RCN26882,ERR14397827,SPEC
RCN26883,ERR14397828,GRC1
RCN26883,ERR14397829,GRC2
RCN26883,ERR14397830,SPEC
RCN26884,ERR14397831,GRC1
RCN26884,ERR14397832,GRC2
RCN26884,ERR14397833,SPEC
RCN26885,ERR14397834,GRC1
RCN26885,ERR14397835,GRC2
RCN26885,ERR14397836,SPEC
RCN26886,ERR14397837,GRC1
RCN26886,ERR14397838,GRC2
RCN26886,ERR14397839,SPEC
RCN26887,ERR14397840,GRC1
RCN26887,ERR14397841,GRC2
RCN26887,ERR14397842,SPEC
RCN26888,ERR14397843,GRC1
RCN26888,ERR14397844,GRC2
RCN26888,ERR14397845,SPEC
RCN26889,ERR14397846,GRC1
RCN26889,ERR14397847,GRC2
RCN26889,ERR14397848,SPEC
RCN26890,ERR14397849,GRC1
RCN26890,ERR14397850,GRC2
RCN26890,ERR14397851,SPEC
RCN26891,ERR14397852,GRC1
RCN26891,ERR14397853,GRC2
RCN26891,ERR14397854,SPEC
RCN26892,ERR14397855,GRC1
RCN26892,ERR14397856,GRC2
RCN26892,ERR14397857,SPEC
RCN26893,ERR14397858,GRC1
RCN26893,ERR14397859,GRC2
RCN26893,ERR14397860,SPEC
RCN26894,ERR14397861,GRC1
RCN26894,ERR14397862,GRC2
RCN26894,ERR14397863,SPEC
RCN26895,ERR14397864,GRC1
RCN26895,ERR14397865,GRC2
RCN26895,ERR14397866,SPEC
RCN26896,ERR14397867,GRC1
RCN26896,ERR14397868,GRC2
RCN26896,ERR14397869,SPEC
RCN26897,ERR14397870,GRC1
RCN26897,ERR14397871,GRC2
RCN26897,ERR14397872,SPEC
RCN26898,ERR14397873,GRC1
RCN26898,ERR14397874,GRC2
RCN26898,ERR14397875,SPEC
RCN26899,ERR14397876,GRC1
RCN26899,ERR14397877,GRC2
RCN26899,ERR14397878,SPEC
RCN26900,ERR14397879,GRC1
RCN26900,ERR14397880,GRC2
RCN26900,ERR14397881,SPEC
RCN26901,ERR14397882,GRC1
RCN26901,ERR14397883,GRC2
RCN26901,ERR14397884,SPEC
RCN26902,ERR14397885,GRC1
RCN26902,ERR14397886,GRC2
RCN26902,ERR14397887,SPEC
RCN26903,ERR14397888,GRC1
RCN26903,ERR14397889,GRC2
RCN26903,ERR14397890,SPEC
RCN26904,ERR14397891,GRC1
RCN26904,ERR14397892,GRC2
RCN26904,ERR14397893,SPEC
RCN26905,ERR14397894,GRC1
RCN26905,ERR14397895,GRC2
RCN26905,ERR14397896,SPEC
RCN26906,ERR14397897,GRC1
RCN26906,ERR14397898,GRC2
RCN26906,ERR14397899,SPEC
RCN26907,ERR14397900,GRC1
RCN26907,ERR14397901,GRC2
RCN26907,ERR14397902,SPEC
RCN26908,ERR14397903,GRC1
RCN26908,ERR14397904,GRC2
RCN26908,ERR14397905,SPEC
RCN26909,ERR14397906,GRC1
RCN26909,ERR14397907,GRC2
RCN26909,ERR14397908,SPEC
RCN26910,ERR14397909,GRC1
RCN26910,ERR14397910,GRC2
RCN26910,ERR14397911,SPEC
RCN26911,ERR14397912,GRC1
RCN26911,ERR14397913,GRC2
RCN26911,ERR14397914,SPEC
RCN26912,ERR14397915,GRC1
RCN26912,ERR14397916,GRC2
RCN26912,ERR14397917,SPEC
RCN26913,ERR14397918,GRC1
RCN26913,ERR14397919,GRC2
RCN26913,ERR14397920,SPEC
RCN26914,ERR14397921,GRC1
RCN26914,ERR14397922,GRC2
RCN26914,ERR14397923,SPEC
RCN26915,ERR14397924,GRC1
RCN26915,ERR14397925,GRC2
RCN26915,ERR14397926,SPEC
RCN26916,ERR14397927,GRC1
RCN26916,ERR14397928,GRC2
RCN26916,ERR14397929,SPEC
RCN26917,ERR14397930,GRC1
RCN26917,ERR14397931,GRC2
RCN26917,ERR14397932,SPEC
RCN26918,ERR14397933,GRC1
RCN26918,ERR14397934,GRC2
RCN26918,ERR14397935,SPEC
RCN26919,ERR14397936,GRC1
RCN26919,ERR14397937,GRC2
RCN26919,ERR14397938,SPEC
RCN26920,ERR14397939,GRC1
RCN26920,ERR14397940,GRC2
RCN26920,ERR14397941,SPEC
RCN26921,ERR14397942,GRC1
RCN26921,ERR14397943,GRC2
RCN26921,ERR14397944,SPEC
RCN26922,ERR14397945,GRC1
RCN26922,ERR14397946,GRC2
RCN26922,ERR14397947,SPEC
RCN26923,ERR14397948,GRC1
RCN26923,ERR14397949,GRC2
RCN26923,ERR14397950,SPEC
RCN26924,ERR14397951,GRC1
RCN26924,ERR14397952,GRC2
RCN26924,ERR14397953,SPEC
RCN26925,ERR14397954,GRC1
RCN26925,ERR14397955,GRC2
RCN26925,ERR14397956,SPEC
RCN26926,ERR14397957,GRC1
RCN26926,ERR14397958,GRC2
RCN26926,ERR14397959,SPEC
RCN26927,ERR14397960,GRC1
RCN26927,ERR14397961,GRC2
RCN26927,ERR14397962,SPEC
RCN26928,ERR14397963,GRC1
RCN26928,ERR14397964,GRC2
RCN26928,ERR14397965,SPEC
RCN26929,ERR14397966,GRC1
RCN26929,ERR14397967,GRC2
RCN26929,ERR14397968,SPEC
RCN26930,ERR14397969,GRC1
RCN26930,ERR14397970,GRC2
RCN26930,ERR14397971,SPEC
RCN26931,ERR14397972,GRC1
RCN26931,ERR14397973,GRC2
RCN26931,ERR14397974,SPEC
RCN26932,ERR14397975,GRC1
RCN26932,ERR14397976,GRC2
RCN26932,ERR14397977,SPEC
RCN26934,ERR14397978,GRC1
RCN26934,ERR14397979,GRC2
RCN26934,ERR14397980,SPEC
RCN26935,ERR14397981,GRC1
RCN26935,ERR14397982,GRC2
RCN26935,ERR14397983,SPEC
RCN26936,ERR14397984,GRC1
RCN26936,ERR14397985,GRC2
RCN26936,ERR14397986,SPEC
RCN26937,ERR14397987,GRC1
RCN26937,ERR14397988,GRC2
RCN26937,ERR14397989,SPEC
RCN26938,ERR14397990,GRC1
RCN26938,ERR14397991,GRC2
RCN26938,ERR14397992,SPEC
RCN26939,ERR14397993,GRC1
RCN26939,ERR14397994,GRC2
RCN26939,ERR14397995,SPEC
RCN26940,ERR14397996,GRC1
RCN26940,ERR14397997,GRC2
RCN26940,ERR14397998,SPEC
RCN26941,ERR14397999,GRC1
RCN26941,ERR14398000,GRC2
RCN26941,ERR14398001,SPEC
RCN26942,ERR14398002,GRC1
RCN26942,ERR14398003,GRC2
RCN26942,ERR14398004,SPEC
RCN26943,ERR14398005,GRC1
RCN26943,ERR14398006,GRC2
RCN26943,ERR14398007,SPEC
RCN26944,ERR14398008,GRC1
RCN26944,ERR14398009,GRC2
RCN26944,ERR14398010,SPEC
RCN26945,ERR14398011,GRC1
RCN26945,ERR14398012,GRC2
RCN26945,ERR14398013,SPEC
RCN26946,ERR14398014,GRC1
RCN26946,ERR14398015,GRC2
RCN26946,ERR14398016,SPEC
RCN26947,ERR14398017,GRC1
RCN26947,ERR14398018,GRC2
RCN26947,ERR14398019,SPEC
RCN26949,ERR14398020,GRC1
RCN26949,ERR14398021,GRC2
RCN26949,ERR14398022,SPEC
RCN26950,ERR14398023,GRC1
RCN26950,ERR14398024,GRC2
RCN26950,ERR14398025,SPEC
RCN26952,ERR14398026,GRC1
RCN26952,ERR14398027,GRC2
RCN26952,ERR14398028,SPEC
RCN26953,ERR14398029,GRC1
RCN26953,ERR14398030,GRC2
RCN26953,ERR14398031,SPEC
RCN26956,ERR14398032,GRC1
RCN26956,ERR14398033,GRC2
RCN26956,ERR14398034,SPEC
RCN26957,ERR14398035,GRC1
RCN26957,ERR14398036,GRC2
RCN26957,ERR14398037,SPEC
RCN26958,ERR14398038,GRC1
RCN26958,ERR14398039,GRC2
RCN26958,ERR14398040,SPEC
RCN26959,ERR14398041,GRC1
RCN26959,ERR14398042,GRC2
RCN26959,ERR14398043,SPEC
RCN26960,ERR14398044,GRC1
RCN26960,ERR14398045,GRC2
RCN26960,ERR14398046,SPEC
RCN26961,ERR14398047,GRC1
RCN26961,ERR14398048,GRC2
RCN26961,ERR14398049,SPEC
RCN26962,ERR14398050,GRC1
RCN26962,ERR14398051,GRC2
RCN26962,ERR14398052,SPEC
RCN26963,ERR14398053,GRC1
RCN26963,ERR14398054,GRC2
RCN26963,ERR14398055,SPEC
RCN26964,ERR14398056,GRC1
RCN26964,ERR14398057,GRC2
RCN26964,ERR14398058,SPEC
RCN26965,ERR14398059,GRC1
RCN26965,ERR14398060,GRC2
RCN26965,ERR14398061,SPEC
RCN26966,ERR14398062,GRC1
RCN26966,ERR14398063,GRC2
RCN26966,ERR14398064,SPEC
RCN26967,ERR14398065,GRC1
RCN26967,ERR14398066,GRC2
RCN26967,ERR14398067,SPEC
RCN26968,ERR14398068,GRC1
RCN26968,ERR14398069,GRC2
RCN26968,ERR14398070,SPEC
RCN26969,ERR14398071,GRC1
RCN26969,ERR14398072,GRC2
RCN26969,ERR14398073,SPEC
RCN26970,ERR14398074,GRC1
RCN26970,ERR14398075,GRC2
RCN26970,ERR14398076,SPEC
RCN26971,ERR14398077,GRC1
RCN26971,ERR14398078,GRC2
RCN26971,ERR14398079,SPEC
RCN26972,ERR14398080,GRC1
RCN26972,ERR14398081,GRC2
RCN26972,ERR14398082,SPEC
RCN26973,ERR14398083,GRC1
RCN26973,ERR14398084,GRC2
RCN26973,ERR14398085,SPEC
RCN26974,ERR14398086,GRC1
RCN26974,ERR14398087,GRC2
RCN26974,ERR14398088,SPEC
RCN26975,ERR14398089,GRC1
RCN26975,ERR14398090,GRC2
RCN26975,ERR14398091,SPEC
RCN26977,ERR14398092,GRC1
RCN26977,ERR14398093,GRC2
RCN26977,ERR14398094,SPEC
RCN26978,ERR14398095,GRC1
RCN26978,ERR14398096,GRC2
RCN26978,ERR14398097,SPEC
RCN26979,ERR14398098,GRC1
RCN26979,ERR14398099,GRC2
RCN26979,ERR14398100,SPEC
RCN26980,ERR14398101,GRC1
RCN26980,ERR14398102,GRC2
RCN26980,ERR14398103,SPEC
RCN26982,ERR14398104,GRC1
RCN26982,ERR14398105,GRC2
RCN26982,ERR14398106,SPEC
RCN26983,ERR14398107,GRC1
RCN26983,ERR14398108,GRC2
RCN26983,ERR14398109,SPEC
RCN26984,ERR14398110,GRC1
RCN26984,ERR14398111,GRC2
RCN26984,ERR14398112,SPEC
RCN26985,ERR14398113,GRC1
RCN26985,ERR14398114,GRC2
RCN26985,ERR14398115,SPEC
RCN26986,ERR14398116,GRC1
RCN26986,ERR14398117,GRC2
RCN26986,ERR14398118,SPEC
RCN26987,ERR14398119,GRC1
RCN26987,ERR14398120,GRC2
RCN26987,ERR14398121,SPEC
RCN26988,ERR14398122,GRC1
RCN26988,ERR14398123,GRC2
RCN26988,ERR14398124,SPEC
RCN26989,ERR14398125,GRC1
RCN26989,ERR14398126,GRC2
RCN26989,ERR14398127,SPEC
RCN26991,ERR14398128,GRC1
RCN26991,ERR14398129,GRC2
RCN26991,ERR14398130,SPEC
RCN26992,ERR14398131,GRC1
RCN26992,ERR14398132,GRC2
RCN26992,ERR14398133,SPEC
RCN26993,ERR14398134,GRC1
RCN26993,ERR14398135,GRC2
RCN26993,ERR14398136,SPEC
RCN26994,ERR14398137,GRC1
RCN26994,ERR14398138,GRC2
RCN26994,ERR14398139,SPEC
RCN26995,ERR14398140,GRC1
RCN26995,ERR14398141,GRC2
RCN26995,ERR14398142,SPEC
RCN26996,ERR14398143,GRC1
RCN26996,ERR14398144,GRC2
RCN26996,ERR14398145,SPEC
RCN26997,ERR14398146,GRC1
RCN26997,ERR14398147,GRC2
RCN26997,ERR14398148,SPEC
RCN26999,ERR14398149,GRC1
RCN26999,ERR14398150,GRC2
RCN26999,ERR14398151,SPEC
RCN27000,ERR14398152,GRC1
RCN27000,ERR14398153,GRC2
RCN27000,ERR14398154,SPEC
RCN27001,ERR14398155,GRC1
RCN27001,ERR14398156,GRC2
RCN27001,ERR14398157,SPEC
RCN27002,ERR14398158,GRC1
RCN27002,ERR14398159,GRC2
RCN27002,ERR14398160,SPEC
RCN27003,ERR14398161,GRC1
RCN27003,ERR14398162,GRC2
RCN27003,ERR14398163,SPEC
RCN27004,ERR14398164,GRC1
RCN27004,ERR14398165,GRC2
RCN27004,ERR14398166,SPEC
RCN27005,ERR14398167,GRC1
RCN27005,ERR14398168,GRC2
RCN27005,ERR14398169,SPEC
RCN27006,ERR14398170,GRC1
RCN27006,ERR14398171,GRC2
RCN27006,ERR14398172,SPEC
RCN27007,ERR14398173,GRC1
RCN27007,ERR14398174,GRC2
RCN27007,ERR14398175,SPEC
RCN27008,ERR14398176,GRC1
RCN27008,ERR14398177,GRC2
RCN27008,ERR14398178,SPEC
RCN27009,ERR14398179,GRC1
RCN27009,ERR14398180,GRC2
RCN27009,ERR14398181,SPEC
RCN27010,ERR14398182,GRC1
RCN27010,ERR14398183,GRC2
RCN27010,ERR14398184,SPEC
RCN27011,ERR14398185,GRC1
RCN27011,ERR14398186,GRC2
RCN27011,ERR14398187,SPEC
RCN27012,ERR14398188,GRC1
RCN27012,ERR14398189,GRC2
RCN27012,ERR14398190,SPEC
RCN27013,ERR14398191,GRC1
RCN27013,ERR14398192,GRC2
RCN27013,ERR14398193,SPEC
RCN27014,ERR14398194,GRC1
RCN27014,ERR14398195,GRC2
RCN27014,ERR14398196,SPEC
RCN27016,ERR14398197,GRC1
RCN27016,ERR14398198,GRC2
RCN27016,ERR14398199,SPEC
RCN27017,ERR14398200,GRC1
RCN27017,ERR14398201,GRC2
RCN27017,ERR14398202,SPEC
RCN27019,ERR14398203,GRC1
RCN27019,ERR14398204,GRC2
RCN27019,ERR14398205,SPEC
RCN27020,ERR14398206,GRC1
RCN27020,ERR14398207,GRC2
RCN27020,ERR14398208,SPEC
RCN27021,ERR14398209,GRC1
RCN27021,ERR14398210,GRC2
RCN27021,ERR14398211,SPEC
RCN27023,ERR14398212,GRC1
RCN27023,ERR14398213,GRC2
RCN27023,ERR14398214,SPEC
RCN27024,ERR14398215,GRC1
RCN27024,ERR14398216,GRC2
RCN27024,ERR14398217,SPEC
RCN27026,ERR14398218,GRC1
RCN27026,ERR14398219,GRC2
RCN27026,ERR14398220,SPEC
RCN27027,ERR14398221,GRC1
RCN27027,ERR14398222,GRC2
RCN27027,ERR14398223,SPEC
RCN27028,ERR14398224,GRC1
RCN27028,ERR14398225,GRC2
RCN27028,ERR14398226,SPEC
RCN27030,ERR14398227,GRC1
RCN27030,ERR14398228,GRC2
RCN27030,ERR14398229,SPEC
RCN27031,ERR14398230,GRC1
RCN27031,ERR14398231,GRC2
RCN27031,ERR14398232,SPEC
RCN27032,ERR14398233,GRC1
RCN27032,ERR14398234,GRC2
RCN27032,ERR14398235,SPEC
RCN27033,ERR14398236,GRC1
RCN27033,ERR14398237,GRC2
RCN27033,ERR14398238,SPEC
RCN27034,ERR14398239,GRC1
RCN27034,ERR14398240,GRC2
RCN27034,ERR14398241,SPEC
RCN27035,ERR14398242,GRC1
RCN27035,ERR14398243,GRC2
RCN27035,ERR14398244,SPEC
RCN27037,ERR14398245,GRC1
RCN27037,ERR14398246,GRC2
RCN27037,ERR14398247,SPEC
RCN27038,ERR14398248,GRC1
RCN27038,ERR14398249,GRC2
RCN27038,ERR14398250,SPEC
RCN27039,ERR14398251,GRC1
RCN27039,ERR14398252,GRC2
RCN27039,ERR14398253,SPEC
RCN27040,ERR14398254,GRC1
RCN27040,ERR14398255,GRC2
RCN27040,ERR14398256,SPEC
RCN27043,ERR14398257,GRC1
RCN27043,ERR14398258,GRC2
RCN27043,ERR14398259,SPEC
RCN27044,ERR14398260,GRC1
RCN27044,ERR14398261,GRC2
RCN27044,ERR14398262,SPEC
RCN27045,ERR14398263,GRC1
RCN27045,ERR14398264,GRC2
RCN27045,ERR14398265,SPEC
RCN27046,ERR14398266,GRC1
RCN27046,ERR14398267,GRC2
RCN27046,ERR14398268,SPEC
RCN27048,ERR14398269,GRC1
RCN27048,ERR14398270,GRC2
RCN27048,ERR14398271,SPEC
RCN27050,ERR14398272,GRC1
RCN27050,ERR14398273,GRC2
RCN27050,ERR14398274,SPEC
RCN27051,ERR14398275,GRC1
RCN27051,ERR14398276,GRC2
RCN27051,ERR14398277,SPEC
RCN27052,ERR14398278,GRC1
RCN27052,ERR14398279,GRC2
RCN27052,ERR14398280,SPEC
RCN27055,ERR14398281,GRC1
RCN27055,ERR14398282,GRC2
RCN27055,ERR14398283,SPEC
RCN27056,ERR14398284,GRC1
RCN27056,ERR14398285,GRC2
RCN27056,ERR14398286,SPEC
RCN27058,ERR14398287,GRC1
RCN27058,ERR14398288,GRC2
RCN27058,ERR14398289,SPEC
RCN27059,ERR14398290,GRC1
RCN27059,ERR14398291,GRC2
RCN27059,ERR14398292,SPEC
RCN27061,ERR14398293,GRC1
RCN27061,ERR14398294,GRC2
RCN27061,ERR14398295,SPEC
RCN27062,ERR14398296,GRC1
RCN27062,ERR14398297,GRC2
RCN27062,ERR14398298,SPEC
RCN27064,ERR14398299,GRC1
RCN27064,ERR14398300,GRC2
RCN27064,ERR14398301,SPEC
RCN27067,ERR14398302,GRC1
RCN27067,ERR14398303,GRC2
RCN27067,ERR14398304,SPEC
RCN27068,ERR14398305,GRC1
RCN27068,ERR14398306,GRC2
RCN27068,ERR14398307,SPEC
RCN27069,ERR14398308,GRC1
RCN27069,ERR14398309,GRC2
RCN27069,ERR14398310,SPEC
RCN27070,ERR14398311,GRC1
RCN27070,ERR14398312,GRC2
RCN27070,ERR14398313,SPEC
RCN27074,ERR14398314,GRC1
RCN27074,ERR14398315,GRC2
RCN27074,ERR14398316,SPEC
RCN27075,ERR14398317,GRC1
RCN27075,ERR14398318,GRC2
RCN27075,ERR14398319,SPEC
RCN27076,ERR14398320,GRC1
RCN27076,ERR14398321,GRC2
RCN27076,ERR14398322,SPEC
RCN27077,ERR14398323,GRC1
RCN27077,ERR14398324,GRC2
RCN27077,ERR14398325,SPEC
RCN27078,ERR14398326,GRC1
RCN27078,ERR14398327,GRC2
RCN27078,ERR14398328,SPEC
RCN27079,ERR14398329,GRC1
RCN27079,ERR14398330,GRC2
RCN27079,ERR14398331,SPEC
RCN27080,ERR14398332,GRC1
RCN27080,ERR14398333,GRC2
RCN27080,ERR14398334,SPEC
RCN27081,ERR14398335,GRC1
RCN27081,ERR14398336,GRC2
RCN27081,ERR14398337,SPEC
RCN27082,ERR14398338,GRC1
RCN27082,ERR14398339,GRC2
RCN27082,ERR14398340,SPEC
RCN27083,ERR14398341,GRC1
RCN27083,ERR14398342,GRC2
RCN27083,ERR14398343,SPEC
RCN27084,ERR14398344,GRC1
RCN27084,ERR14398345,GRC2
RCN27084,ERR14398346,SPEC
RCN27085,ERR14398347,GRC1
RCN27085,ERR14398348,GRC2
RCN27085,ERR14398349,SPEC
RCN27086,ERR14398350,GRC1
RCN27086,ERR14398351,GRC2
RCN27086,ERR14398352,SPEC
RCN27087,ERR14398353,GRC1
RCN27087,ERR14398354,GRC2
RCN27087,ERR14398355,SPEC
RCN27088,ERR14398356,GRC1
RCN27088,ERR14398357,GRC2
RCN27088,ERR14398358,SPEC
RCN27089,ERR14398359,GRC1
RCN27089,ERR14398360,GRC2
RCN27089,ERR14398361,SPEC
RCN27090,ERR14398362,GRC1
RCN27090,ERR14398363,GRC2
RCN27090,ERR14398364,SPEC
RCN27091,ERR14398365,GRC1
RCN27091,ERR14398366,GRC2
RCN27091,ERR14398367,SPEC
RCN27092,ERR14398368,GRC1
RCN27092,ERR14398369,GRC2
RCN27092,ERR14398370,SPEC
RCN27093,ERR14398371,GRC1
RCN27093,ERR14398372,GRC2
RCN27093,ERR14398373,SPEC
RCN27094,ERR14398374,GRC1
RCN27094,ERR14398375,GRC2
RCN27094,ERR14398376,SPEC
RCN27095,ERR14398377,GRC1
RCN27095,ERR14398378,GRC2
RCN27095,ERR14398379,SPEC
RCN27096,ERR14398380,GRC1
RCN27096,ERR14398381,GRC2
RCN27096,ERR14398382,SPEC
RCN27097,ERR14398383,GRC1
RCN27097,ERR14398384,GRC2
RCN27097,ERR14398385,SPEC
RCN27098,ERR14398386,GRC1
RCN27098,ERR14398387,GRC2
RCN27098,ERR14398388,SPEC
RCN27099,ERR14398389,GRC1
RCN27099,ERR14398390,GRC2
RCN27099,ERR14398391,SPEC
RCN27100,ERR14398392,GRC1
RCN27100,ERR14398393,GRC2
RCN27100,ERR14398394,SPEC
RCN27101,ERR14398395,GRC1
RCN27101,ERR14398396,GRC2
RCN27101,ERR14398397,SPEC
RCN27102,ERR14398398,GRC1
RCN27102,ERR14398399,GRC2
RCN27102,ERR14398400,SPEC
RCN27103,ERR14398401,GRC1
RCN27103,ERR14398402,GRC2
RCN27103,ERR14398403,SPEC
RCN27104,ERR14398404,GRC1
RCN27104,ERR14398405,GRC2
RCN27104,ERR14398406,SPEC
RCN27105,ERR14398407,GRC1
RCN27105,ERR14398408,GRC2
RCN27105,ERR14398409,SPEC
RCN27106,ERR14398410,GRC1
RCN27106,ERR14398411,GRC2
RCN27106,ERR14398412,SPEC
RCN27107,ERR14398413,GRC1
RCN27107,ERR14398414,GRC2
RCN27107,ERR14398415,SPEC
RCN27108,ERR14398416,GRC1
RCN27108,ERR14398417,GRC2
RCN27108,ERR14398418,SPEC
RCN27109,ERR14398419,GRC1
RCN27109,ERR14398420,GRC2
RCN27109,ERR14398421,SPEC
RCN27110,ERR14398422,GRC1
RCN27110,ERR14398423,GRC2
RCN27110,ERR14398424,SPEC
RCN27111,ERR14398425,GRC1
RCN27111,ERR14398426,GRC2
RCN27111,ERR14398427,SPEC
RCN27112,ERR14398428,GRC1
RCN27112,ERR14398429,GRC2
RCN27112,ERR14398430,SPEC
RCN27113,ERR14398431,GRC1
RCN27113,ERR14398432,GRC2
RCN27113,ERR14398433,SPEC
RCN27114,ERR14398434,GRC1
RCN27114,ERR14398435,GRC2
RCN27114,ERR14398436,SPEC
RCN27115,ERR14398437,GRC1
RCN27115,ERR14398438,GRC2
RCN27115,ERR14398439,SPEC
RCN27116,ERR14398440,GRC1
RCN27116,ERR14398441,GRC2
RCN27116,ERR14398442,SPEC
RCN27117,ERR14398443,GRC1
RCN27117,ERR14398444,GRC2
RCN27117,ERR14398445,SPEC
RCN27118,ERR14398446,GRC1
RCN27118,ERR14398447,GRC2
RCN27118,ERR14398448,SPEC
RCN27119,ERR14398449,GRC1
RCN27119,ERR14398450,GRC2
RCN27119,ERR14398451,SPEC
RCN27120,ERR14398452,GRC1
RCN27120,ERR14398453,GRC2
RCN27120,ERR14398454,SPEC
RCN27121,ERR14398455,GRC1
RCN27121,ERR14398456,GRC2
RCN27121,ERR14398457,SPEC
RCN27122,ERR14398458,GRC1
RCN27122,ERR14398459,GRC2
RCN27122,ERR14398460,SPEC
RCN27123,ERR14398461,GRC1
RCN27123,ERR14398462,GRC2
RCN27123,ERR14398463,SPEC
RCN27124,ERR14398464,GRC1
RCN27124,ERR14398465,GRC2
RCN27124,ERR14398466,SPEC
RCN27125,ERR14398467,GRC1
RCN27125,ERR14398468,GRC2
RCN27125,ERR14398469,SPEC
RCN27126,ERR14398470,GRC1
RCN27126,ERR14398471,GRC2
RCN27126,ERR14398472,SPEC
RCN27127,ERR14398473,GRC1
RCN27127,ERR14398474,GRC2
RCN27127,ERR14398475,SPEC
RCN27128,ERR14398476,GRC1
RCN27128,ERR14398477,GRC2
RCN27128,ERR14398478,SPEC
RCN27129,ERR14398479,GRC1
RCN27129,ERR14398480,GRC2
RCN27129,ERR14398481,SPEC
RCN27130,ERR14398482,GRC1
RCN27130,ERR14398483,GRC2
RCN27130,ERR14398484,SPEC
RCN27132,ERR14398485,GRC1
RCN27132,ERR14398486,GRC2
RCN27132,ERR14398487,SPEC
RCN27133,ERR14398488,GRC1
RCN27133,ERR14398489,GRC2
RCN27133,ERR14398490,SPEC
RCN27134,ERR14398491,GRC1
RCN27134,ERR14398492,GRC2
RCN27134,ERR14398493,SPEC
RCN27135,ERR14398494,GRC1
RCN27135,ERR14398495,GRC2
RCN27135,ERR14398496,SPEC
RCN27136,ERR14398497,GRC1
RCN27136,ERR14398498,GRC2
RCN27136,ERR14398499,SPEC
RCN27138,ERR14398500,GRC1
RCN27138,ERR14398501,GRC2
RCN27138,ERR14398502,SPEC
RCN27139,ERR14398503,GRC1
RCN27139,ERR14398504,GRC2
RCN27139,ERR14398505,SPEC
RCN27140,ERR14398506,GRC1
RCN27140,ERR14398507,GRC2
RCN27140,ERR14398508,SPEC
RCN27141,ERR14398509,GRC1
RCN27141,ERR14398510,GRC2
RCN27141,ERR14398511,SPEC
RCN27142,ERR14398512,GRC1
RCN27142,ERR14398513,GRC2
RCN27142,ERR14398514,SPEC
RCN27143,ERR14398515,GRC1
RCN27143,ERR14398516,GRC2
RCN27143,ERR14398517,SPEC
RCN27144,ERR14398518,GRC1
RCN27144,ERR14398519,GRC2
RCN27144,ERR14398520,SPEC
RCN27145,ERR14398521,GRC1
RCN27145,ERR14398522,GRC2
RCN27145,ERR14398523,SPEC
RCN27146,ERR14398524,GRC1
RCN27146,ERR14398525,GRC2
RCN27146,ERR14398526,SPEC
RCN27147,ERR14398527,GRC1
RCN27147,ERR14398528,GRC2
RCN27147,ERR14398529,SPEC
RCN27148,ERR14398530,GRC1
RCN27148,ERR14398531,GRC2
RCN27148,ERR14398532,SPEC
RCN27149,ERR14398533,GRC1
RCN27149,ERR14398534,GRC2
RCN27149,ERR14398535,SPEC
RCN27150,ERR14398536,GRC1
RCN27150,ERR14398537,GRC2
RCN27150,ERR14398538,SPEC
RCN27151,ERR14398539,GRC1
RCN27151,ERR14398540,GRC2
RCN27151,ERR14398541,SPEC
RCN27152,ERR14398542,GRC1
RCN27152,ERR14398543,GRC2
RCN27152,ERR14398544,SPEC
RCN27153,ERR14398545,GRC1
RCN27153,ERR14398546,GRC2
RCN27153,ERR14398547,SPEC
RCN27156,ERR14398548,GRC1
RCN27156,ERR14398549,GRC2
RCN27156,ERR14398550,SPEC
RCN27157,ERR14398551,GRC1
RCN27157,ERR14398552,GRC2
RCN27157,ERR14398553,SPEC
RCN27159,ERR14398554,GRC1
RCN27159,ERR14398555,GRC2
RCN27159,ERR14398556,SPEC
RCN27160,ERR14398557,GRC1
RCN27160,ERR14398558,GRC2
RCN27160,ERR14398559,SPEC
RCN27161,ERR14398560,GRC1
RCN27161,ERR14398561,GRC2
RCN27161,ERR14398562,SPEC
RCN27162,ERR14398563,GRC1
RCN27162,ERR14398564,GRC2
RCN27162,ERR14398565,SPEC
RCN27163,ERR14398566,GRC1
RCN27163,ERR14398567,GRC2
RCN27163,ERR14398568,SPEC
RCN27164,ERR14398569,GRC1
RCN27164,ERR14398570,GRC2
RCN27164,ERR14398571,SPEC
RCN27165,ERR14398572,GRC1
RCN27165,ERR14398573,GRC2
RCN27165,ERR14398574,SPEC
RCN27166,ERR14398575,GRC1
RCN27166,ERR14398576,GRC2
RCN27166,ERR14398577,SPEC
RCN27167,ERR14398578,GRC1
RCN27167,ERR14398579,GRC2
RCN27167,ERR14398580,SPEC
RCN27168,ERR14398581,GRC1
RCN27168,ERR14398582,GRC2
RCN27168,ERR14398583,SPEC
RCN27169,ERR14398584,GRC1
RCN27169,ERR14398585,GRC2
RCN27169,ERR14398586,SPEC
RCN27170,ERR14398587,GRC1
RCN27170,ERR14398588,GRC2
RCN27170,ERR14398589,SPEC
RCN27171,ERR14398590,GRC1
RCN27171,ERR14398591,GRC2
RCN27171,ERR14398592,SPEC
RCN27172,ERR14398593,GRC1
RCN27172,ERR14398594,GRC2
RCN27172,ERR14398595,SPEC
RCN27173,ERR14398596,GRC1
RCN27173,ERR14398597,GRC2
RCN27173,ERR14398598,SPEC
RCN27174,ERR14398599,GRC1
RCN27174,ERR14398600,GRC2
RCN27174,ERR14398601,SPEC
RCN27175,ERR14398602,GRC1
RCN27175,ERR14398603,GRC2
RCN27175,ERR14398604,SPEC
RCN27176,ERR14398605,GRC1
RCN27176,ERR14398606,GRC2
RCN27176,ERR14398607,SPEC
RCN27177,ERR14398608,GRC1
RCN27177,ERR14398609,GRC2
RCN27177,ERR14398610,SPEC
RCN27178,ERR14398611,GRC1
RCN27178,ERR14398612,GRC2
RCN27178,ERR14398613,SPEC
RCN27179,ERR14398614,GRC1
RCN27179,ERR14398615,GRC2
RCN27179,ERR14398616,SPEC
RCN27180,ERR14398617,GRC1
RCN27180,ERR14398618,GRC2
RCN27180,ERR14398619,SPEC
RCN27181,ERR14398620,GRC1
RCN27181,ERR14398621,GRC2
RCN27181,ERR14398622,SPEC
RCN27182,ERR14398623,GRC1
RCN27182,ERR14398624,GRC2
RCN27182,ERR14398625,SPEC
RCN27184,ERR14398626,GRC1
RCN27184,ERR14398627,GRC2
RCN27184,ERR14398628,SPEC
RCN27185,ERR14398629,GRC1
RCN27185,ERR14398630,GRC2
RCN27185,ERR14398631,SPEC
RCN27186,ERR14398632,GRC1
RCN27186,ERR14398633,GRC2
RCN27186,ERR14398634,SPEC
RCN27187,ERR14398635,GRC1
RCN27187,ERR14398636,GRC2
RCN27187,ERR14398637,SPEC
RCN33474,ERR14398638,GRC1
RCN33474,ERR14398639,GRC2
RCN33474,ERR14398640,SPEC
RCN33475,ERR14398641,GRC1
RCN33475,ERR14398642,GRC2
RCN33475,ERR14398643,SPEC
RCN33476,ERR14398644,GRC1
RCN33476,ERR14398645,GRC2
RCN33476,ERR14398646,SPEC
RCN33477,ERR14398647,GRC1
RCN33477,ERR14398648,GRC2
RCN33477,ERR14398649,SPEC
RCN33478,ERR14398650,GRC1
RCN33478,ERR14398651,GRC2
RCN33478,ERR14398652,SPEC
RCN33479,ERR14398653,GRC1
RCN33479,ERR14398654,GRC2
RCN33479,ERR14398655,SPEC
RCN33480,ERR14398656,GRC1
RCN33480,ERR14398657,GRC2
RCN33480,ERR14398658,SPEC
RCN33481,ERR14398659,GRC1
RCN33481,ERR14398660,GRC2
RCN33481,ERR14398661,SPEC
RCN33482,ERR14398662,GRC1
RCN33482,ERR14398663,GRC2
RCN33482,ERR14398664,SPEC
RCN33483,ERR14398665,GRC1
RCN33483,ERR14398666,GRC2
RCN33483,ERR14398667,SPEC
RCN33484,ERR14398668,GRC1
RCN33484,ERR14398669,GRC2
RCN33484,ERR14398670,SPEC
RCN33485,ERR14398671,GRC1
RCN33485,ERR14398672,GRC2
RCN33485,ERR14398673,SPEC
RCN33486,ERR14398674,GRC1
RCN33486,ERR14398675,GRC2
RCN33486,ERR14398676,SPEC
RCN33487,ERR14398677,GRC1
RCN33487,ERR14398678,GRC2
RCN33487,ERR14398679,SPEC
RCN33488,ERR14398680,GRC1
RCN33488,ERR14398681,GRC2
RCN33488,ERR14398682,SPEC
RCN33489,ERR14398683,GRC1
RCN33489,ERR14398684,GRC2
RCN33489,ERR14398685,SPEC
RCN33490,ERR14398686,GRC1
RCN33490,ERR14398687,GRC2
RCN33490,ERR14398688,SPEC
RCN33491,ERR14398689,GRC1
RCN33491,ERR14398690,GRC2
RCN33491,ERR14398691,SPEC
RCN33492,ERR14398692,GRC1
RCN33492,ERR14398693,GRC2
RCN33492,ERR14398694,SPEC
RCN33493,ERR14398695,GRC1
RCN33493,ERR14398696,GRC2
RCN33493,ERR14398697,SPEC
RCN33494,ERR14398698,GRC1
RCN33494,ERR14398699,GRC2
RCN33494,ERR14398700,SPEC
RCN33495,ERR14398701,GRC1
RCN33495,ERR14398702,GRC2
RCN33495,ERR14398703,SPEC
RCN33496,ERR14398704,GRC1
RCN33496,ERR14398705,GRC2
RCN33496,ERR14398706,SPEC
RCN33497,ERR14398707,GRC1
RCN33497,ERR14398708,GRC2
RCN33497,ERR14398709,SPEC
RCN33498,ERR14398710,GRC1
RCN33498,ERR14398711,GRC2
RCN33498,ERR14398712,SPEC
RCN33499,ERR14398713,GRC1
RCN33499,ERR14398714,GRC2
RCN33499,ERR14398715,SPEC
RCN33500,ERR14398716,GRC1
RCN33500,ERR14398717,GRC2
RCN33500,ERR14398718,SPEC
RCN33501,ERR14398719,GRC1
RCN33501,ERR14398720,GRC2
RCN33501,ERR14398721,SPEC
RCN33502,ERR14398722,GRC1
RCN33502,ERR14398723,GRC2
RCN33502,ERR14398724,SPEC
RCN33503,ERR14398725,GRC1
RCN33503,ERR14398726,GRC2
RCN33503,ERR14398727,SPEC
RCN33504,ERR14398728,GRC1
RCN33504,ERR14398729,GRC2
RCN33504,ERR14398730,SPEC
RCN33505,ERR14398731,GRC1
RCN33505,ERR14398732,GRC2
RCN33505,ERR14398733,SPEC
RCN33506,ERR14398734,GRC1
RCN33506,ERR14398735,GRC2
RCN33506,ERR14398736,SPEC
RCN33507,ERR14398737,GRC1
RCN33507,ERR14398738,GRC2
RCN33507,ERR14398739,SPEC
RCN33508,ERR14398740,GRC1
RCN33508,ERR14398741,GRC2
RCN33508,ERR14398742,SPEC
RCN33509,ERR14398743,GRC1
RCN33509,ERR14398744,GRC2
RCN33509,ERR14398745,SPEC
RCN33510,ERR14398746,GRC1
RCN33510,ERR14398747,GRC2
RCN33510,ERR14398748,SPEC
RCN33511,ERR14398749,GRC1
RCN33511,ERR14398750,GRC2
RCN33511,ERR14398751,SPEC
RCN33512,ERR14398752,GRC1
RCN33512,ERR14398753,GRC2
RCN33512,ERR14398754,SPEC
RCN33513,ERR14398755,GRC1
RCN33513,ERR14398756,GRC2
RCN33513,ERR14398757,SPEC
RCN33514,ERR14398758,GRC1
RCN33514,ERR14398759,GRC2
RCN33514,ERR14398760,SPEC
RCN33515,ERR14398761,GRC1
RCN33515,ERR14398762,GRC2
RCN33515,ERR14398763,SPEC
RCN33516,ERR14398764,GRC1
RCN33516,ERR14398765,GRC2
RCN33516,ERR14398766,SPEC
RCN33517,ERR14398767,GRC1
RCN33517,ERR14398768,GRC2
RCN33517,ERR14398769,SPEC
RCN33518,ERR14398770,GRC1
RCN33518,ERR14398771,GRC2
RCN33518,ERR14398772,SPEC
RCN33519,ERR14398773,GRC1
RCN33519,ERR14398774,GRC2
RCN33519,ERR14398775,SPEC
RCN33520,ERR14398776,GRC1
RCN33520,ERR14398777,GRC2
RCN33520,ERR14398778,SPEC
RCN33521,ERR14398779,GRC1
RCN33521,ERR14398780,GRC2
RCN33521,ERR14398781,SPEC
RCN33522,ERR14398782,GRC1
RCN33522,ERR14398783,GRC2
RCN33522,ERR14398784,SPEC
RCN33523,ERR14398785,GRC1
RCN33523,ERR14398786,GRC2
RCN33523,ERR14398787,SPEC
RCN33524,ERR14398788,GRC1
RCN33524,ERR14398789,GRC2
RCN33524,ERR14398790,SPEC
RCN33525,ERR14398791,GRC1
RCN33525,ERR14398792,GRC2
RCN33525,ERR14398793,SPEC
RCN33526,ERR14398794,GRC1
RCN33526,ERR14398795,GRC2
RCN33526,ERR14398796,SPEC
RCN33527,ERR14398797,GRC1
RCN33527,ERR14398798,GRC2
RCN33527,ERR14398799,SPEC
RCN33528,ERR14398800,GRC1
RCN33528,ERR14398801,GRC2
RCN33528,ERR14398802,SPEC
RCN33529,ERR14398803,GRC1
RCN33529,ERR14398804,GRC2
RCN33529,ERR14398805,SPEC
RCN33530,ERR14398806,GRC1
RCN33530,ERR14398807,GRC2
RCN33530,ERR14398808,SPEC
RCN33531,ERR14398809,GRC1
RCN33531,ERR14398810,GRC2
RCN33531,ERR14398811,SPEC
RCN33532,ERR14398812,GRC1
RCN33532,ERR14398813,GRC2
RCN33532,ERR14398814,SPEC
RCN33534,ERR14398815,GRC1
RCN33534,ERR14398816,GRC2
RCN33534,ERR14398817,SPEC
RCN33535,ERR14398818,GRC1
RCN33535,ERR14398819,GRC2
RCN33535,ERR14398820,SPEC
RCN33536,ERR14398821,GRC1
RCN33536,ERR14398822,GRC2
RCN33536,ERR14398823,SPEC
RCN33537,ERR14398824,GRC1
RCN33537,ERR14398825,GRC2
RCN33537,ERR14398826,SPEC
RCN33538,ERR14398827,GRC1
RCN33538,ERR14398828,GRC2
RCN33538,ERR14398829,SPEC
RCN33539,ERR14398830,GRC1
RCN33539,ERR14398831,GRC2
RCN33539,ERR14398832,SPEC
RCN33540,ERR14398833,GRC1
RCN33540,ERR14398834,GRC2
RCN33540,ERR14398835,SPEC
RCN33541,ERR14398836,GRC1
RCN33541,ERR14398837,GRC2
RCN33541,ERR14398838,SPEC
RCN33542,ERR14398839,GRC1
RCN33542,ERR14398840,GRC2
RCN33542,ERR14398841,SPEC
RCN33543,ERR14398842,GRC1
RCN33543,ERR14398843,GRC2
RCN33543,ERR14398844,SPEC
RCN33544,ERR14398845,GRC1
RCN33544,ERR14398846,GRC2
RCN33544,ERR14398847,SPEC
RCN33545,ERR14398848,GRC1
RCN33545,ERR14398849,GRC2
RCN33545,ERR14398850,SPEC
RCN33546,ERR14398851,GRC1
RCN33546,ERR14398852,GRC2
RCN33546,ERR14398853,SPEC
RCN33547,ERR14398854,GRC1
RCN33547,ERR14398855,GRC2
RCN33547,ERR14398856,SPEC
RCN33548,ERR14398857,GRC1
RCN33548,ERR14398858,GRC2
RCN33548,ERR14398859,SPEC
RCN33549,ERR14398860,GRC1
RCN33549,ERR14398861,GRC2
RCN33549,ERR14398862,SPEC
RCN33550,ERR14398863,GRC1
RCN33550,ERR14398864,GRC2
RCN33550,ERR14398865,SPEC
RCN33551,ERR14398866,GRC1
RCN33551,ERR14398867,GRC2
RCN33551,ERR14398868,SPEC
RCN33552,ERR14398869,GRC1
RCN33552,ERR14398870,GRC2
RCN33552,ERR14398871,SPEC
RCN33553,ERR14398872,GRC1
RCN33553,ERR14398873,GRC2
RCN33553,ERR14398874,SPEC
RCN33554,ERR14398875,GRC1
RCN33554,ERR14398876,GRC2
RCN33554,ERR14398877,SPEC
RCN33555,ERR14398878,GRC1
RCN33555,ERR14398879,GRC2
RCN33555,ERR14398880,SPEC
RCN33556,ERR14398881,GRC1
RCN33556,ERR14398882,GRC2
RCN33556,ERR14398883,SPEC
RCN33557,ERR14398884,GRC1
RCN33557,ERR14398885,GRC2
RCN33557,ERR14398886,SPEC
RCN33558,ERR14398887,GRC1
RCN33558,ERR14398888,GRC2
RCN33558,ERR14398889,SPEC
RCN33559,ERR14398890,GRC1
RCN33559,ERR14398891,GRC2
RCN33559,ERR14398892,SPEC
RCN33560,ERR14398893,GRC1
RCN33560,ERR14398894,GRC2
RCN33560,ERR14398895,SPEC
RCN33561,ERR14398896,GRC1
RCN33561,ERR14398897,GRC2
RCN33561,ERR14398898,SPEC
RCN33562,ERR14398899,GRC1
RCN33562,ERR14398900,GRC2
RCN33562,ERR14398901,SPEC
RCN33563,ERR14398902,GRC1
RCN33563,ERR14398903,GRC2
RCN33563,ERR14398904,SPEC
RCN33564,ERR14398905,GRC1
RCN33564,ERR14398906,GRC2
RCN33564,ERR14398907,SPEC
RCN33565,ERR14398908,GRC1
RCN33565,ERR14398909,GRC2
RCN33565,ERR14398910,SPEC
RCN33566,ERR14398911,GRC1
RCN33566,ERR14398912,GRC2
RCN33566,ERR14398913,SPEC
RCN33567,ERR14398914,GRC1
RCN33567,ERR14398915,GRC2
RCN33567,ERR14398916,SPEC
RCN33568,ERR14398917,GRC1
RCN33568,ERR14398918,GRC2
RCN33568,ERR14398919,SPEC
RCN33569,ERR14398920,GRC1
RCN33569,ERR14398921,GRC2
RCN33569,ERR14398922,SPEC
RCN33570,ERR14398923,GRC1
RCN33570,ERR14398924,GRC2
RCN33570,ERR14398925,SPEC
RCN33571,ERR14398926,GRC1
RCN33571,ERR14398927,GRC2
RCN33571,ERR14398928,SPEC
RCN33573,ERR14398929,GRC1
RCN33573,ERR14398930,GRC2
RCN33573,ERR14398931,SPEC
RCN33574,ERR14398932,GRC1
RCN33574,ERR14398933,GRC2
RCN33574,ERR14398934,SPEC
RCN33575,ERR14398935,GRC1
RCN33575,ERR14398936,GRC2
RCN33575,ERR14398937,SPEC
RCN33576,ERR14398938,GRC1
RCN33576,ERR14398939,GRC2
RCN33576,ERR14398940,SPEC
RCN33577,ERR14398941,GRC1
RCN33577,ERR14398942,GRC2
RCN33577,ERR14398943,SPEC
RCN33578,ERR14398944,GRC1
RCN33578,ERR14398945,GRC2
RCN33578,ERR14398946,SPEC
RCN33579,ERR14398947,GRC1
RCN33579,ERR14398948,GRC2
RCN33579,ERR14398949,SPEC
RCN33580,ERR14398950,GRC1
RCN33580,ERR14398951,GRC2
RCN33580,ERR14398952,SPEC
RCN33581,ERR14398953,GRC1
RCN33581,ERR14398954,GRC2
RCN33581,ERR14398955,SPEC
RCN33582,ERR14398956,GRC1
RCN33582,ERR14398957,GRC2
RCN33582,ERR14398958,SPEC
RCN33583,ERR14398959,GRC1
RCN33583,ERR14398960,GRC2
RCN33583,ERR14398961,SPEC
RCN33584,ERR14398962,GRC1
RCN33584,ERR14398963,GRC2
RCN33584,ERR14398964,SPEC
RCN33585,ERR14398965,GRC1
RCN33585,ERR14398966,GRC2
RCN33585,ERR14398967,SPEC
RCN33586,ERR14398968,GRC1
RCN33586,ERR14398969,GRC2
RCN33586,ERR14398970,SPEC
RCN33587,ERR14398971,GRC1
RCN33587,ERR14398972,GRC2
RCN33587,ERR14398973,SPEC
RCN33588,ERR14398974,GRC1
RCN33588,ERR14398975,GRC2
RCN33588,ERR14398976,SPEC
RCN33589,ERR14398977,GRC1
RCN33589,ERR14398978,GRC2
RCN33589,ERR14398979,SPEC
RCN33590,ERR14398980,GRC1
RCN33590,ERR14398981,GRC2
RCN33590,ERR14398982,SPEC
RCN33591,ERR14398983,GRC1
RCN33591,ERR14398984,GRC2
RCN33591,ERR14398985,SPEC
RCN33592,ERR14398986,GRC1
RCN33592,ERR14398987,GRC2
RCN33592,ERR14398988,SPEC
RCN33593,ERR14398989,GRC1
RCN33593,ERR14398990,GRC2
RCN33593,ERR14398991,SPEC
RCN33594,ERR14398992,GRC1
RCN33594,ERR14398993,GRC2
RCN33594,ERR14398994,SPEC
RCN33595,ERR14398995,GRC1
RCN33595,ERR14398996,GRC2
RCN33595,ERR14398997,SPEC
RCN33596,ERR14398998,GRC1
RCN33596,ERR14398999,GRC2
RCN33596,ERR14399000,SPEC
RCN33597,ERR14399001,GRC1
RCN33597,ERR14399002,GRC2
RCN33597,ERR14399003,SPEC
RCN33598,ERR14399004,GRC1
RCN33598,ERR14399005,GRC2
RCN33598,ERR14399006,SPEC
RCN33599,ERR14399007,GRC1
RCN33599,ERR14399008,GRC2
RCN33599,ERR14399009,SPEC
RCN33600,ERR14399010,GRC1
RCN33600,ERR14399011,GRC2
RCN33600,ERR14399012,SPEC
RCN33601,ERR14399013,GRC1
RCN33601,ERR14399014,GRC2
RCN33601,ERR14399015,SPEC
RCN33602,ERR14399016,GRC1
RCN33602,ERR14399017,GRC2
RCN33602,ERR14399018,SPEC
RCN33603,ERR14399019,GRC1
RCN33603,ERR14399020,GRC2
RCN33603,ERR14399021,SPEC
RCN33604,ERR14399022,GRC1
RCN33604,ERR14399023,GRC2
RCN33604,ERR14399024,SPEC
RCN33605,ERR14399025,GRC1
RCN33605,ERR14399026,GRC2
RCN33605,ERR14399027,SPEC
RCN33606,ERR14399028,GRC1
RCN33606,ERR14399029,GRC2
RCN33606,ERR14399030,SPEC
RCN33607,ERR14399031,GRC1
RCN33607,ERR14399032,GRC2
RCN33607,ERR14399033,SPEC
RCN33608,ERR14399034,GRC1
RCN33608,ERR14399035,GRC2
RCN33608,ERR14399036,SPEC
RCN33609,ERR14399037,GRC1
RCN33609,ERR14399038,GRC2
RCN33609,ERR14399039,SPEC
RCN33610,ERR14399040,GRC1
RCN33610,ERR14399041,GRC2
RCN33610,ERR14399042,SPEC
RCN33611,ERR14399043,GRC1
RCN33611,ERR14399044,GRC2
RCN33611,ERR14399045,SPEC
RCN33612,ERR14399046,GRC1
RCN33612,ERR14399047,GRC2
RCN33612,ERR14399048,SPEC
RCN33613,ERR14399049,GRC1
RCN33613,ERR14399050,GRC2
RCN33613,ERR14399051,SPEC
RCN33614,ERR14399052,GRC1
RCN33614,ERR14399053,GRC2
RCN33614,ERR14399054,SPEC
RCN33615,ERR14399055,GRC1
RCN33615,ERR14399056,GRC2
RCN33615,ERR14399057,SPEC
RCN33616,ERR14399058,GRC1
RCN33616,ERR14399059,GRC2
RCN33616,ERR14399060,SPEC
RCN33617,ERR14399061,GRC1
RCN33617,ERR14399062,GRC2
RCN33617,ERR14399063,SPEC
RCN33618,ERR14399064,GRC1
RCN33618,ERR14399065,GRC2
RCN33618,ERR14399066,SPEC
RCN33619,ERR14399067,GRC1
RCN33619,ERR14399068,GRC2
RCN33619,ERR14399069,SPEC
RCN33620,ERR14399070,GRC1
RCN33620,ERR14399071,GRC2
RCN33620,ERR14399072,SPEC
RCN33622,ERR14399073,GRC1
RCN33622,ERR14399074,GRC2
RCN33622,ERR14399075,SPEC
RCN33623,ERR14399076,GRC1
RCN33623,ERR14399077,GRC2
RCN33623,ERR14399078,SPEC
RCN33625,ERR14399079,GRC1
RCN33625,ERR14399080,GRC2
RCN33625,ERR14399081,SPEC
RCN33626,ERR14399082,GRC1
RCN33626,ERR14399083,GRC2
RCN33626,ERR14399084,SPEC
RCN33627,ERR14399085,GRC1
RCN33627,ERR14399086,GRC2
RCN33627,ERR14399087,SPEC
RCN33628,ERR14399088,GRC1
RCN33628,ERR14399089,GRC2
RCN33628,ERR14399090,SPEC
RCN33629,ERR14399091,GRC1
RCN33629,ERR14399092,GRC2
RCN33629,ERR14399093,SPEC
RCN33630,ERR14399094,GRC1
RCN33630,ERR14399095,GRC2
RCN33630,ERR14399096,SPEC
RCN33631,ERR14399097,GRC1
RCN33631,ERR14399098,GRC2
RCN33631,ERR14399099,SPEC
RCN33632,ERR14399100,GRC1
RCN33632,ERR14399101,GRC2
RCN33632,ERR14399102,SPEC
RCN33633,ERR14399103,GRC1
RCN33633,ERR14399104,GRC2
RCN33633,ERR14399105,SPEC
RCN33635,ERR14399106,GRC1
RCN33635,ERR14399107,GRC2
RCN33635,ERR14399108,SPEC
RCN33636,ERR14399109,GRC1
RCN33636,ERR14399110,GRC2
RCN33636,ERR14399111,SPEC
RCN33637,ERR14399112,GRC1
RCN33637,ERR14399113,GRC2
RCN33637,ERR14399114,SPEC
RCN33638,ERR14399115,GRC1
RCN33638,ERR14399116,GRC2
RCN33638,ERR14399117,SPEC
RCN33640,ERR14399118,GRC1
RCN33640,ERR14399119,GRC2
RCN33640,ERR14399120,SPEC
RCN33641,ERR14399121,GRC1
RCN33641,ERR14399122,GRC2
RCN33641,ERR14399123,SPEC
RCN33642,ERR14399124,GRC1
RCN33642,ERR14399125,GRC2
RCN33642,ERR14399126,SPEC
RCN33643,ERR14399127,GRC1
RCN33643,ERR14399128,GRC2
RCN33643,ERR14399129,SPEC
RCN33644,ERR14399130,GRC1
RCN33644,ERR14399131,GRC2
RCN33644,ERR14399132,SPEC
RCN33645,ERR14399133,GRC1
RCN33645,ERR14399134,GRC2
RCN33645,ERR14399135,SPEC
RCN33646,ERR14399136,GRC1
RCN33646,ERR14399137,GRC2
RCN33646,ERR14399138,SPEC
RCN33647,ERR14399139,GRC1
RCN33647,ERR14399140,GRC2
RCN33647,ERR14399141,SPEC
RCN33648,ERR14399142,GRC1
RCN33648,ERR14399143,GRC2
RCN33648,ERR14399144,SPEC
RCN33649,ERR14399145,GRC1
RCN33649,ERR14399146,GRC2
RCN33649,ERR14399147,SPEC
RCN33650,ERR14399148,GRC1
RCN33650,ERR14399149,GRC2
RCN33650,ERR14399150,SPEC
RCN33651,ERR14399151,GRC1
RCN33651,ERR14399152,GRC2
RCN33651,ERR14399153,SPEC
RCN33652,ERR14399154,GRC1
RCN33652,ERR14399155,GRC2
RCN33652,ERR14399156,SPEC
RCN33653,ERR14399157,GRC1
RCN33653,ERR14399158,GRC2
RCN33653,ERR14399159,SPEC
RCN33654,ERR14399160,GRC1
RCN33654,ERR14399161,GRC2
RCN33654,ERR14399162,SPEC
RCN33655,ERR14399163,GRC1
RCN33655,ERR14399164,GRC2
RCN33655,ERR14399165,SPEC
RCN33659,ERR14399166,GRC1
RCN33659,ERR14399167,GRC2
RCN33659,ERR14399168,SPEC
RCN33660,ERR14399169,GRC1
RCN33660,ERR14399170,GRC2
RCN33660,ERR14399171,SPEC
RCN33661,ERR14399172,GRC1
RCN33661,ERR14399173,GRC2
RCN33661,ERR14399174,SPEC
RCN33663,ERR14399175,GRC1
RCN33663,ERR14399176,GRC2
RCN33663,ERR14399177,SPEC
RCN33664,ERR14399178,GRC1
RCN33664,ERR14399179,GRC2
RCN33664,ERR14399180,SPEC
RCN33665,ERR14399181,GRC1
RCN33665,ERR14399182,GRC2
RCN33665,ERR14399183,SPEC
RCN33666,ERR14399184,GRC1
RCN33666,ERR14399185,GRC2
RCN33666,ERR14399186,SPEC
RCN33667,ERR14399187,GRC1
RCN33667,ERR14399188,GRC2
RCN33667,ERR14399189,SPEC
RCN33668,ERR14399190,GRC1
RCN33668,ERR14399191,GRC2
RCN33668,ERR14399192,SPEC
RCN33669,ERR14399193,GRC1
RCN33669,ERR14399194,GRC2
RCN33669,ERR14399195,SPEC
RCN33670,ERR14399196,GRC1
RCN33670,ERR14399197,GRC2
RCN33670,ERR14399198,SPEC
RCN33671,ERR14399199,GRC1
RCN33671,ERR14399200,GRC2
RCN33671,ERR14399201,SPEC
RCN33672,ERR14399202,GRC1
RCN33672,ERR14399203,GRC2
RCN33672,ERR14399204,SPEC
RCN33673,ERR14399205,GRC1
RCN33673,ERR14399206,GRC2
RCN33673,ERR14399207,SPEC
RCN33674,ERR14399208,GRC1
RCN33674,ERR14399209,GRC2
RCN33674,ERR14399210,SPEC
RCN33675,ERR14399211,GRC1
RCN33675,ERR14399212,GRC2
RCN33675,ERR14399213,SPEC
RCN33676,ERR14399214,GRC1
RCN33676,ERR14399215,GRC2
RCN33676,ERR14399216,SPEC
RCN33677,ERR14399217,GRC1
RCN33677,ERR14399218,GRC2
RCN33677,ERR14399219,SPEC
RCN33678,ERR14399220,GRC1
RCN33678,ERR14399221,GRC2
RCN33678,ERR14399222,SPEC
RCN33679,ERR14399223,GRC1
RCN33679,ERR14399224,GRC2
RCN33679,ERR14399225,SPEC
RCN33680,ERR14399226,GRC1
RCN33680,ERR14399227,GRC2
RCN33680,ERR14399228,SPEC
RCN33681,ERR14399229,GRC1
RCN33681,ERR14399230,GRC2
RCN33681,ERR14399231,SPEC
RCN33682,ERR14399232,GRC1
RCN33682,ERR14399233,GRC2
RCN33682,ERR14399234,SPEC
RCN33683,ERR14399235,GRC1
RCN33683,ERR14399236,GRC2
RCN33683,ERR14399237,SPEC
RCN33684,ERR14399238,GRC1
RCN33684,ERR14399239,GRC2
RCN33684,ERR14399240,SPEC
RCN33685,ERR14399241,GRC1
RCN33685,ERR14399242,GRC2
RCN33685,ERR14399243,SPEC
RCN33686,ERR14399244,GRC1
RCN33686,ERR14399245,GRC2
RCN33686,ERR14399246,SPEC
RCN33687,ERR14399247,GRC1
RCN33687,ERR14399248,GRC2
RCN33687,ERR14399249,SPEC
RCN33688,ERR14399250,GRC1
RCN33688,ERR14399251,GRC2
RCN33688,ERR14399252,SPEC
RCN33689,ERR14399253,GRC1
RCN33689,ERR14399254,GRC2
RCN33689,ERR14399255,SPEC
RCN33690,ERR14399256,GRC1
RCN33690,ERR14399257,GRC2
RCN33690,ERR14399258,SPEC
RCN33691,ERR14399259,GRC1
RCN33691,ERR14399260,GRC2
RCN33691,ERR14399261,SPEC
RCN33692,ERR14399262,GRC1
RCN33692,ERR14399263,GRC2
RCN33692,ERR14399264,SPEC
RCN33693,ERR14399265,GRC1
RCN33693,ERR14399266,GRC2
RCN33693,ERR14399267,SPEC
RCN33694,ERR14399268,GRC1
RCN33694,ERR14399269,GRC2
RCN33694,ERR14399270,SPEC
RCN33695,ERR14399271,GRC1
RCN33695,ERR14399272,GRC2
RCN33695,ERR14399273,SPEC
RCN33696,ERR14399274,GRC1
RCN33696,ERR14399275,GRC2
RCN33696,ERR14399276,SPEC
RCN33697,ERR14399277,GRC1
RCN33697,ERR14399278,GRC2
RCN33697,ERR14399279,SPEC
RCN33699,ERR14399280,GRC1
RCN33699,ERR14399281,GRC2
RCN33702,ERR14399283,GRC1
RCN33702,ERR14399284,GRC2
RCN33702,ERR14399285,SPEC
RCN33703,ERR14399286,GRC1
RCN33703,ERR14399287,GRC2
RCN33703,ERR14399288,SPEC
RCN33704,ERR14399289,GRC1
RCN33704,ERR14399290,GRC2
RCN33704,ERR14399291,SPEC
RCN33705,ERR14399292,GRC1
RCN33705,ERR14399293,GRC2
RCN33705,ERR14399294,SPEC
RCN33706,ERR14399295,GRC1
RCN33706,ERR14399296,GRC2
RCN33706,ERR14399297,SPEC
RCN33707,ERR14399298,GRC1
RCN33707,ERR14399299,GRC2
RCN33707,ERR14399300,SPEC
RCN33708,ERR14399301,GRC1
RCN33708,ERR14399302,GRC2
RCN33708,ERR14399303,SPEC
RCN33710,ERR14399304,GRC1
RCN33710,ERR14399305,GRC2
RCN33710,ERR14399306,SPEC
RCN33711,ERR14399307,GRC1
RCN33711,ERR14399308,GRC2
RCN33711,ERR14399309,SPEC
RCN33713,ERR14399310,GRC1
RCN33713,ERR14399311,GRC2
RCN33713,ERR14399312,SPEC
RCN33714,ERR14399313,GRC1
RCN33714,ERR14399314,GRC2
RCN33714,ERR14399315,SPEC
RCN33715,ERR14399316,GRC1
RCN33715,ERR14399317,GRC2
RCN33715,ERR14399318,SPEC
RCN33716,ERR14399319,GRC1
RCN33716,ERR14399320,GRC2
RCN33716,ERR14399321,SPEC
RCN33717,ERR14399322,GRC1
RCN33717,ERR14399323,GRC2
RCN33717,ERR14399324,SPEC
RCN33718,ERR14399325,GRC1
RCN33718,ERR14399326,GRC2
RCN33718,ERR14399327,SPEC
RCN33719,ERR14399328,GRC1
RCN33719,ERR14399329,GRC2
RCN33719,ERR14399330,SPEC
RCN33720,ERR14399331,GRC1
RCN33720,ERR14399332,GRC2
RCN33720,ERR14399333,SPEC
RCN33721,ERR14399334,GRC1
RCN33721,ERR14399335,GRC2
RCN33721,ERR14399336,SPEC
RCN33722,ERR14399337,GRC1
RCN33722,ERR14399338,GRC2
RCN33722,ERR14399339,SPEC
RCN33723,ERR14399340,GRC1
RCN33723,ERR14399341,GRC2
RCN33723,ERR14399342,SPEC
RCN33724,ERR14399343,GRC1
RCN33724,ERR14399344,GRC2
RCN33724,ERR14399345,SPEC
RCN33725,ERR14399346,GRC1
RCN33725,ERR14399347,GRC2
RCN33725,ERR14399348,SPEC
RCN33726,ERR14399349,GRC1
RCN33726,ERR14399350,GRC2
RCN33726,ERR14399351,SPEC
RCN33727,ERR14399352,GRC1
RCN33727,ERR14399353,GRC2
RCN33727,ERR14399354,SPEC
RCN33728,ERR14399355,GRC1
RCN33728,ERR14399356,GRC2
RCN33728,ERR14399357,SPEC
RCN33729,ERR14399358,GRC1
RCN33729,ERR14399359,GRC2
RCN33729,ERR14399360,SPEC
RCN33730,ERR14399361,GRC1
RCN33730,ERR14399362,GRC2
RCN33730,ERR14399363,SPEC
RCN33731,ERR14399364,GRC1
RCN33731,ERR14399365,GRC2
RCN33731,ERR14399366,SPEC
RCN33732,ERR14399367,GRC1
RCN33732,ERR14399368,GRC2
RCN33732,ERR14399369,SPEC
RCN33733,ERR14399370,GRC1
RCN33733,ERR14399371,GRC2
RCN33733,ERR14399372,SPEC
RCN33734,ERR14399373,GRC1
RCN33734,ERR14399374,GRC2
RCN33734,ERR14399375,SPEC
RCN33735,ERR14399376,GRC1
RCN33735,ERR14399377,GRC2
RCN33735,ERR14399378,SPEC
RCN33736,ERR14399379,GRC1
RCN33736,ERR14399380,GRC2
RCN33736,ERR14399381,SPEC
RCN33737,ERR14399382,GRC1
RCN33737,ERR14399383,GRC2
RCN33737,ERR14399384,SPEC
RCN33738,ERR14399385,GRC1
RCN33738,ERR14399386,GRC2
RCN33738,ERR14399387,SPEC
RCN33739,ERR14399388,GRC1
RCN33739,ERR14399389,GRC2
RCN33739,ERR14399390,SPEC
RCN33740,ERR14399391,GRC1
RCN33740,ERR14399392,GRC2
RCN33740,ERR14399393,SPEC
RCN33741,ERR14399394,GRC1
RCN33741,ERR14399395,GRC2
RCN33741,ERR14399396,SPEC
RCN33742,ERR14399397,GRC1
RCN33742,ERR14399398,GRC2
RCN33742,ERR14399399,SPEC
RCN33743,ERR14399400,GRC1
RCN33743,ERR14399401,GRC2
RCN33743,ERR14399402,SPEC
RCN33744,ERR14399403,GRC1
RCN33744,ERR14399404,GRC2
RCN33744,ERR14399405,SPEC
RCN33745,ERR14399406,GRC1
RCN33745,ERR14399407,GRC2
RCN33745,ERR14399408,SPEC
RCN33746,ERR14399409,GRC1
RCN33746,ERR14399410,GRC2
RCN33746,ERR14399411,SPEC
RCN33747,ERR14399412,GRC1
RCN33747,ERR14399413,GRC2
RCN33747,ERR14399414,SPEC
RCN33748,ERR14399415,GRC1
RCN33748,ERR14399416,GRC2
RCN33748,ERR14399417,SPEC
RCN33749,ERR14399418,GRC1
RCN33749,ERR14399419,GRC2
RCN33749,ERR14399420,SPEC
RCN33750,ERR14399421,GRC1
RCN33750,ERR14399422,GRC2
RCN33750,ERR14399423,SPEC
RCN33751,ERR14399424,GRC1
RCN33751,ERR14399425,GRC2
RCN33751,ERR14399426,SPEC
RCN33752,ERR14399427,GRC1
RCN33752,ERR14399428,GRC2
RCN33752,ERR14399429,SPEC
RCN33754,ERR14399430,GRC1
RCN33754,ERR14399431,GRC2
RCN33754,ERR14399432,SPEC
RCN33755,ERR14399433,GRC1
RCN33755,ERR14399434,GRC2
RCN33755,ERR14399435,SPEC
RCN33756,ERR14399436,GRC1
RCN33756,ERR14399437,GRC2
RCN33756,ERR14399438,SPEC
RCN33757,ERR14399439,GRC1
RCN33757,ERR14399440,GRC2
RCN33757,ERR14399441,SPEC
RCN33758,ERR14399442,GRC1
RCN33758,ERR14399443,GRC2
RCN33758,ERR14399444,SPEC
RCN33759,ERR14399445,GRC1
RCN33759,ERR14399446,GRC2
RCN33759,ERR14399447,SPEC
RCN33760,ERR14399448,GRC1
RCN33760,ERR14399449,GRC2
RCN33760,ERR14399450,SPEC
RCN33761,ERR14399451,GRC1
RCN33761,ERR14399452,GRC2
RCN33761,ERR14399453,SPEC
RCN33762,ERR14399454,GRC1
RCN33762,ERR14399455,GRC2
RCN33762,ERR14399456,SPEC
RCN33763,ERR14399457,GRC1
RCN33763,ERR14399458,GRC2
RCN33763,ERR14399459,SPEC
RCN33764,ERR14399460,GRC1
RCN33764,ERR14399461,GRC2
RCN33764,ERR14399462,SPEC
RCN33765,ERR14399463,GRC1
RCN33765,ERR14399464,GRC2
RCN33765,ERR14399465,SPEC
RCN33766,ERR14399466,GRC1
RCN33766,ERR14399467,GRC2
RCN33766,ERR14399468,SPEC
RCN33767,ERR14399469,GRC1
RCN33767,ERR14399470,GRC2
RCN33767,ERR14399471,SPEC
RCN33768,ERR14399472,GRC1
RCN33768,ERR14399473,GRC2
RCN33768,ERR14399474,SPEC
RCN33769,ERR14399475,GRC1
RCN33769,ERR14399476,GRC2
RCN33769,ERR14399477,SPEC
RCN33770,ERR14399478,GRC1
RCN33770,ERR14399479,GRC2
RCN33770,ERR14399480,SPEC
RCN33771,ERR14399481,GRC1
RCN33771,ERR14399482,GRC2
RCN33771,ERR14399483,SPEC
RCN33772,ERR14399484,GRC1
RCN33772,ERR14399485,GRC2
RCN33772,ERR14399486,SPEC
RCN33773,ERR14399487,GRC1
RCN33773,ERR14399488,GRC2
RCN33773,ERR14399489,SPEC
RCN33774,ERR14399490,GRC1
RCN33774,ERR14399491,GRC2
RCN33774,ERR14399492,SPEC
RCN33775,ERR14399493,GRC1
RCN33775,ERR14399494,GRC2
RCN33775,ERR14399495,SPEC
RCN33776,ERR14399496,GRC1
RCN33776,ERR14399497,GRC2
RCN33776,ERR14399498,SPEC
RCN33777,ERR14399499,GRC1
RCN33777,ERR14399500,GRC2
RCN33777,ERR14399501,SPEC
RCN33778,ERR14399502,GRC1
RCN33778,ERR14399503,GRC2
RCN33778,ERR14399504,SPEC
RCN33779,ERR14399505,GRC1
RCN33779,ERR14399506,GRC2
RCN33779,ERR14399507,SPEC
RCN33780,ERR14399508,GRC1
RCN33780,ERR14399509,GRC2
RCN33780,ERR14399510,SPEC
RCN33781,ERR14399511,GRC1
RCN33781,ERR14399512,GRC2
RCN33781,ERR14399513,SPEC
RCN33782,ERR14399514,GRC1
RCN33782,ERR14399515,GRC2
RCN33782,ERR14399516,SPEC
RCN33783,ERR14399517,GRC1
RCN33783,ERR14399518,GRC2
RCN33783,ERR14399519,SPEC
RCN33784,ERR14399520,GRC1
RCN33784,ERR14399521,GRC2
RCN33784,ERR14399522,SPEC
RCN33785,ERR14399523,GRC1
RCN33785,ERR14399524,GRC2
RCN33785,ERR14399525,SPEC
RCN33786,ERR14399526,GRC1
RCN33786,ERR14399527,GRC2
RCN33786,ERR14399528,SPEC
RCN33787,ERR14399529,GRC1
RCN33787,ERR14399530,GRC2
RCN33787,ERR14399531,SPEC
RCN33788,ERR14399532,GRC1
RCN33788,ERR14399533,GRC2
RCN33788,ERR14399534,SPEC
RCN33789,ERR14399535,GRC1
RCN33789,ERR14399536,GRC2
RCN33789,ERR14399537,SPEC
RCN33790,ERR14399538,GRC1
RCN33790,ERR14399539,GRC2
RCN33790,ERR14399540,SPEC
RCN33791,ERR14399541,GRC1
RCN33791,ERR14399542,GRC2
RCN33791,ERR14399543,SPEC
RCN33792,ERR14399544,GRC1
RCN33792,ERR14399545,GRC2
RCN33792,ERR14399546,SPEC
RCN33793,ERR14399547,GRC1
RCN33793,ERR14399548,GRC2
RCN33793,ERR14399549,SPEC
RCN33794,ERR14399550,GRC1
RCN33794,ERR14399551,GRC2
RCN33794,ERR14399552,SPEC
RCN33795,ERR14399553,GRC1
RCN33795,ERR14399554,GRC2
RCN33795,ERR14399555,SPEC
RCN33796,ERR14399556,GRC1
RCN33796,ERR14399557,GRC2
RCN33796,ERR14399558,SPEC
RCN33797,ERR14399559,GRC1
RCN33797,ERR14399560,GRC2
RCN33797,ERR14399561,SPEC
RCN33798,ERR14399562,GRC1
RCN33798,ERR14399563,GRC2
RCN33798,ERR14399564,SPEC
RCN33799,ERR14399565,GRC1
RCN33799,ERR14399566,GRC2
RCN33799,ERR14399567,SPEC
RCN33800,ERR14399568,GRC1
RCN33800,ERR14399569,GRC2
RCN33800,ERR14399570,SPEC
RCN33802,ERR14399571,GRC1
RCN33802,ERR14399572,GRC2
RCN33802,ERR14399573,SPEC
RCN33803,ERR14399574,GRC1
RCN33803,ERR14399575,GRC2
RCN33803,ERR14399576,SPEC
RCN33804,ERR14399577,GRC1
RCN33804,ERR14399578,GRC2
RCN33804,ERR14399579,SPEC
RCN33805,ERR14399580,GRC1
RCN33805,ERR14399581,GRC2
RCN33805,ERR14399582,SPEC
RCN33806,ERR14399583,GRC1
RCN33806,ERR14399584,GRC2
RCN33806,ERR14399585,SPEC
RCN33807,ERR14399586,GRC1
RCN33807,ERR14399587,GRC2
RCN33807,ERR14399588,SPEC
RCN33808,ERR14399589,GRC1
RCN33808,ERR14399590,GRC2
RCN33808,ERR14399591,SPEC
RCN33809,ERR14399592,GRC1
RCN33809,ERR14399593,GRC2
RCN33809,ERR14399594,SPEC
RCN33810,ERR14399595,GRC1
RCN33810,ERR14399596,GRC2
RCN33810,ERR14399597,SPEC
RCN33811,ERR14399598,GRC1
RCN33811,ERR14399599,GRC2
RCN33811,ERR14399600,SPEC
RCN33812,ERR14399601,GRC1
RCN33812,ERR14399602,GRC2
RCN33812,ERR14399603,SPEC
RCN33813,ERR14399604,GRC1
RCN33813,ERR14399605,GRC2
RCN33813,ERR14399606,SPEC
RCN33814,ERR14399607,GRC1
RCN33814,ERR14399608,GRC2
RCN33814,ERR14399609,SPEC
RCN33815,ERR14399610,GRC1
RCN33815,ERR14399611,GRC2
RCN33815,ERR14399612,SPEC
RCN33816,ERR14399613,GRC1
RCN33816,ERR14399614,GRC2
RCN33816,ERR14399615,SPEC
RCN33818,ERR14399616,GRC1
RCN33818,ERR14399617,GRC2
RCN33818,ERR14399618,SPEC
RCN33819,ERR14399619,GRC1
RCN33819,ERR14399620,GRC2
RCN33819,ERR14399621,SPEC
RCN33820,ERR14399622,GRC1
RCN33820,ERR14399623,GRC2
RCN33820,ERR14399624,SPEC
RCN33821,ERR14399625,GRC1
RCN33821,ERR14399626,GRC2
RCN33821,ERR14399627,SPEC
RCN33822,ERR14399628,GRC1
RCN33822,ERR14399629,GRC2
RCN33822,ERR14399630,SPEC
RCN33823,ERR14399631,GRC1
RCN33823,ERR14399632,GRC2
RCN33823,ERR14399633,SPEC
RCN33824,ERR14399634,GRC1
RCN33824,ERR14399635,GRC2
RCN33824,ERR14399636,SPEC
RCN33825,ERR14399637,GRC1
RCN33825,ERR14399638,GRC2
RCN33825,ERR14399639,SPEC
RCN33826,ERR14399640,GRC1
RCN33826,ERR14399641,GRC2
RCN33826,ERR14399642,SPEC
RCN33827,ERR14399643,GRC1
RCN33827,ERR14399644,GRC2
RCN33827,ERR14399645,SPEC
RCN33828,ERR14399646,GRC1
RCN33828,ERR14399647,GRC2
RCN33828,ERR14399648,SPEC
RCN33829,ERR14399649,GRC1
RCN33829,ERR14399650,GRC2
RCN33829,ERR14399651,SPEC
RCN33830,ERR14399652,GRC1
RCN33830,ERR14399653,GRC2
RCN33830,ERR14399654,SPEC
RCN33831,ERR14399655,GRC1
RCN33831,ERR14399656,GRC2
RCN33831,ERR14399657,SPEC
RCN33832,ERR14399658,GRC1
RCN33832,ERR14399659,GRC2
RCN33832,ERR14399660,SPEC
RCN33834,ERR14399661,GRC1
RCN33834,ERR14399662,GRC2
RCN33834,ERR14399663,SPEC
RCN33835,ERR14399664,GRC1
RCN33835,ERR14399665,GRC2
RCN33835,ERR14399666,SPEC
RCN33836,ERR14399667,GRC1
RCN33836,ERR14399668,GRC2
RCN33836,ERR14399669,SPEC
RCN33837,ERR14399670,GRC1
RCN33837,ERR14399671,GRC2
RCN33837,ERR14399672,SPEC
RCN33838,ERR14399673,GRC1
RCN33838,ERR14399674,GRC2
RCN33838,ERR14399675,SPEC
RCN33840,ERR14399676,GRC1
RCN33840,ERR14399677,GRC2
RCN33840,ERR14399678,SPEC
RCN33841,ERR14399679,GRC1
RCN33841,ERR14399680,GRC2
RCN33841,ERR14399681,SPEC
RCN33842,ERR14399682,GRC1
RCN33842,ERR14399683,GRC2
RCN33842,ERR14399684,SPEC
RCN33843,ERR14399685,GRC1
RCN33843,ERR14399686,GRC2
RCN33843,ERR14399687,SPEC
RCN33844,ERR14399688,GRC1
RCN33844,ERR14399689,GRC2
RCN33844,ERR14399690,SPEC
RCN33846,ERR14399691,GRC1
RCN33846,ERR14399692,GRC2
RCN33846,ERR14399693,SPEC
RCN33847,ERR14399694,GRC1
RCN33847,ERR14399695,GRC2
RCN33847,ERR14399696,SPEC
RCN33848,ERR14399697,GRC1
RCN33848,ERR14399698,GRC2
RCN33848,ERR14399699,SPEC
RCN33849,ERR14399700,GRC1
RCN33849,ERR14399701,GRC2
RCN33849,ERR14399702,SPEC
RCN33850,ERR14399703,GRC1
RCN33850,ERR14399704,GRC2
RCN33850,ERR14399705,SPEC
RCN33851,ERR14399706,GRC1
RCN33851,ERR14399707,GRC2
RCN33851,ERR14399708,SPEC
RCN33852,ERR14399709,GRC1
RCN33852,ERR14399710,GRC2
RCN33852,ERR14399711,SPEC
RCN33853,ERR14399712,GRC1
RCN33853,ERR14399713,GRC2
RCN33853,ERR14399714,SPEC
RCN33854,ERR14399715,GRC1
RCN33854,ERR14399716,GRC2
RCN33854,ERR14399717,SPEC
RCN33856,ERR14399718,GRC1
RCN33856,ERR14399719,GRC2
RCN33856,ERR14399720,SPEC
RCN33857,ERR14399721,GRC1
RCN33857,ERR14399722,GRC2
RCN33857,ERR14399723,SPEC
RCN33858,ERR14399724,GRC1
RCN33858,ERR14399725,GRC2
RCN33858,ERR14399726,SPEC
RCN33859,ERR14399727,GRC1
RCN33859,ERR14399728,GRC2
RCN33859,ERR14399729,SPEC
RCN33860,ERR14399730,GRC1
RCN33860,ERR14399731,GRC2
RCN33860,ERR14399732,SPEC
RCN33861,ERR14399733,GRC1
RCN33861,ERR14399734,GRC2
RCN33861,ERR14399735,SPEC
RCN33862,ERR14399736,GRC1
RCN33862,ERR14399737,GRC2
RCN33862,ERR14399738,SPEC
RCN33863,ERR14399739,GRC1
RCN33863,ERR14399740,GRC2
RCN33863,ERR14399741,SPEC
RCN33864,ERR14399742,GRC1
RCN33864,ERR14399743,GRC2
RCN33864,ERR14399744,SPEC
RCN33865,ERR14399745,GRC1
RCN33865,ERR14399746,GRC2
RCN33865,ERR14399747,SPEC
RCN33866,ERR14399748,GRC1
RCN33866,ERR14399749,GRC2
RCN33866,ERR14399750,SPEC
RCN33867,ERR14399751,GRC1
RCN33867,ERR14399752,GRC2
RCN33867,ERR14399753,SPEC
RCN33868,ERR14399754,GRC1
RCN33868,ERR14399755,GRC2
RCN33868,ERR14399756,SPEC
RCN33869,ERR14399757,GRC1
RCN33869,ERR14399758,GRC2
RCN33869,ERR14399759,SPEC
RCN33870,ERR14399760,GRC1
RCN33870,ERR14399761,GRC2
RCN33870,ERR14399762,SPEC
RCN33871,ERR14399763,GRC1
RCN33871,ERR14399764,GRC2
RCN33871,ERR14399765,SPEC
RCN33872,ERR14399766,GRC1
RCN33872,ERR14399767,GRC2
RCN33872,ERR14399768,SPEC
RCN33873,ERR14399769,GRC1
RCN33873,ERR14399770,GRC2
RCN33873,ERR14399771,SPEC
RCN33874,ERR14399772,GRC1
RCN33874,ERR14399773,GRC2
RCN33874,ERR14399774,SPEC
RCN33875,ERR14399775,GRC1
RCN33875,ERR14399776,GRC2
RCN33875,ERR14399777,SPEC
RCN33876,ERR14399778,GRC1
RCN33876,ERR14399779,GRC2
RCN33876,ERR14399780,SPEC
RCN33877,ERR14399781,GRC1
RCN33877,ERR14399782,GRC2
RCN33877,ERR14399783,SPEC
RCN33878,ERR14399784,GRC1
RCN33878,ERR14399785,GRC2
RCN33878,ERR14399786,SPEC
RCN33879,ERR14399787,GRC1
RCN33879,ERR14399788,GRC2
RCN33879,ERR14399789,SPEC
RCN33881,ERR14399790,GRC1
RCN33881,ERR14399791,GRC2
RCN33881,ERR14399792,SPEC
RCN33882,ERR14399793,GRC1
RCN33882,ERR14399794,GRC2
RCN33882,ERR14399795,SPEC
RCN33883,ERR14399796,GRC1
RCN33883,ERR14399797,GRC2
RCN33883,ERR14399798,SPEC
RCN33884,ERR14399799,GRC1
RCN33884,ERR14399800,GRC2
RCN33884,ERR14399801,SPEC
RCN33885,ERR14399802,GRC1
RCN33885,ERR14399803,GRC2
RCN33885,ERR14399804,SPEC
RCN33886,ERR14399805,GRC1
RCN33886,ERR14399806,GRC2
RCN33886,ERR14399807,SPEC
RCN33887,ERR14399808,GRC1
RCN33887,ERR14399809,GRC2
RCN33887,ERR14399810,SPEC
RCN33888,ERR14399811,GRC1
RCN33888,ERR14399812,GRC2
RCN33888,ERR14399813,SPEC
RCN33889,ERR14399814,GRC1
RCN33889,ERR14399815,GRC2
RCN33889,ERR14399816,SPEC
RCN33890,ERR14399817,GRC1
RCN33890,ERR14399818,GRC2
RCN33890,ERR14399819,SPEC
RCN33891,ERR14399820,GRC1
RCN33891,ERR14399821,GRC2
RCN33891,ERR14399822,SPEC
RCN33892,ERR14399823,GRC1
RCN33892,ERR14399824,GRC2
RCN33892,ERR14399825,SPEC
RCN33893,ERR14399826,GRC1
RCN33893,ERR14399827,GRC2
RCN33893,ERR14399828,SPEC
RCN33894,ERR14399829,GRC1
RCN33894,ERR14399830,GRC2
RCN33894,ERR14399831,SPEC
RCN33895,ERR14399832,GRC1
RCN33895,ERR14399833,GRC2
RCN33895,ERR14399834,SPEC
RCN33896,ERR14399835,GRC1
RCN33896,ERR14399836,GRC2
RCN33896,ERR14399837,SPEC
RCN33897,ERR14399838,GRC1
RCN33897,ERR14399839,GRC2
RCN33897,ERR14399840,SPEC
RCN33898,ERR14399841,GRC1
RCN33898,ERR14399842,GRC2
RCN33898,ERR14399843,SPEC
RCN33899,ERR14399844,GRC1
RCN33899,ERR14399845,GRC2
RCN33899,ERR14399846,SPEC
RCN33900,ERR14399847,GRC1
RCN33900,ERR14399848,GRC2
RCN33900,ERR14399849,SPEC
RCN33901,ERR14399850,GRC1
RCN33901,ERR14399851,GRC2
RCN33901,ERR14399852,SPEC
RCN33902,ERR14399853,GRC1
RCN33902,ERR14399854,GRC2
RCN33902,ERR14399855,SPEC
RCN33903,ERR14399856,GRC1
RCN33903,ERR14399857,GRC2
RCN33903,ERR14399858,SPEC
RCN33904,ERR14399859,GRC1
RCN33904,ERR14399860,GRC2
RCN33904,ERR14399861,SPEC
RCN33905,ERR14399862,GRC1
RCN33905,ERR14399863,GRC2
RCN33905,ERR14399864,SPEC
RCN33906,ERR14399865,GRC1
RCN33906,ERR14399866,GRC2
RCN33906,ERR14399867,SPEC
RCN33907,ERR14399868,GRC1
RCN33907,ERR14399869,GRC2
RCN33907,ERR14399870,SPEC
RCN33908,ERR14399871,GRC1
RCN33908,ERR14399872,GRC2
RCN33908,ERR14399873,SPEC
RCN33909,ERR14399874,GRC1
RCN33909,ERR14399875,GRC2
RCN33909,ERR14399876,SPEC
RCN33910,ERR14399877,GRC1
RCN33910,ERR14399878,GRC2
RCN33910,ERR14399879,SPEC
RCN33911,ERR14399880,GRC1
RCN33911,ERR14399881,GRC2
RCN33911,ERR14399882,SPEC
RCN33912,ERR14399883,GRC1
RCN33912,ERR14399884,GRC2
RCN33912,ERR14399885,SPEC
RCN33913,ERR14399886,GRC1
RCN33913,ERR14399887,GRC2
RCN33913,ERR14399888,SPEC
RCN33914,ERR14399889,GRC1
RCN33914,ERR14399890,GRC2
RCN33914,ERR14399891,SPEC
RCN33915,ERR14399892,GRC1
RCN33915,ERR14399893,GRC2
RCN33915,ERR14399894,SPEC
RCN33916,ERR14399895,GRC1
RCN33916,ERR14399896,GRC2
RCN33916,ERR14399897,SPEC
RCN33917,ERR14399898,GRC1
RCN33917,ERR14399899,GRC2
RCN33917,ERR14399900,SPEC
RCN33918,ERR14399901,GRC1
RCN33918,ERR14399902,GRC2
RCN33918,ERR14399903,SPEC
RCN33919,ERR14399904,GRC1
RCN33919,ERR14399905,GRC2
RCN33919,ERR14399906,SPEC
RCN33920,ERR14399907,GRC1
RCN33920,ERR14399908,GRC2
RCN33920,ERR14399909,SPEC
RCN33921,ERR14399910,GRC1
RCN33921,ERR14399911,GRC2
RCN33921,ERR14399912,SPEC
RCN33922,ERR14399913,GRC1
RCN33922,ERR14399914,GRC2
RCN33922,ERR14399915,SPEC
RCN33923,ERR14399916,GRC1
RCN33923,ERR14399917,GRC2
RCN33923,ERR14399918,SPEC
RCN33924,ERR14399919,GRC1
RCN33924,ERR14399920,GRC2
RCN33924,ERR14399921,SPEC
RCN33926,ERR14399922,GRC1
RCN33926,ERR14399923,GRC2
RCN33926,ERR14399924,SPEC
RCN33927,ERR14399925,GRC1
RCN33927,ERR14399926,GRC2
RCN33927,ERR14399927,SPEC
RCN33928,ERR14399928,GRC1
RCN33928,ERR14399929,GRC2
RCN33928,ERR14399930,SPEC
RCN33929,ERR14399931,GRC1
RCN33929,ERR14399932,GRC2
RCN33929,ERR14399933,SPEC
RCN33930,ERR14399934,GRC1
RCN33930,ERR14399935,GRC2
RCN33930,ERR14399936,SPEC
RCN33931,ERR14399937,GRC1
RCN33931,ERR14399938,GRC2
RCN33931,ERR14399939,SPEC
RCN33932,ERR14399940,GRC1
RCN33932,ERR14399941,GRC2
RCN33932,ERR14399942,SPEC
RCN33933,ERR14399943,GRC1
RCN33933,ERR14399944,GRC2
RCN33933,ERR14399945,SPEC
RCN33934,ERR14399946,GRC1
RCN33934,ERR14399947,GRC2
RCN33934,ERR14399948,SPEC
RCN33935,ERR14399949,GRC1
RCN33935,ERR14399950,GRC2
RCN33935,ERR14399951,SPEC
RCN33936,ERR14399952,GRC1
RCN33936,ERR14399953,GRC2
RCN33936,ERR14399954,SPEC
RCN33937,ERR14399955,GRC1
RCN33937,ERR14399956,GRC2
RCN33937,ERR14399957,SPEC
RCN33938,ERR14399958,GRC1
RCN33938,ERR14399959,GRC2
RCN33938,ERR14399960,SPEC
RCN33939,ERR14399961,GRC1
RCN33939,ERR14399962,GRC2
RCN33939,ERR14399963,SPEC
RCN33940,ERR14399964,GRC1
RCN33940,ERR14399965,GRC2
RCN33940,ERR14399966,SPEC
RCN33941,ERR14399967,GRC1
RCN33941,ERR14399968,GRC2
RCN33941,ERR14399969,SPEC
RCN33942,ERR14399970,GRC1
RCN33942,ERR14399971,GRC2
RCN33942,ERR14399972,SPEC
RCN33943,ERR14399973,GRC1
RCN33943,ERR14399974,GRC2
RCN33943,ERR14399975,SPEC
RCN33944,ERR14399976,GRC1
RCN33944,ERR14399977,GRC2
RCN33944,ERR14399978,SPEC
RCN33945,ERR14399979,GRC1
RCN33945,ERR14399980,GRC2
RCN33945,ERR14399981,SPEC
RCN33946,ERR14399982,GRC1
RCN33946,ERR14399983,GRC2
RCN33946,ERR14399984,SPEC
RCN33947,ERR14399985,GRC1
RCN33947,ERR14399986,GRC2
RCN33947,ERR14399987,SPEC
RCN33948,ERR14399988,GRC1
RCN33948,ERR14399989,GRC2
RCN33948,ERR14399990,SPEC
RCN33949,ERR14399991,GRC1
RCN33949,ERR14399992,GRC2
RCN33949,ERR14399993,SPEC
RCN33950,ERR14399994,GRC1
RCN33950,ERR14399995,GRC2
RCN33950,ERR14399996,SPEC
RCN33951,ERR14399997,GRC1
RCN33951,ERR14399998,GRC2
RCN33951,ERR14399999,SPEC
RCN33952,ERR14400000,GRC1
RCN33952,ERR14400001,GRC2
RCN33952,ERR14400002,SPEC
RCN33953,ERR14400003,GRC1
RCN33953,ERR14400004,GRC2
RCN33953,ERR14400005,SPEC
RCN33954,ERR14400006,GRC1
RCN33954,ERR14400007,GRC2
RCN33954,ERR14400008,SPEC
RCN33955,ERR14400009,GRC1
RCN33955,ERR14400010,GRC2
RCN33955,ERR14400011,SPEC
RCN33957,ERR14400012,GRC1
RCN33957,ERR14400013,GRC2
RCN33957,ERR14400014,SPEC
RCN33958,ERR14400015,GRC1
RCN33958,ERR14400016,GRC2
RCN33958,ERR14400017,SPEC
RCN33959,ERR14400018,GRC1
RCN33959,ERR14400019,GRC2
RCN33959,ERR14400020,SPEC
RCN33960,ERR14400021,GRC1
RCN33960,ERR14400022,GRC2
RCN33960,ERR14400023,SPEC
RCN33961,ERR14400024,GRC1
RCN33961,ERR14400025,GRC2
RCN33961,ERR14400026,SPEC
RCN33962,ERR14400027,GRC1
RCN33962,ERR14400028,GRC2
RCN33962,ERR14400029,SPEC
RCN33963,ERR14400030,GRC1
RCN33963,ERR14400031,GRC2
RCN33963,ERR14400032,SPEC
RCN33964,ERR14400033,GRC1
RCN33964,ERR14400034,GRC2
RCN33964,ERR14400035,SPEC
RCN33965,ERR14400036,GRC1
RCN33965,ERR14400037,GRC2
RCN33965,ERR14400038,SPEC
RCN33966,ERR14400039,GRC1
RCN33966,ERR14400040,GRC2
RCN33966,ERR14400041,SPEC
RCN33967,ERR14400042,GRC1
RCN33967,ERR14400043,GRC2
RCN33967,ERR14400044,SPEC
RCN33968,ERR14400045,GRC1
RCN33968,ERR14400046,GRC2
RCN33968,ERR14400047,SPEC
RCN33969,ERR14400048,GRC1
RCN33969,ERR14400049,GRC2
RCN33969,ERR14400050,SPEC
RCN33970,ERR14400051,GRC1
RCN33970,ERR14400052,GRC2
RCN33970,ERR14400053,SPEC
RCN33971,ERR14400054,GRC1
RCN33971,ERR14400055,GRC2
RCN33971,ERR14400056,SPEC
RCN33973,ERR14400057,GRC1
RCN33973,ERR14400058,GRC2
RCN33973,ERR14400059,SPEC
RCN33974,ERR14400060,GRC1
RCN33974,ERR14400061,GRC2
RCN33974,ERR14400062,SPEC
RCN33975,ERR14400063,GRC1
RCN33975,ERR14400064,GRC2
RCN33975,ERR14400065,SPEC
RCN33976,ERR14400066,GRC1
RCN33976,ERR14400067,GRC2
RCN33976,ERR14400068,SPEC
RCN33977,ERR14400069,GRC1
RCN33977,ERR14400070,GRC2
RCN33977,ERR14400071,SPEC
RCN33978,ERR14400072,GRC1
RCN33978,ERR14400073,GRC2
RCN33978,ERR14400074,SPEC
RCN33979,ERR14400075,GRC1
RCN33979,ERR14400076,GRC2
RCN33979,ERR14400077,SPEC
RCN33980,ERR14400078,GRC1
RCN33980,ERR14400079,GRC2
RCN33980,ERR14400080,SPEC
RCN33981,ERR14400081,GRC1
RCN33981,ERR14400082,GRC2
RCN33981,ERR14400083,SPEC
RCN33982,ERR14400084,GRC1
RCN33982,ERR14400085,GRC2
RCN33982,ERR14400086,SPEC
RCN33983,ERR14400087,GRC1
RCN33983,ERR14400088,GRC2
RCN33983,ERR14400089,SPEC
RCN33984,ERR14400090,GRC1
RCN33984,ERR14400091,GRC2
RCN33984,ERR14400092,SPEC
RCN33985,ERR14400093,GRC1
RCN33985,ERR14400094,GRC2
RCN33985,ERR14400095,SPEC
RCN33986,ERR14400096,GRC1
RCN33986,ERR14400097,GRC2
RCN33986,ERR14400098,SPEC
RCN33987,ERR14400099,GRC1
RCN33987,ERR14400100,GRC2
RCN33987,ERR14400101,SPEC
RCN33988,ERR14400102,GRC1
RCN33988,ERR14400103,GRC2
RCN33988,ERR14400104,SPEC
RCN33989,ERR14400105,GRC1
RCN33989,ERR14400106,GRC2
RCN33989,ERR14400107,SPEC
RCN33990,ERR14400108,GRC1
RCN33990,ERR14400109,GRC2
RCN33990,ERR14400110,SPEC
RCN33991,ERR14400111,GRC1
RCN33991,ERR14400112,GRC2
RCN33991,ERR14400113,SPEC
RCN33992,ERR14400114,GRC1
RCN33992,ERR14400115,GRC2
RCN33992,ERR14400116,SPEC
RCN33993,ERR14400117,GRC1
RCN33993,ERR14400118,GRC2
RCN33993,ERR14400119,SPEC
RCN33994,ERR14400120,GRC1
RCN33994,ERR14400121,GRC2
RCN33994,ERR14400122,SPEC
RCN33995,ERR14400123,GRC1
RCN33995,ERR14400124,GRC2
RCN33995,ERR14400125,SPEC
RCN33996,ERR14400126,GRC1
RCN33996,ERR14400127,GRC2
RCN33996,ERR14400128,SPEC
RCN33997,ERR14400129,GRC1
RCN33997,ERR14400130,GRC2
RCN33997,ERR14400131,SPEC
RCN33998,ERR14400132,GRC1
RCN33998,ERR14400133,GRC2
RCN33998,ERR14400134,SPEC
RCN33999,ERR14400135,GRC1
RCN33999,ERR14400136,GRC2
RCN33999,ERR14400137,SPEC
RCN34000,ERR14400138,GRC1
RCN34000,ERR14400139,GRC2
RCN34000,ERR14400140,SPEC
RCN34001,ERR14400141,GRC1
RCN34001,ERR14400142,GRC2
RCN34001,ERR14400143,SPEC
RCN34002,ERR14400144,GRC1
RCN34002,ERR14400145,GRC2
RCN34002,ERR14400146,SPEC
RCN34003,ERR14400147,GRC1
RCN34003,ERR14400148,GRC2
RCN34003,ERR14400149,SPEC
RCN34004,ERR14400150,GRC1
RCN34004,ERR14400151,GRC2
RCN34004,ERR14400152,SPEC
RCN34005,ERR14400153,GRC1
RCN34005,ERR14400154,GRC2
RCN34005,ERR14400155,SPEC
RCN34006,ERR14400156,GRC1
RCN34006,ERR14400157,GRC2
RCN34006,ERR14400158,SPEC
RCN34007,ERR14400159,GRC1
RCN34007,ERR14400160,GRC2
RCN34007,ERR14400161,SPEC
RCN34008,ERR14400162,GRC1
RCN34008,ERR14400163,GRC2
RCN34008,ERR14400164,SPEC
RCN34009,ERR14400165,GRC1
RCN34009,ERR14400166,GRC2
RCN34009,ERR14400167,SPEC
RCN34010,ERR14400168,GRC1
RCN34010,ERR14400169,GRC2
RCN34010,ERR14400170,SPEC
RCN34011,ERR14400171,GRC1
RCN34011,ERR14400172,GRC2
RCN34011,ERR14400173,SPEC
RCN34012,ERR14400174,GRC1
RCN34012,ERR14400175,GRC2
RCN34012,ERR14400176,SPEC
RCN34013,ERR14400177,GRC1
RCN34013,ERR14400178,GRC2
RCN34013,ERR14400179,SPEC
RCN34014,ERR14400180,GRC1
RCN34014,ERR14400181,GRC2
RCN34014,ERR14400182,SPEC
RCN34015,ERR14400183,GRC1
RCN34015,ERR14400184,GRC2
RCN34015,ERR14400185,SPEC
RCN34016,ERR14400186,GRC1
RCN34016,ERR14400187,GRC2
RCN34016,ERR14400188,SPEC
RCN34017,ERR14400189,GRC1
RCN34017,ERR14400190,GRC2
RCN34017,ERR14400191,SPEC
RCN34018,ERR14400192,GRC1
RCN34018,ERR14400193,GRC2
RCN34018,ERR14400194,SPEC
RCN34019,ERR14400195,GRC1
RCN34019,ERR14400196,GRC2
RCN34019,ERR14400197,SPEC
RCN34021,ERR14400198,GRC1
RCN34021,ERR14400199,GRC2
RCN34021,ERR14400200,SPEC
RCN34022,ERR14400201,GRC1
RCN34022,ERR14400202,GRC2
RCN34022,ERR14400203,SPEC
RCN34023,ERR14400204,GRC1
RCN34023,ERR14400205,GRC2
RCN34023,ERR14400206,SPEC
RCN34024,ERR14400207,GRC1
RCN34024,ERR14400208,GRC2
RCN34024,ERR14400209,SPEC
RCN34025,ERR14400210,GRC1
RCN34025,ERR14400211,GRC2
RCN34025,ERR14400212,SPEC
RCN34026,ERR14400213,GRC1
RCN34026,ERR14400214,GRC2
RCN34026,ERR14400215,SPEC
RCN34027,ERR14400216,GRC1
RCN34027,ERR14400217,GRC2
RCN34027,ERR14400218,SPEC
RCN34028,ERR14400219,GRC1
RCN34028,ERR14400220,GRC2
RCN34028,ERR14400221,SPEC
RCN34029,ERR14400222,GRC1
RCN34029,ERR14400223,GRC2
RCN34029,ERR14400224,SPEC
RCN34030,ERR14400225,GRC1
RCN34030,ERR14400226,GRC2
RCN34030,ERR14400227,SPEC
RCN34031,ERR14400228,GRC1
RCN34031,ERR14400229,GRC2
RCN34031,ERR14400230,SPEC
RCN34032,ERR14400231,GRC1
RCN34032,ERR14400232,GRC2
RCN34032,ERR14400233,SPEC
RCN34033,ERR14400234,GRC1
RCN34033,ERR14400235,GRC2
RCN34033,ERR14400236,SPEC
RCN34034,ERR14400237,GRC1
RCN34034,ERR14400238,GRC2
RCN34034,ERR14400239,SPEC
RCN34035,ERR14400240,GRC1
RCN34035,ERR14400241,GRC2
RCN34035,ERR14400242,SPEC
RCN34036,ERR14400243,GRC1
RCN34036,ERR14400244,GRC2
RCN34036,ERR14400245,SPEC
RCN34037,ERR14400246,GRC1
RCN34037,ERR14400247,GRC2
RCN34037,ERR14400248,SPEC
RCN34038,ERR14400249,GRC1
RCN34038,ERR14400250,GRC2
RCN34038,ERR14400251,SPEC
RCN34039,ERR14400252,GRC1
RCN34039,ERR14400253,GRC2
RCN34039,ERR14400254,SPEC
RCN34040,ERR14400255,GRC1
RCN34040,ERR14400256,GRC2
RCN34040,ERR14400257,SPEC
RCN34041,ERR14400258,GRC1
RCN34041,ERR14400259,GRC2
RCN34041,ERR14400260,SPEC
RCN34042,ERR14400261,GRC1
RCN34042,ERR14400262,GRC2
RCN34042,ERR14400263,SPEC
RCN34043,ERR14400264,GRC1
RCN34043,ERR14400265,GRC2
RCN34043,ERR14400266,SPEC
RCN34044,ERR14400267,GRC1
RCN34044,ERR14400268,GRC2
RCN34044,ERR14400269,SPEC
RCN34045,ERR14400270,GRC1
RCN34045,ERR14400271,GRC2
RCN34045,ERR14400272,SPEC
RCN34046,ERR14400273,GRC1
RCN34046,ERR14400274,GRC2
RCN34046,ERR14400275,SPEC
RCN34047,ERR14400276,GRC1
RCN34047,ERR14400277,GRC2
RCN34047,ERR14400278,SPEC
RCN34048,ERR14400279,GRC1
RCN34048,ERR14400280,GRC2
RCN34048,ERR14400281,SPEC
RCN34050,ERR14400282,GRC1
RCN34050,ERR14400283,GRC2
RCN34050,ERR14400284,SPEC
RCN34051,ERR14400285,GRC1
RCN34051,ERR14400286,GRC2
RCN34051,ERR14400287,SPEC
RCN34052,ERR14400288,GRC1
RCN34052,ERR14400289,GRC2
RCN34052,ERR14400290,SPEC
RCN34053,ERR14400291,GRC1
RCN34053,ERR14400292,GRC2
RCN34053,ERR14400293,SPEC
RCN34054,ERR14400294,GRC1
RCN34054,ERR14400295,GRC2
RCN34054,ERR14400296,SPEC
RCN34055,ERR14400297,GRC1
RCN34055,ERR14400298,GRC2
RCN34055,ERR14400299,SPEC
RCN34056,ERR14400300,GRC1
RCN34056,ERR14400301,GRC2
RCN34056,ERR14400302,SPEC
RCN34057,ERR14400303,GRC1
RCN34057,ERR14400304,GRC2
RCN34057,ERR14400305,SPEC
RCN34058,ERR14400306,GRC1
RCN34058,ERR14400307,GRC2
RCN34058,ERR14400308,SPEC
RCN34059,ERR14400309,GRC1
RCN34059,ERR14400310,GRC2
RCN34059,ERR14400311,SPEC
RCN34060,ERR14400312,GRC1
RCN34060,ERR14400313,GRC2
RCN34060,ERR14400314,SPEC
RCN34061,ERR14400315,GRC1
RCN34061,ERR14400316,GRC2
RCN34061,ERR14400317,SPEC
RCN34062,ERR14400318,GRC1
RCN34062,ERR14400319,GRC2
RCN34062,ERR14400320,SPEC
RCN34063,ERR14400321,GRC1
RCN34063,ERR14400322,GRC2
RCN34063,ERR14400323,SPEC
RCN34064,ERR14400324,GRC1
RCN34064,ERR14400325,GRC2
RCN34064,ERR14400326,SPEC
RCN34065,ERR14400327,GRC1
RCN34065,ERR14400328,GRC2
RCN34065,ERR14400329,SPEC
RCN34066,ERR14400330,GRC1
RCN34066,ERR14400331,GRC2
RCN34066,ERR14400332,SPEC
RCN34067,ERR14400333,GRC1
RCN34067,ERR14400334,GRC2
RCN34067,ERR14400335,SPEC
RCN34068,ERR14400336,GRC1
RCN34068,ERR14400337,GRC2
RCN34068,ERR14400338,SPEC
RCN34069,ERR14400339,GRC1
RCN34069,ERR14400340,GRC2
RCN34069,ERR14400341,SPEC
RCN34070,ERR14400342,GRC1
RCN34070,ERR14400343,GRC2
RCN34070,ERR14400344,SPEC
RCN34071,ERR14400345,GRC1
RCN34071,ERR14400346,GRC2
RCN34071,ERR14400347,SPEC
RCN34072,ERR14400348,GRC1
RCN34072,ERR14400349,GRC2
RCN34072,ERR14400350,SPEC
RCN34073,ERR14400351,GRC1
RCN34073,ERR14400352,GRC2
RCN34073,ERR14400353,SPEC
RCN34074,ERR14400354,GRC1
RCN34074,ERR14400355,GRC2
RCN34074,ERR14400356,SPEC
RCN34075,ERR14400357,GRC1
RCN34075,ERR14400358,GRC2
RCN34075,ERR14400359,SPEC
RCN34077,ERR14400360,GRC1
RCN34077,ERR14400361,GRC2
RCN34077,ERR14400362,SPEC
RCN34079,ERR14400363,GRC1
RCN34079,ERR14400364,GRC2
RCN34079,ERR14400365,SPEC
RCN34080,ERR14400366,GRC1
RCN34080,ERR14400367,GRC2
RCN34080,ERR14400368,SPEC
RCN34081,ERR14400369,GRC1
RCN34081,ERR14400370,GRC2
RCN34081,ERR14400371,SPEC
RCN34082,ERR14400372,GRC1
RCN34082,ERR14400373,GRC2
RCN34082,ERR14400374,SPEC
RCN34083,ERR14400375,GRC1
RCN34083,ERR14400376,GRC2
RCN34083,ERR14400377,SPEC
RCN34084,ERR14400378,GRC1
RCN34084,ERR14400379,GRC2
RCN34084,ERR14400380,SPEC
RCN34085,ERR14400381,GRC1
RCN34085,ERR14400382,GRC2
RCN34085,ERR14400383,SPEC
RCN34086,ERR14400384,GRC1
RCN34086,ERR14400385,GRC2
RCN34086,ERR14400386,SPEC
RCN34087,ERR14400387,GRC1
RCN34087,ERR14400388,GRC2
RCN34087,ERR14400389,SPEC
RCN34088,ERR14400390,GRC1
RCN34088,ERR14400391,GRC2
RCN34088,ERR14400392,SPEC
RCN34089,ERR14400393,GRC1
RCN34089,ERR14400394,GRC2
RCN34089,ERR14400395,SPEC
RCN34090,ERR14400396,GRC1
RCN34090,ERR14400397,GRC2
RCN34090,ERR14400398,SPEC
RCN34091,ERR14400399,GRC1
RCN34091,ERR14400400,GRC2
RCN34091,ERR14400401,SPEC
RCN34092,ERR14400402,GRC1
RCN34092,ERR14400403,GRC2
RCN34092,ERR14400404,SPEC
RCN34093,ERR14400405,GRC1
RCN34093,ERR14400406,GRC2
RCN34093,ERR14400407,SPEC
RCN34094,ERR14400408,GRC1
RCN34094,ERR14400409,GRC2
RCN34094,ERR14400410,SPEC
RCN34095,ERR14400411,GRC1
RCN34095,ERR14400412,GRC2
RCN34095,ERR14400413,SPEC
RCN34096,ERR14400414,GRC1
RCN34096,ERR14400415,GRC2
RCN34096,ERR14400416,SPEC
RCN34097,ERR14400417,GRC1
RCN34097,ERR14400418,GRC2
RCN34097,ERR14400419,SPEC
RCN34098,ERR14400420,GRC1
RCN34098,ERR14400421,GRC2
RCN34098,ERR14400422,SPEC
RCN34099,ERR14400423,GRC1
RCN34099,ERR14400424,GRC2
RCN34099,ERR14400425,SPEC
RCN34100,ERR14400426,GRC1
RCN34100,ERR14400427,GRC2
RCN34100,ERR14400428,SPEC
RCN34101,ERR14400429,GRC1
RCN34101,ERR14400430,GRC2
RCN34101,ERR14400431,SPEC
RCN34102,ERR14400432,GRC1
RCN34102,ERR14400433,GRC2
RCN34102,ERR14400434,SPEC
RCN34103,ERR14400435,GRC1
RCN34103,ERR14400436,GRC2
RCN34103,ERR14400437,SPEC
RCN34104,ERR14400438,GRC1
RCN34104,ERR14400439,GRC2
RCN34104,ERR14400440,SPEC
RCN34105,ERR14400441,GRC1
RCN34105,ERR14400442,GRC2
RCN34105,ERR14400443,SPEC
RCN34106,ERR14400444,GRC1
RCN34106,ERR14400445,GRC2
RCN34106,ERR14400446,SPEC
RCN34107,ERR14400447,GRC1
RCN34107,ERR14400448,GRC2
RCN34107,ERR14400449,SPEC
RCN34108,ERR14400450,GRC1
RCN34108,ERR14400451,GRC2
RCN34108,ERR14400452,SPEC
RCN34109,ERR14400453,GRC1
RCN34109,ERR14400454,GRC2
RCN34109,ERR14400455,SPEC
RCN34110,ERR14400456,GRC1
RCN34110,ERR14400457,GRC2
RCN34110,ERR14400458,SPEC
RCN34111,ERR14400459,GRC1
RCN34111,ERR14400460,GRC2
RCN34111,ERR14400461,SPEC
RCN34112,ERR14400462,GRC1
RCN34112,ERR14400463,GRC2
RCN34113,ERR14400465,GRC1
RCN34113,ERR14400466,GRC2
RCN34113,ERR14400467,SPEC
RCN34114,ERR14400468,GRC1
RCN34114,ERR14400469,GRC2
RCN34114,ERR14400470,SPEC
RCN34115,ERR14400471,GRC1
RCN34115,ERR14400472,GRC2
RCN34115,ERR14400473,SPEC
RCN34118,ERR14400474,GRC1
RCN34118,ERR14400475,GRC2
RCN34118,ERR14400476,SPEC
RCN34120,ERR14400477,GRC1
RCN34120,ERR14400478,GRC2
RCN34120,ERR14400479,SPEC
RCN34122,ERR14400480,GRC1
RCN34122,ERR14400481,GRC2
RCN34122,ERR14400482,SPEC
RCN34123,ERR14400483,GRC1
RCN34123,ERR14400484,GRC2
RCN34123,ERR14400485,SPEC
RCN34124,ERR14400486,GRC1
RCN34124,ERR14400487,GRC2
RCN34124,ERR14400488,SPEC
RCN34126,ERR14400489,GRC1
RCN34126,ERR14400490,GRC2
RCN34126,ERR14400491,SPEC
RCN34127,ERR14400492,GRC1
RCN34127,ERR14400493,GRC2
RCN34127,ERR14400494,SPEC
RCN34128,ERR14400495,GRC1
RCN34128,ERR14400496,GRC2
RCN34128,ERR14400497,SPEC
RCN34129,ERR14400498,GRC1
RCN34129,ERR14400499,GRC2
RCN34129,ERR14400500,SPEC
RCN34130,ERR14400501,GRC1
RCN34130,ERR14400502,GRC2
RCN34130,ERR14400503,SPEC
RCN34131,ERR14400504,GRC1
RCN34131,ERR14400505,GRC2
RCN34131,ERR14400506,SPEC
RCN34132,ERR14400507,GRC1
RCN34132,ERR14400508,GRC2
RCN34132,ERR14400509,SPEC
RCN34133,ERR14400510,GRC1
RCN34133,ERR14400511,GRC2
RCN34133,ERR14400512,SPEC
RCN34134,ERR14400513,GRC1
RCN34134,ERR14400514,GRC2
RCN34134,ERR14400515,SPEC
RCN34135,ERR14400516,GRC1
RCN34135,ERR14400517,GRC2
RCN34135,ERR14400518,SPEC
RCN34136,ERR14400519,GRC1
RCN34136,ERR14400520,GRC2
RCN34136,ERR14400521,SPEC
RCN34137,ERR14400522,GRC1
RCN34137,ERR14400523,GRC2
RCN34137,ERR14400524,SPEC
RCN34138,ERR14400525,GRC1
RCN34138,ERR14400526,GRC2
RCN34138,ERR14400527,SPEC
RCN34139,ERR14400528,GRC1
RCN34139,ERR14400529,GRC2
RCN34139,ERR14400530,SPEC
RCN34140,ERR14400531,GRC1
RCN34140,ERR14400532,GRC2
RCN34140,ERR14400533,SPEC
RCN34141,ERR14400534,GRC1
RCN34141,ERR14400535,GRC2
RCN34141,ERR14400536,SPEC
RCN34142,ERR14400537,GRC1
RCN34142,ERR14400538,GRC2
RCN34142,ERR14400539,SPEC
RCN34143,ERR14400540,GRC1
RCN34143,ERR14400541,GRC2
RCN34143,ERR14400542,SPEC
RCN34144,ERR14400543,GRC1
RCN34144,ERR14400544,GRC2
RCN34144,ERR14400545,SPEC
RCN34145,ERR14400546,GRC1
RCN34145,ERR14400547,GRC2
RCN34145,ERR14400548,SPEC
RCN34146,ERR14400549,GRC1
RCN34146,ERR14400550,GRC2
RCN34146,ERR14400551,SPEC
RCN34147,ERR14400552,GRC1
RCN34147,ERR14400553,GRC2
RCN34147,ERR14400554,SPEC
RCN34148,ERR14400555,GRC1
RCN34148,ERR14400556,GRC2
RCN34148,ERR14400557,SPEC
RCN34149,ERR14400558,GRC1
RCN34149,ERR14400559,GRC2
RCN34149,ERR14400560,SPEC
RCN34150,ERR14400561,GRC1
RCN34150,ERR14400562,GRC2
RCN34150,ERR14400563,SPEC
RCN34151,ERR14400564,GRC1
RCN34151,ERR14400565,GRC2
RCN34151,ERR14400566,SPEC
RCN34152,ERR14400567,GRC1
RCN34152,ERR14400568,GRC2
RCN34152,ERR14400569,SPEC
RCN34153,ERR14400570,GRC1
RCN34153,ERR14400571,GRC2
RCN34153,ERR14400572,SPEC
RCN34154,ERR14400573,GRC1
RCN34154,ERR14400574,GRC2
RCN34154,ERR14400575,SPEC
RCN34155,ERR14400576,GRC1
RCN34155,ERR14400577,GRC2
RCN34155,ERR14400578,SPEC
RCN34156,ERR14400579,GRC1
RCN34156,ERR14400580,GRC2
RCN34156,ERR14400581,SPEC
RCN34157,ERR14400582,GRC1
RCN34157,ERR14400583,GRC2
RCN34157,ERR14400584,SPEC
RCN34158,ERR14400585,GRC1
RCN34158,ERR14400586,GRC2
RCN34158,ERR14400587,SPEC
RCN34159,ERR14400588,GRC1
RCN34159,ERR14400589,GRC2
RCN34159,ERR14400590,SPEC
RCN34160,ERR14400591,GRC1
RCN34160,ERR14400592,GRC2
RCN34160,ERR14400593,SPEC
RCN34161,ERR14400594,GRC1
RCN34161,ERR14400595,GRC2
RCN34161,ERR14400596,SPEC
RCN34162,ERR14400597,GRC1
RCN34162,ERR14400598,GRC2
RCN34162,ERR14400599,SPEC
RCN34163,ERR14400600,GRC1
RCN34163,ERR14400601,GRC2
RCN34163,ERR14400602,SPEC
RCN34164,ERR14400603,GRC1
RCN34164,ERR14400604,GRC2
RCN34164,ERR14400605,SPEC
RCN34165,ERR14400606,GRC1
RCN34165,ERR14400607,GRC2
RCN34165,ERR14400608,SPEC
RCN34166,ERR14400609,GRC1
RCN34166,ERR14400610,GRC2
RCN34166,ERR14400611,SPEC
RCN34167,ERR14400612,GRC1
RCN34167,ERR14400613,GRC2
RCN34167,ERR14400614,SPEC
RCN34168,ERR14400615,GRC1
RCN34168,ERR14400616,GRC2
RCN34168,ERR14400617,SPEC
RCN34169,ERR14400618,GRC1
RCN34169,ERR14400619,GRC2
RCN34169,ERR14400620,SPEC
RCN34170,ERR14400621,GRC1
RCN34170,ERR14400622,GRC2
RCN34170,ERR14400623,SPEC
RCN34171,ERR14400624,GRC1
RCN34171,ERR14400625,GRC2
RCN34171,ERR14400626,SPEC
RCN34172,ERR14400627,GRC1
RCN34172,ERR14400628,GRC2
RCN34172,ERR14400629,SPEC
RCN34173,ERR14400630,GRC1
RCN34173,ERR14400631,GRC2
RCN34173,ERR14400632,SPEC
RCN34174,ERR14400633,GRC1
RCN34174,ERR14400634,GRC2
RCN34174,ERR14400635,SPEC
RCN34175,ERR14400636,GRC1
RCN34175,ERR14400637,GRC2
RCN34175,ERR14400638,SPEC
RCN34176,ERR14400639,GRC1
RCN34176,ERR14400640,GRC2
RCN34176,ERR14400641,SPEC
RCN34177,ERR14400642,GRC1
RCN34177,ERR14400643,GRC2
RCN34177,ERR14400644,SPEC
RCN34178,ERR14400645,GRC1
RCN34178,ERR14400646,GRC2
RCN34178,ERR14400647,SPEC
RCN34179,ERR14400648,GRC1
RCN34179,ERR14400649,GRC2
RCN34179,ERR14400650,SPEC
RCN34180,ERR14400651,GRC1
RCN34180,ERR14400652,GRC2
RCN34180,ERR14400653,SPEC
RCN34181,ERR14400654,GRC1
RCN34181,ERR14400655,GRC2
RCN34181,ERR14400656,SPEC
RCN34182,ERR14400657,GRC1
RCN34182,ERR14400658,GRC2
RCN34182,ERR14400659,SPEC
RCN34183,ERR14400660,GRC1
RCN34183,ERR14400661,GRC2
RCN34183,ERR14400662,SPEC
RCN34184,ERR14400663,GRC1
RCN34184,ERR14400664,GRC2
RCN34184,ERR14400665,SPEC
RCN34185,ERR14400666,GRC1
RCN34185,ERR14400667,GRC2
RCN34185,ERR14400668,SPEC
RCN34186,ERR14400669,GRC1
RCN34186,ERR14400670,GRC2
RCN34186,ERR14400671,SPEC
RCN34187,ERR14400672,GRC1
RCN34187,ERR14400673,GRC2
RCN34187,ERR14400674,SPEC
RCN34188,ERR14400675,GRC1
RCN34188,ERR14400676,GRC2
RCN34188,ERR14400677,SPEC
RCN34189,ERR14400678,GRC1
RCN34189,ERR14400679,GRC2
RCN34189,ERR14400680,SPEC
RCN34190,ERR14400681,GRC1
RCN34190,ERR14400682,GRC2
RCN34190,ERR14400683,SPEC
RCN34191,ERR14400684,GRC1
RCN34191,ERR14400685,GRC2
RCN34191,ERR14400686,SPEC
RCN34192,ERR14400687,GRC1
RCN34192,ERR14400688,GRC2
RCN34192,ERR14400689,SPEC
RCN34193,ERR14400690,GRC1
RCN34193,ERR14400691,GRC2
RCN34193,ERR14400692,SPEC
RCN34194,ERR14400693,GRC1
RCN34194,ERR14400694,GRC2
RCN34194,ERR14400695,SPEC
RCN34195,ERR14400696,GRC1
RCN34195,ERR14400697,GRC2
RCN34195,ERR14400698,SPEC
RCN34196,ERR14400699,GRC1
RCN34196,ERR14400700,GRC2
RCN34196,ERR14400701,SPEC
RCN34197,ERR14400702,GRC1
RCN34197,ERR14400703,GRC2
RCN34197,ERR14400704,SPEC
RCN34198,ERR14400705,GRC1
RCN34198,ERR14400706,GRC2
RCN34198,ERR14400707,SPEC
RCN34199,ERR14400708,GRC1
RCN34199,ERR14400709,GRC2
RCN34199,ERR14400710,SPEC
RCN34200,ERR14400711,GRC1
RCN34200,ERR14400712,GRC2
RCN34200,ERR14400713,SPEC
RCN34201,ERR14400714,GRC1
RCN34201,ERR14400715,GRC2
RCN34201,ERR14400716,SPEC
RCN34202,ERR14400717,GRC1
RCN34202,ERR14400718,GRC2
RCN34202,ERR14400719,SPEC
RCN34203,ERR14400720,GRC1
RCN34203,ERR14400721,GRC2
RCN34203,ERR14400722,SPEC
RCN34204,ERR14400723,GRC1
RCN34204,ERR14400724,GRC2
RCN34204,ERR14400725,SPEC
RCN34205,ERR14400726,GRC1
RCN34205,ERR14400727,GRC2
RCN34205,ERR14400728,SPEC
RCN34206,ERR14400729,GRC1
RCN34206,ERR14400730,GRC2
RCN34206,ERR14400731,SPEC
RCN34207,ERR14400732,GRC1
RCN34207,ERR14400733,GRC2
RCN34207,ERR14400734,SPEC
RCN34208,ERR14400735,GRC1
RCN34208,ERR14400736,GRC2
RCN34208,ERR14400737,SPEC
RCN34209,ERR14400738,GRC1
RCN34209,ERR14400739,GRC2
RCN34209,ERR14400740,SPEC
RCN34210,ERR14400741,GRC1
RCN34210,ERR14400742,GRC2
RCN34210,ERR14400743,SPEC
RCN34211,ERR14400744,GRC1
RCN34211,ERR14400745,GRC2
RCN34211,ERR14400746,SPEC
RCN34212,ERR14400747,GRC1
RCN34212,ERR14400748,GRC2
RCN34212,ERR14400749,SPEC
RCN34213,ERR14400750,GRC1
RCN34213,ERR14400751,GRC2
RCN34213,ERR14400752,SPEC
RCN34214,ERR14400753,GRC1
RCN34214,ERR14400754,GRC2
RCN34214,ERR14400755,SPEC
RCN34215,ERR14400756,GRC1
RCN34215,ERR14400757,GRC2
RCN34215,ERR14400758,SPEC
RCN34216,ERR14400759,GRC1
RCN34216,ERR14400760,GRC2
RCN34216,ERR14400761,SPEC
RCN34217,ERR14400762,GRC1
RCN34217,ERR14400763,GRC2
RCN34217,ERR14400764,SPEC
RCN34218,ERR14400765,GRC1
RCN34218,ERR14400766,GRC2
RCN34218,ERR14400767,SPEC
RCN34219,ERR14400768,GRC1
RCN34219,ERR14400769,GRC2
RCN34219,ERR14400770,SPEC
RCN34220,ERR14400771,GRC1
RCN34220,ERR14400772,GRC2
RCN34220,ERR14400773,SPEC
RCN34221,ERR14400774,GRC1
RCN34221,ERR14400775,GRC2
RCN34221,ERR14400776,SPEC
RCN34222,ERR14400777,GRC1
RCN34222,ERR14400778,GRC2
RCN34222,ERR14400779,SPEC
RCN34223,ERR14400780,GRC1
RCN34223,ERR14400781,GRC2
RCN34223,ERR14400782,SPEC
RCN34224,ERR14400783,GRC1
RCN34224,ERR14400784,GRC2
RCN34224,ERR14400785,SPEC
RCN34225,ERR14400786,GRC1
RCN34225,ERR14400787,GRC2
RCN34225,ERR14400788,SPEC
RCN34226,ERR14400789,GRC1
RCN34226,ERR14400790,GRC2
RCN34226,ERR14400791,SPEC
RCN34227,ERR14400792,GRC1
RCN34227,ERR14400793,GRC2
RCN34227,ERR14400794,SPEC
RCN34228,ERR14400795,GRC1
RCN34228,ERR14400796,GRC2
RCN34228,ERR14400797,SPEC
RCN34229,ERR14400798,GRC1
RCN34229,ERR14400799,GRC2
RCN34229,ERR14400800,SPEC
RCN34231,ERR14400801,GRC1
RCN34231,ERR14400802,GRC2
RCN34231,ERR14400803,SPEC
RCN34232,ERR14400804,GRC1
RCN34232,ERR14400805,GRC2
RCN34232,ERR14400806,SPEC
RCN34233,ERR14400807,GRC1
RCN34233,ERR14400808,GRC2
RCN34233,ERR14400809,SPEC
RCN34234,ERR14400810,GRC1
RCN34234,ERR14400811,GRC2
RCN34234,ERR14400812,SPEC
RCN34235,ERR14400813,GRC1
RCN34235,ERR14400814,GRC2
RCN34235,ERR14400815,SPEC
RCN34236,ERR14400816,GRC1
RCN34236,ERR14400817,GRC2
RCN34236,ERR14400818,SPEC
RCN34237,ERR14400819,GRC1
RCN34237,ERR14400820,GRC2
RCN34237,ERR14400821,SPEC
RCN34238,ERR14400822,GRC1
RCN34238,ERR14400823,GRC2
RCN34238,ERR14400824,SPEC
RCN34239,ERR14400825,GRC1
RCN34239,ERR14400826,GRC2
RCN34239,ERR14400827,SPEC
RCN34240,ERR14400828,GRC1
RCN34240,ERR14400829,GRC2
RCN34240,ERR14400830,SPEC
RCN34241,ERR14400831,GRC1
RCN34241,ERR14400832,GRC2
RCN34241,ERR14400833,SPEC
RCN34242,ERR14400834,GRC1
RCN34242,ERR14400835,GRC2
RCN34242,ERR14400836,SPEC
RCN34243,ERR14400837,GRC1
RCN34243,ERR14400838,GRC2
RCN34243,ERR14400839,SPEC
RCN34244,ERR14400840,GRC1
RCN34244,ERR14400841,GRC2
RCN34244,ERR14400842,SPEC
RCN34245,ERR14400843,GRC1
RCN34245,ERR14400844,GRC2
RCN34245,ERR14400845,SPEC
RCN34246,ERR14400846,GRC1
RCN34246,ERR14400847,GRC2
RCN34246,ERR14400848,SPEC
RCN34247,ERR14400849,GRC1
RCN34247,ERR14400850,GRC2
RCN34247,ERR14400851,SPEC
RCN34248,ERR14400852,GRC1
RCN34248,ERR14400853,GRC2
RCN34248,ERR14400854,SPEC
RCN34249,ERR14400855,GRC1
RCN34249,ERR14400856,GRC2
RCN34249,ERR14400857,SPEC
RCN34250,ERR14400858,GRC1
RCN34250,ERR14400859,GRC2
RCN34250,ERR14400860,SPEC
RCN34251,ERR14400861,GRC1
RCN34251,ERR14400862,GRC2
RCN34251,ERR14400863,SPEC
RCN34252,ERR14400864,GRC1
RCN34252,ERR14400865,GRC2
RCN34252,ERR14400866,SPEC
RCN34253,ERR14400867,GRC1
RCN34253,ERR14400868,GRC2
RCN34253,ERR14400869,SPEC
RCN34254,ERR14400870,GRC1
RCN34254,ERR14400871,GRC2
RCN34254,ERR14400872,SPEC
RCN34255,ERR14400873,GRC1
RCN34255,ERR14400874,GRC2
RCN34255,ERR14400875,SPEC
RCN34256,ERR14400876,GRC1
RCN34256,ERR14400877,GRC2
RCN34256,ERR14400878,SPEC
RCN34257,ERR14400879,GRC1
RCN34257,ERR14400880,GRC2
RCN34257,ERR14400881,SPEC
RCN34258,ERR14400882,GRC1
RCN34258,ERR14400883,GRC2
RCN34258,ERR14400884,SPEC
RCN34259,ERR14400885,GRC1
RCN34259,ERR14400886,GRC2
RCN34259,ERR14400887,SPEC
RCN34260,ERR14400888,GRC1
RCN34260,ERR14400889,GRC2
RCN34260,ERR14400890,SPEC
RCN34261,ERR14400891,GRC1
RCN34261,ERR14400892,GRC2
RCN34261,ERR14400893,SPEC
RCN34262,ERR14400894,GRC1
RCN34262,ERR14400895,GRC2
RCN34262,ERR14400896,SPEC
RCN34263,ERR14400897,GRC1
RCN34263,ERR14400898,GRC2
RCN34263,ERR14400899,SPEC
RCN34264,ERR14400900,GRC1
RCN34264,ERR14400901,GRC2
RCN34264,ERR14400902,SPEC
RCN34265,ERR14400903,GRC1
RCN34265,ERR14400904,GRC2
RCN34265,ERR14400905,SPEC
RCN34266,ERR14400906,GRC1
RCN34266,ERR14400907,GRC2
RCN34266,ERR14400908,SPEC
RCN34267,ERR14400909,GRC1
RCN34267,ERR14400910,GRC2
RCN34267,ERR14400911,SPEC
RCN34268,ERR14400912,GRC1
RCN34268,ERR14400913,GRC2
RCN34268,ERR14400914,SPEC
RCN34269,ERR14400915,GRC1
RCN34269,ERR14400916,GRC2
RCN34269,ERR14400917,SPEC
RCN34270,ERR14400918,GRC1
RCN34270,ERR14400919,GRC2
RCN34270,ERR14400920,SPEC
RCN34271,ERR14400921,GRC1
RCN34271,ERR14400922,GRC2
RCN34271,ERR14400923,SPEC
RCN34272,ERR14400924,GRC1
RCN34272,ERR14400925,GRC2
RCN34272,ERR14400926,SPEC
RCN34273,ERR14400927,GRC1
RCN34273,ERR14400928,GRC2
RCN34273,ERR14400929,SPEC
RCN34274,ERR14400930,GRC1
RCN34274,ERR14400931,GRC2
RCN34274,ERR14400932,SPEC
RCN34275,ERR14400933,GRC1
RCN34275,ERR14400934,GRC2
RCN34275,ERR14400935,SPEC
RCN34276,ERR14400936,GRC1
RCN34276,ERR14400937,GRC2
RCN34276,ERR14400938,SPEC
RCN34277,ERR14400939,GRC1
RCN34277,ERR14400940,GRC2
RCN34277,ERR14400941,SPEC
RCN34278,ERR14400942,GRC1
RCN34278,ERR14400943,GRC2
RCN34278,ERR14400944,SPEC
RCN34279,ERR14400945,GRC1
RCN34279,ERR14400946,GRC2
RCN34279,ERR14400947,SPEC
RCN34280,ERR14400948,GRC1
RCN34280,ERR14400949,GRC2
RCN34280,ERR14400950,SPEC
RCN34281,ERR14400951,GRC1
RCN34281,ERR14400952,GRC2
RCN34281,ERR14400953,SPEC
RCN34282,ERR14400954,GRC1
RCN34282,ERR14400955,GRC2
RCN34282,ERR14400956,SPEC
RCN34283,ERR14400957,GRC1
RCN34283,ERR14400958,GRC2
RCN34283,ERR14400959,SPEC
RCN34284,ERR14400960,GRC1
RCN34284,ERR14400961,GRC2
RCN34284,ERR14400962,SPEC
RCN34285,ERR14400963,GRC1
RCN34285,ERR14400964,GRC2
RCN34285,ERR14400965,SPEC
RCN34286,ERR14400966,GRC1
RCN34286,ERR14400967,GRC2
RCN34286,ERR14400968,SPEC
RCN34287,ERR14400969,GRC1
RCN34287,ERR14400970,GRC2
RCN34287,ERR14400971,SPEC
RCN34288,ERR14400972,GRC1
RCN34288,ERR14400973,GRC2
RCN34288,ERR14400974,SPEC
RCN34289,ERR14400975,GRC1
RCN34289,ERR14400976,GRC2
RCN34289,ERR14400977,SPEC
RCN34290,ERR14400978,GRC1
RCN34290,ERR14400979,GRC2
RCN34290,ERR14400980,SPEC
RCN34291,ERR14400981,GRC1
RCN34291,ERR14400982,GRC2
RCN34291,ERR14400983,SPEC
RCN34292,ERR14400984,GRC1
RCN34292,ERR14400985,GRC2
RCN34292,ERR14400986,SPEC
RCN34293,ERR14400987,GRC1
RCN34293,ERR14400988,GRC2
RCN34293,ERR14400989,SPEC
RCN34294,ERR14400990,GRC1
RCN34294,ERR14400991,GRC2
RCN34294,ERR14400992,SPEC
RCN34295,ERR14400993,GRC1
RCN34295,ERR14400994,GRC2
RCN34295,ERR14400995,SPEC
RCN34296,ERR14400996,GRC1
RCN34296,ERR14400997,GRC2
RCN34296,ERR14400998,SPEC
RCN34297,ERR14400999,GRC1
RCN34297,ERR14401000,GRC2
RCN34297,ERR14401001,SPEC
RCN34298,ERR14401002,GRC1
RCN34298,ERR14401003,GRC2
RCN34298,ERR14401004,SPEC
RCN34299,ERR14401005,GRC1
RCN34299,ERR14401006,GRC2
RCN34299,ERR14401007,SPEC
RCN34300,ERR14401008,GRC1
RCN34300,ERR14401009,GRC2
RCN34300,ERR14401010,SPEC
RCN34301,ERR14401011,GRC1
RCN34301,ERR14401012,GRC2
RCN34301,ERR14401013,SPEC
RCN34302,ERR14401014,GRC1
RCN34302,ERR14401015,GRC2
RCN34302,ERR14401016,SPEC
RCN34303,ERR14401017,GRC1
RCN34303,ERR14401018,GRC2
RCN34303,ERR14401019,SPEC
RCN34304,ERR14401020,GRC1
RCN34304,ERR14401021,GRC2
RCN34304,ERR14401022,SPEC
RCN34305,ERR14401023,GRC1
RCN34305,ERR14401024,GRC2
RCN34305,ERR14401025,SPEC
RCN34306,ERR14401026,GRC1
RCN34306,ERR14401027,GRC2
RCN34306,ERR14401028,SPEC
RCN34307,ERR14401029,GRC1
RCN34307,ERR14401030,GRC2
RCN34307,ERR14401031,SPEC
RCN34308,ERR14401032,GRC1
RCN34308,ERR14401033,GRC2
RCN34308,ERR14401034,SPEC
RCN34309,ERR14401035,GRC1
RCN34309,ERR14401036,GRC2
RCN34309,ERR14401037,SPEC
RCN34310,ERR14401038,GRC1
RCN34310,ERR14401039,GRC2
RCN34310,ERR14401040,SPEC
RCN34311,ERR14401041,GRC1
RCN34311,ERR14401042,GRC2
RCN34311,ERR14401043,SPEC
RCN34312,ERR14401044,GRC1
RCN34312,ERR14401045,GRC2
RCN34312,ERR14401046,SPEC
RCN34313,ERR14401047,GRC1
RCN34313,ERR14401048,GRC2
RCN34313,ERR14401049,SPEC
RCN34314,ERR14401050,GRC1
RCN34314,ERR14401051,GRC2
RCN34314,ERR14401052,SPEC
RCN34315,ERR14401053,GRC1
RCN34315,ERR14401054,GRC2
RCN34315,ERR14401055,SPEC
RCN34316,ERR14401056,GRC1
RCN34316,ERR14401057,GRC2
RCN34316,ERR14401058,SPEC
RCN34317,ERR14401059,GRC1
RCN34317,ERR14401060,GRC2
RCN34317,ERR14401061,SPEC
RCN34318,ERR14401062,GRC1
RCN34318,ERR14401063,GRC2
RCN34318,ERR14401064,SPEC
RCN34319,ERR14401065,GRC1
RCN34319,ERR14401066,GRC2
RCN34319,ERR14401067,SPEC
RCN34320,ERR14401068,GRC1
RCN34320,ERR14401069,GRC2
RCN34320,ERR14401070,SPEC
RCN34321,ERR14401071,GRC1
RCN34321,ERR14401072,GRC2
RCN34321,ERR14401073,SPEC
RCN34322,ERR14401074,GRC1
RCN34322,ERR14401075,GRC2
RCN34322,ERR14401076,SPEC
RCN34323,ERR14401077,GRC1
RCN34323,ERR14401078,GRC2
RCN34323,ERR14401079,SPEC
RCN34324,ERR14401080,GRC1
RCN34324,ERR14401081,GRC2
RCN34324,ERR14401082,SPEC
RCN34325,ERR14401083,GRC1
RCN34325,ERR14401084,GRC2
RCN34325,ERR14401085,SPEC
RCN34326,ERR14401086,GRC1
RCN34326,ERR14401087,GRC2
RCN34326,ERR14401088,SPEC
RCN34327,ERR14401089,GRC1
RCN34327,ERR14401090,GRC2
RCN34327,ERR14401091,SPEC
RCN34328,ERR14401092,GRC1
RCN34328,ERR14401093,GRC2
RCN34328,ERR14401094,SPEC
RCN34329,ERR14401095,GRC1
RCN34329,ERR14401096,GRC2
RCN34329,ERR14401097,SPEC
RCN34330,ERR14401098,GRC1
RCN34330,ERR14401099,GRC2
RCN34330,ERR14401100,SPEC
RCN34331,ERR14401101,GRC1
RCN34331,ERR14401102,GRC2
RCN34331,ERR14401103,SPEC
RCN34332,ERR14401104,GRC1
RCN34332,ERR14401105,GRC2
RCN34332,ERR14401106,SPEC
RCN34333,ERR14401107,GRC1
RCN34333,ERR14401108,GRC2
RCN34333,ERR14401109,SPEC
RCN34334,ERR14401110,GRC1
RCN34334,ERR14401111,GRC2
RCN34334,ERR14401112,SPEC
RCN34446,ERR14401113,GRC1
RCN34446,ERR14401114,GRC2
RCN34446,ERR14401115,SPEC
RCN34447,ERR14401116,GRC1
RCN34447,ERR14401117,GRC2
RCN34447,ERR14401118,SPEC
RCN34448,ERR14401119,GRC1
RCN34448,ERR14401120,GRC2
RCN34448,ERR14401121,SPEC
RCN34450,ERR14401122,GRC1
RCN34450,ERR14401123,GRC2
RCN34450,ERR14401124,SPEC
RCN34453,ERR14401125,GRC1
RCN34453,ERR14401126,GRC2
RCN34453,ERR14401127,SPEC
RCN34454,ERR14401128,GRC1
RCN34454,ERR14401129,GRC2
RCN34454,ERR14401130,SPEC
RCN34456,ERR14401131,GRC1
RCN34456,ERR14401132,GRC2
RCN34456,ERR14401133,SPEC
RCN34457,ERR14401134,GRC1
RCN34457,ERR14401135,GRC2
RCN34457,ERR14401136,SPEC
RCN34460,ERR14401137,GRC1
RCN34460,ERR14401138,GRC2
RCN34460,ERR14401139,SPEC
RCN34461,ERR14401140,GRC1
RCN34461,ERR14401141,GRC2
RCN34461,ERR14401142,SPEC
RCN34464,ERR14401143,GRC1
RCN34464,ERR14401144,GRC2
RCN34464,ERR14401145,SPEC
RCN34465,ERR14401146,GRC1
RCN34465,ERR14401147,GRC2
RCN34465,ERR14401148,SPEC
RCN34466,ERR14401149,GRC1
RCN34466,ERR14401150,GRC2
RCN34466,ERR14401151,SPEC
RCN34468,ERR14401152,GRC1
RCN34468,ERR14401153,GRC2
RCN34468,ERR14401154,SPEC
RCN34469,ERR14401155,GRC1
RCN34469,ERR14401156,GRC2
RCN34469,ERR14401157,SPEC
RCN34470,ERR14401158,GRC1
RCN34470,ERR14401159,GRC2
RCN34470,ERR14401160,SPEC
RCN34471,ERR14401161,GRC1
RCN34471,ERR14401162,GRC2
RCN34471,ERR14401163,SPEC
RCN34472,ERR14401164,GRC1
RCN34472,ERR14401165,GRC2
RCN34472,ERR14401166,SPEC
RCN34474,ERR14401167,GRC1
RCN34474,ERR14401168,GRC2
RCN34474,ERR14401169,SPEC
RCN34475,ERR14401170,GRC1
RCN34475,ERR14401171,GRC2
RCN34475,ERR14401172,SPEC
RCN34477,ERR14401173,GRC1
RCN34477,ERR14401174,GRC2
RCN34477,ERR14401175,SPEC
RCN34478,ERR14401176,GRC1
RCN34478,ERR14401177,GRC2
RCN34478,ERR14401178,SPEC
RCN34480,ERR14401179,GRC1
RCN34480,ERR14401180,GRC2
RCN34480,ERR14401181,SPEC
RCN34481,ERR14401182,GRC1
RCN34481,ERR14401183,GRC2
RCN34481,ERR14401184,SPEC
RCN34482,ERR14401185,GRC1
RCN34482,ERR14401186,GRC2
RCN34482,ERR14401187,SPEC
RCN34484,ERR14401188,GRC1
RCN34484,ERR14401189,GRC2
RCN34484,ERR14401190,SPEC
RCN34485,ERR14401191,GRC1
RCN34485,ERR14401192,GRC2
RCN34485,ERR14401193,SPEC
RCN34486,ERR14401194,GRC1
RCN34486,ERR14401195,GRC2
RCN34486,ERR14401196,SPEC
RCN34487,ERR14401197,GRC1
RCN34487,ERR14401198,GRC2
RCN34487,ERR14401199,SPEC
RCN34488,ERR14401200,GRC1
RCN34488,ERR14401201,GRC2
RCN34488,ERR14401202,SPEC
RCN34489,ERR14401203,GRC1
RCN34489,ERR14401204,GRC2
RCN34489,ERR14401205,SPEC
RCN34490,ERR14401206,GRC1
RCN34490,ERR14401207,GRC2
RCN34490,ERR14401208,SPEC
RCN34491,ERR14401209,GRC1
RCN34491,ERR14401210,GRC2
RCN34491,ERR14401211,SPEC
RCN34492,ERR14401212,GRC1
RCN34492,ERR14401213,GRC2
RCN34492,ERR14401214,SPEC
RCN34493,ERR14401215,GRC1
RCN34493,ERR14401216,GRC2
RCN34493,ERR14401217,SPEC
RCN34494,ERR14401218,GRC1
RCN34494,ERR14401219,GRC2
RCN34494,ERR14401220,SPEC
RCN34495,ERR14401221,GRC1
RCN34495,ERR14401222,GRC2
RCN34495,ERR14401223,SPEC
RCN34496,ERR14401224,GRC1
RCN34496,ERR14401225,GRC2
RCN34496,ERR14401226,SPEC
RCN34497,ERR14401227,GRC1
RCN34497,ERR14401228,GRC2
RCN34497,ERR14401229,SPEC
RCN34498,ERR14401230,GRC1
RCN34498,ERR14401231,GRC2
RCN34498,ERR14401232,SPEC
RCN34499,ERR14401233,GRC1
RCN34499,ERR14401234,GRC2
RCN34499,ERR14401235,SPEC
RCN34500,ERR14401236,GRC1
RCN34500,ERR14401237,GRC2
RCN34500,ERR14401238,SPEC
RCN34503,ERR14401239,GRC1
RCN34503,ERR14401240,GRC2
RCN34503,ERR14401241,SPEC
RCN34505,ERR14401242,GRC1
RCN34505,ERR14401243,GRC2
RCN34505,ERR14401244,SPEC
RCN34506,ERR14401245,GRC1
RCN34506,ERR14401246,GRC2
RCN34506,ERR14401247,SPEC
RCN34507,ERR14401248,GRC1
RCN34507,ERR14401249,GRC2
RCN34507,ERR14401250,SPEC
RCN34508,ERR14401251,GRC1
RCN34508,ERR14401252,GRC2
RCN34508,ERR14401253,SPEC
RCN34509,ERR14401254,GRC1
RCN34509,ERR14401255,GRC2
RCN34509,ERR14401256,SPEC
RCN34511,ERR14401257,GRC1
RCN34511,ERR14401258,GRC2
RCN34511,ERR14401259,SPEC
RCN34512,ERR14401260,GRC1
RCN34512,ERR14401261,GRC2
RCN34512,ERR14401262,SPEC
RCN34513,ERR14401263,GRC1
RCN34513,ERR14401264,GRC2
RCN34513,ERR14401265,SPEC
RCN34514,ERR14401266,GRC1
RCN34514,ERR14401267,GRC2
RCN34514,ERR14401268,SPEC
RCN34515,ERR14401269,GRC1
RCN34515,ERR14401270,GRC2
RCN34515,ERR14401271,SPEC
RCN34516,ERR14401272,GRC1
RCN34516,ERR14401273,GRC2
RCN34516,ERR14401274,SPEC
RCN34517,ERR14401275,GRC1
RCN34517,ERR14401276,GRC2
RCN34517,ERR14401277,SPEC
RCN34518,ERR14401278,GRC1
RCN34518,ERR14401279,GRC2
RCN34518,ERR14401280,SPEC
RCN34519,ERR14401281,GRC1
RCN34519,ERR14401282,GRC2
RCN34519,ERR14401283,SPEC
RCN34520,ERR14401284,GRC1
RCN34520,ERR14401285,GRC2
RCN34520,ERR14401286,SPEC
RCN34522,ERR14401287,GRC1
RCN34522,ERR14401288,GRC2
RCN34522,ERR14401289,SPEC
RCN34524,ERR14401290,GRC1
RCN34524,ERR14401291,GRC2
RCN34524,ERR14401292,SPEC
RCN34525,ERR14401293,GRC1
RCN34525,ERR14401294,GRC2
RCN34525,ERR14401295,SPEC
RCN34526,ERR14401296,GRC1
RCN34526,ERR14401297,GRC2
RCN34526,ERR14401298,SPEC
RCN34527,ERR14401299,GRC1
RCN34527,ERR14401300,GRC2
RCN34527,ERR14401301,SPEC
RCN34528,ERR14401302,GRC1
RCN34528,ERR14401303,GRC2
RCN34528,ERR14401304,SPEC
RCN34529,ERR14401305,GRC1
RCN34529,ERR14401306,GRC2
RCN34529,ERR14401307,SPEC
RCN34530,ERR14401308,GRC1
RCN34530,ERR14401309,GRC2
RCN34530,ERR14401310,SPEC
RCN34532,ERR14401311,GRC1
RCN34532,ERR14401312,GRC2
RCN34532,ERR14401313,SPEC
RCN34533,ERR14401314,GRC1
RCN34533,ERR14401315,GRC2
RCN34533,ERR14401316,SPEC
RCN34534,ERR14401317,GRC1
RCN34534,ERR14401318,GRC2
RCN34534,ERR14401319,SPEC
RCN34535,ERR14401320,GRC1
RCN34535,ERR14401321,GRC2
RCN34535,ERR14401322,SPEC
RCN34536,ERR14401323,GRC1
RCN34536,ERR14401324,GRC2
RCN34536,ERR14401325,SPEC
RCN34537,ERR14401326,GRC1
RCN34537,ERR14401327,GRC2
RCN34537,ERR14401328,SPEC
RCN34538,ERR14401329,GRC1
RCN34538,ERR14401330,GRC2
RCN34538,ERR14401331,SPEC
RCN34539,ERR14401332,GRC1
RCN34539,ERR14401333,GRC2
RCN34539,ERR14401334,SPEC
RCN34540,ERR14401335,GRC1
RCN34540,ERR14401336,GRC2
RCN34540,ERR14401337,SPEC
RCN34542,ERR14401338,GRC1
RCN34542,ERR14401339,GRC2
RCN34542,ERR14401340,SPEC
RCN34543,ERR14401341,GRC1
RCN34543,ERR14401342,GRC2
RCN34543,ERR14401343,SPEC
RCN34544,ERR14401344,GRC1
RCN34544,ERR14401345,GRC2
RCN34544,ERR14401346,SPEC
RCN34547,ERR14401347,GRC1
RCN34547,ERR14401348,GRC2
RCN34547,ERR14401349,SPEC
RCN34548,ERR14401350,GRC1
RCN34548,ERR14401351,GRC2
RCN34548,ERR14401352,SPEC
RCN34550,ERR14401353,GRC1
RCN34550,ERR14401354,GRC2
RCN34550,ERR14401355,SPEC
RCN34551,ERR14401356,GRC1
RCN34551,ERR14401357,GRC2
RCN34551,ERR14401358,SPEC
RCN34553,ERR14401359,GRC1
RCN34553,ERR14401360,GRC2
RCN34553,ERR14401361,SPEC
RCN34554,ERR14401362,GRC1
RCN34554,ERR14401363,GRC2
RCN34554,ERR14401364,SPEC
RCN34555,ERR14401365,GRC1
RCN34555,ERR14401366,GRC2
RCN34555,ERR14401367,SPEC
RCN34556,ERR14401368,GRC1
RCN34556,ERR14401369,GRC2
RCN34556,ERR14401370,SPEC
RCN34557,ERR14401371,GRC1
RCN34557,ERR14401372,GRC2
RCN34557,ERR14401373,SPEC
RCN34593,ERR14401374,GRC1
RCN34593,ERR14401375,GRC2
RCN34593,ERR14401376,SPEC
RCN34594,ERR14401377,GRC1
RCN34594,ERR14401378,GRC2
RCN34594,ERR14401379,SPEC
RCN34595,ERR14401380,GRC1
RCN34595,ERR14401381,GRC2
RCN34595,ERR14401382,SPEC
RCN34596,ERR14401383,GRC1
RCN34596,ERR14401384,GRC2
RCN34596,ERR14401385,SPEC
RCN34597,ERR14401386,GRC1
RCN34597,ERR14401387,GRC2
RCN34597,ERR14401388,SPEC
RCN34598,ERR14401389,GRC1
RCN34598,ERR14401390,GRC2
RCN34598,ERR14401391,SPEC
RCN34599,ERR14401392,GRC1
RCN34599,ERR14401393,GRC2
RCN34599,ERR14401394,SPEC
RCN34600,ERR14401395,GRC1
RCN34600,ERR14401396,GRC2
RCN34600,ERR14401397,SPEC
RCN34601,ERR14401398,GRC1
RCN34601,ERR14401399,GRC2
RCN34601,ERR14401400,SPEC
RCN34602,ERR14401401,GRC1
RCN34602,ERR14401402,GRC2
RCN34602,ERR14401403,SPEC
RCN34603,ERR14401404,GRC1
RCN34603,ERR14401405,GRC2
RCN34603,ERR14401406,SPEC
RCN34604,ERR14401407,GRC1
RCN34604,ERR14401408,GRC2
RCN34604,ERR14401409,SPEC
RCN34605,ERR14401410,GRC1
RCN34605,ERR14401411,GRC2
RCN34605,ERR14401412,SPEC
RCN34606,ERR14401413,GRC1
RCN34606,ERR14401414,GRC2
RCN34606,ERR14401415,SPEC
RCN34607,ERR14401416,GRC1
RCN34607,ERR14401417,GRC2
RCN34607,ERR14401418,SPEC
RCN34608,ERR14401419,GRC1
RCN34608,ERR14401420,GRC2
RCN34608,ERR14401421,SPEC
RCN34609,ERR14401422,GRC1
RCN34609,ERR14401423,GRC2
RCN34609,ERR14401424,SPEC
RCN34610,ERR14401425,GRC1
RCN34610,ERR14401426,GRC2
RCN34610,ERR14401427,SPEC
RCN34611,ERR14401428,GRC1
RCN34611,ERR14401429,GRC2
RCN34611,ERR14401430,SPEC
RCN34612,ERR14401431,GRC1
RCN34612,ERR14401432,GRC2
RCN34612,ERR14401433,SPEC
RCN34613,ERR14401434,GRC1
RCN34613,ERR14401435,GRC2
RCN34613,ERR14401436,SPEC
RCN34614,ERR14401437,GRC1
RCN34614,ERR14401438,GRC2
RCN34614,ERR14401439,SPEC
RCN34615,ERR14401440,GRC1
RCN34615,ERR14401441,GRC2
RCN34615,ERR14401442,SPEC
RCN34616,ERR14401443,GRC1
RCN34616,ERR14401444,GRC2
RCN34616,ERR14401445,SPEC
RCN34617,ERR14401446,GRC1
RCN34617,ERR14401447,GRC2
RCN34617,ERR14401448,SPEC
RCN34618,ERR14401449,GRC1
RCN34618,ERR14401450,GRC2
RCN34618,ERR14401451,SPEC
RCN34619,ERR14401452,GRC1
RCN34619,ERR14401453,GRC2
RCN34619,ERR14401454,SPEC
RCN34620,ERR14401455,GRC1
RCN34620,ERR14401456,GRC2
RCN34620,ERR14401457,SPEC
RCN34621,ERR14401458,GRC1
RCN34621,ERR14401459,GRC2
RCN34621,ERR14401460,SPEC
RCN34622,ERR14401461,GRC1
RCN34622,ERR14401462,GRC2
RCN34622,ERR14401463,SPEC
RCN34623,ERR14401464,GRC1
RCN34623,ERR14401465,GRC2
RCN34623,ERR14401466,SPEC
RCN34624,ERR14401467,GRC1
RCN34624,ERR14401468,GRC2
RCN34624,ERR14401469,SPEC
RCN34626,ERR14401470,GRC1
RCN34626,ERR14401471,GRC2
RCN34626,ERR14401472,SPEC
RCN34627,ERR14401473,GRC1
RCN34627,ERR14401474,GRC2
RCN34627,ERR14401475,SPEC
RCN34628,ERR14401476,GRC1
RCN34628,ERR14401477,GRC2
RCN34628,ERR14401478,SPEC
RCN34629,ERR14401479,GRC1
RCN34629,ERR14401480,GRC2
RCN34629,ERR14401481,SPEC
RCN34630,ERR14401482,GRC1
RCN34630,ERR14401483,GRC2
RCN34630,ERR14401484,SPEC
RCN34631,ERR14401485,GRC1
RCN34631,ERR14401486,GRC2
RCN34631,ERR14401487,SPEC
RCN34632,ERR14401488,GRC1
RCN34632,ERR14401489,GRC2
RCN34632,ERR14401490,SPEC
RCN34633,ERR14401491,GRC1
RCN34633,ERR14401492,GRC2
RCN34633,ERR14401493,SPEC
RCN34634,ERR14401494,GRC1
RCN34634,ERR14401495,GRC2
RCN34634,ERR14401496,SPEC
RCN34635,ERR14401497,GRC1
RCN34635,ERR14401498,GRC2
RCN34635,ERR14401499,SPEC
RCN34636,ERR14401500,GRC1
RCN34636,ERR14401501,GRC2
RCN34636,ERR14401502,SPEC
RCN34639,ERR14401503,GRC1
RCN34639,ERR14401504,GRC2
RCN34639,ERR14401505,SPEC
RCN34640,ERR14401506,GRC1
RCN34640,ERR14401507,GRC2
RCN34640,ERR14401508,SPEC
RCN34641,ERR14401509,GRC1
RCN34641,ERR14401510,GRC2
RCN34641,ERR14401511,SPEC
RCN34642,ERR14401512,GRC1
RCN34642,ERR14401513,GRC2
RCN34642,ERR14401514,SPEC
RCN34643,ERR14401515,GRC1
RCN34643,ERR14401516,GRC2
RCN34643,ERR14401517,SPEC
RCN34644,ERR14401518,GRC1
RCN34644,ERR14401519,GRC2
RCN34644,ERR14401520,SPEC
RCN34645,ERR14401521,GRC1
RCN34645,ERR14401522,GRC2
RCN34645,ERR14401523,SPEC
RCN34646,ERR14401524,GRC1
RCN34646,ERR14401525,GRC2
RCN34646,ERR14401526,SPEC
RCN34647,ERR14401527,GRC1
RCN34647,ERR14401528,GRC2
RCN34647,ERR14401529,SPEC
RCN34648,ERR14401530,GRC1
RCN34648,ERR14401531,GRC2
RCN34648,ERR14401532,SPEC
RCN34649,ERR14401533,GRC1
RCN34649,ERR14401534,GRC2
RCN34649,ERR14401535,SPEC
RCN34650,ERR14401536,GRC1
RCN34650,ERR14401537,GRC2
RCN34650,ERR14401538,SPEC
RCN34651,ERR14401539,GRC1
RCN34651,ERR14401540,GRC2
RCN34651,ERR14401541,SPEC
RCN34652,ERR14401542,GRC1
RCN34652,ERR14401543,GRC2
RCN34652,ERR14401544,SPEC
RCN34653,ERR14401545,GRC1
RCN34653,ERR14401546,GRC2
RCN34653,ERR14401547,SPEC
RCN34654,ERR14401548,GRC1
RCN34654,ERR14401549,GRC2
RCN34654,ERR14401550,SPEC
RCN34655,ERR14401551,GRC1
RCN34655,ERR14401552,GRC2
RCN34655,ERR14401553,SPEC
RCN34656,ERR14401554,GRC1
RCN34656,ERR14401555,GRC2
RCN34656,ERR14401556,SPEC
RCN34657,ERR14401557,GRC1
RCN34657,ERR14401558,GRC2
RCN34657,ERR14401559,SPEC
RCN34658,ERR14401560,GRC1
RCN34658,ERR14401561,GRC2
RCN34658,ERR14401562,SPEC
RCN34659,ERR14401563,GRC1
RCN34659,ERR14401564,GRC2
RCN34659,ERR14401565,SPEC
RCN34660,ERR14401566,GRC1
RCN34660,ERR14401567,GRC2
RCN34660,ERR14401568,SPEC
RCN34661,ERR14401569,GRC1
RCN34661,ERR14401570,GRC2
RCN34661,ERR14401571,SPEC
RCN34662,ERR14401572,GRC1
RCN34662,ERR14401573,GRC2
RCN34662,ERR14401574,SPEC
RCN34663,ERR14401575,GRC1
RCN34663,ERR14401576,GRC2
RCN34663,ERR14401577,SPEC
RCN34664,ERR14401578,GRC1
RCN34664,ERR14401579,GRC2
RCN34664,ERR14401580,SPEC
RCN34665,ERR14401581,GRC1
RCN34665,ERR14401582,GRC2
RCN34665,ERR14401583,SPEC
RCN34666,ERR14401584,GRC1
RCN34666,ERR14401585,GRC2
RCN34666,ERR14401586,SPEC
RCN34667,ERR14401587,GRC1
RCN34667,ERR14401588,GRC2
RCN34667,ERR14401589,SPEC
RCN34668,ERR14401590,GRC1
RCN34668,ERR14401591,GRC2
RCN34668,ERR14401592,SPEC
RCN34669,ERR14401593,GRC1
RCN34669,ERR14401594,GRC2
RCN34669,ERR14401595,SPEC
RCN34670,ERR14401596,GRC1
RCN34670,ERR14401597,GRC2
RCN34670,ERR14401598,SPEC
RCN34671,ERR14401599,GRC1
RCN34671,ERR14401600,GRC2
RCN34671,ERR14401601,SPEC
RCN34672,ERR14401602,GRC1
RCN34672,ERR14401603,GRC2
RCN34672,ERR14401604,SPEC
RCN34673,ERR14401605,GRC1
RCN34673,ERR14401606,GRC2
RCN34673,ERR14401607,SPEC
RCN34674,ERR14401608,GRC1
RCN34674,ERR14401609,GRC2
RCN34674,ERR14401610,SPEC
RCN34676,ERR14401611,GRC1
RCN34676,ERR14401612,GRC2
RCN34676,ERR14401613,SPEC
RCN34677,ERR14401614,GRC1
RCN34677,ERR14401615,GRC2
RCN34677,ERR14401616,SPEC
RCN34678,ERR14401617,GRC1
RCN34678,ERR14401618,GRC2
RCN34678,ERR14401619,SPEC
RCN34679,ERR14401620,GRC1
RCN34679,ERR14401621,GRC2
RCN34679,ERR14401622,SPEC
RCN34680,ERR14401623,GRC1
RCN34680,ERR14401624,GRC2
RCN34680,ERR14401625,SPEC
RCN34681,ERR14401626,GRC1
RCN34681,ERR14401627,GRC2
RCN34681,ERR14401628,SPEC
RCN34682,ERR14401629,GRC1
RCN34682,ERR14401630,GRC2
RCN34682,ERR14401631,SPEC
RCN34683,ERR14401632,GRC1
RCN34683,ERR14401633,GRC2
RCN34683,ERR14401634,SPEC
RCN34686,ERR14401635,GRC1
RCN34686,ERR14401636,GRC2
RCN34686,ERR14401637,SPEC
RCN34687,ERR14401638,GRC1
RCN34687,ERR14401639,GRC2
RCN34687,ERR14401640,SPEC
RCN34688,ERR14401641,GRC1
RCN34688,ERR14401642,GRC2
RCN34688,ERR14401643,SPEC
RCN34689,ERR14401644,GRC1
RCN34689,ERR14401645,GRC2
RCN34689,ERR14401646,SPEC
RCN34690,ERR14401647,GRC1
RCN34690,ERR14401648,GRC2
RCN34690,ERR14401649,SPEC
RCN34691,ERR14401650,GRC1
RCN34691,ERR14401651,GRC2
RCN34691,ERR14401652,SPEC
RCN34692,ERR14401653,GRC1
RCN34692,ERR14401654,GRC2
RCN34692,ERR14401655,SPEC
RCN34693,ERR14401656,GRC1
RCN34693,ERR14401657,GRC2
RCN34693,ERR14401658,SPEC
RCN34694,ERR14401659,GRC1
RCN34694,ERR14401660,GRC2
RCN34694,ERR14401661,SPEC
RCN34695,ERR14401662,GRC1
RCN34695,ERR14401663,GRC2
RCN34695,ERR14401664,SPEC
RCN34696,ERR14401665,GRC1
RCN34696,ERR14401666,GRC2
RCN34696,ERR14401667,SPEC
RCN34697,ERR14401668,GRC1
RCN34697,ERR14401669,GRC2
RCN34697,ERR14401670,SPEC
RCN34698,ERR14401671,GRC1
RCN34698,ERR14401672,GRC2
RCN34698,ERR14401673,SPEC
RCN34699,ERR14401674,GRC1
RCN34699,ERR14401675,GRC2
RCN34699,ERR14401676,SPEC
RCN34700,ERR14401677,GRC1
RCN34700,ERR14401678,GRC2
RCN34700,ERR14401679,SPEC
RCN34701,ERR14401680,GRC1
RCN34701,ERR14401681,GRC2
RCN34701,ERR14401682,SPEC
RCN34702,ERR14401683,GRC1
RCN34702,ERR14401684,GRC2
RCN34702,ERR14401685,SPEC
RCN34703,ERR14401686,GRC1
RCN34703,ERR14401687,GRC2
RCN34703,ERR14401688,SPEC
RCN34704,ERR14401689,GRC1
RCN34704,ERR14401690,GRC2
RCN34704,ERR14401691,SPEC
RCN34705,ERR14401692,GRC1
RCN34705,ERR14401693,GRC2
RCN34705,ERR14401694,SPEC
RCN34706,ERR14401695,GRC1
RCN34706,ERR14401696,GRC2
RCN34706,ERR14401697,SPEC
RCN34707,ERR14401698,GRC1
RCN34707,ERR14401699,GRC2
RCN34707,ERR14401700,SPEC
RCN34708,ERR14401701,GRC1
RCN34708,ERR14401702,GRC2
RCN34708,ERR14401703,SPEC
RCN34709,ERR14401704,GRC1
RCN34709,ERR14401705,GRC2
RCN34709,ERR14401706,SPEC
RCN34710,ERR14401707,GRC1
RCN34710,ERR14401708,GRC2
RCN34710,ERR14401709,SPEC
RCN34711,ERR14401710,GRC1
RCN34711,ERR14401711,GRC2
RCN34711,ERR14401712,SPEC
RCN34712,ERR14401713,GRC1
RCN34712,ERR14401714,GRC2
RCN34712,ERR14401715,SPEC
RCN34713,ERR14401716,GRC1
RCN34713,ERR14401717,GRC2
RCN34713,ERR14401718,SPEC
RCN34714,ERR14401719,GRC1
RCN34714,ERR14401720,GRC2
RCN34714,ERR14401721,SPEC
RCN34715,ERR14401722,GRC1
RCN34715,ERR14401723,GRC2
RCN34715,ERR14401724,SPEC
RCN34716,ERR14401725,GRC1
RCN34716,ERR14401726,GRC2
RCN34716,ERR14401727,SPEC
RCN34717,ERR14401728,GRC1
RCN34717,ERR14401729,GRC2
RCN34717,ERR14401730,SPEC
RCN34718,ERR14401731,GRC1
RCN34718,ERR14401732,GRC2
RCN34718,ERR14401733,SPEC
RCN34719,ERR14401734,GRC1
RCN34719,ERR14401735,GRC2
RCN34719,ERR14401736,SPEC
RCN34720,ERR14401737,GRC1
RCN34720,ERR14401738,GRC2
RCN34720,ERR14401739,SPEC
RCN34721,ERR14401740,GRC1
RCN34721,ERR14401741,GRC2
RCN34721,ERR14401742,SPEC
RCN34722,ERR14401743,GRC1
RCN34722,ERR14401744,GRC2
RCN34722,ERR14401745,SPEC
RCN34723,ERR14401746,GRC1
RCN34723,ERR14401747,GRC2
RCN34723,ERR14401748,SPEC
RCN34724,ERR14401749,GRC1
RCN34724,ERR14401750,GRC2
RCN34724,ERR14401751,SPEC
RCN34725,ERR14401752,GRC1
RCN34725,ERR14401753,GRC2
RCN34725,ERR14401754,SPEC
RCN34726,ERR14401755,GRC1
RCN34726,ERR14401756,GRC2
RCN34726,ERR14401757,SPEC
RCN34727,ERR14401758,GRC1
RCN34727,ERR14401759,GRC2
RCN34727,ERR14401760,SPEC
RCN34728,ERR14401761,GRC1
RCN34728,ERR14401762,GRC2
RCN34728,ERR14401763,SPEC
RCN34729,ERR14401764,GRC1
RCN34729,ERR14401765,GRC2
RCN34729,ERR14401766,SPEC
RCN34730,ERR14401767,GRC1
RCN34730,ERR14401768,GRC2
RCN34730,ERR14401769,SPEC
RCN34731,ERR14401770,GRC1
RCN34731,ERR14401771,GRC2
RCN34731,ERR14401772,SPEC
RCN34732,ERR14401773,GRC1
RCN34732,ERR14401774,GRC2
RCN34732,ERR14401775,SPEC
RCN34733,ERR14401776,GRC1
RCN34733,ERR14401777,GRC2
RCN34733,ERR14401778,SPEC
RCN34734,ERR14401779,GRC1
RCN34734,ERR14401780,GRC2
RCN34734,ERR14401781,SPEC
RCN34735,ERR14401782,GRC1
RCN34735,ERR14401783,GRC2
RCN34735,ERR14401784,SPEC
RCN34736,ERR14401785,GRC1
RCN34736,ERR14401786,GRC2
RCN34736,ERR14401787,SPEC
RCN34737,ERR14401788,GRC1
RCN34737,ERR14401789,GRC2
RCN34737,ERR14401790,SPEC
RCN34738,ERR14401791,GRC1
RCN34738,ERR14401792,GRC2
RCN34738,ERR14401793,SPEC
RCN34739,ERR14401794,GRC1
RCN34739,ERR14401795,GRC2
RCN34739,ERR14401796,SPEC
RCN34740,ERR14401797,GRC1
RCN34740,ERR14401798,GRC2
RCN34740,ERR14401799,SPEC
RCN34741,ERR14401800,GRC1
RCN34741,ERR14401801,GRC2
RCN34741,ERR14401802,SPEC
RCN34742,ERR14401803,GRC1
RCN34742,ERR14401804,GRC2
RCN34742,ERR14401805,SPEC
RCN34743,ERR14401806,GRC1
RCN34743,ERR14401807,GRC2
RCN34743,ERR14401808,SPEC
RCN34744,ERR14401809,GRC1
RCN34744,ERR14401810,GRC2
RCN34744,ERR14401811,SPEC
RCN34745,ERR14401812,GRC1
RCN34745,ERR14401813,GRC2
RCN34745,ERR14401814,SPEC
RCN34783,ERR14401815,GRC1
RCN34783,ERR14401816,GRC2
RCN34783,ERR14401817,SPEC
RCN34784,ERR14401818,GRC1
RCN34784,ERR14401819,GRC2
RCN34784,ERR14401820,SPEC
RCN34788,ERR14401821,GRC1
RCN34788,ERR14401822,GRC2
RCN34788,ERR14401823,SPEC
RCN34789,ERR14401824,GRC1
RCN34789,ERR14401825,GRC2
RCN34789,ERR14401826,SPEC
RCN34790,ERR14401827,GRC1
RCN34790,ERR14401828,GRC2
RCN34790,ERR14401829,SPEC
RCN34791,ERR14401830,GRC1
RCN34791,ERR14401831,GRC2
RCN34791,ERR14401832,SPEC
RCN34793,ERR14401833,GRC1
RCN34793,ERR14401834,GRC2
RCN34793,ERR14401835,SPEC
RCN34806,ERR14401836,GRC1
RCN34806,ERR14401837,GRC2
RCN34806,ERR14401838,SPEC
RCN34808,ERR14401839,GRC1
RCN34808,ERR14401840,GRC2
RCN34808,ERR14401841,SPEC
RCN34809,ERR14401842,GRC1
RCN34809,ERR14401843,GRC2
RCN34809,ERR14401844,SPEC
RCN34810,ERR14401845,GRC1
RCN34810,ERR14401846,GRC2
RCN34810,ERR14401847,SPEC
RCN34811,ERR14401848,GRC1
RCN34811,ERR14401849,GRC2
RCN34811,ERR14401850,SPEC
RCN34812,ERR14401851,GRC1
RCN34812,ERR14401852,GRC2
RCN34812,ERR14401853,SPEC
RCN34813,ERR14401854,GRC1
RCN34813,ERR14401855,GRC2
RCN34813,ERR14401856,SPEC
RCN34814,ERR14401857,GRC1
RCN34814,ERR14401858,GRC2
RCN34814,ERR14401859,SPEC
RCN34815,ERR14401860,GRC1
RCN34815,ERR14401861,GRC2
RCN34815,ERR14401862,SPEC
RCN34816,ERR14401863,GRC1
RCN34816,ERR14401864,GRC2
RCN34816,ERR14401865,SPEC
RCN34817,ERR14401866,GRC1
RCN34817,ERR14401867,GRC2
RCN34817,ERR14401868,SPEC
RCN34818,ERR14401869,GRC1
RCN34818,ERR14401870,GRC2
RCN34818,ERR14401871,SPEC
RCN34819,ERR14401872,GRC1
RCN34819,ERR14401873,GRC2
RCN34819,ERR14401874,SPEC
RCN34820,ERR14401875,GRC1
RCN34820,ERR14401876,GRC2
RCN34820,ERR14401877,SPEC
RCN34821,ERR14401878,GRC1
RCN34821,ERR14401879,GRC2
RCN34821,ERR14401880,SPEC
RCN34822,ERR14401881,GRC1
RCN34822,ERR14401882,GRC2
RCN34822,ERR14401883,SPEC
RCN34823,ERR14401884,GRC1
RCN34823,ERR14401885,GRC2
RCN34823,ERR14401886,SPEC
RCN34824,ERR14401887,GRC1
RCN34824,ERR14401888,GRC2
RCN34824,ERR14401889,SPEC
RCN34825,ERR14401890,GRC1
RCN34825,ERR14401891,GRC2
RCN34825,ERR14401892,SPEC
RCN34826,ERR14401893,GRC1
RCN34826,ERR14401894,GRC2
RCN34826,ERR14401895,SPEC
RCN34827,ERR14401896,GRC1
RCN34827,ERR14401897,GRC2
RCN34827,ERR14401898,SPEC
RCN34828,ERR14401899,GRC1
RCN34828,ERR14401900,GRC2
RCN34828,ERR14401901,SPEC
RCN34829,ERR14401902,GRC1
RCN34829,ERR14401903,GRC2
RCN34829,ERR14401904,SPEC
RCN34830,ERR14401905,GRC1
RCN34830,ERR14401906,GRC2
RCN34830,ERR14401907,SPEC
RCN34831,ERR14401908,GRC1
RCN34831,ERR14401909,GRC2
RCN34831,ERR14401910,SPEC
RCN34832,ERR14401911,GRC1
RCN34832,ERR14401912,GRC2
RCN34832,ERR14401913,SPEC
RCN34833,ERR14401914,GRC1
RCN34833,ERR14401915,GRC2
RCN34833,ERR14401916,SPEC
RCN34834,ERR14401917,GRC1
RCN34834,ERR14401918,GRC2
RCN34834,ERR14401919,SPEC
RCN34835,ERR14401920,GRC1
RCN34835,ERR14401921,GRC2
RCN34835,ERR14401922,SPEC
RCN34836,ERR14401923,GRC1
RCN34836,ERR14401924,GRC2
RCN34836,ERR14401925,SPEC
RCN34837,ERR14401926,GRC1
RCN34837,ERR14401927,GRC2
RCN34837,ERR14401928,SPEC
RCN34838,ERR14401929,GRC1
RCN34838,ERR14401930,GRC2
RCN34838,ERR14401931,SPEC
RCN34839,ERR14401932,GRC1
RCN34839,ERR14401933,GRC2
RCN34839,ERR14401934,SPEC
RCN34840,ERR14401935,GRC1
RCN34840,ERR14401936,GRC2
RCN34840,ERR14401937,SPEC
RCN34841,ERR14401938,GRC1
RCN34841,ERR14401939,GRC2
RCN34841,ERR14401940,SPEC
RCN34842,ERR14401941,GRC1
RCN34842,ERR14401942,GRC2
RCN34842,ERR14401943,SPEC
RCN34843,ERR14401944,GRC1
RCN34843,ERR14401945,GRC2
RCN34843,ERR14401946,SPEC
RCN34844,ERR14401947,GRC1
RCN34844,ERR14401948,GRC2
RCN34844,ERR14401949,SPEC
RCN34845,ERR14401950,GRC1
RCN34845,ERR14401951,GRC2
RCN34845,ERR14401952,SPEC
RCN34846,ERR14401953,GRC1
RCN34846,ERR14401954,GRC2
RCN34846,ERR14401955,SPEC
RCN34847,ERR14401956,GRC1
RCN34847,ERR14401957,GRC2
RCN34847,ERR14401958,SPEC
RCN34848,ERR14401959,GRC1
RCN34848,ERR14401960,GRC2
RCN34848,ERR14401961,SPEC
RCN34849,ERR14401962,GRC1
RCN34849,ERR14401963,GRC2
RCN34849,ERR14401964,SPEC
RCN46821,ERR14401965,GRC1
RCN46821,ERR14401966,GRC2
RCN46821,ERR14401967,SPEC
RCN46822,ERR14401968,GRC1
RCN46822,ERR14401969,GRC2
RCN46822,ERR14401970,SPEC
RCN46867,ERR14401971,GRC1
RCN46867,ERR14401972,GRC2
RCN46867,ERR14401973,SPEC
RCN46869,ERR14401974,GRC1
RCN46869,ERR14401975,GRC2
RCN46869,ERR14401976,SPEC
RCN46870,ERR14401977,GRC1
RCN46870,ERR14401978,GRC2
RCN46870,ERR14401979,SPEC
RCN46871,ERR14401980,GRC1
RCN46871,ERR14401981,GRC2
RCN46871,ERR14401982,SPEC
RCN46872,ERR14401983,GRC1
RCN46872,ERR14401984,GRC2
RCN46872,ERR14401985,SPEC
RCN46873,ERR14401986,GRC1
RCN46873,ERR14401987,GRC2
RCN46873,ERR14401988,SPEC
RCN46874,ERR14401989,GRC1
RCN46874,ERR14401990,GRC2
RCN46874,ERR14401991,SPEC
RCN46875,ERR14401992,GRC1
RCN46875,ERR14401993,GRC2
RCN46875,ERR14401994,SPEC
RCN46876,ERR14401995,GRC1
RCN46876,ERR14401996,GRC2
RCN46876,ERR14401997,SPEC
RCN46877,ERR14401998,GRC1
RCN46877,ERR14401999,GRC2
RCN46877,ERR14402000,SPEC
RCN46879,ERR14402001,GRC1
RCN46879,ERR14402002,GRC2
RCN46879,ERR14402003,SPEC
RCN46882,ERR14402004,GRC1
RCN46882,ERR14402005,GRC2
RCN46882,ERR14402006,SPEC
RCN46885,ERR14402007,GRC1
RCN46885,ERR14402008,GRC2
RCN46885,ERR14402009,SPEC
RCN46886,ERR14402010,GRC1
RCN46886,ERR14402011,GRC2
RCN46886,ERR14402012,SPEC
RCN46891,ERR14402013,GRC1
RCN46891,ERR14402014,GRC2
RCN46891,ERR14402015,SPEC
RCN46892,ERR14402016,GRC1
RCN46892,ERR14402017,GRC2
RCN46892,ERR14402018,SPEC
RCN46893,ERR14402019,GRC1
RCN46893,ERR14402020,GRC2
RCN46893,ERR14402021,SPEC
RCN46894,ERR14402022,GRC1
RCN46894,ERR14402023,GRC2
RCN46894,ERR14402024,SPEC
RCN46895,ERR14402025,GRC1
RCN46895,ERR14402026,GRC2
RCN46895,ERR14402027,SPEC
RCN46896,ERR14402028,GRC1
RCN46896,ERR14402029,GRC2
RCN46896,ERR14402030,SPEC
RCN46898,ERR14402031,GRC1
RCN46898,ERR14402032,GRC2
RCN46898,ERR14402033,SPEC
RCN46901,ERR14402034,GRC1
RCN46901,ERR14402035,GRC2
RCN46901,ERR14402036,SPEC
RCN46903,ERR14402037,GRC1
RCN46903,ERR14402038,GRC2
RCN46903,ERR14402039,SPEC
RCN46906,ERR14402040,GRC1
RCN46906,ERR14402041,GRC2
RCN46906,ERR14402042,SPEC
RCN46907,ERR14402043,GRC1
RCN46907,ERR14402044,GRC2
RCN46907,ERR14402045,SPEC
RCN46908,ERR14402046,GRC1
RCN46908,ERR14402047,GRC2
RCN46908,ERR14402048,SPEC
RCN46911,ERR14402049,GRC1
RCN46911,ERR14402050,GRC2
RCN46911,ERR14402051,SPEC
RCN46912,ERR14402052,GRC1
RCN46912,ERR14402053,GRC2
RCN46912,ERR14402054,SPEC
RCN46914,ERR14402055,GRC1
RCN46914,ERR14402056,GRC2
RCN46914,ERR14402057,SPEC
RCN46915,ERR14402058,GRC1
RCN46915,ERR14402059,GRC2
RCN46915,ERR14402060,SPEC
RCN46916,ERR14402061,GRC1
RCN46916,ERR14402062,GRC2
RCN46916,ERR14402063,SPEC
RCN46920,ERR14402064,GRC1
RCN46920,ERR14402065,GRC2
RCN46920,ERR14402066,SPEC
RCN46921,ERR14402067,GRC1
RCN46921,ERR14402068,GRC2
RCN46921,ERR14402069,SPEC
RCN46922,ERR14402070,GRC1
RCN46922,ERR14402071,GRC2
RCN46922,ERR14402072,SPEC
RCN46926,ERR14402073,GRC1
RCN46926,ERR14402074,GRC2
RCN46926,ERR14402075,SPEC
RCN46927,ERR14402076,GRC1
RCN46927,ERR14402077,GRC2
RCN46927,ERR14402078,SPEC
RCN46928,ERR14402079,GRC1
RCN46928,ERR14402080,GRC2
RCN46928,ERR14402081,SPEC
RCN46929,ERR14402082,GRC1
RCN46929,ERR14402083,GRC2
RCN46929,ERR14402084,SPEC
RCN46930,ERR14402085,GRC1
RCN46930,ERR14402086,GRC2
RCN46930,ERR14402087,SPEC
RCN46931,ERR14402088,GRC1
RCN46931,ERR14402089,GRC2
RCN46931,ERR14402090,SPEC
RCN46932,ERR14402091,GRC1
RCN46932,ERR14402092,GRC2
RCN46932,ERR14402093,SPEC
RCN46933,ERR14380781,GRC1
RCN46933,ERR14380782,GRC2
RCN46933,ERR14380783,SPEC
RCN46934,ERR14402094,GRC1
RCN46934,ERR14402095,GRC2
RCN46934,ERR14402096,SPEC
RCN46936,ERR14402097,GRC1
RCN46936,ERR14402098,GRC2
RCN46936,ERR14402099,SPEC
RCN46938,ERR14402100,GRC1
RCN46938,ERR14402101,GRC2
RCN46938,ERR14402102,SPEC
RCN46939,ERR14402103,GRC1
RCN46939,ERR14402104,GRC2
RCN46939,ERR14402105,SPEC
RCN46940,ERR14402106,GRC1
RCN46940,ERR14402107,GRC2
RCN46940,ERR14402108,SPEC
RCN46942,ERR14402109,GRC1
RCN46942,ERR14402110,GRC2
RCN46942,ERR14402111,SPEC
RCN46945,ERR14402112,GRC1
RCN46945,ERR14402113,GRC2
RCN46945,ERR14402114,SPEC
RCN46948,ERR14402115,GRC1
RCN46948,ERR14402116,GRC2
RCN46948,ERR14402117,SPEC
RCN46949,ERR14402118,GRC1
RCN46949,ERR14402119,GRC2
RCN46949,ERR14402120,SPEC
RCN46951,ERR14402121,GRC1
RCN46951,ERR14402122,GRC2
RCN46951,ERR14402123,SPEC
RCN46956,ERR14402124,GRC1
RCN46956,ERR14402125,GRC2
RCN46956,ERR14402126,SPEC
RCN46958,ERR14402127,GRC1
RCN46958,ERR14402128,GRC2
RCN46958,ERR14402129,SPEC
RCN46959,ERR14402130,GRC1
RCN46959,ERR14402131,GRC2
RCN46959,ERR14402132,SPEC
RCN46961,ERR14402133,GRC1
RCN46961,ERR14402134,GRC2
RCN46961,ERR14402135,SPEC
RCN46962,ERR14402136,GRC1
RCN46962,ERR14402137,GRC2
RCN46962,ERR14402138,SPEC
RCN46963,ERR14402139,GRC1
RCN46963,ERR14402140,GRC2
RCN46963,ERR14402141,SPEC
RCN46964,ERR14402142,GRC1
RCN46964,ERR14402143,GRC2
RCN46964,ERR14402144,SPEC
RCN46965,ERR14402145,GRC1
RCN46965,ERR14402146,GRC2
RCN46965,ERR14402147,SPEC
RCN46966,ERR14402148,GRC1
RCN46966,ERR14402149,GRC2
RCN46966,ERR14402150,SPEC
RCN46967,ERR14402151,GRC1
RCN46967,ERR14402152,GRC2
RCN46967,ERR14402153,SPEC
RCN46968,ERR14402154,GRC1
RCN46968,ERR14402155,GRC2
RCN46968,ERR14402156,SPEC
RCN46969,ERR14402157,GRC1
RCN46969,ERR14402158,GRC2
RCN46969,ERR14402159,SPEC
RCN46970,ERR14402160,GRC1
RCN46970,ERR14402161,GRC2
RCN46970,ERR14402162,SPEC
RCN46971,ERR14402163,GRC1
RCN46971,ERR14402164,GRC2
RCN46971,ERR14402165,SPEC
RCN46972,ERR14402166,GRC1
RCN46972,ERR14402167,GRC2
RCN46972,ERR14402168,SPEC
RCN46973,ERR14402169,GRC1
RCN46973,ERR14402170,GRC2
RCN46973,ERR14402171,SPEC
RCN46975,ERR14402172,GRC1
RCN46975,ERR14402173,GRC2
RCN46975,ERR14402174,SPEC
RCN46976,ERR14402175,GRC1
RCN46976,ERR14402176,GRC2
RCN46976,ERR14402177,SPEC
RCN46980,ERR14402178,GRC1
RCN46980,ERR14402179,GRC2
RCN46980,ERR14402180,SPEC
RCN46981,ERR14402181,GRC1
RCN46981,ERR14402182,GRC2
RCN46981,ERR14402183,SPEC
