sample,country,ampseq_process,Artemisinin,Piperaquine,Mefloquine,Chloroquine,Pyrimethamine,Sulfadoxine,DHA-PPQ,AS-MQ,S-P,S-P-IPTp,INSDC_Pf8,INSDC_Pf8_readcount,INSDC_GenRe_GRC1,INSDC_GenRe_GRC1_readcount,INSDC_GenRe_GRC2,INSDC_GenRe_GRC2_readcount,INSDC_GenRe_SPEC,INSDC_GenRe_SPEC_readcount,GenRe_GRC1_ENA_FASTQ_FTP_1,GenRe_GRC2_ENA_FASTQ_FTP_1,GenRe_SPEC_ENA_FASTQ_FTP_1,Pf8_ENA_FASTQ_FTP_1,GenRe_GRC1_ENA_FASTQ_FTP_2,GenRe_GRC2_ENA_FASTQ_FTP_2,GenRe_SPEC_ENA_FASTQ_FTP_2,Pf8_ENA_FASTQ_FTP_2
RCN12025,Vietnam,AmpSeqV1,Resistant,Sensitive,Sensitive,Resistant,Resistant,Resistant,Sensitive,Sensitive,Resistant,Undetermined,ERR15625306,13349952.0,ERR14388603,32819.0,ERR14388604,29409.0,ERR14388605,1094.0,ftp://ftp.sra.ebi.ac.uk/vol1/fastq/ERR143/003/ERR14388603/ERR14388603_1.fastq.gz,ftp://ftp.sra.ebi.ac.uk/vol1/fastq/ERR143/004/ERR14388604/ERR14388604_1.fastq.gz,ftp://ftp.sra.ebi.ac.uk/vol1/fastq/ERR143/005/ERR14388605/ERR14388605_1.fastq.gz,ftp://ftp.sra.ebi.ac.uk/vol1/fastq/ERR156/006/ERR15625306/ERR15625306_1.fastq.gz,ftp://ftp.sra.ebi.ac.uk/vol1/fastq/ERR143/003/ERR14388603/ERR14388603_2.fastq.gz,ftp://ftp.sra.ebi.ac.uk/vol1/fastq/ERR143/004/ERR14388604/ERR14388604_2.fastq.gz,ftp://ftp.sra.ebi.ac.uk/vol1/fastq/ERR143/005/ERR14388605/ERR14388605_2.fastq.gz,ftp://ftp.sra.ebi.ac.uk/vol1/fastq/ERR156/006/ERR15625306/ERR15625306_2.fastq.gz
RCN12026,Vietnam,AmpSeqV1,Resistant,Resistant,Sensitive,Resistant,Resistant,Resistant,Resistant,Sensitive,Resistant,Undetermined,ERR15625307,9465156.0,ERR14388606,38189.0,ERR14388607,35804.0,ERR14388608,1192.0,ftp://ftp.sra.ebi.ac.uk/vol1/fastq/ERR143/006/ERR14388606/ERR14388606_1.fastq.gz,ftp://ftp.sra.ebi.ac.uk/vol1/fastq/ERR143/007/ERR14388607/ERR14388607_1.fastq.gz,ftp://ftp.sra.ebi.ac.uk/vol1/fastq/ERR143/008/ERR14388608/ERR14388608_1.fastq.gz,ftp://ftp.sra.ebi.ac.uk/vol1/fastq/ERR156/007/ERR15625307/ERR15625307_1.fastq.gz,ftp://ftp.sra.ebi.ac.uk/vol1/fastq/ERR143/006/ERR14388606/ERR14388606_2.fastq.gz,ftp://ftp.sra.ebi.ac.uk/vol1/fastq/ERR143/007/ERR14388607/ERR14388607_2.fastq.gz,ftp://ftp.sra.ebi.ac.uk/vol1/fastq/ERR143/008/ERR14388608/ERR14388608_2.fastq.gz,ftp://ftp.sra.ebi.ac.uk/vol1/fastq/ERR156/007/ERR15625307/ERR15625307_2.fastq.gz
RCN12027,Vietnam,AmpSeqV1,Resistant,Resistant,Sensitive,Resistant,Resistant,Resistant,Resistant,Sensitive,Resistant,Undetermined,ERR15625308,6982470.0,ERR14388609,31562.0,ERR14388610,27437.0,ERR14388611,934.0,ftp://ftp.sra.ebi.ac.uk/vol1/fastq/ERR143/009/ERR14388609/ERR14388609_1.fastq.gz,ftp://ftp.sra.ebi.ac.uk/vol1/fastq/ERR143/010/ERR14388610/ERR14388610_1.fastq.gz,ftp://ftp.sra.ebi.ac.uk/vol1/fastq/ERR143/011/ERR14388611/ERR14388611_1.fastq.gz,ftp://ftp.sra.ebi.ac.uk/vol1/fastq/ERR156/008/ERR15625308/ERR15625308_1.fastq.gz,ftp://ftp.sra.ebi.ac.uk/vol1/fastq/ERR143/009/ERR14388609/ERR14388609_2.fastq.gz,ftp://ftp.sra.ebi.ac.uk/vol1/fastq/ERR143/010/ERR14388610/ERR14388610_2.fastq.gz,ftp://ftp.sra.ebi.ac.uk/vol1/fastq/ERR143/011/ERR14388611/ERR14388611_2.fastq.gz,ftp://ftp.sra.ebi.ac.uk/vol1/fastq/ERR156/008/ERR15625308/ERR15625308_2.fastq.gz
RCN12028,Vietnam,AmpSeqV1,Resistant,Resistant,Sensitive,Resistant,Resistant,Resistant,Resistant,Sensitive,Resistant,Undetermined,ERR15625309,11012430.0,ERR14388612,32361.0,ERR14388613,34945.0,ERR14388614,1043.0,ftp://ftp.sra.ebi.ac.uk/vol1/fastq/ERR143/012/ERR14388612/ERR14388612_1.fastq.gz,ftp://ftp.sra.ebi.ac.uk/vol1/fastq/ERR143/013/ERR14388613/ERR14388613_1.fastq.gz,ftp://ftp.sra.ebi.ac.uk/vol1/fastq/ERR143/014/ERR14388614/ERR14388614_1.fastq.gz,ftp://ftp.sra.ebi.ac.uk/vol1/fastq/ERR156/009/ERR15625309/ERR15625309_1.fastq.gz,ftp://ftp.sra.ebi.ac.uk/vol1/fastq/ERR143/012/ERR14388612/ERR14388612_2.fastq.gz,ftp://ftp.sra.ebi.ac.uk/vol1/fastq/ERR143/013/ERR14388613/ERR14388613_2.fastq.gz,ftp://ftp.sra.ebi.ac.uk/vol1/fastq/ERR143/014/ERR14388614/ERR14388614_2.fastq.gz,ftp://ftp.sra.ebi.ac.uk/vol1/fastq/ERR156/009/ERR15625309/ERR15625309_2.fastq.gz
RCN12031,Vietnam,AmpSeqV1,Resistant,Resistant,Sensitive,Resistant,Resistant,Resistant,Resistant,Sensitive,Resistant,Undetermined,ERR15625310,12979165.0,ERR14388621,21483.0,ERR14388622,16867.0,ERR14388623,293.0,ftp://ftp.sra.ebi.ac.uk/vol1/fastq/ERR143/021/ERR14388621/ERR14388621_1.fastq.gz,ftp://ftp.sra.ebi.ac.uk/vol1/fastq/ERR143/022/ERR14388622/ERR14388622_1.fastq.gz,ftp://ftp.sra.ebi.ac.uk/vol1/fastq/ERR143/023/ERR14388623/ERR14388623_1.fastq.gz,ftp://ftp.sra.ebi.ac.uk/vol1/fastq/ERR156/010/ERR15625310/ERR15625310_1.fastq.gz,ftp://ftp.sra.ebi.ac.uk/vol1/fastq/ERR143/021/ERR14388621/ERR14388621_2.fastq.gz,ftp://ftp.sra.ebi.ac.uk/vol1/fastq/ERR143/022/ERR14388622/ERR14388622_2.fastq.gz,ftp://ftp.sra.ebi.ac.uk/vol1/fastq/ERR143/023/ERR14388623/ERR14388623_2.fastq.gz,ftp://ftp.sra.ebi.ac.uk/vol1/fastq/ERR156/010/ERR15625310/ERR15625310_2.fastq.gz
RCN12032,Vietnam,AmpSeqV1,Resistant,Sensitive,Sensitive,Resistant,Resistant,Resistant,Sensitive,Sensitive,Resistant,Sensitive,ERR15625311,14982320.0,ERR14388624,34578.0,ERR14388625,29608.0,ERR14388626,960.0,ftp://ftp.sra.ebi.ac.uk/vol1/fastq/ERR143/024/ERR14388624/ERR14388624_1.fastq.gz,ftp://ftp.sra.ebi.ac.uk/vol1/fastq/ERR143/025/ERR14388625/ERR14388625_1.fastq.gz,ftp://ftp.sra.ebi.ac.uk/vol1/fastq/ERR143/026/ERR14388626/ERR14388626_1.fastq.gz,ftp://ftp.sra.ebi.ac.uk/vol1/fastq/ERR156/011/ERR15625311/ERR15625311_1.fastq.gz,ftp://ftp.sra.ebi.ac.uk/vol1/fastq/ERR143/024/ERR14388624/ERR14388624_2.fastq.gz,ftp://ftp.sra.ebi.ac.uk/vol1/fastq/ERR143/025/ERR14388625/ERR14388625_2.fastq.gz,ftp://ftp.sra.ebi.ac.uk/vol1/fastq/ERR143/026/ERR14388626/ERR14388626_2.fastq.gz,ftp://ftp.sra.ebi.ac.uk/vol1/fastq/ERR156/011/ERR15625311/ERR15625311_2.fastq.gz
RCN12033,Vietnam,AmpSeqV1,Resistant,Resistant,Sensitive,Resistant,Resistant,Resistant,Resistant,Sensitive,Resistant,Undetermined,ERR15625312,11466623.0,ERR14388627,35936.0,ERR14388628,30872.0,ERR14388629,812.0,ftp://ftp.sra.ebi.ac.uk/vol1/fastq/ERR143/027/ERR14388627/ERR14388627_1.fastq.gz,ftp://ftp.sra.ebi.ac.uk/vol1/fastq/ERR143/028/ERR14388628/ERR14388628_1.fastq.gz,ftp://ftp.sra.ebi.ac.uk/vol1/fastq/ERR143/029/ERR14388629/ERR14388629_1.fastq.gz,ftp://ftp.sra.ebi.ac.uk/vol1/fastq/ERR156/012/ERR15625312/ERR15625312_1.fastq.gz,ftp://ftp.sra.ebi.ac.uk/vol1/fastq/ERR143/027/ERR14388627/ERR14388627_2.fastq.gz,ftp://ftp.sra.ebi.ac.uk/vol1/fastq/ERR143/028/ERR14388628/ERR14388628_2.fastq.gz,ftp://ftp.sra.ebi.ac.uk/vol1/fastq/ERR143/029/ERR14388629/ERR14388629_2.fastq.gz,ftp://ftp.sra.ebi.ac.uk/vol1/fastq/ERR156/012/ERR15625312/ERR15625312_2.fastq.gz
RCN12035,Vietnam,AmpSeqV1,Resistant,Resistant,Sensitive,Resistant,Resistant,Resistant,Resistant,Sensitive,Resistant,Undetermined,ERR15625314,15658787.0,ERR14388633,54194.0,ERR14388634,45722.0,ERR14388635,1747.0,ftp://ftp.sra.ebi.ac.uk/vol1/fastq/ERR143/033/ERR14388633/ERR14388633_1.fastq.gz,ftp://ftp.sra.ebi.ac.uk/vol1/fastq/ERR143/034/ERR14388634/ERR14388634_1.fastq.gz,ftp://ftp.sra.ebi.ac.uk/vol1/fastq/ERR143/035/ERR14388635/ERR14388635_1.fastq.gz,ftp://ftp.sra.ebi.ac.uk/vol1/fastq/ERR156/014/ERR15625314/ERR15625314_1.fastq.gz,ftp://ftp.sra.ebi.ac.uk/vol1/fastq/ERR143/033/ERR14388633/ERR14388633_2.fastq.gz,ftp://ftp.sra.ebi.ac.uk/vol1/fastq/ERR143/034/ERR14388634/ERR14388634_2.fastq.gz,ftp://ftp.sra.ebi.ac.uk/vol1/fastq/ERR143/035/ERR14388635/ERR14388635_2.fastq.gz,ftp://ftp.sra.ebi.ac.uk/vol1/fastq/ERR156/014/ERR15625314/ERR15625314_2.fastq.gz
RCN12036,Vietnam,AmpSeqV1,Resistant,Resistant,Sensitive,Resistant,Resistant,Resistant,Resistant,Sensitive,Resistant,Undetermined,ERR15625315,14558768.0,ERR14388636,28144.0,ERR14388637,29300.0,ERR14388638,858.0,ftp://ftp.sra.ebi.ac.uk/vol1/fastq/ERR143/036/ERR14388636/ERR14388636_1.fastq.gz,ftp://ftp.sra.ebi.ac.uk/vol1/fastq/ERR143/037/ERR14388637/ERR14388637_1.fastq.gz,ftp://ftp.sra.ebi.ac.uk/vol1/fastq/ERR143/038/ERR14388638/ERR14388638_1.fastq.gz,ftp://ftp.sra.ebi.ac.uk/vol1/fastq/ERR156/015/ERR15625315/ERR15625315_1.fastq.gz,ftp://ftp.sra.ebi.ac.uk/vol1/fastq/ERR143/036/ERR14388636/ERR14388636_2.fastq.gz,ftp://ftp.sra.ebi.ac.uk/vol1/fastq/ERR143/037/ERR14388637/ERR14388637_2.fastq.gz,ftp://ftp.sra.ebi.ac.uk/vol1/fastq/ERR143/038/ERR14388638/ERR14388638_2.fastq.gz,ftp://ftp.sra.ebi.ac.uk/vol1/fastq/ERR156/015/ERR15625315/ERR15625315_2.fastq.gz
RCN12040,Vietnam,AmpSeqV1,Resistant,Resistant,Sensitive,Resistant,Resistant,Resistant,Resistant,Sensitive,Resistant,Undetermined,ERR15625316,18413027.0,ERR14388648,40748.0,ERR14388649,43523.0,ERR14388650,1334.0,ftp://ftp.sra.ebi.ac.uk/vol1/fastq/ERR143/048/ERR14388648/ERR14388648_1.fastq.gz,ftp://ftp.sra.ebi.ac.uk/vol1/fastq/ERR143/049/ERR14388649/ERR14388649_1.fastq.gz,ftp://ftp.sra.ebi.ac.uk/vol1/fastq/ERR143/050/ERR14388650/ERR14388650_1.fastq.gz,ftp://ftp.sra.ebi.ac.uk/vol1/fastq/ERR156/016/ERR15625316/ERR15625316_1.fastq.gz,ftp://ftp.sra.ebi.ac.uk/vol1/fastq/ERR143/048/ERR14388648/ERR14388648_2.fastq.gz,ftp://ftp.sra.ebi.ac.uk/vol1/fastq/ERR143/049/ERR14388649/ERR14388649_2.fastq.gz,ftp://ftp.sra.ebi.ac.uk/vol1/fastq/ERR143/050/ERR14388650/ERR14388650_2.fastq.gz,ftp://ftp.sra.ebi.ac.uk/vol1/fastq/ERR156/016/ERR15625316/ERR15625316_2.fastq.gz
RCN12041,Vietnam,AmpSeqV1,Resistant,Resistant,Sensitive,Resistant,Resistant,Resistant,Resistant,Sensitive,Resistant,Undetermined,ERR15625317,16929216.0,ERR14388651,34335.0,ERR14388652,38315.0,ERR14388653,1229.0,ftp://ftp.sra.ebi.ac.uk/vol1/fastq/ERR143/051/ERR14388651/ERR14388651_1.fastq.gz,ftp://ftp.sra.ebi.ac.uk/vol1/fastq/ERR143/052/ERR14388652/ERR14388652_1.fastq.gz,ftp://ftp.sra.ebi.ac.uk/vol1/fastq/ERR143/053/ERR14388653/ERR14388653_1.fastq.gz,ftp://ftp.sra.ebi.ac.uk/vol1/fastq/ERR156/017/ERR15625317/ERR15625317_1.fastq.gz,ftp://ftp.sra.ebi.ac.uk/vol1/fastq/ERR143/051/ERR14388651/ERR14388651_2.fastq.gz,ftp://ftp.sra.ebi.ac.uk/vol1/fastq/ERR143/052/ERR14388652/ERR14388652_2.fastq.gz,ftp://ftp.sra.ebi.ac.uk/vol1/fastq/ERR143/053/ERR14388653/ERR14388653_2.fastq.gz,ftp://ftp.sra.ebi.ac.uk/vol1/fastq/ERR156/017/ERR15625317/ERR15625317_2.fastq.gz
RCN12043,Vietnam,AmpSeqV1,Resistant,Resistant,Sensitive,Resistant,Resistant,Resistant,Resistant,Sensitive,Resistant,Undetermined,ERR15625319,15931176.0,ERR14388657,34192.0,ERR14388658,37423.0,ERR14388659,950.0,ftp://ftp.sra.ebi.ac.uk/vol1/fastq/ERR143/057/ERR14388657/ERR14388657_1.fastq.gz,ftp://ftp.sra.ebi.ac.uk/vol1/fastq/ERR143/058/ERR14388658/ERR14388658_1.fastq.gz,ftp://ftp.sra.ebi.ac.uk/vol1/fastq/ERR143/059/ERR14388659/ERR14388659_1.fastq.gz,ftp://ftp.sra.ebi.ac.uk/vol1/fastq/ERR156/019/ERR15625319/ERR15625319_1.fastq.gz,ftp://ftp.sra.ebi.ac.uk/vol1/fastq/ERR143/057/ERR14388657/ERR14388657_2.fastq.gz,ftp://ftp.sra.ebi.ac.uk/vol1/fastq/ERR143/058/ERR14388658/ERR14388658_2.fastq.gz,ftp://ftp.sra.ebi.ac.uk/vol1/fastq/ERR143/059/ERR14388659/ERR14388659_2.fastq.gz,ftp://ftp.sra.ebi.ac.uk/vol1/fastq/ERR156/019/ERR15625319/ERR15625319_2.fastq.gz
RCN12044,Vietnam,AmpSeqV1,Resistant,Resistant,Sensitive,Resistant,Resistant,Resistant,Resistant,Sensitive,Resistant,Undetermined,ERR15625320,14132681.0,ERR14388660,32310.0,ERR14388661,24877.0,ERR14388662,898.0,ftp://ftp.sra.ebi.ac.uk/vol1/fastq/ERR143/060/ERR14388660/ERR14388660_1.fastq.gz,ftp://ftp.sra.ebi.ac.uk/vol1/fastq/ERR143/061/ERR14388661/ERR14388661_1.fastq.gz,ftp://ftp.sra.ebi.ac.uk/vol1/fastq/ERR143/062/ERR14388662/ERR14388662_1.fastq.gz,ftp://ftp.sra.ebi.ac.uk/vol1/fastq/ERR156/020/ERR15625320/ERR15625320_1.fastq.gz,ftp://ftp.sra.ebi.ac.uk/vol1/fastq/ERR143/060/ERR14388660/ERR14388660_2.fastq.gz,ftp://ftp.sra.ebi.ac.uk/vol1/fastq/ERR143/061/ERR14388661/ERR14388661_2.fastq.gz,ftp://ftp.sra.ebi.ac.uk/vol1/fastq/ERR143/062/ERR14388662/ERR14388662_2.fastq.gz,ftp://ftp.sra.ebi.ac.uk/vol1/fastq/ERR156/020/ERR15625320/ERR15625320_2.fastq.gz
RCN12051,Vietnam,AmpSeqV1,Sensitive,Sensitive,Sensitive,Resistant,Resistant,Resistant,Sensitive,Sensitive,Resistant,Sensitive,ERR15625325,17759967.0,ERR14388678,33855.0,ERR14388679,29508.0,ERR14388680,891.0,ftp://ftp.sra.ebi.ac.uk/vol1/fastq/ERR143/078/ERR14388678/ERR14388678_1.fastq.gz,ftp://ftp.sra.ebi.ac.uk/vol1/fastq/ERR143/079/ERR14388679/ERR14388679_1.fastq.gz,ftp://ftp.sra.ebi.ac.uk/vol1/fastq/ERR143/080/ERR14388680/ERR14388680_1.fastq.gz,ftp://ftp.sra.ebi.ac.uk/vol1/fastq/ERR156/025/ERR15625325/ERR15625325_1.fastq.gz,ftp://ftp.sra.ebi.ac.uk/vol1/fastq/ERR143/078/ERR14388678/ERR14388678_2.fastq.gz,ftp://ftp.sra.ebi.ac.uk/vol1/fastq/ERR143/079/ERR14388679/ERR14388679_2.fastq.gz,ftp://ftp.sra.ebi.ac.uk/vol1/fastq/ERR143/080/ERR14388680/ERR14388680_2.fastq.gz,ftp://ftp.sra.ebi.ac.uk/vol1/fastq/ERR156/025/ERR15625325/ERR15625325_2.fastq.gz
RCN12058,Vietnam,AmpSeqV1,Resistant,Resistant,Sensitive,Resistant,Resistant,Resistant,Resistant,Sensitive,Resistant,Undetermined,ERR15625330,5825007.0,ERR14388696,26748.0,ERR14388697,23436.0,ERR14388698,983.0,ftp://ftp.sra.ebi.ac.uk/vol1/fastq/ERR143/096/ERR14388696/ERR14388696_1.fastq.gz,ftp://ftp.sra.ebi.ac.uk/vol1/fastq/ERR143/097/ERR14388697/ERR14388697_1.fastq.gz,ftp://ftp.sra.ebi.ac.uk/vol1/fastq/ERR143/098/ERR14388698/ERR14388698_1.fastq.gz,ftp://ftp.sra.ebi.ac.uk/vol1/fastq/ERR156/030/ERR15625330/ERR15625330_1.fastq.gz,ftp://ftp.sra.ebi.ac.uk/vol1/fastq/ERR143/096/ERR14388696/ERR14388696_2.fastq.gz,ftp://ftp.sra.ebi.ac.uk/vol1/fastq/ERR143/097/ERR14388697/ERR14388697_2.fastq.gz,ftp://ftp.sra.ebi.ac.uk/vol1/fastq/ERR143/098/ERR14388698/ERR14388698_2.fastq.gz,ftp://ftp.sra.ebi.ac.uk/vol1/fastq/ERR156/030/ERR15625330/ERR15625330_2.fastq.gz
RCN12059,Vietnam,AmpSeqV1,Resistant,Resistant,Sensitive,Resistant,Resistant,Resistant,Resistant,Sensitive,Resistant,Undetermined,ERR15625331,10500786.0,ERR14388699,34017.0,ERR14388700,33064.0,ERR14388701,1078.0,ftp://ftp.sra.ebi.ac.uk/vol1/fastq/ERR143/099/ERR14388699/ERR14388699_1.fastq.gz,ftp://ftp.sra.ebi.ac.uk/vol1/fastq/ERR143/000/ERR14388700/ERR14388700_1.fastq.gz,ftp://ftp.sra.ebi.ac.uk/vol1/fastq/ERR143/001/ERR14388701/ERR14388701_1.fastq.gz,ftp://ftp.sra.ebi.ac.uk/vol1/fastq/ERR156/031/ERR15625331/ERR15625331_1.fastq.gz,ftp://ftp.sra.ebi.ac.uk/vol1/fastq/ERR143/099/ERR14388699/ERR14388699_2.fastq.gz,ftp://ftp.sra.ebi.ac.uk/vol1/fastq/ERR143/000/ERR14388700/ERR14388700_2.fastq.gz,ftp://ftp.sra.ebi.ac.uk/vol1/fastq/ERR143/001/ERR14388701/ERR14388701_2.fastq.gz,ftp://ftp.sra.ebi.ac.uk/vol1/fastq/ERR156/031/ERR15625331/ERR15625331_2.fastq.gz
RCN12060,Vietnam,AmpSeqV1,Sensitive,Sensitive,Sensitive,Resistant,Resistant,Resistant,Sensitive,Sensitive,Sensitive,Sensitive,ERR15625332,11040932.0,ERR14388702,37645.0,ERR14388703,34137.0,ERR14388704,958.0,ftp://ftp.sra.ebi.ac.uk/vol1/fastq/ERR143/002/ERR14388702/ERR14388702_1.fastq.gz,ftp://ftp.sra.ebi.ac.uk/vol1/fastq/ERR143/003/ERR14388703/ERR14388703_1.fastq.gz,ftp://ftp.sra.ebi.ac.uk/vol1/fastq/ERR143/004/ERR14388704/ERR14388704_1.fastq.gz,ftp://ftp.sra.ebi.ac.uk/vol1/fastq/ERR156/032/ERR15625332/ERR15625332_1.fastq.gz,ftp://ftp.sra.ebi.ac.uk/vol1/fastq/ERR143/002/ERR14388702/ERR14388702_2.fastq.gz,ftp://ftp.sra.ebi.ac.uk/vol1/fastq/ERR143/003/ERR14388703/ERR14388703_2.fastq.gz,ftp://ftp.sra.ebi.ac.uk/vol1/fastq/ERR143/004/ERR14388704/ERR14388704_2.fastq.gz,ftp://ftp.sra.ebi.ac.uk/vol1/fastq/ERR156/032/ERR15625332/ERR15625332_2.fastq.gz
RCN12070,Vietnam,AmpSeqV1,Sensitive,Sensitive,Sensitive,Resistant,Resistant,Resistant,Sensitive,Sensitive,Resistant,Sensitive,ERR15625339,13137213.0,ERR14388726,28988.0,ERR14388727,24259.0,ERR14388728,454.0,ftp://ftp.sra.ebi.ac.uk/vol1/fastq/ERR143/026/ERR14388726/ERR14388726_1.fastq.gz,ftp://ftp.sra.ebi.ac.uk/vol1/fastq/ERR143/027/ERR14388727/ERR14388727_1.fastq.gz,ftp://ftp.sra.ebi.ac.uk/vol1/fastq/ERR143/028/ERR14388728/ERR14388728_1.fastq.gz,ftp://ftp.sra.ebi.ac.uk/vol1/fastq/ERR156/039/ERR15625339/ERR15625339_1.fastq.gz,ftp://ftp.sra.ebi.ac.uk/vol1/fastq/ERR143/026/ERR14388726/ERR14388726_2.fastq.gz,ftp://ftp.sra.ebi.ac.uk/vol1/fastq/ERR143/027/ERR14388727/ERR14388727_2.fastq.gz,ftp://ftp.sra.ebi.ac.uk/vol1/fastq/ERR143/028/ERR14388728/ERR14388728_2.fastq.gz,ftp://ftp.sra.ebi.ac.uk/vol1/fastq/ERR156/039/ERR15625339/ERR15625339_2.fastq.gz
RCN12071,Vietnam,AmpSeqV1,Resistant,Resistant,Sensitive,Resistant,Resistant,Resistant,Resistant,Sensitive,Resistant,Undetermined,ERR15625340,15961922.0,ERR14388729,32661.0,ERR14388730,32511.0,ERR14388731,844.0,ftp://ftp.sra.ebi.ac.uk/vol1/fastq/ERR143/029/ERR14388729/ERR14388729_1.fastq.gz,ftp://ftp.sra.ebi.ac.uk/vol1/fastq/ERR143/030/ERR14388730/ERR14388730_1.fastq.gz,ftp://ftp.sra.ebi.ac.uk/vol1/fastq/ERR143/031/ERR14388731/ERR14388731_1.fastq.gz,ftp://ftp.sra.ebi.ac.uk/vol1/fastq/ERR156/040/ERR15625340/ERR15625340_1.fastq.gz,ftp://ftp.sra.ebi.ac.uk/vol1/fastq/ERR143/029/ERR14388729/ERR14388729_2.fastq.gz,ftp://ftp.sra.ebi.ac.uk/vol1/fastq/ERR143/030/ERR14388730/ERR14388730_2.fastq.gz,ftp://ftp.sra.ebi.ac.uk/vol1/fastq/ERR143/031/ERR14388731/ERR14388731_2.fastq.gz,ftp://ftp.sra.ebi.ac.uk/vol1/fastq/ERR156/040/ERR15625340/ERR15625340_2.fastq.gz
RCN12072,Vietnam,AmpSeqV1,Resistant,Sensitive,Sensitive,Resistant,Resistant,Resistant,Sensitive,Sensitive,Resistant,Undetermined,ERR15625341,18313927.0,ERR14388732,40088.0,ERR14388733,35474.0,ERR14388734,835.0,ftp://ftp.sra.ebi.ac.uk/vol1/fastq/ERR143/032/ERR14388732/ERR14388732_1.fastq.gz,ftp://ftp.sra.ebi.ac.uk/vol1/fastq/ERR143/033/ERR14388733/ERR14388733_1.fastq.gz,ftp://ftp.sra.ebi.ac.uk/vol1/fastq/ERR143/034/ERR14388734/ERR14388734_1.fastq.gz,ftp://ftp.sra.ebi.ac.uk/vol1/fastq/ERR156/041/ERR15625341/ERR15625341_1.fastq.gz,ftp://ftp.sra.ebi.ac.uk/vol1/fastq/ERR143/032/ERR14388732/ERR14388732_2.fastq.gz,ftp://ftp.sra.ebi.ac.uk/vol1/fastq/ERR143/033/ERR14388733/ERR14388733_2.fastq.gz,ftp://ftp.sra.ebi.ac.uk/vol1/fastq/ERR143/034/ERR14388734/ERR14388734_2.fastq.gz,ftp://ftp.sra.ebi.ac.uk/vol1/fastq/ERR156/041/ERR15625341/ERR15625341_2.fastq.gz
RCN12075,Vietnam,AmpSeqV1,Sensitive,Sensitive,Sensitive,Resistant,Resistant,Resistant,Sensitive,Sensitive,Resistant,Sensitive,ERR15625344,7737959.0,ERR14388741,42097.0,ERR14388742,35935.0,ERR14388743,1436.0,ftp://ftp.sra.ebi.ac.uk/vol1/fastq/ERR143/041/ERR14388741/ERR14388741_1.fastq.gz,ftp://ftp.sra.ebi.ac.uk/vol1/fastq/ERR143/042/ERR14388742/ERR14388742_1.fastq.gz,ftp://ftp.sra.ebi.ac.uk/vol1/fastq/ERR143/043/ERR14388743/ERR14388743_1.fastq.gz,ftp://ftp.sra.ebi.ac.uk/vol1/fastq/ERR156/044/ERR15625344/ERR15625344_1.fastq.gz,ftp://ftp.sra.ebi.ac.uk/vol1/fastq/ERR143/041/ERR14388741/ERR14388741_2.fastq.gz,ftp://ftp.sra.ebi.ac.uk/vol1/fastq/ERR143/042/ERR14388742/ERR14388742_2.fastq.gz,ftp://ftp.sra.ebi.ac.uk/vol1/fastq/ERR143/043/ERR14388743/ERR14388743_2.fastq.gz,ftp://ftp.sra.ebi.ac.uk/vol1/fastq/ERR156/044/ERR15625344/ERR15625344_2.fastq.gz
RCN12076,Vietnam,AmpSeqV1,Sensitive,Sensitive,Sensitive,Resistant,Resistant,Resistant,Sensitive,Sensitive,Sensitive,Sensitive,ERR15625345,9981052.0,ERR14388744,37664.0,ERR14388745,29405.0,ERR14388746,769.0,ftp://ftp.sra.ebi.ac.uk/vol1/fastq/ERR143/044/ERR14388744/ERR14388744_1.fastq.gz,ftp://ftp.sra.ebi.ac.uk/vol1/fastq/ERR143/045/ERR14388745/ERR14388745_1.fastq.gz,ftp://ftp.sra.ebi.ac.uk/vol1/fastq/ERR143/046/ERR14388746/ERR14388746_1.fastq.gz,ftp://ftp.sra.ebi.ac.uk/vol1/fastq/ERR156/045/ERR15625345/ERR15625345_1.fastq.gz,ftp://ftp.sra.ebi.ac.uk/vol1/fastq/ERR143/044/ERR14388744/ERR14388744_2.fastq.gz,ftp://ftp.sra.ebi.ac.uk/vol1/fastq/ERR143/045/ERR14388745/ERR14388745_2.fastq.gz,ftp://ftp.sra.ebi.ac.uk/vol1/fastq/ERR143/046/ERR14388746/ERR14388746_2.fastq.gz,ftp://ftp.sra.ebi.ac.uk/vol1/fastq/ERR156/045/ERR15625345/ERR15625345_2.fastq.gz
RCN12079,Vietnam,AmpSeqV1,Sensitive,Sensitive,Sensitive,Resistant,Resistant,Resistant,Sensitive,Sensitive,Resistant,Sensitive,ERR15625347,16642714.0,ERR14388753,40161.0,ERR14388754,33250.0,ERR14388755,1221.0,ftp://ftp.sra.ebi.ac.uk/vol1/fastq/ERR143/053/ERR14388753/ERR14388753_1.fastq.gz,ftp://ftp.sra.ebi.ac.uk/vol1/fastq/ERR143/054/ERR14388754/ERR14388754_1.fastq.gz,ftp://ftp.sra.ebi.ac.uk/vol1/fastq/ERR143/055/ERR14388755/ERR14388755_1.fastq.gz,ftp://ftp.sra.ebi.ac.uk/vol1/fastq/ERR156/047/ERR15625347/ERR15625347_1.fastq.gz,ftp://ftp.sra.ebi.ac.uk/vol1/fastq/ERR143/053/ERR14388753/ERR14388753_2.fastq.gz,ftp://ftp.sra.ebi.ac.uk/vol1/fastq/ERR143/054/ERR14388754/ERR14388754_2.fastq.gz,ftp://ftp.sra.ebi.ac.uk/vol1/fastq/ERR143/055/ERR14388755/ERR14388755_2.fastq.gz,ftp://ftp.sra.ebi.ac.uk/vol1/fastq/ERR156/047/ERR15625347/ERR15625347_2.fastq.gz
RCN12080,Vietnam,AmpSeqV1,Sensitive,Sensitive,Sensitive,Resistant,Resistant,Resistant,Sensitive,Sensitive,Resistant,Sensitive,ERR15625348,5798079.0,ERR14388756,25179.0,ERR14388757,21613.0,ERR14388758,1080.0,ftp://ftp.sra.ebi.ac.uk/vol1/fastq/ERR143/056/ERR14388756/ERR14388756_1.fastq.gz,ftp://ftp.sra.ebi.ac.uk/vol1/fastq/ERR143/057/ERR14388757/ERR14388757_1.fastq.gz,ftp://ftp.sra.ebi.ac.uk/vol1/fastq/ERR143/058/ERR14388758/ERR14388758_1.fastq.gz,ftp://ftp.sra.ebi.ac.uk/vol1/fastq/ERR156/048/ERR15625348/ERR15625348_1.fastq.gz,ftp://ftp.sra.ebi.ac.uk/vol1/fastq/ERR143/056/ERR14388756/ERR14388756_2.fastq.gz,ftp://ftp.sra.ebi.ac.uk/vol1/fastq/ERR143/057/ERR14388757/ERR14388757_2.fastq.gz,ftp://ftp.sra.ebi.ac.uk/vol1/fastq/ERR143/058/ERR14388758/ERR14388758_2.fastq.gz,ftp://ftp.sra.ebi.ac.uk/vol1/fastq/ERR156/048/ERR15625348/ERR15625348_2.fastq.gz
RCN12082,Vietnam,AmpSeqV1,Sensitive,Sensitive,Sensitive,Resistant,Resistant,Resistant,Sensitive,Sensitive,Sensitive,Sensitive,ERR15625350,7157232.0,ERR14388762,29366.0,ERR14388763,27724.0,ERR14388764,1291.0,ftp://ftp.sra.ebi.ac.uk/vol1/fastq/ERR143/062/ERR14388762/ERR14388762_1.fastq.gz,ftp://ftp.sra.ebi.ac.uk/vol1/fastq/ERR143/063/ERR14388763/ERR14388763_1.fastq.gz,ftp://ftp.sra.ebi.ac.uk/vol1/fastq/ERR143/064/ERR14388764/ERR14388764_1.fastq.gz,ftp://ftp.sra.ebi.ac.uk/vol1/fastq/ERR156/050/ERR15625350/ERR15625350_1.fastq.gz,ftp://ftp.sra.ebi.ac.uk/vol1/fastq/ERR143/062/ERR14388762/ERR14388762_2.fastq.gz,ftp://ftp.sra.ebi.ac.uk/vol1/fastq/ERR143/063/ERR14388763/ERR14388763_2.fastq.gz,ftp://ftp.sra.ebi.ac.uk/vol1/fastq/ERR143/064/ERR14388764/ERR14388764_2.fastq.gz,ftp://ftp.sra.ebi.ac.uk/vol1/fastq/ERR156/050/ERR15625350/ERR15625350_2.fastq.gz
RCN12083,Vietnam,AmpSeqV1,Resistant,Resistant,Sensitive,Resistant,Resistant,Resistant,Resistant,Sensitive,Resistant,Undetermined,ERR15625351,13373543.0,ERR14388765,34390.0,ERR14388766,31626.0,ERR14388767,734.0,ftp://ftp.sra.ebi.ac.uk/vol1/fastq/ERR143/065/ERR14388765/ERR14388765_1.fastq.gz,ftp://ftp.sra.ebi.ac.uk/vol1/fastq/ERR143/066/ERR14388766/ERR14388766_1.fastq.gz,ftp://ftp.sra.ebi.ac.uk/vol1/fastq/ERR143/067/ERR14388767/ERR14388767_1.fastq.gz,ftp://ftp.sra.ebi.ac.uk/vol1/fastq/ERR156/051/ERR15625351/ERR15625351_1.fastq.gz,ftp://ftp.sra.ebi.ac.uk/vol1/fastq/ERR143/065/ERR14388765/ERR14388765_2.fastq.gz,ftp://ftp.sra.ebi.ac.uk/vol1/fastq/ERR143/066/ERR14388766/ERR14388766_2.fastq.gz,ftp://ftp.sra.ebi.ac.uk/vol1/fastq/ERR143/067/ERR14388767/ERR14388767_2.fastq.gz,ftp://ftp.sra.ebi.ac.uk/vol1/fastq/ERR156/051/ERR15625351/ERR15625351_2.fastq.gz
RCN12084,Vietnam,AmpSeqV1,Resistant,Resistant,Sensitive,Resistant,Resistant,Resistant,Resistant,Sensitive,Resistant,Undetermined,ERR15625352,10878629.0,ERR14388768,36918.0,ERR14388769,34118.0,ERR14388770,661.0,ftp://ftp.sra.ebi.ac.uk/vol1/fastq/ERR143/068/ERR14388768/ERR14388768_1.fastq.gz,ftp://ftp.sra.ebi.ac.uk/vol1/fastq/ERR143/069/ERR14388769/ERR14388769_1.fastq.gz,ftp://ftp.sra.ebi.ac.uk/vol1/fastq/ERR143/070/ERR14388770/ERR14388770_1.fastq.gz,ftp://ftp.sra.ebi.ac.uk/vol1/fastq/ERR156/052/ERR15625352/ERR15625352_1.fastq.gz,ftp://ftp.sra.ebi.ac.uk/vol1/fastq/ERR143/068/ERR14388768/ERR14388768_2.fastq.gz,ftp://ftp.sra.ebi.ac.uk/vol1/fastq/ERR143/069/ERR14388769/ERR14388769_2.fastq.gz,ftp://ftp.sra.ebi.ac.uk/vol1/fastq/ERR143/070/ERR14388770/ERR14388770_2.fastq.gz,ftp://ftp.sra.ebi.ac.uk/vol1/fastq/ERR156/052/ERR15625352/ERR15625352_2.fastq.gz
RCN12100,Vietnam,AmpSeqV1,Resistant,Resistant,Sensitive,Resistant,Resistant,Resistant,Resistant,Sensitive,Resistant,Undetermined,ERR15625357,13302509.0,ERR14388807,37298.0,ERR14388808,34034.0,ERR14388809,527.0,ftp://ftp.sra.ebi.ac.uk/vol1/fastq/ERR143/007/ERR14388807/ERR14388807_1.fastq.gz,ftp://ftp.sra.ebi.ac.uk/vol1/fastq/ERR143/008/ERR14388808/ERR14388808_1.fastq.gz,ftp://ftp.sra.ebi.ac.uk/vol1/fastq/ERR143/009/ERR14388809/ERR14388809_1.fastq.gz,ftp://ftp.sra.ebi.ac.uk/vol1/fastq/ERR156/057/ERR15625357/ERR15625357_1.fastq.gz,ftp://ftp.sra.ebi.ac.uk/vol1/fastq/ERR143/007/ERR14388807/ERR14388807_2.fastq.gz,ftp://ftp.sra.ebi.ac.uk/vol1/fastq/ERR143/008/ERR14388808/ERR14388808_2.fastq.gz,ftp://ftp.sra.ebi.ac.uk/vol1/fastq/ERR143/009/ERR14388809/ERR14388809_2.fastq.gz,ftp://ftp.sra.ebi.ac.uk/vol1/fastq/ERR156/057/ERR15625357/ERR15625357_2.fastq.gz
RCN12103,Vietnam,AmpSeqV1,Resistant,Resistant,Sensitive,Resistant,Resistant,Resistant,Resistant,Sensitive,Resistant,Undetermined,ERR15625358,12904030.0,ERR14388816,32098.0,ERR14388817,34759.0,ERR14388818,1072.0,ftp://ftp.sra.ebi.ac.uk/vol1/fastq/ERR143/016/ERR14388816/ERR14388816_1.fastq.gz,ftp://ftp.sra.ebi.ac.uk/vol1/fastq/ERR143/017/ERR14388817/ERR14388817_1.fastq.gz,ftp://ftp.sra.ebi.ac.uk/vol1/fastq/ERR143/018/ERR14388818/ERR14388818_1.fastq.gz,ftp://ftp.sra.ebi.ac.uk/vol1/fastq/ERR156/058/ERR15625358/ERR15625358_1.fastq.gz,ftp://ftp.sra.ebi.ac.uk/vol1/fastq/ERR143/016/ERR14388816/ERR14388816_2.fastq.gz,ftp://ftp.sra.ebi.ac.uk/vol1/fastq/ERR143/017/ERR14388817/ERR14388817_2.fastq.gz,ftp://ftp.sra.ebi.ac.uk/vol1/fastq/ERR143/018/ERR14388818/ERR14388818_2.fastq.gz,ftp://ftp.sra.ebi.ac.uk/vol1/fastq/ERR156/058/ERR15625358/ERR15625358_2.fastq.gz
RCN12111,Vietnam,AmpSeqV1,Resistant,Resistant,Sensitive,Resistant,Resistant,Resistant,Resistant,Sensitive,Resistant,Undetermined,ERR15625361,3720083.0,ERR14388834,25538.0,ERR14388835,24154.0,ERR14388836,1081.0,ftp://ftp.sra.ebi.ac.uk/vol1/fastq/ERR143/034/ERR14388834/ERR14388834_1.fastq.gz,ftp://ftp.sra.ebi.ac.uk/vol1/fastq/ERR143/035/ERR14388835/ERR14388835_1.fastq.gz,ftp://ftp.sra.ebi.ac.uk/vol1/fastq/ERR143/036/ERR14388836/ERR14388836_1.fastq.gz,ftp://ftp.sra.ebi.ac.uk/vol1/fastq/ERR156/061/ERR15625361/ERR15625361_1.fastq.gz,ftp://ftp.sra.ebi.ac.uk/vol1/fastq/ERR143/034/ERR14388834/ERR14388834_2.fastq.gz,ftp://ftp.sra.ebi.ac.uk/vol1/fastq/ERR143/035/ERR14388835/ERR14388835_2.fastq.gz,ftp://ftp.sra.ebi.ac.uk/vol1/fastq/ERR143/036/ERR14388836/ERR14388836_2.fastq.gz,ftp://ftp.sra.ebi.ac.uk/vol1/fastq/ERR156/061/ERR15625361/ERR15625361_2.fastq.gz
RCN12112,Vietnam,AmpSeqV1,Resistant,Resistant,Sensitive,Resistant,Resistant,Resistant,Resistant,Sensitive,Resistant,Undetermined,ERR15625362,14344311.0,ERR14388837,34576.0,ERR14388838,28288.0,ERR14388839,1011.0,ftp://ftp.sra.ebi.ac.uk/vol1/fastq/ERR143/037/ERR14388837/ERR14388837_1.fastq.gz,ftp://ftp.sra.ebi.ac.uk/vol1/fastq/ERR143/038/ERR14388838/ERR14388838_1.fastq.gz,ftp://ftp.sra.ebi.ac.uk/vol1/fastq/ERR143/039/ERR14388839/ERR14388839_1.fastq.gz,ftp://ftp.sra.ebi.ac.uk/vol1/fastq/ERR156/062/ERR15625362/ERR15625362_1.fastq.gz,ftp://ftp.sra.ebi.ac.uk/vol1/fastq/ERR143/037/ERR14388837/ERR14388837_2.fastq.gz,ftp://ftp.sra.ebi.ac.uk/vol1/fastq/ERR143/038/ERR14388838/ERR14388838_2.fastq.gz,ftp://ftp.sra.ebi.ac.uk/vol1/fastq/ERR143/039/ERR14388839/ERR14388839_2.fastq.gz,ftp://ftp.sra.ebi.ac.uk/vol1/fastq/ERR156/062/ERR15625362/ERR15625362_2.fastq.gz
RCN12115,Vietnam,AmpSeqV1,Resistant,Resistant,Sensitive,Resistant,Resistant,Resistant,Resistant,Sensitive,Resistant,Undetermined,ERR15625364,12365816.0,ERR14388843,32688.0,ERR14388844,27928.0,ERR14388845,748.0,ftp://ftp.sra.ebi.ac.uk/vol1/fastq/ERR143/043/ERR14388843/ERR14388843_1.fastq.gz,ftp://ftp.sra.ebi.ac.uk/vol1/fastq/ERR143/044/ERR14388844/ERR14388844_1.fastq.gz,ftp://ftp.sra.ebi.ac.uk/vol1/fastq/ERR143/045/ERR14388845/ERR14388845_1.fastq.gz,ftp://ftp.sra.ebi.ac.uk/vol1/fastq/ERR156/064/ERR15625364/ERR15625364_1.fastq.gz,ftp://ftp.sra.ebi.ac.uk/vol1/fastq/ERR143/043/ERR14388843/ERR14388843_2.fastq.gz,ftp://ftp.sra.ebi.ac.uk/vol1/fastq/ERR143/044/ERR14388844/ERR14388844_2.fastq.gz,ftp://ftp.sra.ebi.ac.uk/vol1/fastq/ERR143/045/ERR14388845/ERR14388845_2.fastq.gz,ftp://ftp.sra.ebi.ac.uk/vol1/fastq/ERR156/064/ERR15625364/ERR15625364_2.fastq.gz
RCN12116,Vietnam,AmpSeqV1,Resistant,Resistant,Sensitive,Resistant,Resistant,Resistant,Resistant,Sensitive,Resistant,Undetermined,ERR15625365,17860240.0,ERR14388846,34925.0,ERR14388847,31435.0,ERR14388848,735.0,ftp://ftp.sra.ebi.ac.uk/vol1/fastq/ERR143/046/ERR14388846/ERR14388846_1.fastq.gz,ftp://ftp.sra.ebi.ac.uk/vol1/fastq/ERR143/047/ERR14388847/ERR14388847_1.fastq.gz,ftp://ftp.sra.ebi.ac.uk/vol1/fastq/ERR143/048/ERR14388848/ERR14388848_1.fastq.gz,ftp://ftp.sra.ebi.ac.uk/vol1/fastq/ERR156/065/ERR15625365/ERR15625365_1.fastq.gz,ftp://ftp.sra.ebi.ac.uk/vol1/fastq/ERR143/046/ERR14388846/ERR14388846_2.fastq.gz,ftp://ftp.sra.ebi.ac.uk/vol1/fastq/ERR143/047/ERR14388847/ERR14388847_2.fastq.gz,ftp://ftp.sra.ebi.ac.uk/vol1/fastq/ERR143/048/ERR14388848/ERR14388848_2.fastq.gz,ftp://ftp.sra.ebi.ac.uk/vol1/fastq/ERR156/065/ERR15625365/ERR15625365_2.fastq.gz
RCN12676,Vietnam,AmpSeqV2,Resistant,Resistant,Sensitive,Resistant,Resistant,Resistant,Resistant,Sensitive,Resistant,Undetermined,ERR15625537,36350617.0,ERR14389308,36210.0,ERR14389309,40349.0,ERR14389310,1711.0,ftp://ftp.sra.ebi.ac.uk/vol1/fastq/ERR143/008/ERR14389308/ERR14389308_1.fastq.gz,ftp://ftp.sra.ebi.ac.uk/vol1/fastq/ERR143/009/ERR14389309/ERR14389309_1.fastq.gz,ftp://ftp.sra.ebi.ac.uk/vol1/fastq/ERR143/010/ERR14389310/ERR14389310_1.fastq.gz,ftp://ftp.sra.ebi.ac.uk/vol1/fastq/ERR156/037/ERR15625537/ERR15625537_1.fastq.gz,ftp://ftp.sra.ebi.ac.uk/vol1/fastq/ERR143/008/ERR14389308/ERR14389308_2.fastq.gz,ftp://ftp.sra.ebi.ac.uk/vol1/fastq/ERR143/009/ERR14389309/ERR14389309_2.fastq.gz,ftp://ftp.sra.ebi.ac.uk/vol1/fastq/ERR143/010/ERR14389310/ERR14389310_2.fastq.gz,ftp://ftp.sra.ebi.ac.uk/vol1/fastq/ERR156/037/ERR15625537/ERR15625537_2.fastq.gz
RCN12688,Vietnam,AmpSeqV2,Sensitive,Sensitive,Sensitive,Resistant,Resistant,Resistant,Sensitive,Sensitive,Resistant,Sensitive,ERR15625541,32296242.0,ERR14389341,33794.0,ERR14389342,35914.0,ERR14389343,1109.0,ftp://ftp.sra.ebi.ac.uk/vol1/fastq/ERR143/041/ERR14389341/ERR14389341_1.fastq.gz,ftp://ftp.sra.ebi.ac.uk/vol1/fastq/ERR143/042/ERR14389342/ERR14389342_1.fastq.gz,ftp://ftp.sra.ebi.ac.uk/vol1/fastq/ERR143/043/ERR14389343/ERR14389343_1.fastq.gz,ftp://ftp.sra.ebi.ac.uk/vol1/fastq/ERR156/041/ERR15625541/ERR15625541_1.fastq.gz,ftp://ftp.sra.ebi.ac.uk/vol1/fastq/ERR143/041/ERR14389341/ERR14389341_2.fastq.gz,ftp://ftp.sra.ebi.ac.uk/vol1/fastq/ERR143/042/ERR14389342/ERR14389342_2.fastq.gz,ftp://ftp.sra.ebi.ac.uk/vol1/fastq/ERR143/043/ERR14389343/ERR14389343_2.fastq.gz,ftp://ftp.sra.ebi.ac.uk/vol1/fastq/ERR156/041/ERR15625541/ERR15625541_2.fastq.gz
RCN12689,Vietnam,AmpSeqV2,Sensitive,Sensitive,Sensitive,Resistant,Resistant,Resistant,Sensitive,Sensitive,Resistant,Sensitive,ERR15625542,16174142.0,ERR14389344,32105.0,ERR14389345,32334.0,ERR14389346,1018.0,ftp://ftp.sra.ebi.ac.uk/vol1/fastq/ERR143/044/ERR14389344/ERR14389344_1.fastq.gz,ftp://ftp.sra.ebi.ac.uk/vol1/fastq/ERR143/045/ERR14389345/ERR14389345_1.fastq.gz,ftp://ftp.sra.ebi.ac.uk/vol1/fastq/ERR143/046/ERR14389346/ERR14389346_1.fastq.gz,ftp://ftp.sra.ebi.ac.uk/vol1/fastq/ERR156/042/ERR15625542/ERR15625542_1.fastq.gz,ftp://ftp.sra.ebi.ac.uk/vol1/fastq/ERR143/044/ERR14389344/ERR14389344_2.fastq.gz,ftp://ftp.sra.ebi.ac.uk/vol1/fastq/ERR143/045/ERR14389345/ERR14389345_2.fastq.gz,ftp://ftp.sra.ebi.ac.uk/vol1/fastq/ERR143/046/ERR14389346/ERR14389346_2.fastq.gz,ftp://ftp.sra.ebi.ac.uk/vol1/fastq/ERR156/042/ERR15625542/ERR15625542_2.fastq.gz
RCN12693,Vietnam,AmpSeqV2,Sensitive,Sensitive,Sensitive,Resistant,Resistant,Resistant,Sensitive,Sensitive,Resistant,Sensitive,ERR15625543,30072127.0,ERR14389356,31732.0,ERR14389357,35169.0,ERR14389358,1763.0,ftp://ftp.sra.ebi.ac.uk/vol1/fastq/ERR143/056/ERR14389356/ERR14389356_1.fastq.gz,ftp://ftp.sra.ebi.ac.uk/vol1/fastq/ERR143/057/ERR14389357/ERR14389357_1.fastq.gz,ftp://ftp.sra.ebi.ac.uk/vol1/fastq/ERR143/058/ERR14389358/ERR14389358_1.fastq.gz,ftp://ftp.sra.ebi.ac.uk/vol1/fastq/ERR156/043/ERR15625543/ERR15625543_1.fastq.gz,ftp://ftp.sra.ebi.ac.uk/vol1/fastq/ERR143/056/ERR14389356/ERR14389356_2.fastq.gz,ftp://ftp.sra.ebi.ac.uk/vol1/fastq/ERR143/057/ERR14389357/ERR14389357_2.fastq.gz,ftp://ftp.sra.ebi.ac.uk/vol1/fastq/ERR143/058/ERR14389358/ERR14389358_2.fastq.gz,ftp://ftp.sra.ebi.ac.uk/vol1/fastq/ERR156/043/ERR15625543/ERR15625543_2.fastq.gz
RCN12694,Vietnam,AmpSeqV2,Sensitive,Sensitive,Sensitive,Resistant,Resistant,Resistant,Sensitive,Sensitive,Resistant,Sensitive,ERR15625544,16841614.0,ERR14389359,38457.0,ERR14389360,38957.0,ERR14389361,1481.0,ftp://ftp.sra.ebi.ac.uk/vol1/fastq/ERR143/059/ERR14389359/ERR14389359_1.fastq.gz,ftp://ftp.sra.ebi.ac.uk/vol1/fastq/ERR143/060/ERR14389360/ERR14389360_1.fastq.gz,ftp://ftp.sra.ebi.ac.uk/vol1/fastq/ERR143/061/ERR14389361/ERR14389361_1.fastq.gz,ftp://ftp.sra.ebi.ac.uk/vol1/fastq/ERR156/044/ERR15625544/ERR15625544_1.fastq.gz,ftp://ftp.sra.ebi.ac.uk/vol1/fastq/ERR143/059/ERR14389359/ERR14389359_2.fastq.gz,ftp://ftp.sra.ebi.ac.uk/vol1/fastq/ERR143/060/ERR14389360/ERR14389360_2.fastq.gz,ftp://ftp.sra.ebi.ac.uk/vol1/fastq/ERR143/061/ERR14389361/ERR14389361_2.fastq.gz,ftp://ftp.sra.ebi.ac.uk/vol1/fastq/ERR156/044/ERR15625544/ERR15625544_2.fastq.gz
RCN12696,Vietnam,AmpSeqV2,Sensitive,Sensitive,Sensitive,Resistant,Resistant,Resistant,Sensitive,Sensitive,Resistant,Sensitive,ERR15625545,31239826.0,ERR14389365,34526.0,ERR14389366,33984.0,ERR14389367,1210.0,ftp://ftp.sra.ebi.ac.uk/vol1/fastq/ERR143/065/ERR14389365/ERR14389365_1.fastq.gz,ftp://ftp.sra.ebi.ac.uk/vol1/fastq/ERR143/066/ERR14389366/ERR14389366_1.fastq.gz,ftp://ftp.sra.ebi.ac.uk/vol1/fastq/ERR143/067/ERR14389367/ERR14389367_1.fastq.gz,ftp://ftp.sra.ebi.ac.uk/vol1/fastq/ERR156/045/ERR15625545/ERR15625545_1.fastq.gz,ftp://ftp.sra.ebi.ac.uk/vol1/fastq/ERR143/065/ERR14389365/ERR14389365_2.fastq.gz,ftp://ftp.sra.ebi.ac.uk/vol1/fastq/ERR143/066/ERR14389366/ERR14389366_2.fastq.gz,ftp://ftp.sra.ebi.ac.uk/vol1/fastq/ERR143/067/ERR14389367/ERR14389367_2.fastq.gz,ftp://ftp.sra.ebi.ac.uk/vol1/fastq/ERR156/045/ERR15625545/ERR15625545_2.fastq.gz
RCN12698,Vietnam,AmpSeqV2,Sensitive,Sensitive,Sensitive,Resistant,Resistant,Resistant,Sensitive,Sensitive,Resistant,Sensitive,ERR15625546,17377863.0,ERR14389371,25947.0,ERR14389372,28257.0,ERR14389373,526.0,ftp://ftp.sra.ebi.ac.uk/vol1/fastq/ERR143/071/ERR14389371/ERR14389371_1.fastq.gz,ftp://ftp.sra.ebi.ac.uk/vol1/fastq/ERR143/072/ERR14389372/ERR14389372_1.fastq.gz,ftp://ftp.sra.ebi.ac.uk/vol1/fastq/ERR143/073/ERR14389373/ERR14389373_1.fastq.gz,ftp://ftp.sra.ebi.ac.uk/vol1/fastq/ERR156/046/ERR15625546/ERR15625546_1.fastq.gz,ftp://ftp.sra.ebi.ac.uk/vol1/fastq/ERR143/071/ERR14389371/ERR14389371_2.fastq.gz,ftp://ftp.sra.ebi.ac.uk/vol1/fastq/ERR143/072/ERR14389372/ERR14389372_2.fastq.gz,ftp://ftp.sra.ebi.ac.uk/vol1/fastq/ERR143/073/ERR14389373/ERR14389373_2.fastq.gz,ftp://ftp.sra.ebi.ac.uk/vol1/fastq/ERR156/046/ERR15625546/ERR15625546_2.fastq.gz
RCN12700,Vietnam,AmpSeqV2,Sensitive,Sensitive,Sensitive,Resistant,Resistant,Resistant,Sensitive,Sensitive,Resistant,Sensitive,ERR15625547,42260411.0,ERR14389377,30434.0,ERR14389378,37535.0,ERR14389379,1354.0,ftp://ftp.sra.ebi.ac.uk/vol1/fastq/ERR143/077/ERR14389377/ERR14389377_1.fastq.gz,ftp://ftp.sra.ebi.ac.uk/vol1/fastq/ERR143/078/ERR14389378/ERR14389378_1.fastq.gz,ftp://ftp.sra.ebi.ac.uk/vol1/fastq/ERR143/079/ERR14389379/ERR14389379_1.fastq.gz,ftp://ftp.sra.ebi.ac.uk/vol1/fastq/ERR156/047/ERR15625547/ERR15625547_1.fastq.gz,ftp://ftp.sra.ebi.ac.uk/vol1/fastq/ERR143/077/ERR14389377/ERR14389377_2.fastq.gz,ftp://ftp.sra.ebi.ac.uk/vol1/fastq/ERR143/078/ERR14389378/ERR14389378_2.fastq.gz,ftp://ftp.sra.ebi.ac.uk/vol1/fastq/ERR143/079/ERR14389379/ERR14389379_2.fastq.gz,ftp://ftp.sra.ebi.ac.uk/vol1/fastq/ERR156/047/ERR15625547/ERR15625547_2.fastq.gz
RCN12704,Vietnam,AmpSeqV2,Sensitive,Sensitive,Sensitive,Resistant,Resistant,Resistant,Sensitive,Sensitive,Resistant,Sensitive,ERR15625548,46087602.0,ERR14389389,27892.0,ERR14389390,25550.0,ERR14389391,1195.0,ftp://ftp.sra.ebi.ac.uk/vol1/fastq/ERR143/089/ERR14389389/ERR14389389_1.fastq.gz,ftp://ftp.sra.ebi.ac.uk/vol1/fastq/ERR143/090/ERR14389390/ERR14389390_1.fastq.gz,ftp://ftp.sra.ebi.ac.uk/vol1/fastq/ERR143/091/ERR14389391/ERR14389391_1.fastq.gz,ftp://ftp.sra.ebi.ac.uk/vol1/fastq/ERR156/048/ERR15625548/ERR15625548_1.fastq.gz,ftp://ftp.sra.ebi.ac.uk/vol1/fastq/ERR143/089/ERR14389389/ERR14389389_2.fastq.gz,ftp://ftp.sra.ebi.ac.uk/vol1/fastq/ERR143/090/ERR14389390/ERR14389390_2.fastq.gz,ftp://ftp.sra.ebi.ac.uk/vol1/fastq/ERR143/091/ERR14389391/ERR14389391_2.fastq.gz,ftp://ftp.sra.ebi.ac.uk/vol1/fastq/ERR156/048/ERR15625548/ERR15625548_2.fastq.gz
RCN12710,Vietnam,AmpSeqV2,Resistant,Resistant,Sensitive,Resistant,Resistant,Resistant,Resistant,Sensitive,Resistant,Sensitive,ERR15625550,16664280.0,ERR14389407,25947.0,ERR14389408,27221.0,ERR14389409,988.0,ftp://ftp.sra.ebi.ac.uk/vol1/fastq/ERR143/007/ERR14389407/ERR14389407_1.fastq.gz,ftp://ftp.sra.ebi.ac.uk/vol1/fastq/ERR143/008/ERR14389408/ERR14389408_1.fastq.gz,ftp://ftp.sra.ebi.ac.uk/vol1/fastq/ERR143/009/ERR14389409/ERR14389409_1.fastq.gz,ftp://ftp.sra.ebi.ac.uk/vol1/fastq/ERR156/050/ERR15625550/ERR15625550_1.fastq.gz,ftp://ftp.sra.ebi.ac.uk/vol1/fastq/ERR143/007/ERR14389407/ERR14389407_2.fastq.gz,ftp://ftp.sra.ebi.ac.uk/vol1/fastq/ERR143/008/ERR14389408/ERR14389408_2.fastq.gz,ftp://ftp.sra.ebi.ac.uk/vol1/fastq/ERR143/009/ERR14389409/ERR14389409_2.fastq.gz,ftp://ftp.sra.ebi.ac.uk/vol1/fastq/ERR156/050/ERR15625550/ERR15625550_2.fastq.gz
RCN12712,Vietnam,AmpSeqV2,Resistant,Sensitive,Sensitive,Resistant,Resistant,Resistant,Sensitive,Sensitive,Resistant,Undetermined,ERR15625551,15358426.0,ERR14389413,34004.0,ERR14389414,32784.0,ERR14389415,1013.0,ftp://ftp.sra.ebi.ac.uk/vol1/fastq/ERR143/013/ERR14389413/ERR14389413_1.fastq.gz,ftp://ftp.sra.ebi.ac.uk/vol1/fastq/ERR143/014/ERR14389414/ERR14389414_1.fastq.gz,ftp://ftp.sra.ebi.ac.uk/vol1/fastq/ERR143/015/ERR14389415/ERR14389415_1.fastq.gz,ftp://ftp.sra.ebi.ac.uk/vol1/fastq/ERR156/051/ERR15625551/ERR15625551_1.fastq.gz,ftp://ftp.sra.ebi.ac.uk/vol1/fastq/ERR143/013/ERR14389413/ERR14389413_2.fastq.gz,ftp://ftp.sra.ebi.ac.uk/vol1/fastq/ERR143/014/ERR14389414/ERR14389414_2.fastq.gz,ftp://ftp.sra.ebi.ac.uk/vol1/fastq/ERR143/015/ERR14389415/ERR14389415_2.fastq.gz,ftp://ftp.sra.ebi.ac.uk/vol1/fastq/ERR156/051/ERR15625551/ERR15625551_2.fastq.gz
RCN12716,Vietnam,AmpSeqV2,Resistant,Resistant,Sensitive,Resistant,Resistant,Resistant,Resistant,Sensitive,Resistant,Undetermined,ERR15625553,22312046.0,ERR14389425,32509.0,ERR14389426,35291.0,ERR14389427,1480.0,ftp://ftp.sra.ebi.ac.uk/vol1/fastq/ERR143/025/ERR14389425/ERR14389425_1.fastq.gz,ftp://ftp.sra.ebi.ac.uk/vol1/fastq/ERR143/026/ERR14389426/ERR14389426_1.fastq.gz,ftp://ftp.sra.ebi.ac.uk/vol1/fastq/ERR143/027/ERR14389427/ERR14389427_1.fastq.gz,ftp://ftp.sra.ebi.ac.uk/vol1/fastq/ERR156/053/ERR15625553/ERR15625553_1.fastq.gz,ftp://ftp.sra.ebi.ac.uk/vol1/fastq/ERR143/025/ERR14389425/ERR14389425_2.fastq.gz,ftp://ftp.sra.ebi.ac.uk/vol1/fastq/ERR143/026/ERR14389426/ERR14389426_2.fastq.gz,ftp://ftp.sra.ebi.ac.uk/vol1/fastq/ERR143/027/ERR14389427/ERR14389427_2.fastq.gz,ftp://ftp.sra.ebi.ac.uk/vol1/fastq/ERR156/053/ERR15625553/ERR15625553_2.fastq.gz
RCN12720,Vietnam,AmpSeqV2,Resistant,Resistant,Sensitive,Resistant,Resistant,Resistant,Resistant,Sensitive,Resistant,Undetermined,ERR15625555,11678740.0,ERR14389434,29186.0,ERR14389435,31518.0,ERR14389436,493.0,ftp://ftp.sra.ebi.ac.uk/vol1/fastq/ERR143/034/ERR14389434/ERR14389434_1.fastq.gz,ftp://ftp.sra.ebi.ac.uk/vol1/fastq/ERR143/035/ERR14389435/ERR14389435_1.fastq.gz,ftp://ftp.sra.ebi.ac.uk/vol1/fastq/ERR143/036/ERR14389436/ERR14389436_1.fastq.gz,ftp://ftp.sra.ebi.ac.uk/vol1/fastq/ERR156/055/ERR15625555/ERR15625555_1.fastq.gz,ftp://ftp.sra.ebi.ac.uk/vol1/fastq/ERR143/034/ERR14389434/ERR14389434_2.fastq.gz,ftp://ftp.sra.ebi.ac.uk/vol1/fastq/ERR143/035/ERR14389435/ERR14389435_2.fastq.gz,ftp://ftp.sra.ebi.ac.uk/vol1/fastq/ERR143/036/ERR14389436/ERR14389436_2.fastq.gz,ftp://ftp.sra.ebi.ac.uk/vol1/fastq/ERR156/055/ERR15625555/ERR15625555_2.fastq.gz
RCN12722,Vietnam,AmpSeqV2,Resistant,Resistant,Sensitive,Resistant,Resistant,Resistant,Resistant,Sensitive,Resistant,Undetermined,ERR15625556,38130851.0,ERR14389440,30614.0,ERR14389441,36947.0,ERR14389442,1557.0,ftp://ftp.sra.ebi.ac.uk/vol1/fastq/ERR143/040/ERR14389440/ERR14389440_1.fastq.gz,ftp://ftp.sra.ebi.ac.uk/vol1/fastq/ERR143/041/ERR14389441/ERR14389441_1.fastq.gz,ftp://ftp.sra.ebi.ac.uk/vol1/fastq/ERR143/042/ERR14389442/ERR14389442_1.fastq.gz,ftp://ftp.sra.ebi.ac.uk/vol1/fastq/ERR156/056/ERR15625556/ERR15625556_1.fastq.gz,ftp://ftp.sra.ebi.ac.uk/vol1/fastq/ERR143/040/ERR14389440/ERR14389440_2.fastq.gz,ftp://ftp.sra.ebi.ac.uk/vol1/fastq/ERR143/041/ERR14389441/ERR14389441_2.fastq.gz,ftp://ftp.sra.ebi.ac.uk/vol1/fastq/ERR143/042/ERR14389442/ERR14389442_2.fastq.gz,ftp://ftp.sra.ebi.ac.uk/vol1/fastq/ERR156/056/ERR15625556/ERR15625556_2.fastq.gz
RCN12725,Vietnam,AmpSeqV2,Resistant,Resistant,Sensitive,Resistant,Resistant,Resistant,Resistant,Sensitive,Resistant,Undetermined,ERR15625558,17929460.0,ERR14389449,26625.0,ERR14389450,32412.0,ERR14389451,946.0,ftp://ftp.sra.ebi.ac.uk/vol1/fastq/ERR143/049/ERR14389449/ERR14389449_1.fastq.gz,ftp://ftp.sra.ebi.ac.uk/vol1/fastq/ERR143/050/ERR14389450/ERR14389450_1.fastq.gz,ftp://ftp.sra.ebi.ac.uk/vol1/fastq/ERR143/051/ERR14389451/ERR14389451_1.fastq.gz,ftp://ftp.sra.ebi.ac.uk/vol1/fastq/ERR156/058/ERR15625558/ERR15625558_1.fastq.gz,ftp://ftp.sra.ebi.ac.uk/vol1/fastq/ERR143/049/ERR14389449/ERR14389449_2.fastq.gz,ftp://ftp.sra.ebi.ac.uk/vol1/fastq/ERR143/050/ERR14389450/ERR14389450_2.fastq.gz,ftp://ftp.sra.ebi.ac.uk/vol1/fastq/ERR143/051/ERR14389451/ERR14389451_2.fastq.gz,ftp://ftp.sra.ebi.ac.uk/vol1/fastq/ERR156/058/ERR15625558/ERR15625558_2.fastq.gz
RCN12726,Vietnam,AmpSeqV2,Resistant,Resistant,Sensitive,Resistant,Resistant,Resistant,Resistant,Sensitive,Resistant,Undetermined,ERR15625559,18823944.0,ERR14389452,31544.0,ERR14389453,38292.0,ERR14389454,1371.0,ftp://ftp.sra.ebi.ac.uk/vol1/fastq/ERR143/052/ERR14389452/ERR14389452_1.fastq.gz,ftp://ftp.sra.ebi.ac.uk/vol1/fastq/ERR143/053/ERR14389453/ERR14389453_1.fastq.gz,ftp://ftp.sra.ebi.ac.uk/vol1/fastq/ERR143/054/ERR14389454/ERR14389454_1.fastq.gz,ftp://ftp.sra.ebi.ac.uk/vol1/fastq/ERR156/059/ERR15625559/ERR15625559_1.fastq.gz,ftp://ftp.sra.ebi.ac.uk/vol1/fastq/ERR143/052/ERR14389452/ERR14389452_2.fastq.gz,ftp://ftp.sra.ebi.ac.uk/vol1/fastq/ERR143/053/ERR14389453/ERR14389453_2.fastq.gz,ftp://ftp.sra.ebi.ac.uk/vol1/fastq/ERR143/054/ERR14389454/ERR14389454_2.fastq.gz,ftp://ftp.sra.ebi.ac.uk/vol1/fastq/ERR156/059/ERR15625559/ERR15625559_2.fastq.gz
RCN12732,Vietnam,AmpSeqV2,Resistant,Resistant,Sensitive,Resistant,Resistant,Resistant,Resistant,Sensitive,Resistant,Undetermined,ERR15625561,14949221.0,ERR14389470,37628.0,ERR14389471,41569.0,ERR14389472,1724.0,ftp://ftp.sra.ebi.ac.uk/vol1/fastq/ERR143/070/ERR14389470/ERR14389470_1.fastq.gz,ftp://ftp.sra.ebi.ac.uk/vol1/fastq/ERR143/071/ERR14389471/ERR14389471_1.fastq.gz,ftp://ftp.sra.ebi.ac.uk/vol1/fastq/ERR143/072/ERR14389472/ERR14389472_1.fastq.gz,ftp://ftp.sra.ebi.ac.uk/vol1/fastq/ERR156/061/ERR15625561/ERR15625561_1.fastq.gz,ftp://ftp.sra.ebi.ac.uk/vol1/fastq/ERR143/070/ERR14389470/ERR14389470_2.fastq.gz,ftp://ftp.sra.ebi.ac.uk/vol1/fastq/ERR143/071/ERR14389471/ERR14389471_2.fastq.gz,ftp://ftp.sra.ebi.ac.uk/vol1/fastq/ERR143/072/ERR14389472/ERR14389472_2.fastq.gz,ftp://ftp.sra.ebi.ac.uk/vol1/fastq/ERR156/061/ERR15625561/ERR15625561_2.fastq.gz
RCN12733,Vietnam,AmpSeqV2,Resistant,Resistant,Sensitive,Resistant,Resistant,Resistant,Resistant,Sensitive,Resistant,Undetermined,ERR15625562,16772677.0,ERR14389473,33620.0,ERR14389474,35314.0,ERR14389475,1421.0,ftp://ftp.sra.ebi.ac.uk/vol1/fastq/ERR143/073/ERR14389473/ERR14389473_1.fastq.gz,ftp://ftp.sra.ebi.ac.uk/vol1/fastq/ERR143/074/ERR14389474/ERR14389474_1.fastq.gz,ftp://ftp.sra.ebi.ac.uk/vol1/fastq/ERR143/075/ERR14389475/ERR14389475_1.fastq.gz,ftp://ftp.sra.ebi.ac.uk/vol1/fastq/ERR156/062/ERR15625562/ERR15625562_1.fastq.gz,ftp://ftp.sra.ebi.ac.uk/vol1/fastq/ERR143/073/ERR14389473/ERR14389473_2.fastq.gz,ftp://ftp.sra.ebi.ac.uk/vol1/fastq/ERR143/074/ERR14389474/ERR14389474_2.fastq.gz,ftp://ftp.sra.ebi.ac.uk/vol1/fastq/ERR143/075/ERR14389475/ERR14389475_2.fastq.gz,ftp://ftp.sra.ebi.ac.uk/vol1/fastq/ERR156/062/ERR15625562/ERR15625562_2.fastq.gz
RCN12734,Vietnam,AmpSeqV2,Resistant,Resistant,Sensitive,Resistant,Resistant,Resistant,Resistant,Sensitive,Resistant,Undetermined,ERR15625563,16075986.0,ERR14389476,33227.0,ERR14389477,34443.0,ERR14389478,1193.0,ftp://ftp.sra.ebi.ac.uk/vol1/fastq/ERR143/076/ERR14389476/ERR14389476_1.fastq.gz,ftp://ftp.sra.ebi.ac.uk/vol1/fastq/ERR143/077/ERR14389477/ERR14389477_1.fastq.gz,ftp://ftp.sra.ebi.ac.uk/vol1/fastq/ERR143/078/ERR14389478/ERR14389478_1.fastq.gz,ftp://ftp.sra.ebi.ac.uk/vol1/fastq/ERR156/063/ERR15625563/ERR15625563_1.fastq.gz,ftp://ftp.sra.ebi.ac.uk/vol1/fastq/ERR143/076/ERR14389476/ERR14389476_2.fastq.gz,ftp://ftp.sra.ebi.ac.uk/vol1/fastq/ERR143/077/ERR14389477/ERR14389477_2.fastq.gz,ftp://ftp.sra.ebi.ac.uk/vol1/fastq/ERR143/078/ERR14389478/ERR14389478_2.fastq.gz,ftp://ftp.sra.ebi.ac.uk/vol1/fastq/ERR156/063/ERR15625563/ERR15625563_2.fastq.gz
RCN12736,Vietnam,AmpSeqV2,Resistant,Resistant,Sensitive,Resistant,Resistant,Resistant,Resistant,Sensitive,Resistant,Undetermined,ERR15625564,17891624.0,ERR14389482,30782.0,ERR14389483,29146.0,ERR14389484,1176.0,ftp://ftp.sra.ebi.ac.uk/vol1/fastq/ERR143/082/ERR14389482/ERR14389482_1.fastq.gz,ftp://ftp.sra.ebi.ac.uk/vol1/fastq/ERR143/083/ERR14389483/ERR14389483_1.fastq.gz,ftp://ftp.sra.ebi.ac.uk/vol1/fastq/ERR143/084/ERR14389484/ERR14389484_1.fastq.gz,ftp://ftp.sra.ebi.ac.uk/vol1/fastq/ERR156/064/ERR15625564/ERR15625564_1.fastq.gz,ftp://ftp.sra.ebi.ac.uk/vol1/fastq/ERR143/082/ERR14389482/ERR14389482_2.fastq.gz,ftp://ftp.sra.ebi.ac.uk/vol1/fastq/ERR143/083/ERR14389483/ERR14389483_2.fastq.gz,ftp://ftp.sra.ebi.ac.uk/vol1/fastq/ERR143/084/ERR14389484/ERR14389484_2.fastq.gz,ftp://ftp.sra.ebi.ac.uk/vol1/fastq/ERR156/064/ERR15625564/ERR15625564_2.fastq.gz
RCN12737,Vietnam,AmpSeqV2,Resistant,Sensitive,Sensitive,Resistant,Resistant,Resistant,Sensitive,Sensitive,Resistant,Undetermined,ERR15625565,31564074.0,ERR14389485,29579.0,ERR14389486,31599.0,ERR14389487,1098.0,ftp://ftp.sra.ebi.ac.uk/vol1/fastq/ERR143/085/ERR14389485/ERR14389485_1.fastq.gz,ftp://ftp.sra.ebi.ac.uk/vol1/fastq/ERR143/086/ERR14389486/ERR14389486_1.fastq.gz,ftp://ftp.sra.ebi.ac.uk/vol1/fastq/ERR143/087/ERR14389487/ERR14389487_1.fastq.gz,ftp://ftp.sra.ebi.ac.uk/vol1/fastq/ERR156/065/ERR15625565/ERR15625565_1.fastq.gz,ftp://ftp.sra.ebi.ac.uk/vol1/fastq/ERR143/085/ERR14389485/ERR14389485_2.fastq.gz,ftp://ftp.sra.ebi.ac.uk/vol1/fastq/ERR143/086/ERR14389486/ERR14389486_2.fastq.gz,ftp://ftp.sra.ebi.ac.uk/vol1/fastq/ERR143/087/ERR14389487/ERR14389487_2.fastq.gz,ftp://ftp.sra.ebi.ac.uk/vol1/fastq/ERR156/065/ERR15625565/ERR15625565_2.fastq.gz
RCN12738,Vietnam,AmpSeqV2,Resistant,Sensitive,Sensitive,Resistant,Resistant,Resistant,Sensitive,Sensitive,Resistant,Undetermined,ERR15625566,36835827.0,ERR14389488,28229.0,ERR14389489,30059.0,ERR14389490,1629.0,ftp://ftp.sra.ebi.ac.uk/vol1/fastq/ERR143/088/ERR14389488/ERR14389488_1.fastq.gz,ftp://ftp.sra.ebi.ac.uk/vol1/fastq/ERR143/089/ERR14389489/ERR14389489_1.fastq.gz,ftp://ftp.sra.ebi.ac.uk/vol1/fastq/ERR143/090/ERR14389490/ERR14389490_1.fastq.gz,ftp://ftp.sra.ebi.ac.uk/vol1/fastq/ERR156/066/ERR15625566/ERR15625566_1.fastq.gz,ftp://ftp.sra.ebi.ac.uk/vol1/fastq/ERR143/088/ERR14389488/ERR14389488_2.fastq.gz,ftp://ftp.sra.ebi.ac.uk/vol1/fastq/ERR143/089/ERR14389489/ERR14389489_2.fastq.gz,ftp://ftp.sra.ebi.ac.uk/vol1/fastq/ERR143/090/ERR14389490/ERR14389490_2.fastq.gz,ftp://ftp.sra.ebi.ac.uk/vol1/fastq/ERR156/066/ERR15625566/ERR15625566_2.fastq.gz
RCN12740,Vietnam,AmpSeqV2,Resistant,Resistant,Sensitive,Resistant,Resistant,Resistant,Resistant,Sensitive,Resistant,Undetermined,ERR15625567,21518768.0,ERR14389494,33628.0,ERR14389495,38088.0,ERR14389496,1756.0,ftp://ftp.sra.ebi.ac.uk/vol1/fastq/ERR143/094/ERR14389494/ERR14389494_1.fastq.gz,ftp://ftp.sra.ebi.ac.uk/vol1/fastq/ERR143/095/ERR14389495/ERR14389495_1.fastq.gz,ftp://ftp.sra.ebi.ac.uk/vol1/fastq/ERR143/096/ERR14389496/ERR14389496_1.fastq.gz,ftp://ftp.sra.ebi.ac.uk/vol1/fastq/ERR156/067/ERR15625567/ERR15625567_1.fastq.gz,ftp://ftp.sra.ebi.ac.uk/vol1/fastq/ERR143/094/ERR14389494/ERR14389494_2.fastq.gz,ftp://ftp.sra.ebi.ac.uk/vol1/fastq/ERR143/095/ERR14389495/ERR14389495_2.fastq.gz,ftp://ftp.sra.ebi.ac.uk/vol1/fastq/ERR143/096/ERR14389496/ERR14389496_2.fastq.gz,ftp://ftp.sra.ebi.ac.uk/vol1/fastq/ERR156/067/ERR15625567/ERR15625567_2.fastq.gz
RCN12741,Vietnam,AmpSeqV2,Resistant,Resistant,Sensitive,Resistant,Resistant,Resistant,Resistant,Sensitive,Resistant,Undetermined,ERR15625568,17470750.0,ERR14389497,31407.0,ERR14389498,35853.0,ERR14389499,1088.0,ftp://ftp.sra.ebi.ac.uk/vol1/fastq/ERR143/097/ERR14389497/ERR14389497_1.fastq.gz,ftp://ftp.sra.ebi.ac.uk/vol1/fastq/ERR143/098/ERR14389498/ERR14389498_1.fastq.gz,ftp://ftp.sra.ebi.ac.uk/vol1/fastq/ERR143/099/ERR14389499/ERR14389499_1.fastq.gz,ftp://ftp.sra.ebi.ac.uk/vol1/fastq/ERR156/068/ERR15625568/ERR15625568_1.fastq.gz,ftp://ftp.sra.ebi.ac.uk/vol1/fastq/ERR143/097/ERR14389497/ERR14389497_2.fastq.gz,ftp://ftp.sra.ebi.ac.uk/vol1/fastq/ERR143/098/ERR14389498/ERR14389498_2.fastq.gz,ftp://ftp.sra.ebi.ac.uk/vol1/fastq/ERR143/099/ERR14389499/ERR14389499_2.fastq.gz,ftp://ftp.sra.ebi.ac.uk/vol1/fastq/ERR156/068/ERR15625568/ERR15625568_2.fastq.gz
RCN12742,Vietnam,AmpSeqV2,Resistant,Resistant,Sensitive,Resistant,Resistant,Resistant,Resistant,Sensitive,Resistant,Undetermined,ERR15625569,18081992.0,ERR14389500,31246.0,ERR14389501,36065.0,ERR14389502,1356.0,ftp://ftp.sra.ebi.ac.uk/vol1/fastq/ERR143/000/ERR14389500/ERR14389500_1.fastq.gz,ftp://ftp.sra.ebi.ac.uk/vol1/fastq/ERR143/001/ERR14389501/ERR14389501_1.fastq.gz,ftp://ftp.sra.ebi.ac.uk/vol1/fastq/ERR143/002/ERR14389502/ERR14389502_1.fastq.gz,ftp://ftp.sra.ebi.ac.uk/vol1/fastq/ERR156/069/ERR15625569/ERR15625569_1.fastq.gz,ftp://ftp.sra.ebi.ac.uk/vol1/fastq/ERR143/000/ERR14389500/ERR14389500_2.fastq.gz,ftp://ftp.sra.ebi.ac.uk/vol1/fastq/ERR143/001/ERR14389501/ERR14389501_2.fastq.gz,ftp://ftp.sra.ebi.ac.uk/vol1/fastq/ERR143/002/ERR14389502/ERR14389502_2.fastq.gz,ftp://ftp.sra.ebi.ac.uk/vol1/fastq/ERR156/069/ERR15625569/ERR15625569_2.fastq.gz
RCN12744,Vietnam,AmpSeqV2,Resistant,Resistant,Sensitive,Resistant,Resistant,Resistant,Resistant,Sensitive,Resistant,Undetermined,ERR15625570,18106322.0,ERR14389506,36272.0,ERR14389507,31734.0,ERR14389508,876.0,ftp://ftp.sra.ebi.ac.uk/vol1/fastq/ERR143/006/ERR14389506/ERR14389506_1.fastq.gz,ftp://ftp.sra.ebi.ac.uk/vol1/fastq/ERR143/007/ERR14389507/ERR14389507_1.fastq.gz,ftp://ftp.sra.ebi.ac.uk/vol1/fastq/ERR143/008/ERR14389508/ERR14389508_1.fastq.gz,ftp://ftp.sra.ebi.ac.uk/vol1/fastq/ERR156/070/ERR15625570/ERR15625570_1.fastq.gz,ftp://ftp.sra.ebi.ac.uk/vol1/fastq/ERR143/006/ERR14389506/ERR14389506_2.fastq.gz,ftp://ftp.sra.ebi.ac.uk/vol1/fastq/ERR143/007/ERR14389507/ERR14389507_2.fastq.gz,ftp://ftp.sra.ebi.ac.uk/vol1/fastq/ERR143/008/ERR14389508/ERR14389508_2.fastq.gz,ftp://ftp.sra.ebi.ac.uk/vol1/fastq/ERR156/070/ERR15625570/ERR15625570_2.fastq.gz
RCN12745,Vietnam,AmpSeqV2,Resistant,Resistant,Sensitive,Resistant,Resistant,Resistant,Resistant,Sensitive,Resistant,Undetermined,ERR15625571,28889658.0,ERR14389509,28391.0,ERR14389510,29257.0,ERR14389511,1266.0,ftp://ftp.sra.ebi.ac.uk/vol1/fastq/ERR143/009/ERR14389509/ERR14389509_1.fastq.gz,ftp://ftp.sra.ebi.ac.uk/vol1/fastq/ERR143/010/ERR14389510/ERR14389510_1.fastq.gz,ftp://ftp.sra.ebi.ac.uk/vol1/fastq/ERR143/011/ERR14389511/ERR14389511_1.fastq.gz,ftp://ftp.sra.ebi.ac.uk/vol1/fastq/ERR156/071/ERR15625571/ERR15625571_1.fastq.gz,ftp://ftp.sra.ebi.ac.uk/vol1/fastq/ERR143/009/ERR14389509/ERR14389509_2.fastq.gz,ftp://ftp.sra.ebi.ac.uk/vol1/fastq/ERR143/010/ERR14389510/ERR14389510_2.fastq.gz,ftp://ftp.sra.ebi.ac.uk/vol1/fastq/ERR143/011/ERR14389511/ERR14389511_2.fastq.gz,ftp://ftp.sra.ebi.ac.uk/vol1/fastq/ERR156/071/ERR15625571/ERR15625571_2.fastq.gz
RCN12746,Vietnam,AmpSeqV2,Resistant,Resistant,Sensitive,Resistant,Resistant,Resistant,Resistant,Sensitive,Resistant,Undetermined,ERR15625572,13879172.0,ERR14389512,30521.0,ERR14389513,32900.0,ERR14389514,941.0,ftp://ftp.sra.ebi.ac.uk/vol1/fastq/ERR143/012/ERR14389512/ERR14389512_1.fastq.gz,ftp://ftp.sra.ebi.ac.uk/vol1/fastq/ERR143/013/ERR14389513/ERR14389513_1.fastq.gz,ftp://ftp.sra.ebi.ac.uk/vol1/fastq/ERR143/014/ERR14389514/ERR14389514_1.fastq.gz,ftp://ftp.sra.ebi.ac.uk/vol1/fastq/ERR156/072/ERR15625572/ERR15625572_1.fastq.gz,ftp://ftp.sra.ebi.ac.uk/vol1/fastq/ERR143/012/ERR14389512/ERR14389512_2.fastq.gz,ftp://ftp.sra.ebi.ac.uk/vol1/fastq/ERR143/013/ERR14389513/ERR14389513_2.fastq.gz,ftp://ftp.sra.ebi.ac.uk/vol1/fastq/ERR143/014/ERR14389514/ERR14389514_2.fastq.gz,ftp://ftp.sra.ebi.ac.uk/vol1/fastq/ERR156/072/ERR15625572/ERR15625572_2.fastq.gz
RCN12749,Vietnam,AmpSeqV2,Resistant,Resistant,Sensitive,Resistant,Resistant,Resistant,Resistant,Sensitive,Resistant,Undetermined,ERR15625574,43614627.0,ERR14389515,31870.0,ERR14389516,36151.0,ERR14389517,1212.0,ftp://ftp.sra.ebi.ac.uk/vol1/fastq/ERR143/015/ERR14389515/ERR14389515_1.fastq.gz,ftp://ftp.sra.ebi.ac.uk/vol1/fastq/ERR143/016/ERR14389516/ERR14389516_1.fastq.gz,ftp://ftp.sra.ebi.ac.uk/vol1/fastq/ERR143/017/ERR14389517/ERR14389517_1.fastq.gz,ftp://ftp.sra.ebi.ac.uk/vol1/fastq/ERR156/074/ERR15625574/ERR15625574_1.fastq.gz,ftp://ftp.sra.ebi.ac.uk/vol1/fastq/ERR143/015/ERR14389515/ERR14389515_2.fastq.gz,ftp://ftp.sra.ebi.ac.uk/vol1/fastq/ERR143/016/ERR14389516/ERR14389516_2.fastq.gz,ftp://ftp.sra.ebi.ac.uk/vol1/fastq/ERR143/017/ERR14389517/ERR14389517_2.fastq.gz,ftp://ftp.sra.ebi.ac.uk/vol1/fastq/ERR156/074/ERR15625574/ERR15625574_2.fastq.gz
RCN12750,Vietnam,AmpSeqV2,Sensitive,Sensitive,Sensitive,Resistant,Resistant,Resistant,Sensitive,Sensitive,Resistant,Sensitive,ERR15625575,33384193.0,ERR14389518,27411.0,ERR14389519,29720.0,ERR14389520,1304.0,ftp://ftp.sra.ebi.ac.uk/vol1/fastq/ERR143/018/ERR14389518/ERR14389518_1.fastq.gz,ftp://ftp.sra.ebi.ac.uk/vol1/fastq/ERR143/019/ERR14389519/ERR14389519_1.fastq.gz,ftp://ftp.sra.ebi.ac.uk/vol1/fastq/ERR143/020/ERR14389520/ERR14389520_1.fastq.gz,ftp://ftp.sra.ebi.ac.uk/vol1/fastq/ERR156/075/ERR15625575/ERR15625575_1.fastq.gz,ftp://ftp.sra.ebi.ac.uk/vol1/fastq/ERR143/018/ERR14389518/ERR14389518_2.fastq.gz,ftp://ftp.sra.ebi.ac.uk/vol1/fastq/ERR143/019/ERR14389519/ERR14389519_2.fastq.gz,ftp://ftp.sra.ebi.ac.uk/vol1/fastq/ERR143/020/ERR14389520/ERR14389520_2.fastq.gz,ftp://ftp.sra.ebi.ac.uk/vol1/fastq/ERR156/075/ERR15625575/ERR15625575_2.fastq.gz
RCN12751,Vietnam,AmpSeqV2,Sensitive,Sensitive,Sensitive,Resistant,Resistant,Resistant,Sensitive,Sensitive,Resistant,Sensitive,ERR15625576,15286025.0,ERR14389521,24899.0,ERR14389522,27969.0,ERR14389523,1082.0,ftp://ftp.sra.ebi.ac.uk/vol1/fastq/ERR143/021/ERR14389521/ERR14389521_1.fastq.gz,ftp://ftp.sra.ebi.ac.uk/vol1/fastq/ERR143/022/ERR14389522/ERR14389522_1.fastq.gz,ftp://ftp.sra.ebi.ac.uk/vol1/fastq/ERR143/023/ERR14389523/ERR14389523_1.fastq.gz,ftp://ftp.sra.ebi.ac.uk/vol1/fastq/ERR156/076/ERR15625576/ERR15625576_1.fastq.gz,ftp://ftp.sra.ebi.ac.uk/vol1/fastq/ERR143/021/ERR14389521/ERR14389521_2.fastq.gz,ftp://ftp.sra.ebi.ac.uk/vol1/fastq/ERR143/022/ERR14389522/ERR14389522_2.fastq.gz,ftp://ftp.sra.ebi.ac.uk/vol1/fastq/ERR143/023/ERR14389523/ERR14389523_2.fastq.gz,ftp://ftp.sra.ebi.ac.uk/vol1/fastq/ERR156/076/ERR15625576/ERR15625576_2.fastq.gz
RCN12752,Vietnam,AmpSeqV2,Sensitive,Sensitive,Sensitive,Resistant,Resistant,Resistant,Sensitive,Sensitive,Resistant,Sensitive,ERR15625577,10470946.0,ERR14389524,27576.0,ERR14389525,30830.0,ERR14389526,935.0,ftp://ftp.sra.ebi.ac.uk/vol1/fastq/ERR143/024/ERR14389524/ERR14389524_1.fastq.gz,ftp://ftp.sra.ebi.ac.uk/vol1/fastq/ERR143/025/ERR14389525/ERR14389525_1.fastq.gz,ftp://ftp.sra.ebi.ac.uk/vol1/fastq/ERR143/026/ERR14389526/ERR14389526_1.fastq.gz,ftp://ftp.sra.ebi.ac.uk/vol1/fastq/ERR156/077/ERR15625577/ERR15625577_1.fastq.gz,ftp://ftp.sra.ebi.ac.uk/vol1/fastq/ERR143/024/ERR14389524/ERR14389524_2.fastq.gz,ftp://ftp.sra.ebi.ac.uk/vol1/fastq/ERR143/025/ERR14389525/ERR14389525_2.fastq.gz,ftp://ftp.sra.ebi.ac.uk/vol1/fastq/ERR143/026/ERR14389526/ERR14389526_2.fastq.gz,ftp://ftp.sra.ebi.ac.uk/vol1/fastq/ERR156/077/ERR15625577/ERR15625577_2.fastq.gz
RCN13263,Laos,AmpSeqV1,Sensitive,Sensitive,Sensitive,Resistant,Resistant,Sensitive,Sensitive,Sensitive,Resistant,Sensitive,ERR15625809,12893326.0,ERR14389884,34205.0,ERR14389885,30428.0,ERR14389886,366.0,ftp://ftp.sra.ebi.ac.uk/vol1/fastq/ERR143/084/ERR14389884/ERR14389884_1.fastq.gz,ftp://ftp.sra.ebi.ac.uk/vol1/fastq/ERR143/085/ERR14389885/ERR14389885_1.fastq.gz,ftp://ftp.sra.ebi.ac.uk/vol1/fastq/ERR143/086/ERR14389886/ERR14389886_1.fastq.gz,ftp://ftp.sra.ebi.ac.uk/vol1/fastq/ERR156/009/ERR15625809/ERR15625809_1.fastq.gz,ftp://ftp.sra.ebi.ac.uk/vol1/fastq/ERR143/084/ERR14389884/ERR14389884_2.fastq.gz,ftp://ftp.sra.ebi.ac.uk/vol1/fastq/ERR143/085/ERR14389885/ERR14389885_2.fastq.gz,ftp://ftp.sra.ebi.ac.uk/vol1/fastq/ERR143/086/ERR14389886/ERR14389886_2.fastq.gz,ftp://ftp.sra.ebi.ac.uk/vol1/fastq/ERR156/009/ERR15625809/ERR15625809_2.fastq.gz
RCN13265,Laos,AmpSeqV1,Sensitive,Sensitive,Sensitive,Resistant,Resistant,Sensitive,Sensitive,Sensitive,Sensitive,Sensitive,ERR15625811,13224720.0,ERR14389890,38991.0,ERR14389891,32666.0,ERR14389892,1427.0,ftp://ftp.sra.ebi.ac.uk/vol1/fastq/ERR143/090/ERR14389890/ERR14389890_1.fastq.gz,ftp://ftp.sra.ebi.ac.uk/vol1/fastq/ERR143/091/ERR14389891/ERR14389891_1.fastq.gz,ftp://ftp.sra.ebi.ac.uk/vol1/fastq/ERR143/092/ERR14389892/ERR14389892_1.fastq.gz,ftp://ftp.sra.ebi.ac.uk/vol1/fastq/ERR156/011/ERR15625811/ERR15625811_1.fastq.gz,ftp://ftp.sra.ebi.ac.uk/vol1/fastq/ERR143/090/ERR14389890/ERR14389890_2.fastq.gz,ftp://ftp.sra.ebi.ac.uk/vol1/fastq/ERR143/091/ERR14389891/ERR14389891_2.fastq.gz,ftp://ftp.sra.ebi.ac.uk/vol1/fastq/ERR143/092/ERR14389892/ERR14389892_2.fastq.gz,ftp://ftp.sra.ebi.ac.uk/vol1/fastq/ERR156/011/ERR15625811/ERR15625811_2.fastq.gz
RCN13267,Laos,AmpSeqV1,Sensitive,Sensitive,Sensitive,Resistant,Resistant,Sensitive,Sensitive,Sensitive,Sensitive,Sensitive,ERR15625813,11588768.0,ERR14389896,16336.0,ERR14389897,30586.0,ERR14389898,358.0,ftp://ftp.sra.ebi.ac.uk/vol1/fastq/ERR143/096/ERR14389896/ERR14389896_1.fastq.gz,ftp://ftp.sra.ebi.ac.uk/vol1/fastq/ERR143/097/ERR14389897/ERR14389897_1.fastq.gz,ftp://ftp.sra.ebi.ac.uk/vol1/fastq/ERR143/098/ERR14389898/ERR14389898_1.fastq.gz,ftp://ftp.sra.ebi.ac.uk/vol1/fastq/ERR156/013/ERR15625813/ERR15625813_1.fastq.gz,ftp://ftp.sra.ebi.ac.uk/vol1/fastq/ERR143/096/ERR14389896/ERR14389896_2.fastq.gz,ftp://ftp.sra.ebi.ac.uk/vol1/fastq/ERR143/097/ERR14389897/ERR14389897_2.fastq.gz,ftp://ftp.sra.ebi.ac.uk/vol1/fastq/ERR143/098/ERR14389898/ERR14389898_2.fastq.gz,ftp://ftp.sra.ebi.ac.uk/vol1/fastq/ERR156/013/ERR15625813/ERR15625813_2.fastq.gz
RCN13270,Laos,AmpSeqV1,Sensitive,Sensitive,Sensitive,Resistant,Resistant,Sensitive,Sensitive,Sensitive,Resistant,Sensitive,ERR15625816,11530557.0,ERR14389905,37530.0,ERR14389906,31287.0,ERR14389907,1494.0,ftp://ftp.sra.ebi.ac.uk/vol1/fastq/ERR143/005/ERR14389905/ERR14389905_1.fastq.gz,ftp://ftp.sra.ebi.ac.uk/vol1/fastq/ERR143/006/ERR14389906/ERR14389906_1.fastq.gz,ftp://ftp.sra.ebi.ac.uk/vol1/fastq/ERR143/007/ERR14389907/ERR14389907_1.fastq.gz,ftp://ftp.sra.ebi.ac.uk/vol1/fastq/ERR156/016/ERR15625816/ERR15625816_1.fastq.gz,ftp://ftp.sra.ebi.ac.uk/vol1/fastq/ERR143/005/ERR14389905/ERR14389905_2.fastq.gz,ftp://ftp.sra.ebi.ac.uk/vol1/fastq/ERR143/006/ERR14389906/ERR14389906_2.fastq.gz,ftp://ftp.sra.ebi.ac.uk/vol1/fastq/ERR143/007/ERR14389907/ERR14389907_2.fastq.gz,ftp://ftp.sra.ebi.ac.uk/vol1/fastq/ERR156/016/ERR15625816/ERR15625816_2.fastq.gz
RCN13271,Laos,AmpSeqV1,Sensitive,Sensitive,Sensitive,Resistant,Resistant,Sensitive,Sensitive,Sensitive,Sensitive,Sensitive,ERR15625817,10934157.0,ERR14389908,43872.0,ERR14389909,38389.0,ERR14389910,868.0,ftp://ftp.sra.ebi.ac.uk/vol1/fastq/ERR143/008/ERR14389908/ERR14389908_1.fastq.gz,ftp://ftp.sra.ebi.ac.uk/vol1/fastq/ERR143/009/ERR14389909/ERR14389909_1.fastq.gz,ftp://ftp.sra.ebi.ac.uk/vol1/fastq/ERR143/010/ERR14389910/ERR14389910_1.fastq.gz,ftp://ftp.sra.ebi.ac.uk/vol1/fastq/ERR156/017/ERR15625817/ERR15625817_1.fastq.gz,ftp://ftp.sra.ebi.ac.uk/vol1/fastq/ERR143/008/ERR14389908/ERR14389908_2.fastq.gz,ftp://ftp.sra.ebi.ac.uk/vol1/fastq/ERR143/009/ERR14389909/ERR14389909_2.fastq.gz,ftp://ftp.sra.ebi.ac.uk/vol1/fastq/ERR143/010/ERR14389910/ERR14389910_2.fastq.gz,ftp://ftp.sra.ebi.ac.uk/vol1/fastq/ERR156/017/ERR15625817/ERR15625817_2.fastq.gz
RCN13273,Laos,AmpSeqV1,Sensitive,Sensitive,Sensitive,Resistant,Resistant,Sensitive,Sensitive,Sensitive,Sensitive,Sensitive,ERR15625819,11178498.0,ERR14389914,62010.0,ERR14389915,55566.0,ERR14389916,736.0,ftp://ftp.sra.ebi.ac.uk/vol1/fastq/ERR143/014/ERR14389914/ERR14389914_1.fastq.gz,ftp://ftp.sra.ebi.ac.uk/vol1/fastq/ERR143/015/ERR14389915/ERR14389915_1.fastq.gz,ftp://ftp.sra.ebi.ac.uk/vol1/fastq/ERR143/016/ERR14389916/ERR14389916_1.fastq.gz,ftp://ftp.sra.ebi.ac.uk/vol1/fastq/ERR156/019/ERR15625819/ERR15625819_1.fastq.gz,ftp://ftp.sra.ebi.ac.uk/vol1/fastq/ERR143/014/ERR14389914/ERR14389914_2.fastq.gz,ftp://ftp.sra.ebi.ac.uk/vol1/fastq/ERR143/015/ERR14389915/ERR14389915_2.fastq.gz,ftp://ftp.sra.ebi.ac.uk/vol1/fastq/ERR143/016/ERR14389916/ERR14389916_2.fastq.gz,ftp://ftp.sra.ebi.ac.uk/vol1/fastq/ERR156/019/ERR15625819/ERR15625819_2.fastq.gz
RCN13274,Laos,AmpSeqV1,Sensitive,Sensitive,Sensitive,Resistant,Resistant,Sensitive,Sensitive,Sensitive,Sensitive,Sensitive,ERR15625820,10629689.0,ERR14389917,24799.0,ERR14389918,34616.0,ERR14389919,987.0,ftp://ftp.sra.ebi.ac.uk/vol1/fastq/ERR143/017/ERR14389917/ERR14389917_1.fastq.gz,ftp://ftp.sra.ebi.ac.uk/vol1/fastq/ERR143/018/ERR14389918/ERR14389918_1.fastq.gz,ftp://ftp.sra.ebi.ac.uk/vol1/fastq/ERR143/019/ERR14389919/ERR14389919_1.fastq.gz,ftp://ftp.sra.ebi.ac.uk/vol1/fastq/ERR156/020/ERR15625820/ERR15625820_1.fastq.gz,ftp://ftp.sra.ebi.ac.uk/vol1/fastq/ERR143/017/ERR14389917/ERR14389917_2.fastq.gz,ftp://ftp.sra.ebi.ac.uk/vol1/fastq/ERR143/018/ERR14389918/ERR14389918_2.fastq.gz,ftp://ftp.sra.ebi.ac.uk/vol1/fastq/ERR143/019/ERR14389919/ERR14389919_2.fastq.gz,ftp://ftp.sra.ebi.ac.uk/vol1/fastq/ERR156/020/ERR15625820/ERR15625820_2.fastq.gz
RCN13275,Laos,AmpSeqV1,Sensitive,Sensitive,Sensitive,Resistant,Resistant,Sensitive,Sensitive,Sensitive,Sensitive,Sensitive,ERR15625821,10972359.0,ERR14389920,26810.0,ERR14389921,35797.0,ERR14389922,252.0,ftp://ftp.sra.ebi.ac.uk/vol1/fastq/ERR143/020/ERR14389920/ERR14389920_1.fastq.gz,ftp://ftp.sra.ebi.ac.uk/vol1/fastq/ERR143/021/ERR14389921/ERR14389921_1.fastq.gz,ftp://ftp.sra.ebi.ac.uk/vol1/fastq/ERR143/022/ERR14389922/ERR14389922_1.fastq.gz,ftp://ftp.sra.ebi.ac.uk/vol1/fastq/ERR156/021/ERR15625821/ERR15625821_1.fastq.gz,ftp://ftp.sra.ebi.ac.uk/vol1/fastq/ERR143/020/ERR14389920/ERR14389920_2.fastq.gz,ftp://ftp.sra.ebi.ac.uk/vol1/fastq/ERR143/021/ERR14389921/ERR14389921_2.fastq.gz,ftp://ftp.sra.ebi.ac.uk/vol1/fastq/ERR143/022/ERR14389922/ERR14389922_2.fastq.gz,ftp://ftp.sra.ebi.ac.uk/vol1/fastq/ERR156/021/ERR15625821/ERR15625821_2.fastq.gz
RCN13278,Laos,AmpSeqV1,Sensitive,Sensitive,Sensitive,Resistant,Resistant,Sensitive,Sensitive,Sensitive,Sensitive,Sensitive,ERR15625824,14155372.0,ERR14389929,41507.0,ERR14389930,40263.0,ERR14389931,192.0,ftp://ftp.sra.ebi.ac.uk/vol1/fastq/ERR143/029/ERR14389929/ERR14389929_1.fastq.gz,ftp://ftp.sra.ebi.ac.uk/vol1/fastq/ERR143/030/ERR14389930/ERR14389930_1.fastq.gz,ftp://ftp.sra.ebi.ac.uk/vol1/fastq/ERR143/031/ERR14389931/ERR14389931_1.fastq.gz,ftp://ftp.sra.ebi.ac.uk/vol1/fastq/ERR156/024/ERR15625824/ERR15625824_1.fastq.gz,ftp://ftp.sra.ebi.ac.uk/vol1/fastq/ERR143/029/ERR14389929/ERR14389929_2.fastq.gz,ftp://ftp.sra.ebi.ac.uk/vol1/fastq/ERR143/030/ERR14389930/ERR14389930_2.fastq.gz,ftp://ftp.sra.ebi.ac.uk/vol1/fastq/ERR143/031/ERR14389931/ERR14389931_2.fastq.gz,ftp://ftp.sra.ebi.ac.uk/vol1/fastq/ERR156/024/ERR15625824/ERR15625824_2.fastq.gz
RCN13279,Laos,AmpSeqV1,Sensitive,Sensitive,Sensitive,Resistant,Resistant,Sensitive,Sensitive,Sensitive,Sensitive,Sensitive,ERR15625825,13375428.0,ERR14389932,37955.0,ERR14389933,33235.0,ERR14389934,907.0,ftp://ftp.sra.ebi.ac.uk/vol1/fastq/ERR143/032/ERR14389932/ERR14389932_1.fastq.gz,ftp://ftp.sra.ebi.ac.uk/vol1/fastq/ERR143/033/ERR14389933/ERR14389933_1.fastq.gz,ftp://ftp.sra.ebi.ac.uk/vol1/fastq/ERR143/034/ERR14389934/ERR14389934_1.fastq.gz,ftp://ftp.sra.ebi.ac.uk/vol1/fastq/ERR156/025/ERR15625825/ERR15625825_1.fastq.gz,ftp://ftp.sra.ebi.ac.uk/vol1/fastq/ERR143/032/ERR14389932/ERR14389932_2.fastq.gz,ftp://ftp.sra.ebi.ac.uk/vol1/fastq/ERR143/033/ERR14389933/ERR14389933_2.fastq.gz,ftp://ftp.sra.ebi.ac.uk/vol1/fastq/ERR143/034/ERR14389934/ERR14389934_2.fastq.gz,ftp://ftp.sra.ebi.ac.uk/vol1/fastq/ERR156/025/ERR15625825/ERR15625825_2.fastq.gz
RCN13280,Laos,AmpSeqV1,Sensitive,Sensitive,Sensitive,Resistant,Resistant,Sensitive,Sensitive,Sensitive,Sensitive,Sensitive,ERR15625826,12929940.0,ERR14389935,43849.0,ERR14389936,36635.0,ERR14389937,982.0,ftp://ftp.sra.ebi.ac.uk/vol1/fastq/ERR143/035/ERR14389935/ERR14389935_1.fastq.gz,ftp://ftp.sra.ebi.ac.uk/vol1/fastq/ERR143/036/ERR14389936/ERR14389936_1.fastq.gz,ftp://ftp.sra.ebi.ac.uk/vol1/fastq/ERR143/037/ERR14389937/ERR14389937_1.fastq.gz,ftp://ftp.sra.ebi.ac.uk/vol1/fastq/ERR156/026/ERR15625826/ERR15625826_1.fastq.gz,ftp://ftp.sra.ebi.ac.uk/vol1/fastq/ERR143/035/ERR14389935/ERR14389935_2.fastq.gz,ftp://ftp.sra.ebi.ac.uk/vol1/fastq/ERR143/036/ERR14389936/ERR14389936_2.fastq.gz,ftp://ftp.sra.ebi.ac.uk/vol1/fastq/ERR143/037/ERR14389937/ERR14389937_2.fastq.gz,ftp://ftp.sra.ebi.ac.uk/vol1/fastq/ERR156/026/ERR15625826/ERR15625826_2.fastq.gz
RCN13281,Laos,AmpSeqV1,Sensitive,Sensitive,Sensitive,Resistant,Resistant,Sensitive,Sensitive,Sensitive,Sensitive,Sensitive,ERR15625827,11908996.0,ERR14389938,43890.0,ERR14389939,34576.0,ERR14389940,852.0,ftp://ftp.sra.ebi.ac.uk/vol1/fastq/ERR143/038/ERR14389938/ERR14389938_1.fastq.gz,ftp://ftp.sra.ebi.ac.uk/vol1/fastq/ERR143/039/ERR14389939/ERR14389939_1.fastq.gz,ftp://ftp.sra.ebi.ac.uk/vol1/fastq/ERR143/040/ERR14389940/ERR14389940_1.fastq.gz,ftp://ftp.sra.ebi.ac.uk/vol1/fastq/ERR156/027/ERR15625827/ERR15625827_1.fastq.gz,ftp://ftp.sra.ebi.ac.uk/vol1/fastq/ERR143/038/ERR14389938/ERR14389938_2.fastq.gz,ftp://ftp.sra.ebi.ac.uk/vol1/fastq/ERR143/039/ERR14389939/ERR14389939_2.fastq.gz,ftp://ftp.sra.ebi.ac.uk/vol1/fastq/ERR143/040/ERR14389940/ERR14389940_2.fastq.gz,ftp://ftp.sra.ebi.ac.uk/vol1/fastq/ERR156/027/ERR15625827/ERR15625827_2.fastq.gz
RCN13283,Laos,AmpSeqV1,Sensitive,Sensitive,Sensitive,Resistant,Resistant,Sensitive,Sensitive,Sensitive,Sensitive,Sensitive,ERR15625829,13286822.0,ERR14389944,23016.0,ERR14389945,35855.0,ERR14389946,776.0,ftp://ftp.sra.ebi.ac.uk/vol1/fastq/ERR143/044/ERR14389944/ERR14389944_1.fastq.gz,ftp://ftp.sra.ebi.ac.uk/vol1/fastq/ERR143/045/ERR14389945/ERR14389945_1.fastq.gz,ftp://ftp.sra.ebi.ac.uk/vol1/fastq/ERR143/046/ERR14389946/ERR14389946_1.fastq.gz,ftp://ftp.sra.ebi.ac.uk/vol1/fastq/ERR156/029/ERR15625829/ERR15625829_1.fastq.gz,ftp://ftp.sra.ebi.ac.uk/vol1/fastq/ERR143/044/ERR14389944/ERR14389944_2.fastq.gz,ftp://ftp.sra.ebi.ac.uk/vol1/fastq/ERR143/045/ERR14389945/ERR14389945_2.fastq.gz,ftp://ftp.sra.ebi.ac.uk/vol1/fastq/ERR143/046/ERR14389946/ERR14389946_2.fastq.gz,ftp://ftp.sra.ebi.ac.uk/vol1/fastq/ERR156/029/ERR15625829/ERR15625829_2.fastq.gz
RCN13285,Laos,AmpSeqV1,Sensitive,Sensitive,Sensitive,Resistant,Resistant,Sensitive,Sensitive,Sensitive,Sensitive,Sensitive,ERR15625831,13832863.0,ERR14389950,40280.0,ERR14389951,34762.0,ERR14389952,837.0,ftp://ftp.sra.ebi.ac.uk/vol1/fastq/ERR143/050/ERR14389950/ERR14389950_1.fastq.gz,ftp://ftp.sra.ebi.ac.uk/vol1/fastq/ERR143/051/ERR14389951/ERR14389951_1.fastq.gz,ftp://ftp.sra.ebi.ac.uk/vol1/fastq/ERR143/052/ERR14389952/ERR14389952_1.fastq.gz,ftp://ftp.sra.ebi.ac.uk/vol1/fastq/ERR156/031/ERR15625831/ERR15625831_1.fastq.gz,ftp://ftp.sra.ebi.ac.uk/vol1/fastq/ERR143/050/ERR14389950/ERR14389950_2.fastq.gz,ftp://ftp.sra.ebi.ac.uk/vol1/fastq/ERR143/051/ERR14389951/ERR14389951_2.fastq.gz,ftp://ftp.sra.ebi.ac.uk/vol1/fastq/ERR143/052/ERR14389952/ERR14389952_2.fastq.gz,ftp://ftp.sra.ebi.ac.uk/vol1/fastq/ERR156/031/ERR15625831/ERR15625831_2.fastq.gz
RCN13286,Laos,AmpSeqV1,Sensitive,Sensitive,Sensitive,Resistant,Resistant,Sensitive,Sensitive,Sensitive,Sensitive,Sensitive,ERR15625832,12635598.0,ERR14389953,28289.0,ERR14389954,35660.0,ERR14389955,104.0,ftp://ftp.sra.ebi.ac.uk/vol1/fastq/ERR143/053/ERR14389953/ERR14389953_1.fastq.gz,ftp://ftp.sra.ebi.ac.uk/vol1/fastq/ERR143/054/ERR14389954/ERR14389954_1.fastq.gz,ftp://ftp.sra.ebi.ac.uk/vol1/fastq/ERR143/055/ERR14389955/ERR14389955_1.fastq.gz,ftp://ftp.sra.ebi.ac.uk/vol1/fastq/ERR156/032/ERR15625832/ERR15625832_1.fastq.gz,ftp://ftp.sra.ebi.ac.uk/vol1/fastq/ERR143/053/ERR14389953/ERR14389953_2.fastq.gz,ftp://ftp.sra.ebi.ac.uk/vol1/fastq/ERR143/054/ERR14389954/ERR14389954_2.fastq.gz,ftp://ftp.sra.ebi.ac.uk/vol1/fastq/ERR143/055/ERR14389955/ERR14389955_2.fastq.gz,ftp://ftp.sra.ebi.ac.uk/vol1/fastq/ERR156/032/ERR15625832/ERR15625832_2.fastq.gz
RCN13288,Laos,AmpSeqV1,Sensitive,Sensitive,Sensitive,Resistant,Resistant,Sensitive,Sensitive,Sensitive,Sensitive,Sensitive,ERR15625834,13665471.0,ERR14389959,53832.0,ERR14389960,41695.0,ERR14389961,1844.0,ftp://ftp.sra.ebi.ac.uk/vol1/fastq/ERR143/059/ERR14389959/ERR14389959_1.fastq.gz,ftp://ftp.sra.ebi.ac.uk/vol1/fastq/ERR143/060/ERR14389960/ERR14389960_1.fastq.gz,ftp://ftp.sra.ebi.ac.uk/vol1/fastq/ERR143/061/ERR14389961/ERR14389961_1.fastq.gz,ftp://ftp.sra.ebi.ac.uk/vol1/fastq/ERR156/034/ERR15625834/ERR15625834_1.fastq.gz,ftp://ftp.sra.ebi.ac.uk/vol1/fastq/ERR143/059/ERR14389959/ERR14389959_2.fastq.gz,ftp://ftp.sra.ebi.ac.uk/vol1/fastq/ERR143/060/ERR14389960/ERR14389960_2.fastq.gz,ftp://ftp.sra.ebi.ac.uk/vol1/fastq/ERR143/061/ERR14389961/ERR14389961_2.fastq.gz,ftp://ftp.sra.ebi.ac.uk/vol1/fastq/ERR156/034/ERR15625834/ERR15625834_2.fastq.gz
RCN13303,Laos,AmpSeqV1,Sensitive,Sensitive,Sensitive,Resistant,Resistant,Sensitive,Sensitive,Sensitive,Sensitive,Sensitive,ERR15625849,13329148.0,ERR14390004,34256.0,ERR14390005,25591.0,ERR14390006,1141.0,ftp://ftp.sra.ebi.ac.uk/vol1/fastq/ERR143/004/ERR14390004/ERR14390004_1.fastq.gz,ftp://ftp.sra.ebi.ac.uk/vol1/fastq/ERR143/005/ERR14390005/ERR14390005_1.fastq.gz,ftp://ftp.sra.ebi.ac.uk/vol1/fastq/ERR143/006/ERR14390006/ERR14390006_1.fastq.gz,ftp://ftp.sra.ebi.ac.uk/vol1/fastq/ERR156/049/ERR15625849/ERR15625849_1.fastq.gz,ftp://ftp.sra.ebi.ac.uk/vol1/fastq/ERR143/004/ERR14390004/ERR14390004_2.fastq.gz,ftp://ftp.sra.ebi.ac.uk/vol1/fastq/ERR143/005/ERR14390005/ERR14390005_2.fastq.gz,ftp://ftp.sra.ebi.ac.uk/vol1/fastq/ERR143/006/ERR14390006/ERR14390006_2.fastq.gz,ftp://ftp.sra.ebi.ac.uk/vol1/fastq/ERR156/049/ERR15625849/ERR15625849_2.fastq.gz
RCN13306,Laos,AmpSeqV1,Sensitive,Sensitive,Sensitive,Resistant,Resistant,Sensitive,Sensitive,Sensitive,Sensitive,Sensitive,ERR15625852,14746227.0,ERR14390013,47025.0,ERR14390014,43282.0,ERR14390015,2105.0,ftp://ftp.sra.ebi.ac.uk/vol1/fastq/ERR143/013/ERR14390013/ERR14390013_1.fastq.gz,ftp://ftp.sra.ebi.ac.uk/vol1/fastq/ERR143/014/ERR14390014/ERR14390014_1.fastq.gz,ftp://ftp.sra.ebi.ac.uk/vol1/fastq/ERR143/015/ERR14390015/ERR14390015_1.fastq.gz,ftp://ftp.sra.ebi.ac.uk/vol1/fastq/ERR156/052/ERR15625852/ERR15625852_1.fastq.gz,ftp://ftp.sra.ebi.ac.uk/vol1/fastq/ERR143/013/ERR14390013/ERR14390013_2.fastq.gz,ftp://ftp.sra.ebi.ac.uk/vol1/fastq/ERR143/014/ERR14390014/ERR14390014_2.fastq.gz,ftp://ftp.sra.ebi.ac.uk/vol1/fastq/ERR143/015/ERR14390015/ERR14390015_2.fastq.gz,ftp://ftp.sra.ebi.ac.uk/vol1/fastq/ERR156/052/ERR15625852/ERR15625852_2.fastq.gz
RCN13310,Laos,AmpSeqV1,Sensitive,Sensitive,Sensitive,Resistant,Resistant,Sensitive,Sensitive,Sensitive,Sensitive,Sensitive,ERR15625856,8920280.0,ERR14390025,38149.0,ERR14390026,33128.0,ERR14390027,637.0,ftp://ftp.sra.ebi.ac.uk/vol1/fastq/ERR143/025/ERR14390025/ERR14390025_1.fastq.gz,ftp://ftp.sra.ebi.ac.uk/vol1/fastq/ERR143/026/ERR14390026/ERR14390026_1.fastq.gz,ftp://ftp.sra.ebi.ac.uk/vol1/fastq/ERR143/027/ERR14390027/ERR14390027_1.fastq.gz,ftp://ftp.sra.ebi.ac.uk/vol1/fastq/ERR156/056/ERR15625856/ERR15625856_1.fastq.gz,ftp://ftp.sra.ebi.ac.uk/vol1/fastq/ERR143/025/ERR14390025/ERR14390025_2.fastq.gz,ftp://ftp.sra.ebi.ac.uk/vol1/fastq/ERR143/026/ERR14390026/ERR14390026_2.fastq.gz,ftp://ftp.sra.ebi.ac.uk/vol1/fastq/ERR143/027/ERR14390027/ERR14390027_2.fastq.gz,ftp://ftp.sra.ebi.ac.uk/vol1/fastq/ERR156/056/ERR15625856/ERR15625856_2.fastq.gz
RCN13312,Laos,AmpSeqV1,Sensitive,Sensitive,Sensitive,Resistant,Sensitive,Resistant,Sensitive,Sensitive,Sensitive,Sensitive,ERR15625858,16182873.0,ERR14390031,39421.0,ERR14390032,32035.0,ERR14390033,1424.0,ftp://ftp.sra.ebi.ac.uk/vol1/fastq/ERR143/031/ERR14390031/ERR14390031_1.fastq.gz,ftp://ftp.sra.ebi.ac.uk/vol1/fastq/ERR143/032/ERR14390032/ERR14390032_1.fastq.gz,ftp://ftp.sra.ebi.ac.uk/vol1/fastq/ERR143/033/ERR14390033/ERR14390033_1.fastq.gz,ftp://ftp.sra.ebi.ac.uk/vol1/fastq/ERR156/058/ERR15625858/ERR15625858_1.fastq.gz,ftp://ftp.sra.ebi.ac.uk/vol1/fastq/ERR143/031/ERR14390031/ERR14390031_2.fastq.gz,ftp://ftp.sra.ebi.ac.uk/vol1/fastq/ERR143/032/ERR14390032/ERR14390032_2.fastq.gz,ftp://ftp.sra.ebi.ac.uk/vol1/fastq/ERR143/033/ERR14390033/ERR14390033_2.fastq.gz,ftp://ftp.sra.ebi.ac.uk/vol1/fastq/ERR156/058/ERR15625858/ERR15625858_2.fastq.gz
RCN13313,Laos,AmpSeqV1,Sensitive,Sensitive,Sensitive,Resistant,Resistant,Sensitive,Sensitive,Sensitive,Resistant,Sensitive,ERR15625859,15174288.0,ERR14390034,38477.0,ERR14390035,34025.0,ERR14390036,1108.0,ftp://ftp.sra.ebi.ac.uk/vol1/fastq/ERR143/034/ERR14390034/ERR14390034_1.fastq.gz,ftp://ftp.sra.ebi.ac.uk/vol1/fastq/ERR143/035/ERR14390035/ERR14390035_1.fastq.gz,ftp://ftp.sra.ebi.ac.uk/vol1/fastq/ERR143/036/ERR14390036/ERR14390036_1.fastq.gz,ftp://ftp.sra.ebi.ac.uk/vol1/fastq/ERR156/059/ERR15625859/ERR15625859_1.fastq.gz,ftp://ftp.sra.ebi.ac.uk/vol1/fastq/ERR143/034/ERR14390034/ERR14390034_2.fastq.gz,ftp://ftp.sra.ebi.ac.uk/vol1/fastq/ERR143/035/ERR14390035/ERR14390035_2.fastq.gz,ftp://ftp.sra.ebi.ac.uk/vol1/fastq/ERR143/036/ERR14390036/ERR14390036_2.fastq.gz,ftp://ftp.sra.ebi.ac.uk/vol1/fastq/ERR156/059/ERR15625859/ERR15625859_2.fastq.gz
RCN13338,Laos,AmpSeqV1,Sensitive,Sensitive,Sensitive,Resistant,Resistant,Sensitive,Sensitive,Sensitive,Resistant,Sensitive,ERR15625878,15321010.0,ERR14390094,24314.0,ERR14390095,31572.0,ERR14390096,1312.0,ftp://ftp.sra.ebi.ac.uk/vol1/fastq/ERR143/094/ERR14390094/ERR14390094_1.fastq.gz,ftp://ftp.sra.ebi.ac.uk/vol1/fastq/ERR143/095/ERR14390095/ERR14390095_1.fastq.gz,ftp://ftp.sra.ebi.ac.uk/vol1/fastq/ERR143/096/ERR14390096/ERR14390096_1.fastq.gz,ftp://ftp.sra.ebi.ac.uk/vol1/fastq/ERR156/078/ERR15625878/ERR15625878_1.fastq.gz,ftp://ftp.sra.ebi.ac.uk/vol1/fastq/ERR143/094/ERR14390094/ERR14390094_2.fastq.gz,ftp://ftp.sra.ebi.ac.uk/vol1/fastq/ERR143/095/ERR14390095/ERR14390095_2.fastq.gz,ftp://ftp.sra.ebi.ac.uk/vol1/fastq/ERR143/096/ERR14390096/ERR14390096_2.fastq.gz,ftp://ftp.sra.ebi.ac.uk/vol1/fastq/ERR156/078/ERR15625878/ERR15625878_2.fastq.gz
RCN13339,Laos,AmpSeqV1,Sensitive,Sensitive,Sensitive,Resistant,Resistant,Sensitive,Sensitive,Sensitive,Resistant,Sensitive,ERR15625879,13547448.0,ERR14390097,25574.0,ERR14390098,29544.0,ERR14390099,665.0,ftp://ftp.sra.ebi.ac.uk/vol1/fastq/ERR143/097/ERR14390097/ERR14390097_1.fastq.gz,ftp://ftp.sra.ebi.ac.uk/vol1/fastq/ERR143/098/ERR14390098/ERR14390098_1.fastq.gz,ftp://ftp.sra.ebi.ac.uk/vol1/fastq/ERR143/099/ERR14390099/ERR14390099_1.fastq.gz,ftp://ftp.sra.ebi.ac.uk/vol1/fastq/ERR156/079/ERR15625879/ERR15625879_1.fastq.gz,ftp://ftp.sra.ebi.ac.uk/vol1/fastq/ERR143/097/ERR14390097/ERR14390097_2.fastq.gz,ftp://ftp.sra.ebi.ac.uk/vol1/fastq/ERR143/098/ERR14390098/ERR14390098_2.fastq.gz,ftp://ftp.sra.ebi.ac.uk/vol1/fastq/ERR143/099/ERR14390099/ERR14390099_2.fastq.gz,ftp://ftp.sra.ebi.ac.uk/vol1/fastq/ERR156/079/ERR15625879/ERR15625879_2.fastq.gz
RCN13342,Laos,AmpSeqV1,Sensitive,Sensitive,Sensitive,Sensitive,Resistant,Sensitive,Sensitive,Sensitive,Sensitive,Sensitive,ERR15625882,12730864.0,ERR14390106,34161.0,ERR14390107,28185.0,ERR14390108,424.0,ftp://ftp.sra.ebi.ac.uk/vol1/fastq/ERR143/006/ERR14390106/ERR14390106_1.fastq.gz,ftp://ftp.sra.ebi.ac.uk/vol1/fastq/ERR143/007/ERR14390107/ERR14390107_1.fastq.gz,ftp://ftp.sra.ebi.ac.uk/vol1/fastq/ERR143/008/ERR14390108/ERR14390108_1.fastq.gz,ftp://ftp.sra.ebi.ac.uk/vol1/fastq/ERR156/082/ERR15625882/ERR15625882_1.fastq.gz,ftp://ftp.sra.ebi.ac.uk/vol1/fastq/ERR143/006/ERR14390106/ERR14390106_2.fastq.gz,ftp://ftp.sra.ebi.ac.uk/vol1/fastq/ERR143/007/ERR14390107/ERR14390107_2.fastq.gz,ftp://ftp.sra.ebi.ac.uk/vol1/fastq/ERR143/008/ERR14390108/ERR14390108_2.fastq.gz,ftp://ftp.sra.ebi.ac.uk/vol1/fastq/ERR156/082/ERR15625882/ERR15625882_2.fastq.gz
RCN13344,Laos,AmpSeqV1,Sensitive,Sensitive,Sensitive,Resistant,Sensitive,Resistant,Sensitive,Sensitive,Sensitive,Sensitive,ERR15625884,13385198.0,ERR14390112,32268.0,ERR14390113,31695.0,ERR14390114,661.0,ftp://ftp.sra.ebi.ac.uk/vol1/fastq/ERR143/012/ERR14390112/ERR14390112_1.fastq.gz,ftp://ftp.sra.ebi.ac.uk/vol1/fastq/ERR143/013/ERR14390113/ERR14390113_1.fastq.gz,ftp://ftp.sra.ebi.ac.uk/vol1/fastq/ERR143/014/ERR14390114/ERR14390114_1.fastq.gz,ftp://ftp.sra.ebi.ac.uk/vol1/fastq/ERR156/084/ERR15625884/ERR15625884_1.fastq.gz,ftp://ftp.sra.ebi.ac.uk/vol1/fastq/ERR143/012/ERR14390112/ERR14390112_2.fastq.gz,ftp://ftp.sra.ebi.ac.uk/vol1/fastq/ERR143/013/ERR14390113/ERR14390113_2.fastq.gz,ftp://ftp.sra.ebi.ac.uk/vol1/fastq/ERR143/014/ERR14390114/ERR14390114_2.fastq.gz,ftp://ftp.sra.ebi.ac.uk/vol1/fastq/ERR156/084/ERR15625884/ERR15625884_2.fastq.gz
RCN13346,Laos,AmpSeqV1,Sensitive,Sensitive,Sensitive,Resistant,Resistant,Sensitive,Sensitive,Sensitive,Sensitive,Sensitive,ERR15625886,17538801.0,ERR14390118,23470.0,ERR14390119,31662.0,ERR14390120,1127.0,ftp://ftp.sra.ebi.ac.uk/vol1/fastq/ERR143/018/ERR14390118/ERR14390118_1.fastq.gz,ftp://ftp.sra.ebi.ac.uk/vol1/fastq/ERR143/019/ERR14390119/ERR14390119_1.fastq.gz,ftp://ftp.sra.ebi.ac.uk/vol1/fastq/ERR143/020/ERR14390120/ERR14390120_1.fastq.gz,ftp://ftp.sra.ebi.ac.uk/vol1/fastq/ERR156/086/ERR15625886/ERR15625886_1.fastq.gz,ftp://ftp.sra.ebi.ac.uk/vol1/fastq/ERR143/018/ERR14390118/ERR14390118_2.fastq.gz,ftp://ftp.sra.ebi.ac.uk/vol1/fastq/ERR143/019/ERR14390119/ERR14390119_2.fastq.gz,ftp://ftp.sra.ebi.ac.uk/vol1/fastq/ERR143/020/ERR14390120/ERR14390120_2.fastq.gz,ftp://ftp.sra.ebi.ac.uk/vol1/fastq/ERR156/086/ERR15625886/ERR15625886_2.fastq.gz
RCN13348,Laos,AmpSeqV1,Sensitive,Sensitive,Sensitive,Resistant,Resistant,Sensitive,Sensitive,Sensitive,Resistant,Sensitive,ERR15625888,11918235.0,ERR14390124,40301.0,ERR14390125,31901.0,ERR14390126,1576.0,ftp://ftp.sra.ebi.ac.uk/vol1/fastq/ERR143/024/ERR14390124/ERR14390124_1.fastq.gz,ftp://ftp.sra.ebi.ac.uk/vol1/fastq/ERR143/025/ERR14390125/ERR14390125_1.fastq.gz,ftp://ftp.sra.ebi.ac.uk/vol1/fastq/ERR143/026/ERR14390126/ERR14390126_1.fastq.gz,ftp://ftp.sra.ebi.ac.uk/vol1/fastq/ERR156/088/ERR15625888/ERR15625888_1.fastq.gz,ftp://ftp.sra.ebi.ac.uk/vol1/fastq/ERR143/024/ERR14390124/ERR14390124_2.fastq.gz,ftp://ftp.sra.ebi.ac.uk/vol1/fastq/ERR143/025/ERR14390125/ERR14390125_2.fastq.gz,ftp://ftp.sra.ebi.ac.uk/vol1/fastq/ERR143/026/ERR14390126/ERR14390126_2.fastq.gz,ftp://ftp.sra.ebi.ac.uk/vol1/fastq/ERR156/088/ERR15625888/ERR15625888_2.fastq.gz
RCN13350,Laos,AmpSeqV1,Sensitive,Sensitive,Sensitive,Resistant,Resistant,Sensitive,Sensitive,Sensitive,Sensitive,Sensitive,ERR15625890,13581729.0,ERR14390130,20316.0,ERR14390131,25222.0,ERR14390132,24.0,ftp://ftp.sra.ebi.ac.uk/vol1/fastq/ERR143/030/ERR14390130/ERR14390130_1.fastq.gz,ftp://ftp.sra.ebi.ac.uk/vol1/fastq/ERR143/031/ERR14390131/ERR14390131_1.fastq.gz,ftp://ftp.sra.ebi.ac.uk/vol1/fastq/ERR143/032/ERR14390132/ERR14390132_1.fastq.gz,ftp://ftp.sra.ebi.ac.uk/vol1/fastq/ERR156/090/ERR15625890/ERR15625890_1.fastq.gz,ftp://ftp.sra.ebi.ac.uk/vol1/fastq/ERR143/030/ERR14390130/ERR14390130_2.fastq.gz,ftp://ftp.sra.ebi.ac.uk/vol1/fastq/ERR143/031/ERR14390131/ERR14390131_2.fastq.gz,ftp://ftp.sra.ebi.ac.uk/vol1/fastq/ERR143/032/ERR14390132/ERR14390132_2.fastq.gz,ftp://ftp.sra.ebi.ac.uk/vol1/fastq/ERR156/090/ERR15625890/ERR15625890_2.fastq.gz
RCN13351,Laos,AmpSeqV1,Sensitive,Sensitive,Sensitive,Resistant,Resistant,Sensitive,Sensitive,Sensitive,Resistant,Sensitive,ERR15625891,14925241.0,ERR14390133,45537.0,ERR14390134,34510.0,ERR14390135,1629.0,ftp://ftp.sra.ebi.ac.uk/vol1/fastq/ERR143/033/ERR14390133/ERR14390133_1.fastq.gz,ftp://ftp.sra.ebi.ac.uk/vol1/fastq/ERR143/034/ERR14390134/ERR14390134_1.fastq.gz,ftp://ftp.sra.ebi.ac.uk/vol1/fastq/ERR143/035/ERR14390135/ERR14390135_1.fastq.gz,ftp://ftp.sra.ebi.ac.uk/vol1/fastq/ERR156/091/ERR15625891/ERR15625891_1.fastq.gz,ftp://ftp.sra.ebi.ac.uk/vol1/fastq/ERR143/033/ERR14390133/ERR14390133_2.fastq.gz,ftp://ftp.sra.ebi.ac.uk/vol1/fastq/ERR143/034/ERR14390134/ERR14390134_2.fastq.gz,ftp://ftp.sra.ebi.ac.uk/vol1/fastq/ERR143/035/ERR14390135/ERR14390135_2.fastq.gz,ftp://ftp.sra.ebi.ac.uk/vol1/fastq/ERR156/091/ERR15625891/ERR15625891_2.fastq.gz
RCN13353,Laos,AmpSeqV1,Sensitive,Sensitive,Sensitive,Resistant,Resistant,Sensitive,Sensitive,Sensitive,Resistant,Sensitive,ERR15625893,12741669.0,ERR14390139,26718.0,ERR14390140,28178.0,ERR14390141,1139.0,ftp://ftp.sra.ebi.ac.uk/vol1/fastq/ERR143/039/ERR14390139/ERR14390139_1.fastq.gz,ftp://ftp.sra.ebi.ac.uk/vol1/fastq/ERR143/040/ERR14390140/ERR14390140_1.fastq.gz,ftp://ftp.sra.ebi.ac.uk/vol1/fastq/ERR143/041/ERR14390141/ERR14390141_1.fastq.gz,ftp://ftp.sra.ebi.ac.uk/vol1/fastq/ERR156/093/ERR15625893/ERR15625893_1.fastq.gz,ftp://ftp.sra.ebi.ac.uk/vol1/fastq/ERR143/039/ERR14390139/ERR14390139_2.fastq.gz,ftp://ftp.sra.ebi.ac.uk/vol1/fastq/ERR143/040/ERR14390140/ERR14390140_2.fastq.gz,ftp://ftp.sra.ebi.ac.uk/vol1/fastq/ERR143/041/ERR14390141/ERR14390141_2.fastq.gz,ftp://ftp.sra.ebi.ac.uk/vol1/fastq/ERR156/093/ERR15625893/ERR15625893_2.fastq.gz
RCN13356,Laos,AmpSeqV1,Sensitive,Sensitive,Sensitive,Resistant,Resistant,Sensitive,Sensitive,Sensitive,Sensitive,Sensitive,ERR15625896,11405428.0,ERR14390148,26218.0,ERR14390149,33098.0,ERR14390150,660.0,ftp://ftp.sra.ebi.ac.uk/vol1/fastq/ERR143/048/ERR14390148/ERR14390148_1.fastq.gz,ftp://ftp.sra.ebi.ac.uk/vol1/fastq/ERR143/049/ERR14390149/ERR14390149_1.fastq.gz,ftp://ftp.sra.ebi.ac.uk/vol1/fastq/ERR143/050/ERR14390150/ERR14390150_1.fastq.gz,ftp://ftp.sra.ebi.ac.uk/vol1/fastq/ERR156/096/ERR15625896/ERR15625896_1.fastq.gz,ftp://ftp.sra.ebi.ac.uk/vol1/fastq/ERR143/048/ERR14390148/ERR14390148_2.fastq.gz,ftp://ftp.sra.ebi.ac.uk/vol1/fastq/ERR143/049/ERR14390149/ERR14390149_2.fastq.gz,ftp://ftp.sra.ebi.ac.uk/vol1/fastq/ERR143/050/ERR14390150/ERR14390150_2.fastq.gz,ftp://ftp.sra.ebi.ac.uk/vol1/fastq/ERR156/096/ERR15625896/ERR15625896_2.fastq.gz
RCN13364,Laos,AmpSeqV1,Sensitive,Sensitive,Sensitive,Resistant,Resistant,Resistant,Sensitive,Sensitive,Resistant,Sensitive,ERR15625905,18030120.0,ERR14390172,48044.0,ERR14390173,52315.0,ERR14390174,1818.0,ftp://ftp.sra.ebi.ac.uk/vol1/fastq/ERR143/072/ERR14390172/ERR14390172_1.fastq.gz,ftp://ftp.sra.ebi.ac.uk/vol1/fastq/ERR143/073/ERR14390173/ERR14390173_1.fastq.gz,ftp://ftp.sra.ebi.ac.uk/vol1/fastq/ERR143/074/ERR14390174/ERR14390174_1.fastq.gz,ftp://ftp.sra.ebi.ac.uk/vol1/fastq/ERR156/005/ERR15625905/ERR15625905_1.fastq.gz,ftp://ftp.sra.ebi.ac.uk/vol1/fastq/ERR143/072/ERR14390172/ERR14390172_2.fastq.gz,ftp://ftp.sra.ebi.ac.uk/vol1/fastq/ERR143/073/ERR14390173/ERR14390173_2.fastq.gz,ftp://ftp.sra.ebi.ac.uk/vol1/fastq/ERR143/074/ERR14390174/ERR14390174_2.fastq.gz,ftp://ftp.sra.ebi.ac.uk/vol1/fastq/ERR156/005/ERR15625905/ERR15625905_2.fastq.gz
RCN13374,Laos,AmpSeqV1,Resistant,Sensitive,Sensitive,Resistant,Resistant,Resistant,Sensitive,Sensitive,Resistant,Resistant,ERR15625914,9228636.0,ERR14390199,27323.0,ERR14390200,30291.0,ERR14390201,620.0,ftp://ftp.sra.ebi.ac.uk/vol1/fastq/ERR143/099/ERR14390199/ERR14390199_1.fastq.gz,ftp://ftp.sra.ebi.ac.uk/vol1/fastq/ERR143/000/ERR14390200/ERR14390200_1.fastq.gz,ftp://ftp.sra.ebi.ac.uk/vol1/fastq/ERR143/001/ERR14390201/ERR14390201_1.fastq.gz,ftp://ftp.sra.ebi.ac.uk/vol1/fastq/ERR156/014/ERR15625914/ERR15625914_1.fastq.gz,ftp://ftp.sra.ebi.ac.uk/vol1/fastq/ERR143/099/ERR14390199/ERR14390199_2.fastq.gz,ftp://ftp.sra.ebi.ac.uk/vol1/fastq/ERR143/000/ERR14390200/ERR14390200_2.fastq.gz,ftp://ftp.sra.ebi.ac.uk/vol1/fastq/ERR143/001/ERR14390201/ERR14390201_2.fastq.gz,ftp://ftp.sra.ebi.ac.uk/vol1/fastq/ERR156/014/ERR15625914/ERR15625914_2.fastq.gz
RCN13382,Laos,AmpSeqV1,Resistant,Sensitive,Sensitive,Resistant,Resistant,Resistant,Sensitive,Sensitive,Resistant,Resistant,ERR15625922,10673727.0,ERR14390223,16799.0,ERR14390224,38786.0,ERR14390225,472.0,ftp://ftp.sra.ebi.ac.uk/vol1/fastq/ERR143/023/ERR14390223/ERR14390223_1.fastq.gz,ftp://ftp.sra.ebi.ac.uk/vol1/fastq/ERR143/024/ERR14390224/ERR14390224_1.fastq.gz,ftp://ftp.sra.ebi.ac.uk/vol1/fastq/ERR143/025/ERR14390225/ERR14390225_1.fastq.gz,ftp://ftp.sra.ebi.ac.uk/vol1/fastq/ERR156/022/ERR15625922/ERR15625922_1.fastq.gz,ftp://ftp.sra.ebi.ac.uk/vol1/fastq/ERR143/023/ERR14390223/ERR14390223_2.fastq.gz,ftp://ftp.sra.ebi.ac.uk/vol1/fastq/ERR143/024/ERR14390224/ERR14390224_2.fastq.gz,ftp://ftp.sra.ebi.ac.uk/vol1/fastq/ERR143/025/ERR14390225/ERR14390225_2.fastq.gz,ftp://ftp.sra.ebi.ac.uk/vol1/fastq/ERR156/022/ERR15625922/ERR15625922_2.fastq.gz
RCN13383,Laos,AmpSeqV1,Sensitive,Sensitive,Sensitive,Resistant,Resistant,Resistant,Sensitive,Sensitive,Sensitive,Sensitive,ERR15625923,14607922.0,ERR14390226,39221.0,ERR14390227,37081.0,ERR14390228,1993.0,ftp://ftp.sra.ebi.ac.uk/vol1/fastq/ERR143/026/ERR14390226/ERR14390226_1.fastq.gz,ftp://ftp.sra.ebi.ac.uk/vol1/fastq/ERR143/027/ERR14390227/ERR14390227_1.fastq.gz,ftp://ftp.sra.ebi.ac.uk/vol1/fastq/ERR143/028/ERR14390228/ERR14390228_1.fastq.gz,ftp://ftp.sra.ebi.ac.uk/vol1/fastq/ERR156/023/ERR15625923/ERR15625923_1.fastq.gz,ftp://ftp.sra.ebi.ac.uk/vol1/fastq/ERR143/026/ERR14390226/ERR14390226_2.fastq.gz,ftp://ftp.sra.ebi.ac.uk/vol1/fastq/ERR143/027/ERR14390227/ERR14390227_2.fastq.gz,ftp://ftp.sra.ebi.ac.uk/vol1/fastq/ERR143/028/ERR14390228/ERR14390228_2.fastq.gz,ftp://ftp.sra.ebi.ac.uk/vol1/fastq/ERR156/023/ERR15625923/ERR15625923_2.fastq.gz
RCN13385,Laos,AmpSeqV1,Sensitive,Sensitive,Sensitive,Resistant,Resistant,Sensitive,Sensitive,Sensitive,Sensitive,Sensitive,ERR15625925,11892549.0,ERR14390232,32063.0,ERR14390233,29825.0,ERR14390234,157.0,ftp://ftp.sra.ebi.ac.uk/vol1/fastq/ERR143/032/ERR14390232/ERR14390232_1.fastq.gz,ftp://ftp.sra.ebi.ac.uk/vol1/fastq/ERR143/033/ERR14390233/ERR14390233_1.fastq.gz,ftp://ftp.sra.ebi.ac.uk/vol1/fastq/ERR143/034/ERR14390234/ERR14390234_1.fastq.gz,ftp://ftp.sra.ebi.ac.uk/vol1/fastq/ERR156/025/ERR15625925/ERR15625925_1.fastq.gz,ftp://ftp.sra.ebi.ac.uk/vol1/fastq/ERR143/032/ERR14390232/ERR14390232_2.fastq.gz,ftp://ftp.sra.ebi.ac.uk/vol1/fastq/ERR143/033/ERR14390233/ERR14390233_2.fastq.gz,ftp://ftp.sra.ebi.ac.uk/vol1/fastq/ERR143/034/ERR14390234/ERR14390234_2.fastq.gz,ftp://ftp.sra.ebi.ac.uk/vol1/fastq/ERR156/025/ERR15625925/ERR15625925_2.fastq.gz
RCN13386,Laos,AmpSeqV1,Sensitive,Sensitive,Sensitive,Sensitive,Resistant,Sensitive,Sensitive,Sensitive,Resistant,Sensitive,ERR15625926,13874399.0,ERR14390235,37902.0,ERR14390236,33697.0,ERR14390237,63.0,ftp://ftp.sra.ebi.ac.uk/vol1/fastq/ERR143/035/ERR14390235/ERR14390235_1.fastq.gz,ftp://ftp.sra.ebi.ac.uk/vol1/fastq/ERR143/036/ERR14390236/ERR14390236_1.fastq.gz,ftp://ftp.sra.ebi.ac.uk/vol1/fastq/ERR143/037/ERR14390237/ERR14390237_1.fastq.gz,ftp://ftp.sra.ebi.ac.uk/vol1/fastq/ERR156/026/ERR15625926/ERR15625926_1.fastq.gz,ftp://ftp.sra.ebi.ac.uk/vol1/fastq/ERR143/035/ERR14390235/ERR14390235_2.fastq.gz,ftp://ftp.sra.ebi.ac.uk/vol1/fastq/ERR143/036/ERR14390236/ERR14390236_2.fastq.gz,ftp://ftp.sra.ebi.ac.uk/vol1/fastq/ERR143/037/ERR14390237/ERR14390237_2.fastq.gz,ftp://ftp.sra.ebi.ac.uk/vol1/fastq/ERR156/026/ERR15625926/ERR15625926_2.fastq.gz
RCN13388,Laos,AmpSeqV1,Resistant,Sensitive,Sensitive,Resistant,Resistant,Resistant,Sensitive,Sensitive,Resistant,Sensitive,ERR15625928,13658064.0,ERR14390241,41855.0,ERR14390242,32028.0,ERR14390243,770.0,ftp://ftp.sra.ebi.ac.uk/vol1/fastq/ERR143/041/ERR14390241/ERR14390241_1.fastq.gz,ftp://ftp.sra.ebi.ac.uk/vol1/fastq/ERR143/042/ERR14390242/ERR14390242_1.fastq.gz,ftp://ftp.sra.ebi.ac.uk/vol1/fastq/ERR143/043/ERR14390243/ERR14390243_1.fastq.gz,ftp://ftp.sra.ebi.ac.uk/vol1/fastq/ERR156/028/ERR15625928/ERR15625928_1.fastq.gz,ftp://ftp.sra.ebi.ac.uk/vol1/fastq/ERR143/041/ERR14390241/ERR14390241_2.fastq.gz,ftp://ftp.sra.ebi.ac.uk/vol1/fastq/ERR143/042/ERR14390242/ERR14390242_2.fastq.gz,ftp://ftp.sra.ebi.ac.uk/vol1/fastq/ERR143/043/ERR14390243/ERR14390243_2.fastq.gz,ftp://ftp.sra.ebi.ac.uk/vol1/fastq/ERR156/028/ERR15625928/ERR15625928_2.fastq.gz
RCN13389,Laos,AmpSeqV1,Sensitive,Sensitive,Sensitive,Resistant,Resistant,Sensitive,Sensitive,Sensitive,Resistant,Sensitive,ERR15625929,12724002.0,ERR14390244,39108.0,ERR14390245,32669.0,ERR14390246,736.0,ftp://ftp.sra.ebi.ac.uk/vol1/fastq/ERR143/044/ERR14390244/ERR14390244_1.fastq.gz,ftp://ftp.sra.ebi.ac.uk/vol1/fastq/ERR143/045/ERR14390245/ERR14390245_1.fastq.gz,ftp://ftp.sra.ebi.ac.uk/vol1/fastq/ERR143/046/ERR14390246/ERR14390246_1.fastq.gz,ftp://ftp.sra.ebi.ac.uk/vol1/fastq/ERR156/029/ERR15625929/ERR15625929_1.fastq.gz,ftp://ftp.sra.ebi.ac.uk/vol1/fastq/ERR143/044/ERR14390244/ERR14390244_2.fastq.gz,ftp://ftp.sra.ebi.ac.uk/vol1/fastq/ERR143/045/ERR14390245/ERR14390245_2.fastq.gz,ftp://ftp.sra.ebi.ac.uk/vol1/fastq/ERR143/046/ERR14390246/ERR14390246_2.fastq.gz,ftp://ftp.sra.ebi.ac.uk/vol1/fastq/ERR156/029/ERR15625929/ERR15625929_2.fastq.gz
RCN13391,Laos,AmpSeqV1,Resistant,Sensitive,Sensitive,Resistant,Resistant,Resistant,Sensitive,Sensitive,Resistant,Sensitive,ERR15625931,14209615.0,ERR14390250,43350.0,ERR14390251,36540.0,ERR14390252,1468.0,ftp://ftp.sra.ebi.ac.uk/vol1/fastq/ERR143/050/ERR14390250/ERR14390250_1.fastq.gz,ftp://ftp.sra.ebi.ac.uk/vol1/fastq/ERR143/051/ERR14390251/ERR14390251_1.fastq.gz,ftp://ftp.sra.ebi.ac.uk/vol1/fastq/ERR143/052/ERR14390252/ERR14390252_1.fastq.gz,ftp://ftp.sra.ebi.ac.uk/vol1/fastq/ERR156/031/ERR15625931/ERR15625931_1.fastq.gz,ftp://ftp.sra.ebi.ac.uk/vol1/fastq/ERR143/050/ERR14390250/ERR14390250_2.fastq.gz,ftp://ftp.sra.ebi.ac.uk/vol1/fastq/ERR143/051/ERR14390251/ERR14390251_2.fastq.gz,ftp://ftp.sra.ebi.ac.uk/vol1/fastq/ERR143/052/ERR14390252/ERR14390252_2.fastq.gz,ftp://ftp.sra.ebi.ac.uk/vol1/fastq/ERR156/031/ERR15625931/ERR15625931_2.fastq.gz
RCN13398,Laos,AmpSeqV1,Sensitive,Sensitive,Sensitive,Resistant,Resistant,Sensitive,Sensitive,Sensitive,Sensitive,Sensitive,ERR15625937,14545263.0,ERR14390268,23447.0,ERR14390269,33625.0,ERR14390270,449.0,ftp://ftp.sra.ebi.ac.uk/vol1/fastq/ERR143/068/ERR14390268/ERR14390268_1.fastq.gz,ftp://ftp.sra.ebi.ac.uk/vol1/fastq/ERR143/069/ERR14390269/ERR14390269_1.fastq.gz,ftp://ftp.sra.ebi.ac.uk/vol1/fastq/ERR143/070/ERR14390270/ERR14390270_1.fastq.gz,ftp://ftp.sra.ebi.ac.uk/vol1/fastq/ERR156/037/ERR15625937/ERR15625937_1.fastq.gz,ftp://ftp.sra.ebi.ac.uk/vol1/fastq/ERR143/068/ERR14390268/ERR14390268_2.fastq.gz,ftp://ftp.sra.ebi.ac.uk/vol1/fastq/ERR143/069/ERR14390269/ERR14390269_2.fastq.gz,ftp://ftp.sra.ebi.ac.uk/vol1/fastq/ERR143/070/ERR14390270/ERR14390270_2.fastq.gz,ftp://ftp.sra.ebi.ac.uk/vol1/fastq/ERR156/037/ERR15625937/ERR15625937_2.fastq.gz
RCN13414,Laos,AmpSeqV1,Resistant,Sensitive,Sensitive,Resistant,Resistant,Resistant,Sensitive,Sensitive,Resistant,Sensitive,ERR15625952,16770449.0,ERR14390316,25179.0,ERR14390317,29120.0,ERR14390318,103.0,ftp://ftp.sra.ebi.ac.uk/vol1/fastq/ERR143/016/ERR14390316/ERR14390316_1.fastq.gz,ftp://ftp.sra.ebi.ac.uk/vol1/fastq/ERR143/017/ERR14390317/ERR14390317_1.fastq.gz,ftp://ftp.sra.ebi.ac.uk/vol1/fastq/ERR143/018/ERR14390318/ERR14390318_1.fastq.gz,ftp://ftp.sra.ebi.ac.uk/vol1/fastq/ERR156/052/ERR15625952/ERR15625952_1.fastq.gz,ftp://ftp.sra.ebi.ac.uk/vol1/fastq/ERR143/016/ERR14390316/ERR14390316_2.fastq.gz,ftp://ftp.sra.ebi.ac.uk/vol1/fastq/ERR143/017/ERR14390317/ERR14390317_2.fastq.gz,ftp://ftp.sra.ebi.ac.uk/vol1/fastq/ERR143/018/ERR14390318/ERR14390318_2.fastq.gz,ftp://ftp.sra.ebi.ac.uk/vol1/fastq/ERR156/052/ERR15625952/ERR15625952_2.fastq.gz
RCN13416,Laos,AmpSeqV1,Resistant,Sensitive,Sensitive,Resistant,Resistant,Resistant,Sensitive,Sensitive,Resistant,Sensitive,ERR15625954,13444103.0,ERR14390322,30403.0,ERR14390323,26438.0,ERR14390324,1531.0,ftp://ftp.sra.ebi.ac.uk/vol1/fastq/ERR143/022/ERR14390322/ERR14390322_1.fastq.gz,ftp://ftp.sra.ebi.ac.uk/vol1/fastq/ERR143/023/ERR14390323/ERR14390323_1.fastq.gz,ftp://ftp.sra.ebi.ac.uk/vol1/fastq/ERR143/024/ERR14390324/ERR14390324_1.fastq.gz,ftp://ftp.sra.ebi.ac.uk/vol1/fastq/ERR156/054/ERR15625954/ERR15625954_1.fastq.gz,ftp://ftp.sra.ebi.ac.uk/vol1/fastq/ERR143/022/ERR14390322/ERR14390322_2.fastq.gz,ftp://ftp.sra.ebi.ac.uk/vol1/fastq/ERR143/023/ERR14390323/ERR14390323_2.fastq.gz,ftp://ftp.sra.ebi.ac.uk/vol1/fastq/ERR143/024/ERR14390324/ERR14390324_2.fastq.gz,ftp://ftp.sra.ebi.ac.uk/vol1/fastq/ERR156/054/ERR15625954/ERR15625954_2.fastq.gz
RCN13427,Laos,AmpSeqV1,Sensitive,Sensitive,Sensitive,Resistant,Resistant,Resistant,Sensitive,Sensitive,Resistant,Sensitive,ERR15625963,13907818.0,ERR14390352,39389.0,ERR14390353,34909.0,ERR14390354,2294.0,ftp://ftp.sra.ebi.ac.uk/vol1/fastq/ERR143/052/ERR14390352/ERR14390352_1.fastq.gz,ftp://ftp.sra.ebi.ac.uk/vol1/fastq/ERR143/053/ERR14390353/ERR14390353_1.fastq.gz,ftp://ftp.sra.ebi.ac.uk/vol1/fastq/ERR143/054/ERR14390354/ERR14390354_1.fastq.gz,ftp://ftp.sra.ebi.ac.uk/vol1/fastq/ERR156/063/ERR15625963/ERR15625963_1.fastq.gz,ftp://ftp.sra.ebi.ac.uk/vol1/fastq/ERR143/052/ERR14390352/ERR14390352_2.fastq.gz,ftp://ftp.sra.ebi.ac.uk/vol1/fastq/ERR143/053/ERR14390353/ERR14390353_2.fastq.gz,ftp://ftp.sra.ebi.ac.uk/vol1/fastq/ERR143/054/ERR14390354/ERR14390354_2.fastq.gz,ftp://ftp.sra.ebi.ac.uk/vol1/fastq/ERR156/063/ERR15625963/ERR15625963_2.fastq.gz
RCN13446,Laos,AmpSeqV1,Sensitive,Sensitive,Sensitive,Resistant,Resistant,Sensitive,Sensitive,Sensitive,Resistant,Sensitive,ERR15625981,9560119.0,ERR14390406,44371.0,ERR14390407,37084.0,ERR14390408,1231.0,ftp://ftp.sra.ebi.ac.uk/vol1/fastq/ERR143/006/ERR14390406/ERR14390406_1.fastq.gz,ftp://ftp.sra.ebi.ac.uk/vol1/fastq/ERR143/007/ERR14390407/ERR14390407_1.fastq.gz,ftp://ftp.sra.ebi.ac.uk/vol1/fastq/ERR143/008/ERR14390408/ERR14390408_1.fastq.gz,ftp://ftp.sra.ebi.ac.uk/vol1/fastq/ERR156/081/ERR15625981/ERR15625981_1.fastq.gz,ftp://ftp.sra.ebi.ac.uk/vol1/fastq/ERR143/006/ERR14390406/ERR14390406_2.fastq.gz,ftp://ftp.sra.ebi.ac.uk/vol1/fastq/ERR143/007/ERR14390407/ERR14390407_2.fastq.gz,ftp://ftp.sra.ebi.ac.uk/vol1/fastq/ERR143/008/ERR14390408/ERR14390408_2.fastq.gz,ftp://ftp.sra.ebi.ac.uk/vol1/fastq/ERR156/081/ERR15625981/ERR15625981_2.fastq.gz
RCN13452,Laos,AmpSeqV1,Resistant,Resistant,Sensitive,Resistant,Resistant,Resistant,Resistant,Sensitive,Resistant,Undetermined,ERR15625986,14461415.0,ERR14390421,19151.0,ERR14390422,28385.0,ERR14390423,961.0,ftp://ftp.sra.ebi.ac.uk/vol1/fastq/ERR143/021/ERR14390421/ERR14390421_1.fastq.gz,ftp://ftp.sra.ebi.ac.uk/vol1/fastq/ERR143/022/ERR14390422/ERR14390422_1.fastq.gz,ftp://ftp.sra.ebi.ac.uk/vol1/fastq/ERR143/023/ERR14390423/ERR14390423_1.fastq.gz,ftp://ftp.sra.ebi.ac.uk/vol1/fastq/ERR156/086/ERR15625986/ERR15625986_1.fastq.gz,ftp://ftp.sra.ebi.ac.uk/vol1/fastq/ERR143/021/ERR14390421/ERR14390421_2.fastq.gz,ftp://ftp.sra.ebi.ac.uk/vol1/fastq/ERR143/022/ERR14390422/ERR14390422_2.fastq.gz,ftp://ftp.sra.ebi.ac.uk/vol1/fastq/ERR143/023/ERR14390423/ERR14390423_2.fastq.gz,ftp://ftp.sra.ebi.ac.uk/vol1/fastq/ERR156/086/ERR15625986/ERR15625986_2.fastq.gz
RCN13455,Laos,AmpSeqV1,Sensitive,Sensitive,Sensitive,Resistant,Resistant,Resistant,Sensitive,Sensitive,Resistant,Sensitive,ERR15625988,11020378.0,ERR14390427,43405.0,ERR14390428,47958.0,ERR14390429,1082.0,ftp://ftp.sra.ebi.ac.uk/vol1/fastq/ERR143/027/ERR14390427/ERR14390427_1.fastq.gz,ftp://ftp.sra.ebi.ac.uk/vol1/fastq/ERR143/028/ERR14390428/ERR14390428_1.fastq.gz,ftp://ftp.sra.ebi.ac.uk/vol1/fastq/ERR143/029/ERR14390429/ERR14390429_1.fastq.gz,ftp://ftp.sra.ebi.ac.uk/vol1/fastq/ERR156/088/ERR15625988/ERR15625988_1.fastq.gz,ftp://ftp.sra.ebi.ac.uk/vol1/fastq/ERR143/027/ERR14390427/ERR14390427_2.fastq.gz,ftp://ftp.sra.ebi.ac.uk/vol1/fastq/ERR143/028/ERR14390428/ERR14390428_2.fastq.gz,ftp://ftp.sra.ebi.ac.uk/vol1/fastq/ERR143/029/ERR14390429/ERR14390429_2.fastq.gz,ftp://ftp.sra.ebi.ac.uk/vol1/fastq/ERR156/088/ERR15625988/ERR15625988_2.fastq.gz
RCN13462,Laos,AmpSeqV1,Resistant,Resistant,Sensitive,Resistant,Resistant,Resistant,Resistant,Sensitive,Resistant,Undetermined,ERR15625994,14331259.0,ERR14390445,40436.0,ERR14390446,29110.0,ERR14390447,1658.0,ftp://ftp.sra.ebi.ac.uk/vol1/fastq/ERR143/045/ERR14390445/ERR14390445_1.fastq.gz,ftp://ftp.sra.ebi.ac.uk/vol1/fastq/ERR143/046/ERR14390446/ERR14390446_1.fastq.gz,ftp://ftp.sra.ebi.ac.uk/vol1/fastq/ERR143/047/ERR14390447/ERR14390447_1.fastq.gz,ftp://ftp.sra.ebi.ac.uk/vol1/fastq/ERR156/094/ERR15625994/ERR15625994_1.fastq.gz,ftp://ftp.sra.ebi.ac.uk/vol1/fastq/ERR143/045/ERR14390445/ERR14390445_2.fastq.gz,ftp://ftp.sra.ebi.ac.uk/vol1/fastq/ERR143/046/ERR14390446/ERR14390446_2.fastq.gz,ftp://ftp.sra.ebi.ac.uk/vol1/fastq/ERR143/047/ERR14390447/ERR14390447_2.fastq.gz,ftp://ftp.sra.ebi.ac.uk/vol1/fastq/ERR156/094/ERR15625994/ERR15625994_2.fastq.gz
RCN13466,Laos,AmpSeqV1,Sensitive,Resistant,Sensitive,Resistant,Resistant,Resistant,Sensitive,Sensitive,Resistant,Resistant,ERR15625998,12152436.0,ERR14390454,35434.0,ERR14390455,28376.0,ERR14390456,1491.0,ftp://ftp.sra.ebi.ac.uk/vol1/fastq/ERR143/054/ERR14390454/ERR14390454_1.fastq.gz,ftp://ftp.sra.ebi.ac.uk/vol1/fastq/ERR143/055/ERR14390455/ERR14390455_1.fastq.gz,ftp://ftp.sra.ebi.ac.uk/vol1/fastq/ERR143/056/ERR14390456/ERR14390456_1.fastq.gz,ftp://ftp.sra.ebi.ac.uk/vol1/fastq/ERR156/098/ERR15625998/ERR15625998_1.fastq.gz,ftp://ftp.sra.ebi.ac.uk/vol1/fastq/ERR143/054/ERR14390454/ERR14390454_2.fastq.gz,ftp://ftp.sra.ebi.ac.uk/vol1/fastq/ERR143/055/ERR14390455/ERR14390455_2.fastq.gz,ftp://ftp.sra.ebi.ac.uk/vol1/fastq/ERR143/056/ERR14390456/ERR14390456_2.fastq.gz,ftp://ftp.sra.ebi.ac.uk/vol1/fastq/ERR156/098/ERR15625998/ERR15625998_2.fastq.gz
RCN13468,Laos,AmpSeqV1,Sensitive,Sensitive,Sensitive,Resistant,Resistant,Resistant,Sensitive,Sensitive,Resistant,Sensitive,ERR15626000,13088696.0,ERR14390460,26492.0,ERR14390461,27823.0,ERR14390462,499.0,ftp://ftp.sra.ebi.ac.uk/vol1/fastq/ERR143/060/ERR14390460/ERR14390460_1.fastq.gz,ftp://ftp.sra.ebi.ac.uk/vol1/fastq/ERR143/061/ERR14390461/ERR14390461_1.fastq.gz,ftp://ftp.sra.ebi.ac.uk/vol1/fastq/ERR143/062/ERR14390462/ERR14390462_1.fastq.gz,ftp://ftp.sra.ebi.ac.uk/vol1/fastq/ERR156/000/ERR15626000/ERR15626000_1.fastq.gz,ftp://ftp.sra.ebi.ac.uk/vol1/fastq/ERR143/060/ERR14390460/ERR14390460_2.fastq.gz,ftp://ftp.sra.ebi.ac.uk/vol1/fastq/ERR143/061/ERR14390461/ERR14390461_2.fastq.gz,ftp://ftp.sra.ebi.ac.uk/vol1/fastq/ERR143/062/ERR14390462/ERR14390462_2.fastq.gz,ftp://ftp.sra.ebi.ac.uk/vol1/fastq/ERR156/000/ERR15626000/ERR15626000_2.fastq.gz
RCN13474,Laos,AmpSeqV1,Resistant,Resistant,Sensitive,Resistant,Resistant,Resistant,Resistant,Sensitive,Resistant,Undetermined,ERR15626006,14661028.0,ERR14390478,36584.0,ERR14390479,25974.0,ERR14390480,747.0,ftp://ftp.sra.ebi.ac.uk/vol1/fastq/ERR143/078/ERR14390478/ERR14390478_1.fastq.gz,ftp://ftp.sra.ebi.ac.uk/vol1/fastq/ERR143/079/ERR14390479/ERR14390479_1.fastq.gz,ftp://ftp.sra.ebi.ac.uk/vol1/fastq/ERR143/080/ERR14390480/ERR14390480_1.fastq.gz,ftp://ftp.sra.ebi.ac.uk/vol1/fastq/ERR156/006/ERR15626006/ERR15626006_1.fastq.gz,ftp://ftp.sra.ebi.ac.uk/vol1/fastq/ERR143/078/ERR14390478/ERR14390478_2.fastq.gz,ftp://ftp.sra.ebi.ac.uk/vol1/fastq/ERR143/079/ERR14390479/ERR14390479_2.fastq.gz,ftp://ftp.sra.ebi.ac.uk/vol1/fastq/ERR143/080/ERR14390480/ERR14390480_2.fastq.gz,ftp://ftp.sra.ebi.ac.uk/vol1/fastq/ERR156/006/ERR15626006/ERR15626006_2.fastq.gz
RCN13475,Laos,AmpSeqV1,Resistant,Resistant,Sensitive,Resistant,Resistant,Resistant,Resistant,Sensitive,Resistant,Undetermined,ERR15626007,16323365.0,ERR14390481,34437.0,ERR14390482,26659.0,ERR14390483,965.0,ftp://ftp.sra.ebi.ac.uk/vol1/fastq/ERR143/081/ERR14390481/ERR14390481_1.fastq.gz,ftp://ftp.sra.ebi.ac.uk/vol1/fastq/ERR143/082/ERR14390482/ERR14390482_1.fastq.gz,ftp://ftp.sra.ebi.ac.uk/vol1/fastq/ERR143/083/ERR14390483/ERR14390483_1.fastq.gz,ftp://ftp.sra.ebi.ac.uk/vol1/fastq/ERR156/007/ERR15626007/ERR15626007_1.fastq.gz,ftp://ftp.sra.ebi.ac.uk/vol1/fastq/ERR143/081/ERR14390481/ERR14390481_2.fastq.gz,ftp://ftp.sra.ebi.ac.uk/vol1/fastq/ERR143/082/ERR14390482/ERR14390482_2.fastq.gz,ftp://ftp.sra.ebi.ac.uk/vol1/fastq/ERR143/083/ERR14390483/ERR14390483_2.fastq.gz,ftp://ftp.sra.ebi.ac.uk/vol1/fastq/ERR156/007/ERR15626007/ERR15626007_2.fastq.gz
RCN13476,Laos,AmpSeqV1,Resistant,Resistant,Sensitive,Resistant,Resistant,Resistant,Resistant,Sensitive,Resistant,Undetermined,ERR15626008,16963538.0,ERR14390484,12542.0,ERR14390485,23990.0,ERR14390486,176.0,ftp://ftp.sra.ebi.ac.uk/vol1/fastq/ERR143/084/ERR14390484/ERR14390484_1.fastq.gz,ftp://ftp.sra.ebi.ac.uk/vol1/fastq/ERR143/085/ERR14390485/ERR14390485_1.fastq.gz,ftp://ftp.sra.ebi.ac.uk/vol1/fastq/ERR143/086/ERR14390486/ERR14390486_1.fastq.gz,ftp://ftp.sra.ebi.ac.uk/vol1/fastq/ERR156/008/ERR15626008/ERR15626008_1.fastq.gz,ftp://ftp.sra.ebi.ac.uk/vol1/fastq/ERR143/084/ERR14390484/ERR14390484_2.fastq.gz,ftp://ftp.sra.ebi.ac.uk/vol1/fastq/ERR143/085/ERR14390485/ERR14390485_2.fastq.gz,ftp://ftp.sra.ebi.ac.uk/vol1/fastq/ERR143/086/ERR14390486/ERR14390486_2.fastq.gz,ftp://ftp.sra.ebi.ac.uk/vol1/fastq/ERR156/008/ERR15626008/ERR15626008_2.fastq.gz
RCN13479,Laos,AmpSeqV1,Resistant,Resistant,Sensitive,Resistant,Resistant,Resistant,Resistant,Sensitive,Resistant,Undetermined,ERR15626011,15541629.0,ERR14390493,40289.0,ERR14390494,28014.0,ERR14390495,1449.0,ftp://ftp.sra.ebi.ac.uk/vol1/fastq/ERR143/093/ERR14390493/ERR14390493_1.fastq.gz,ftp://ftp.sra.ebi.ac.uk/vol1/fastq/ERR143/094/ERR14390494/ERR14390494_1.fastq.gz,ftp://ftp.sra.ebi.ac.uk/vol1/fastq/ERR143/095/ERR14390495/ERR14390495_1.fastq.gz,ftp://ftp.sra.ebi.ac.uk/vol1/fastq/ERR156/011/ERR15626011/ERR15626011_1.fastq.gz,ftp://ftp.sra.ebi.ac.uk/vol1/fastq/ERR143/093/ERR14390493/ERR14390493_2.fastq.gz,ftp://ftp.sra.ebi.ac.uk/vol1/fastq/ERR143/094/ERR14390494/ERR14390494_2.fastq.gz,ftp://ftp.sra.ebi.ac.uk/vol1/fastq/ERR143/095/ERR14390495/ERR14390495_2.fastq.gz,ftp://ftp.sra.ebi.ac.uk/vol1/fastq/ERR156/011/ERR15626011/ERR15626011_2.fastq.gz
RCN13480,Laos,AmpSeqV1,Resistant,Resistant,Sensitive,Resistant,Resistant,Resistant,Resistant,Sensitive,Resistant,Undetermined,ERR15626012,11710489.0,ERR14390496,27222.0,ERR14390497,29304.0,ERR14390498,352.0,ftp://ftp.sra.ebi.ac.uk/vol1/fastq/ERR143/096/ERR14390496/ERR14390496_1.fastq.gz,ftp://ftp.sra.ebi.ac.uk/vol1/fastq/ERR143/097/ERR14390497/ERR14390497_1.fastq.gz,ftp://ftp.sra.ebi.ac.uk/vol1/fastq/ERR143/098/ERR14390498/ERR14390498_1.fastq.gz,ftp://ftp.sra.ebi.ac.uk/vol1/fastq/ERR156/012/ERR15626012/ERR15626012_1.fastq.gz,ftp://ftp.sra.ebi.ac.uk/vol1/fastq/ERR143/096/ERR14390496/ERR14390496_2.fastq.gz,ftp://ftp.sra.ebi.ac.uk/vol1/fastq/ERR143/097/ERR14390497/ERR14390497_2.fastq.gz,ftp://ftp.sra.ebi.ac.uk/vol1/fastq/ERR143/098/ERR14390498/ERR14390498_2.fastq.gz,ftp://ftp.sra.ebi.ac.uk/vol1/fastq/ERR156/012/ERR15626012/ERR15626012_2.fastq.gz
RCN13482,Laos,AmpSeqV1,Resistant,Resistant,Sensitive,Resistant,Resistant,Resistant,Resistant,Sensitive,Resistant,Undetermined,ERR15626014,12729909.0,ERR14390502,44906.0,ERR14390503,35068.0,ERR14390504,1021.0,ftp://ftp.sra.ebi.ac.uk/vol1/fastq/ERR143/002/ERR14390502/ERR14390502_1.fastq.gz,ftp://ftp.sra.ebi.ac.uk/vol1/fastq/ERR143/003/ERR14390503/ERR14390503_1.fastq.gz,ftp://ftp.sra.ebi.ac.uk/vol1/fastq/ERR143/004/ERR14390504/ERR14390504_1.fastq.gz,ftp://ftp.sra.ebi.ac.uk/vol1/fastq/ERR156/014/ERR15626014/ERR15626014_1.fastq.gz,ftp://ftp.sra.ebi.ac.uk/vol1/fastq/ERR143/002/ERR14390502/ERR14390502_2.fastq.gz,ftp://ftp.sra.ebi.ac.uk/vol1/fastq/ERR143/003/ERR14390503/ERR14390503_2.fastq.gz,ftp://ftp.sra.ebi.ac.uk/vol1/fastq/ERR143/004/ERR14390504/ERR14390504_2.fastq.gz,ftp://ftp.sra.ebi.ac.uk/vol1/fastq/ERR156/014/ERR15626014/ERR15626014_2.fastq.gz
RCN13487,Laos,AmpSeqV1,Sensitive,Sensitive,Sensitive,Resistant,Resistant,Resistant,Sensitive,Sensitive,Resistant,Sensitive,ERR15626019,13164911.0,ERR14390517,51218.0,ERR14390518,40498.0,ERR14390519,1580.0,ftp://ftp.sra.ebi.ac.uk/vol1/fastq/ERR143/017/ERR14390517/ERR14390517_1.fastq.gz,ftp://ftp.sra.ebi.ac.uk/vol1/fastq/ERR143/018/ERR14390518/ERR14390518_1.fastq.gz,ftp://ftp.sra.ebi.ac.uk/vol1/fastq/ERR143/019/ERR14390519/ERR14390519_1.fastq.gz,ftp://ftp.sra.ebi.ac.uk/vol1/fastq/ERR156/019/ERR15626019/ERR15626019_1.fastq.gz,ftp://ftp.sra.ebi.ac.uk/vol1/fastq/ERR143/017/ERR14390517/ERR14390517_2.fastq.gz,ftp://ftp.sra.ebi.ac.uk/vol1/fastq/ERR143/018/ERR14390518/ERR14390518_2.fastq.gz,ftp://ftp.sra.ebi.ac.uk/vol1/fastq/ERR143/019/ERR14390519/ERR14390519_2.fastq.gz,ftp://ftp.sra.ebi.ac.uk/vol1/fastq/ERR156/019/ERR15626019/ERR15626019_2.fastq.gz
RCN13488,Laos,AmpSeqV1,Sensitive,Resistant,Sensitive,Resistant,Resistant,Resistant,Sensitive,Sensitive,Resistant,Undetermined,ERR15626020,15433787.0,ERR14390520,27121.0,ERR14390521,32982.0,ERR14390522,105.0,ftp://ftp.sra.ebi.ac.uk/vol1/fastq/ERR143/020/ERR14390520/ERR14390520_1.fastq.gz,ftp://ftp.sra.ebi.ac.uk/vol1/fastq/ERR143/021/ERR14390521/ERR14390521_1.fastq.gz,ftp://ftp.sra.ebi.ac.uk/vol1/fastq/ERR143/022/ERR14390522/ERR14390522_1.fastq.gz,ftp://ftp.sra.ebi.ac.uk/vol1/fastq/ERR156/020/ERR15626020/ERR15626020_1.fastq.gz,ftp://ftp.sra.ebi.ac.uk/vol1/fastq/ERR143/020/ERR14390520/ERR14390520_2.fastq.gz,ftp://ftp.sra.ebi.ac.uk/vol1/fastq/ERR143/021/ERR14390521/ERR14390521_2.fastq.gz,ftp://ftp.sra.ebi.ac.uk/vol1/fastq/ERR143/022/ERR14390522/ERR14390522_2.fastq.gz,ftp://ftp.sra.ebi.ac.uk/vol1/fastq/ERR156/020/ERR15626020/ERR15626020_2.fastq.gz
RCN13495,Laos,AmpSeqV1,Resistant,Resistant,Sensitive,Resistant,Resistant,Resistant,Resistant,Sensitive,Resistant,Undetermined,ERR15626027,23819009.0,ERR14390541,36852.0,ERR14390542,28185.0,ERR14390543,962.0,ftp://ftp.sra.ebi.ac.uk/vol1/fastq/ERR143/041/ERR14390541/ERR14390541_1.fastq.gz,ftp://ftp.sra.ebi.ac.uk/vol1/fastq/ERR143/042/ERR14390542/ERR14390542_1.fastq.gz,ftp://ftp.sra.ebi.ac.uk/vol1/fastq/ERR143/043/ERR14390543/ERR14390543_1.fastq.gz,ftp://ftp.sra.ebi.ac.uk/vol1/fastq/ERR156/027/ERR15626027/ERR15626027_1.fastq.gz,ftp://ftp.sra.ebi.ac.uk/vol1/fastq/ERR143/041/ERR14390541/ERR14390541_2.fastq.gz,ftp://ftp.sra.ebi.ac.uk/vol1/fastq/ERR143/042/ERR14390542/ERR14390542_2.fastq.gz,ftp://ftp.sra.ebi.ac.uk/vol1/fastq/ERR143/043/ERR14390543/ERR14390543_2.fastq.gz,ftp://ftp.sra.ebi.ac.uk/vol1/fastq/ERR156/027/ERR15626027/ERR15626027_2.fastq.gz
RCN13501,Laos,AmpSeqV1,Resistant,Sensitive,Sensitive,Resistant,Resistant,Resistant,Sensitive,Sensitive,Resistant,Resistant,ERR15626033,13671251.0,ERR14390559,42399.0,ERR14390560,34870.0,ERR14390561,2180.0,ftp://ftp.sra.ebi.ac.uk/vol1/fastq/ERR143/059/ERR14390559/ERR14390559_1.fastq.gz,ftp://ftp.sra.ebi.ac.uk/vol1/fastq/ERR143/060/ERR14390560/ERR14390560_1.fastq.gz,ftp://ftp.sra.ebi.ac.uk/vol1/fastq/ERR143/061/ERR14390561/ERR14390561_1.fastq.gz,ftp://ftp.sra.ebi.ac.uk/vol1/fastq/ERR156/033/ERR15626033/ERR15626033_1.fastq.gz,ftp://ftp.sra.ebi.ac.uk/vol1/fastq/ERR143/059/ERR14390559/ERR14390559_2.fastq.gz,ftp://ftp.sra.ebi.ac.uk/vol1/fastq/ERR143/060/ERR14390560/ERR14390560_2.fastq.gz,ftp://ftp.sra.ebi.ac.uk/vol1/fastq/ERR143/061/ERR14390561/ERR14390561_2.fastq.gz,ftp://ftp.sra.ebi.ac.uk/vol1/fastq/ERR156/033/ERR15626033/ERR15626033_2.fastq.gz
RCN13503,Laos,AmpSeqV1,Resistant,Resistant,Sensitive,Resistant,Resistant,Resistant,Resistant,Sensitive,Resistant,Undetermined,ERR15626035,14129454.0,ERR14390565,33568.0,ERR14390566,21986.0,ERR14390567,682.0,ftp://ftp.sra.ebi.ac.uk/vol1/fastq/ERR143/065/ERR14390565/ERR14390565_1.fastq.gz,ftp://ftp.sra.ebi.ac.uk/vol1/fastq/ERR143/066/ERR14390566/ERR14390566_1.fastq.gz,ftp://ftp.sra.ebi.ac.uk/vol1/fastq/ERR143/067/ERR14390567/ERR14390567_1.fastq.gz,ftp://ftp.sra.ebi.ac.uk/vol1/fastq/ERR156/035/ERR15626035/ERR15626035_1.fastq.gz,ftp://ftp.sra.ebi.ac.uk/vol1/fastq/ERR143/065/ERR14390565/ERR14390565_2.fastq.gz,ftp://ftp.sra.ebi.ac.uk/vol1/fastq/ERR143/066/ERR14390566/ERR14390566_2.fastq.gz,ftp://ftp.sra.ebi.ac.uk/vol1/fastq/ERR143/067/ERR14390567/ERR14390567_2.fastq.gz,ftp://ftp.sra.ebi.ac.uk/vol1/fastq/ERR156/035/ERR15626035/ERR15626035_2.fastq.gz
RCN13505,Laos,AmpSeqV1,Resistant,Resistant,Sensitive,Resistant,Resistant,Resistant,Resistant,Sensitive,Resistant,Undetermined,ERR15626036,11019281.0,ERR14390571,37793.0,ERR14390572,25029.0,ERR14390573,413.0,ftp://ftp.sra.ebi.ac.uk/vol1/fastq/ERR143/071/ERR14390571/ERR14390571_1.fastq.gz,ftp://ftp.sra.ebi.ac.uk/vol1/fastq/ERR143/072/ERR14390572/ERR14390572_1.fastq.gz,ftp://ftp.sra.ebi.ac.uk/vol1/fastq/ERR143/073/ERR14390573/ERR14390573_1.fastq.gz,ftp://ftp.sra.ebi.ac.uk/vol1/fastq/ERR156/036/ERR15626036/ERR15626036_1.fastq.gz,ftp://ftp.sra.ebi.ac.uk/vol1/fastq/ERR143/071/ERR14390571/ERR14390571_2.fastq.gz,ftp://ftp.sra.ebi.ac.uk/vol1/fastq/ERR143/072/ERR14390572/ERR14390572_2.fastq.gz,ftp://ftp.sra.ebi.ac.uk/vol1/fastq/ERR143/073/ERR14390573/ERR14390573_2.fastq.gz,ftp://ftp.sra.ebi.ac.uk/vol1/fastq/ERR156/036/ERR15626036/ERR15626036_2.fastq.gz
RCN13507,Laos,AmpSeqV1,Resistant,Resistant,Sensitive,Resistant,Resistant,Resistant,Resistant,Sensitive,Resistant,Undetermined,ERR15626038,15058211.0,ERR14390577,30039.0,ERR14390578,26177.0,ERR14390579,1415.0,ftp://ftp.sra.ebi.ac.uk/vol1/fastq/ERR143/077/ERR14390577/ERR14390577_1.fastq.gz,ftp://ftp.sra.ebi.ac.uk/vol1/fastq/ERR143/078/ERR14390578/ERR14390578_1.fastq.gz,ftp://ftp.sra.ebi.ac.uk/vol1/fastq/ERR143/079/ERR14390579/ERR14390579_1.fastq.gz,ftp://ftp.sra.ebi.ac.uk/vol1/fastq/ERR156/038/ERR15626038/ERR15626038_1.fastq.gz,ftp://ftp.sra.ebi.ac.uk/vol1/fastq/ERR143/077/ERR14390577/ERR14390577_2.fastq.gz,ftp://ftp.sra.ebi.ac.uk/vol1/fastq/ERR143/078/ERR14390578/ERR14390578_2.fastq.gz,ftp://ftp.sra.ebi.ac.uk/vol1/fastq/ERR143/079/ERR14390579/ERR14390579_2.fastq.gz,ftp://ftp.sra.ebi.ac.uk/vol1/fastq/ERR156/038/ERR15626038/ERR15626038_2.fastq.gz
RCN13508,Laos,AmpSeqV1,Resistant,Resistant,Sensitive,Resistant,Resistant,Resistant,Resistant,Sensitive,Resistant,Undetermined,ERR15626039,12988713.0,ERR14390580,13403.0,ERR14390581,22636.0,ERR14390582,81.0,ftp://ftp.sra.ebi.ac.uk/vol1/fastq/ERR143/080/ERR14390580/ERR14390580_1.fastq.gz,ftp://ftp.sra.ebi.ac.uk/vol1/fastq/ERR143/081/ERR14390581/ERR14390581_1.fastq.gz,ftp://ftp.sra.ebi.ac.uk/vol1/fastq/ERR143/082/ERR14390582/ERR14390582_1.fastq.gz,ftp://ftp.sra.ebi.ac.uk/vol1/fastq/ERR156/039/ERR15626039/ERR15626039_1.fastq.gz,ftp://ftp.sra.ebi.ac.uk/vol1/fastq/ERR143/080/ERR14390580/ERR14390580_2.fastq.gz,ftp://ftp.sra.ebi.ac.uk/vol1/fastq/ERR143/081/ERR14390581/ERR14390581_2.fastq.gz,ftp://ftp.sra.ebi.ac.uk/vol1/fastq/ERR143/082/ERR14390582/ERR14390582_2.fastq.gz,ftp://ftp.sra.ebi.ac.uk/vol1/fastq/ERR156/039/ERR15626039/ERR15626039_2.fastq.gz
RCN13512,Laos,AmpSeqV1,Resistant,Resistant,Sensitive,Resistant,Resistant,Resistant,Resistant,Sensitive,Resistant,Undetermined,ERR15626042,15002353.0,ERR14390589,23404.0,ERR14390590,30817.0,ERR14390591,283.0,ftp://ftp.sra.ebi.ac.uk/vol1/fastq/ERR143/089/ERR14390589/ERR14390589_1.fastq.gz,ftp://ftp.sra.ebi.ac.uk/vol1/fastq/ERR143/090/ERR14390590/ERR14390590_1.fastq.gz,ftp://ftp.sra.ebi.ac.uk/vol1/fastq/ERR143/091/ERR14390591/ERR14390591_1.fastq.gz,ftp://ftp.sra.ebi.ac.uk/vol1/fastq/ERR156/042/ERR15626042/ERR15626042_1.fastq.gz,ftp://ftp.sra.ebi.ac.uk/vol1/fastq/ERR143/089/ERR14390589/ERR14390589_2.fastq.gz,ftp://ftp.sra.ebi.ac.uk/vol1/fastq/ERR143/090/ERR14390590/ERR14390590_2.fastq.gz,ftp://ftp.sra.ebi.ac.uk/vol1/fastq/ERR143/091/ERR14390591/ERR14390591_2.fastq.gz,ftp://ftp.sra.ebi.ac.uk/vol1/fastq/ERR156/042/ERR15626042/ERR15626042_2.fastq.gz
RCN13540,Laos,AmpSeqV1,Resistant,Sensitive,Sensitive,Resistant,Resistant,Resistant,Sensitive,Sensitive,Resistant,Undetermined,ERR15626067,13668508.0,ERR14390667,14315.0,ERR14390668,25552.0,ERR14390669,158.0,ftp://ftp.sra.ebi.ac.uk/vol1/fastq/ERR143/067/ERR14390667/ERR14390667_1.fastq.gz,ftp://ftp.sra.ebi.ac.uk/vol1/fastq/ERR143/068/ERR14390668/ERR14390668_1.fastq.gz,ftp://ftp.sra.ebi.ac.uk/vol1/fastq/ERR143/069/ERR14390669/ERR14390669_1.fastq.gz,ftp://ftp.sra.ebi.ac.uk/vol1/fastq/ERR156/067/ERR15626067/ERR15626067_1.fastq.gz,ftp://ftp.sra.ebi.ac.uk/vol1/fastq/ERR143/067/ERR14390667/ERR14390667_2.fastq.gz,ftp://ftp.sra.ebi.ac.uk/vol1/fastq/ERR143/068/ERR14390668/ERR14390668_2.fastq.gz,ftp://ftp.sra.ebi.ac.uk/vol1/fastq/ERR143/069/ERR14390669/ERR14390669_2.fastq.gz,ftp://ftp.sra.ebi.ac.uk/vol1/fastq/ERR156/067/ERR15626067/ERR15626067_2.fastq.gz
RCN13542,Laos,AmpSeqV1,Resistant,Resistant,Sensitive,Resistant,Resistant,Resistant,Resistant,Sensitive,Resistant,Undetermined,ERR15626069,13729418.0,ERR14390673,21995.0,ERR14390674,19795.0,ERR14390675,1130.0,ftp://ftp.sra.ebi.ac.uk/vol1/fastq/ERR143/073/ERR14390673/ERR14390673_1.fastq.gz,ftp://ftp.sra.ebi.ac.uk/vol1/fastq/ERR143/074/ERR14390674/ERR14390674_1.fastq.gz,ftp://ftp.sra.ebi.ac.uk/vol1/fastq/ERR143/075/ERR14390675/ERR14390675_1.fastq.gz,ftp://ftp.sra.ebi.ac.uk/vol1/fastq/ERR156/069/ERR15626069/ERR15626069_1.fastq.gz,ftp://ftp.sra.ebi.ac.uk/vol1/fastq/ERR143/073/ERR14390673/ERR14390673_2.fastq.gz,ftp://ftp.sra.ebi.ac.uk/vol1/fastq/ERR143/074/ERR14390674/ERR14390674_2.fastq.gz,ftp://ftp.sra.ebi.ac.uk/vol1/fastq/ERR143/075/ERR14390675/ERR14390675_2.fastq.gz,ftp://ftp.sra.ebi.ac.uk/vol1/fastq/ERR156/069/ERR15626069/ERR15626069_2.fastq.gz
RCN13545,Laos,AmpSeqV1,Resistant,Resistant,Sensitive,Resistant,Resistant,Resistant,Resistant,Sensitive,Resistant,Undetermined,ERR15626072,13206473.0,ERR14390682,32652.0,ERR14390683,31737.0,ERR14390684,946.0,ftp://ftp.sra.ebi.ac.uk/vol1/fastq/ERR143/082/ERR14390682/ERR14390682_1.fastq.gz,ftp://ftp.sra.ebi.ac.uk/vol1/fastq/ERR143/083/ERR14390683/ERR14390683_1.fastq.gz,ftp://ftp.sra.ebi.ac.uk/vol1/fastq/ERR143/084/ERR14390684/ERR14390684_1.fastq.gz,ftp://ftp.sra.ebi.ac.uk/vol1/fastq/ERR156/072/ERR15626072/ERR15626072_1.fastq.gz,ftp://ftp.sra.ebi.ac.uk/vol1/fastq/ERR143/082/ERR14390682/ERR14390682_2.fastq.gz,ftp://ftp.sra.ebi.ac.uk/vol1/fastq/ERR143/083/ERR14390683/ERR14390683_2.fastq.gz,ftp://ftp.sra.ebi.ac.uk/vol1/fastq/ERR143/084/ERR14390684/ERR14390684_2.fastq.gz,ftp://ftp.sra.ebi.ac.uk/vol1/fastq/ERR156/072/ERR15626072/ERR15626072_2.fastq.gz
RCN13548,Laos,AmpSeqV1,Resistant,Resistant,Sensitive,Resistant,Resistant,Resistant,Resistant,Sensitive,Resistant,Sensitive,ERR15626075,12902713.0,ERR14390688,22771.0,ERR14390689,31134.0,ERR14390690,416.0,ftp://ftp.sra.ebi.ac.uk/vol1/fastq/ERR143/088/ERR14390688/ERR14390688_1.fastq.gz,ftp://ftp.sra.ebi.ac.uk/vol1/fastq/ERR143/089/ERR14390689/ERR14390689_1.fastq.gz,ftp://ftp.sra.ebi.ac.uk/vol1/fastq/ERR143/090/ERR14390690/ERR14390690_1.fastq.gz,ftp://ftp.sra.ebi.ac.uk/vol1/fastq/ERR156/075/ERR15626075/ERR15626075_1.fastq.gz,ftp://ftp.sra.ebi.ac.uk/vol1/fastq/ERR143/088/ERR14390688/ERR14390688_2.fastq.gz,ftp://ftp.sra.ebi.ac.uk/vol1/fastq/ERR143/089/ERR14390689/ERR14390689_2.fastq.gz,ftp://ftp.sra.ebi.ac.uk/vol1/fastq/ERR143/090/ERR14390690/ERR14390690_2.fastq.gz,ftp://ftp.sra.ebi.ac.uk/vol1/fastq/ERR156/075/ERR15626075/ERR15626075_2.fastq.gz
RCN13549,Laos,AmpSeqV1,Sensitive,Resistant,Sensitive,Resistant,Resistant,Resistant,Sensitive,Sensitive,Resistant,Sensitive,ERR15626076,11880822.0,ERR14390691,37423.0,ERR14390692,30818.0,ERR14390693,799.0,ftp://ftp.sra.ebi.ac.uk/vol1/fastq/ERR143/091/ERR14390691/ERR14390691_1.fastq.gz,ftp://ftp.sra.ebi.ac.uk/vol1/fastq/ERR143/092/ERR14390692/ERR14390692_1.fastq.gz,ftp://ftp.sra.ebi.ac.uk/vol1/fastq/ERR143/093/ERR14390693/ERR14390693_1.fastq.gz,ftp://ftp.sra.ebi.ac.uk/vol1/fastq/ERR156/076/ERR15626076/ERR15626076_1.fastq.gz,ftp://ftp.sra.ebi.ac.uk/vol1/fastq/ERR143/091/ERR14390691/ERR14390691_2.fastq.gz,ftp://ftp.sra.ebi.ac.uk/vol1/fastq/ERR143/092/ERR14390692/ERR14390692_2.fastq.gz,ftp://ftp.sra.ebi.ac.uk/vol1/fastq/ERR143/093/ERR14390693/ERR14390693_2.fastq.gz,ftp://ftp.sra.ebi.ac.uk/vol1/fastq/ERR156/076/ERR15626076/ERR15626076_2.fastq.gz
RCN13554,Laos,AmpSeqV1,Resistant,Resistant,Sensitive,Resistant,Resistant,Resistant,Resistant,Sensitive,Resistant,Undetermined,ERR15626081,17211525.0,ERR14390703,30789.0,ERR14390704,28463.0,ERR14390705,1065.0,ftp://ftp.sra.ebi.ac.uk/vol1/fastq/ERR143/003/ERR14390703/ERR14390703_1.fastq.gz,ftp://ftp.sra.ebi.ac.uk/vol1/fastq/ERR143/004/ERR14390704/ERR14390704_1.fastq.gz,ftp://ftp.sra.ebi.ac.uk/vol1/fastq/ERR143/005/ERR14390705/ERR14390705_1.fastq.gz,ftp://ftp.sra.ebi.ac.uk/vol1/fastq/ERR156/081/ERR15626081/ERR15626081_1.fastq.gz,ftp://ftp.sra.ebi.ac.uk/vol1/fastq/ERR143/003/ERR14390703/ERR14390703_2.fastq.gz,ftp://ftp.sra.ebi.ac.uk/vol1/fastq/ERR143/004/ERR14390704/ERR14390704_2.fastq.gz,ftp://ftp.sra.ebi.ac.uk/vol1/fastq/ERR143/005/ERR14390705/ERR14390705_2.fastq.gz,ftp://ftp.sra.ebi.ac.uk/vol1/fastq/ERR156/081/ERR15626081/ERR15626081_2.fastq.gz
RCN13557,Laos,AmpSeqV1,Resistant,Resistant,Sensitive,Resistant,Resistant,Resistant,Resistant,Sensitive,Resistant,Undetermined,ERR15626084,14540846.0,ERR14390712,36897.0,ERR14390713,32326.0,ERR14390714,1640.0,ftp://ftp.sra.ebi.ac.uk/vol1/fastq/ERR143/012/ERR14390712/ERR14390712_1.fastq.gz,ftp://ftp.sra.ebi.ac.uk/vol1/fastq/ERR143/013/ERR14390713/ERR14390713_1.fastq.gz,ftp://ftp.sra.ebi.ac.uk/vol1/fastq/ERR143/014/ERR14390714/ERR14390714_1.fastq.gz,ftp://ftp.sra.ebi.ac.uk/vol1/fastq/ERR156/084/ERR15626084/ERR15626084_1.fastq.gz,ftp://ftp.sra.ebi.ac.uk/vol1/fastq/ERR143/012/ERR14390712/ERR14390712_2.fastq.gz,ftp://ftp.sra.ebi.ac.uk/vol1/fastq/ERR143/013/ERR14390713/ERR14390713_2.fastq.gz,ftp://ftp.sra.ebi.ac.uk/vol1/fastq/ERR143/014/ERR14390714/ERR14390714_2.fastq.gz,ftp://ftp.sra.ebi.ac.uk/vol1/fastq/ERR156/084/ERR15626084/ERR15626084_2.fastq.gz
RCN13558,Laos,AmpSeqV1,Resistant,Resistant,Sensitive,Resistant,Resistant,Resistant,Resistant,Sensitive,Resistant,Undetermined,ERR15626085,12829777.0,ERR14390715,35205.0,ERR14390716,34602.0,ERR14390717,1668.0,ftp://ftp.sra.ebi.ac.uk/vol1/fastq/ERR143/015/ERR14390715/ERR14390715_1.fastq.gz,ftp://ftp.sra.ebi.ac.uk/vol1/fastq/ERR143/016/ERR14390716/ERR14390716_1.fastq.gz,ftp://ftp.sra.ebi.ac.uk/vol1/fastq/ERR143/017/ERR14390717/ERR14390717_1.fastq.gz,ftp://ftp.sra.ebi.ac.uk/vol1/fastq/ERR156/085/ERR15626085/ERR15626085_1.fastq.gz,ftp://ftp.sra.ebi.ac.uk/vol1/fastq/ERR143/015/ERR14390715/ERR14390715_2.fastq.gz,ftp://ftp.sra.ebi.ac.uk/vol1/fastq/ERR143/016/ERR14390716/ERR14390716_2.fastq.gz,ftp://ftp.sra.ebi.ac.uk/vol1/fastq/ERR143/017/ERR14390717/ERR14390717_2.fastq.gz,ftp://ftp.sra.ebi.ac.uk/vol1/fastq/ERR156/085/ERR15626085/ERR15626085_2.fastq.gz
RCN13561,Laos,AmpSeqV1,Resistant,Resistant,Sensitive,Resistant,Resistant,Resistant,Resistant,Sensitive,Resistant,Undetermined,ERR15626088,12256634.0,ERR14390724,41278.0,ERR14390725,43455.0,ERR14390726,2130.0,ftp://ftp.sra.ebi.ac.uk/vol1/fastq/ERR143/024/ERR14390724/ERR14390724_1.fastq.gz,ftp://ftp.sra.ebi.ac.uk/vol1/fastq/ERR143/025/ERR14390725/ERR14390725_1.fastq.gz,ftp://ftp.sra.ebi.ac.uk/vol1/fastq/ERR143/026/ERR14390726/ERR14390726_1.fastq.gz,ftp://ftp.sra.ebi.ac.uk/vol1/fastq/ERR156/088/ERR15626088/ERR15626088_1.fastq.gz,ftp://ftp.sra.ebi.ac.uk/vol1/fastq/ERR143/024/ERR14390724/ERR14390724_2.fastq.gz,ftp://ftp.sra.ebi.ac.uk/vol1/fastq/ERR143/025/ERR14390725/ERR14390725_2.fastq.gz,ftp://ftp.sra.ebi.ac.uk/vol1/fastq/ERR143/026/ERR14390726/ERR14390726_2.fastq.gz,ftp://ftp.sra.ebi.ac.uk/vol1/fastq/ERR156/088/ERR15626088/ERR15626088_2.fastq.gz
RCN13562,Laos,AmpSeqV1,Resistant,Resistant,Sensitive,Resistant,Resistant,Resistant,Resistant,Sensitive,Resistant,Undetermined,ERR15626089,15483938.0,ERR14390727,34906.0,ERR14390728,29024.0,ERR14390729,1413.0,ftp://ftp.sra.ebi.ac.uk/vol1/fastq/ERR143/027/ERR14390727/ERR14390727_1.fastq.gz,ftp://ftp.sra.ebi.ac.uk/vol1/fastq/ERR143/028/ERR14390728/ERR14390728_1.fastq.gz,ftp://ftp.sra.ebi.ac.uk/vol1/fastq/ERR143/029/ERR14390729/ERR14390729_1.fastq.gz,ftp://ftp.sra.ebi.ac.uk/vol1/fastq/ERR156/089/ERR15626089/ERR15626089_1.fastq.gz,ftp://ftp.sra.ebi.ac.uk/vol1/fastq/ERR143/027/ERR14390727/ERR14390727_2.fastq.gz,ftp://ftp.sra.ebi.ac.uk/vol1/fastq/ERR143/028/ERR14390728/ERR14390728_2.fastq.gz,ftp://ftp.sra.ebi.ac.uk/vol1/fastq/ERR143/029/ERR14390729/ERR14390729_2.fastq.gz,ftp://ftp.sra.ebi.ac.uk/vol1/fastq/ERR156/089/ERR15626089/ERR15626089_2.fastq.gz
RCN13564,Laos,AmpSeqV1,Resistant,Sensitive,Resistant,Resistant,Resistant,Resistant,Sensitive,Resistant,Resistant,Sensitive,ERR15626091,12219563.0,ERR14390733,41312.0,ERR14390734,34309.0,ERR14390735,355.0,ftp://ftp.sra.ebi.ac.uk/vol1/fastq/ERR143/033/ERR14390733/ERR14390733_1.fastq.gz,ftp://ftp.sra.ebi.ac.uk/vol1/fastq/ERR143/034/ERR14390734/ERR14390734_1.fastq.gz,ftp://ftp.sra.ebi.ac.uk/vol1/fastq/ERR143/035/ERR14390735/ERR14390735_1.fastq.gz,ftp://ftp.sra.ebi.ac.uk/vol1/fastq/ERR156/091/ERR15626091/ERR15626091_1.fastq.gz,ftp://ftp.sra.ebi.ac.uk/vol1/fastq/ERR143/033/ERR14390733/ERR14390733_2.fastq.gz,ftp://ftp.sra.ebi.ac.uk/vol1/fastq/ERR143/034/ERR14390734/ERR14390734_2.fastq.gz,ftp://ftp.sra.ebi.ac.uk/vol1/fastq/ERR143/035/ERR14390735/ERR14390735_2.fastq.gz,ftp://ftp.sra.ebi.ac.uk/vol1/fastq/ERR156/091/ERR15626091/ERR15626091_2.fastq.gz
RCN13567,Laos,AmpSeqV1,Resistant,Resistant,Sensitive,Resistant,Resistant,Resistant,Resistant,Sensitive,Resistant,Undetermined,ERR15626094,10743167.0,ERR14390742,12370.0,ERR14390743,29624.0,ERR14390744,231.0,ftp://ftp.sra.ebi.ac.uk/vol1/fastq/ERR143/042/ERR14390742/ERR14390742_1.fastq.gz,ftp://ftp.sra.ebi.ac.uk/vol1/fastq/ERR143/043/ERR14390743/ERR14390743_1.fastq.gz,ftp://ftp.sra.ebi.ac.uk/vol1/fastq/ERR143/044/ERR14390744/ERR14390744_1.fastq.gz,ftp://ftp.sra.ebi.ac.uk/vol1/fastq/ERR156/094/ERR15626094/ERR15626094_1.fastq.gz,ftp://ftp.sra.ebi.ac.uk/vol1/fastq/ERR143/042/ERR14390742/ERR14390742_2.fastq.gz,ftp://ftp.sra.ebi.ac.uk/vol1/fastq/ERR143/043/ERR14390743/ERR14390743_2.fastq.gz,ftp://ftp.sra.ebi.ac.uk/vol1/fastq/ERR143/044/ERR14390744/ERR14390744_2.fastq.gz,ftp://ftp.sra.ebi.ac.uk/vol1/fastq/ERR156/094/ERR15626094/ERR15626094_2.fastq.gz
RCN13568,Laos,AmpSeqV1,Resistant,Resistant,Sensitive,Resistant,Resistant,Resistant,Resistant,Sensitive,Resistant,Undetermined,ERR15626095,15251188.0,ERR14390745,37503.0,ERR14390746,35033.0,ERR14390747,1812.0,ftp://ftp.sra.ebi.ac.uk/vol1/fastq/ERR143/045/ERR14390745/ERR14390745_1.fastq.gz,ftp://ftp.sra.ebi.ac.uk/vol1/fastq/ERR143/046/ERR14390746/ERR14390746_1.fastq.gz,ftp://ftp.sra.ebi.ac.uk/vol1/fastq/ERR143/047/ERR14390747/ERR14390747_1.fastq.gz,ftp://ftp.sra.ebi.ac.uk/vol1/fastq/ERR156/095/ERR15626095/ERR15626095_1.fastq.gz,ftp://ftp.sra.ebi.ac.uk/vol1/fastq/ERR143/045/ERR14390745/ERR14390745_2.fastq.gz,ftp://ftp.sra.ebi.ac.uk/vol1/fastq/ERR143/046/ERR14390746/ERR14390746_2.fastq.gz,ftp://ftp.sra.ebi.ac.uk/vol1/fastq/ERR143/047/ERR14390747/ERR14390747_2.fastq.gz,ftp://ftp.sra.ebi.ac.uk/vol1/fastq/ERR156/095/ERR15626095/ERR15626095_2.fastq.gz
RCN13570,Laos,AmpSeqV1,Resistant,Resistant,Sensitive,Resistant,Resistant,Resistant,Resistant,Sensitive,Resistant,Undetermined,ERR15626097,13632448.0,ERR14390751,37658.0,ERR14390752,31431.0,ERR14390753,1436.0,ftp://ftp.sra.ebi.ac.uk/vol1/fastq/ERR143/051/ERR14390751/ERR14390751_1.fastq.gz,ftp://ftp.sra.ebi.ac.uk/vol1/fastq/ERR143/052/ERR14390752/ERR14390752_1.fastq.gz,ftp://ftp.sra.ebi.ac.uk/vol1/fastq/ERR143/053/ERR14390753/ERR14390753_1.fastq.gz,ftp://ftp.sra.ebi.ac.uk/vol1/fastq/ERR156/097/ERR15626097/ERR15626097_1.fastq.gz,ftp://ftp.sra.ebi.ac.uk/vol1/fastq/ERR143/051/ERR14390751/ERR14390751_2.fastq.gz,ftp://ftp.sra.ebi.ac.uk/vol1/fastq/ERR143/052/ERR14390752/ERR14390752_2.fastq.gz,ftp://ftp.sra.ebi.ac.uk/vol1/fastq/ERR143/053/ERR14390753/ERR14390753_2.fastq.gz,ftp://ftp.sra.ebi.ac.uk/vol1/fastq/ERR156/097/ERR15626097/ERR15626097_2.fastq.gz
RCN13580,Laos,AmpSeqV1,Resistant,Resistant,Sensitive,Resistant,Resistant,Resistant,Resistant,Sensitive,Resistant,Undetermined,ERR15626106,13385952.0,ERR14390778,36220.0,ERR14390779,39425.0,ERR14390780,350.0,ftp://ftp.sra.ebi.ac.uk/vol1/fastq/ERR143/078/ERR14390778/ERR14390778_1.fastq.gz,ftp://ftp.sra.ebi.ac.uk/vol1/fastq/ERR143/079/ERR14390779/ERR14390779_1.fastq.gz,ftp://ftp.sra.ebi.ac.uk/vol1/fastq/ERR143/080/ERR14390780/ERR14390780_1.fastq.gz,ftp://ftp.sra.ebi.ac.uk/vol1/fastq/ERR156/006/ERR15626106/ERR15626106_1.fastq.gz,ftp://ftp.sra.ebi.ac.uk/vol1/fastq/ERR143/078/ERR14390778/ERR14390778_2.fastq.gz,ftp://ftp.sra.ebi.ac.uk/vol1/fastq/ERR143/079/ERR14390779/ERR14390779_2.fastq.gz,ftp://ftp.sra.ebi.ac.uk/vol1/fastq/ERR143/080/ERR14390780/ERR14390780_2.fastq.gz,ftp://ftp.sra.ebi.ac.uk/vol1/fastq/ERR156/006/ERR15626106/ERR15626106_2.fastq.gz
RCN13581,Laos,AmpSeqV1,Resistant,Resistant,Sensitive,Resistant,Resistant,Resistant,Resistant,Sensitive,Resistant,Undetermined,ERR15626107,17452028.0,ERR14390781,27991.0,ERR14390782,25875.0,ERR14390783,1444.0,ftp://ftp.sra.ebi.ac.uk/vol1/fastq/ERR143/081/ERR14390781/ERR14390781_1.fastq.gz,ftp://ftp.sra.ebi.ac.uk/vol1/fastq/ERR143/082/ERR14390782/ERR14390782_1.fastq.gz,ftp://ftp.sra.ebi.ac.uk/vol1/fastq/ERR143/083/ERR14390783/ERR14390783_1.fastq.gz,ftp://ftp.sra.ebi.ac.uk/vol1/fastq/ERR156/007/ERR15626107/ERR15626107_1.fastq.gz,ftp://ftp.sra.ebi.ac.uk/vol1/fastq/ERR143/081/ERR14390781/ERR14390781_2.fastq.gz,ftp://ftp.sra.ebi.ac.uk/vol1/fastq/ERR143/082/ERR14390782/ERR14390782_2.fastq.gz,ftp://ftp.sra.ebi.ac.uk/vol1/fastq/ERR143/083/ERR14390783/ERR14390783_2.fastq.gz,ftp://ftp.sra.ebi.ac.uk/vol1/fastq/ERR156/007/ERR15626107/ERR15626107_2.fastq.gz
RCN14197,Vietnam,AmpSeqV2,Resistant,Resistant,Sensitive,Resistant,Resistant,Resistant,Resistant,Sensitive,Resistant,Undetermined,ERR15626357,14003458.0,ERR14390880,32307.0,ERR14390881,36519.0,ERR14390882,1521.0,ftp://ftp.sra.ebi.ac.uk/vol1/fastq/ERR143/080/ERR14390880/ERR14390880_1.fastq.gz,ftp://ftp.sra.ebi.ac.uk/vol1/fastq/ERR143/081/ERR14390881/ERR14390881_1.fastq.gz,ftp://ftp.sra.ebi.ac.uk/vol1/fastq/ERR143/082/ERR14390882/ERR14390882_1.fastq.gz,ftp://ftp.sra.ebi.ac.uk/vol1/fastq/ERR156/057/ERR15626357/ERR15626357_1.fastq.gz,ftp://ftp.sra.ebi.ac.uk/vol1/fastq/ERR143/080/ERR14390880/ERR14390880_2.fastq.gz,ftp://ftp.sra.ebi.ac.uk/vol1/fastq/ERR143/081/ERR14390881/ERR14390881_2.fastq.gz,ftp://ftp.sra.ebi.ac.uk/vol1/fastq/ERR143/082/ERR14390882/ERR14390882_2.fastq.gz,ftp://ftp.sra.ebi.ac.uk/vol1/fastq/ERR156/057/ERR15626357/ERR15626357_2.fastq.gz
RCN14210,Vietnam,AmpSeqV2,Resistant,Sensitive,Sensitive,Resistant,Resistant,Resistant,Sensitive,Sensitive,Resistant,Undetermined,ERR15626358,32996859.0,ERR14390919,44672.0,ERR14390920,49219.0,ERR14390921,1658.0,ftp://ftp.sra.ebi.ac.uk/vol1/fastq/ERR143/019/ERR14390919/ERR14390919_1.fastq.gz,ftp://ftp.sra.ebi.ac.uk/vol1/fastq/ERR143/020/ERR14390920/ERR14390920_1.fastq.gz,ftp://ftp.sra.ebi.ac.uk/vol1/fastq/ERR143/021/ERR14390921/ERR14390921_1.fastq.gz,ftp://ftp.sra.ebi.ac.uk/vol1/fastq/ERR156/058/ERR15626358/ERR15626358_1.fastq.gz,ftp://ftp.sra.ebi.ac.uk/vol1/fastq/ERR143/019/ERR14390919/ERR14390919_2.fastq.gz,ftp://ftp.sra.ebi.ac.uk/vol1/fastq/ERR143/020/ERR14390920/ERR14390920_2.fastq.gz,ftp://ftp.sra.ebi.ac.uk/vol1/fastq/ERR143/021/ERR14390921/ERR14390921_2.fastq.gz,ftp://ftp.sra.ebi.ac.uk/vol1/fastq/ERR156/058/ERR15626358/ERR15626358_2.fastq.gz
RCN14217,Vietnam,AmpSeqV2,Sensitive,Sensitive,Sensitive,Resistant,Resistant,Resistant,Sensitive,Sensitive,Resistant,Sensitive,ERR15626359,27424736.0,ERR14390940,30067.0,ERR14390941,35161.0,ERR14390942,1104.0,ftp://ftp.sra.ebi.ac.uk/vol1/fastq/ERR143/040/ERR14390940/ERR14390940_1.fastq.gz,ftp://ftp.sra.ebi.ac.uk/vol1/fastq/ERR143/041/ERR14390941/ERR14390941_1.fastq.gz,ftp://ftp.sra.ebi.ac.uk/vol1/fastq/ERR143/042/ERR14390942/ERR14390942_1.fastq.gz,ftp://ftp.sra.ebi.ac.uk/vol1/fastq/ERR156/059/ERR15626359/ERR15626359_1.fastq.gz,ftp://ftp.sra.ebi.ac.uk/vol1/fastq/ERR143/040/ERR14390940/ERR14390940_2.fastq.gz,ftp://ftp.sra.ebi.ac.uk/vol1/fastq/ERR143/041/ERR14390941/ERR14390941_2.fastq.gz,ftp://ftp.sra.ebi.ac.uk/vol1/fastq/ERR143/042/ERR14390942/ERR14390942_2.fastq.gz,ftp://ftp.sra.ebi.ac.uk/vol1/fastq/ERR156/059/ERR15626359/ERR15626359_2.fastq.gz
RCN14220,Vietnam,AmpSeqV2,Resistant,Resistant,Sensitive,Resistant,Resistant,Resistant,Resistant,Sensitive,Resistant,Undetermined,ERR15626360,14932348.0,ERR14390949,35481.0,ERR14390950,37041.0,ERR14390951,988.0,ftp://ftp.sra.ebi.ac.uk/vol1/fastq/ERR143/049/ERR14390949/ERR14390949_1.fastq.gz,ftp://ftp.sra.ebi.ac.uk/vol1/fastq/ERR143/050/ERR14390950/ERR14390950_1.fastq.gz,ftp://ftp.sra.ebi.ac.uk/vol1/fastq/ERR143/051/ERR14390951/ERR14390951_1.fastq.gz,ftp://ftp.sra.ebi.ac.uk/vol1/fastq/ERR156/060/ERR15626360/ERR15626360_1.fastq.gz,ftp://ftp.sra.ebi.ac.uk/vol1/fastq/ERR143/049/ERR14390949/ERR14390949_2.fastq.gz,ftp://ftp.sra.ebi.ac.uk/vol1/fastq/ERR143/050/ERR14390950/ERR14390950_2.fastq.gz,ftp://ftp.sra.ebi.ac.uk/vol1/fastq/ERR143/051/ERR14390951/ERR14390951_2.fastq.gz,ftp://ftp.sra.ebi.ac.uk/vol1/fastq/ERR156/060/ERR15626360/ERR15626360_2.fastq.gz
RCN14222,Vietnam,AmpSeqV2,Resistant,Resistant,Sensitive,Resistant,Resistant,Resistant,Resistant,Sensitive,Resistant,Undetermined,ERR15626361,13284725.0,ERR14390955,29441.0,ERR14390956,31675.0,ERR14390957,1447.0,ftp://ftp.sra.ebi.ac.uk/vol1/fastq/ERR143/055/ERR14390955/ERR14390955_1.fastq.gz,ftp://ftp.sra.ebi.ac.uk/vol1/fastq/ERR143/056/ERR14390956/ERR14390956_1.fastq.gz,ftp://ftp.sra.ebi.ac.uk/vol1/fastq/ERR143/057/ERR14390957/ERR14390957_1.fastq.gz,ftp://ftp.sra.ebi.ac.uk/vol1/fastq/ERR156/061/ERR15626361/ERR15626361_1.fastq.gz,ftp://ftp.sra.ebi.ac.uk/vol1/fastq/ERR143/055/ERR14390955/ERR14390955_2.fastq.gz,ftp://ftp.sra.ebi.ac.uk/vol1/fastq/ERR143/056/ERR14390956/ERR14390956_2.fastq.gz,ftp://ftp.sra.ebi.ac.uk/vol1/fastq/ERR143/057/ERR14390957/ERR14390957_2.fastq.gz,ftp://ftp.sra.ebi.ac.uk/vol1/fastq/ERR156/061/ERR15626361/ERR15626361_2.fastq.gz
RCN14223,Vietnam,AmpSeqV2,Resistant,Resistant,Sensitive,Resistant,Resistant,Resistant,Resistant,Sensitive,Resistant,Undetermined,ERR15626362,17064979.0,ERR14390958,27125.0,ERR14390959,30012.0,ERR14390960,8.0,ftp://ftp.sra.ebi.ac.uk/vol1/fastq/ERR143/058/ERR14390958/ERR14390958_1.fastq.gz,ftp://ftp.sra.ebi.ac.uk/vol1/fastq/ERR143/059/ERR14390959/ERR14390959_1.fastq.gz,ftp://ftp.sra.ebi.ac.uk/vol1/fastq/ERR143/060/ERR14390960/ERR14390960_1.fastq.gz,ftp://ftp.sra.ebi.ac.uk/vol1/fastq/ERR156/062/ERR15626362/ERR15626362_1.fastq.gz,ftp://ftp.sra.ebi.ac.uk/vol1/fastq/ERR143/058/ERR14390958/ERR14390958_2.fastq.gz,ftp://ftp.sra.ebi.ac.uk/vol1/fastq/ERR143/059/ERR14390959/ERR14390959_2.fastq.gz,ftp://ftp.sra.ebi.ac.uk/vol1/fastq/ERR143/060/ERR14390960/ERR14390960_2.fastq.gz,ftp://ftp.sra.ebi.ac.uk/vol1/fastq/ERR156/062/ERR15626362/ERR15626362_2.fastq.gz
RCN14226,Vietnam,AmpSeqV2,Resistant,Resistant,Sensitive,Resistant,Resistant,Resistant,Resistant,Sensitive,Resistant,Undetermined,ERR15626364,15935632.0,ERR14390967,27909.0,ERR14390968,33904.0,ERR14390969,1066.0,ftp://ftp.sra.ebi.ac.uk/vol1/fastq/ERR143/067/ERR14390967/ERR14390967_1.fastq.gz,ftp://ftp.sra.ebi.ac.uk/vol1/fastq/ERR143/068/ERR14390968/ERR14390968_1.fastq.gz,ftp://ftp.sra.ebi.ac.uk/vol1/fastq/ERR143/069/ERR14390969/ERR14390969_1.fastq.gz,ftp://ftp.sra.ebi.ac.uk/vol1/fastq/ERR156/064/ERR15626364/ERR15626364_1.fastq.gz,ftp://ftp.sra.ebi.ac.uk/vol1/fastq/ERR143/067/ERR14390967/ERR14390967_2.fastq.gz,ftp://ftp.sra.ebi.ac.uk/vol1/fastq/ERR143/068/ERR14390968/ERR14390968_2.fastq.gz,ftp://ftp.sra.ebi.ac.uk/vol1/fastq/ERR143/069/ERR14390969/ERR14390969_2.fastq.gz,ftp://ftp.sra.ebi.ac.uk/vol1/fastq/ERR156/064/ERR15626364/ERR15626364_2.fastq.gz
RCN14233,Vietnam,AmpSeqV2,Resistant,Sensitive,Sensitive,Resistant,Resistant,Resistant,Sensitive,Sensitive,Resistant,Undetermined,ERR15626365,15142297.0,ERR14390988,25335.0,ERR14390989,31299.0,ERR14390990,1083.0,ftp://ftp.sra.ebi.ac.uk/vol1/fastq/ERR143/088/ERR14390988/ERR14390988_1.fastq.gz,ftp://ftp.sra.ebi.ac.uk/vol1/fastq/ERR143/089/ERR14390989/ERR14390989_1.fastq.gz,ftp://ftp.sra.ebi.ac.uk/vol1/fastq/ERR143/090/ERR14390990/ERR14390990_1.fastq.gz,ftp://ftp.sra.ebi.ac.uk/vol1/fastq/ERR156/065/ERR15626365/ERR15626365_1.fastq.gz,ftp://ftp.sra.ebi.ac.uk/vol1/fastq/ERR143/088/ERR14390988/ERR14390988_2.fastq.gz,ftp://ftp.sra.ebi.ac.uk/vol1/fastq/ERR143/089/ERR14390989/ERR14390989_2.fastq.gz,ftp://ftp.sra.ebi.ac.uk/vol1/fastq/ERR143/090/ERR14390990/ERR14390990_2.fastq.gz,ftp://ftp.sra.ebi.ac.uk/vol1/fastq/ERR156/065/ERR15626365/ERR15626365_2.fastq.gz
RCN14234,Vietnam,AmpSeqV2,Sensitive,Sensitive,Sensitive,Resistant,Resistant,Resistant,Sensitive,Sensitive,Resistant,Sensitive,ERR15626366,16599675.0,ERR14390991,25718.0,ERR14390992,30858.0,ERR14390993,1199.0,ftp://ftp.sra.ebi.ac.uk/vol1/fastq/ERR143/091/ERR14390991/ERR14390991_1.fastq.gz,ftp://ftp.sra.ebi.ac.uk/vol1/fastq/ERR143/092/ERR14390992/ERR14390992_1.fastq.gz,ftp://ftp.sra.ebi.ac.uk/vol1/fastq/ERR143/093/ERR14390993/ERR14390993_1.fastq.gz,ftp://ftp.sra.ebi.ac.uk/vol1/fastq/ERR156/066/ERR15626366/ERR15626366_1.fastq.gz,ftp://ftp.sra.ebi.ac.uk/vol1/fastq/ERR143/091/ERR14390991/ERR14390991_2.fastq.gz,ftp://ftp.sra.ebi.ac.uk/vol1/fastq/ERR143/092/ERR14390992/ERR14390992_2.fastq.gz,ftp://ftp.sra.ebi.ac.uk/vol1/fastq/ERR143/093/ERR14390993/ERR14390993_2.fastq.gz,ftp://ftp.sra.ebi.ac.uk/vol1/fastq/ERR156/066/ERR15626366/ERR15626366_2.fastq.gz
RCN14238,Vietnam,AmpSeqV2,Sensitive,Sensitive,Sensitive,Resistant,Resistant,Resistant,Sensitive,Sensitive,Resistant,Sensitive,ERR15626367,20342387.0,ERR14391000,25868.0,ERR14391001,29876.0,ERR14391002,949.0,ftp://ftp.sra.ebi.ac.uk/vol1/fastq/ERR143/000/ERR14391000/ERR14391000_1.fastq.gz,ftp://ftp.sra.ebi.ac.uk/vol1/fastq/ERR143/001/ERR14391001/ERR14391001_1.fastq.gz,ftp://ftp.sra.ebi.ac.uk/vol1/fastq/ERR143/002/ERR14391002/ERR14391002_1.fastq.gz,ftp://ftp.sra.ebi.ac.uk/vol1/fastq/ERR156/067/ERR15626367/ERR15626367_1.fastq.gz,ftp://ftp.sra.ebi.ac.uk/vol1/fastq/ERR143/000/ERR14391000/ERR14391000_2.fastq.gz,ftp://ftp.sra.ebi.ac.uk/vol1/fastq/ERR143/001/ERR14391001/ERR14391001_2.fastq.gz,ftp://ftp.sra.ebi.ac.uk/vol1/fastq/ERR143/002/ERR14391002/ERR14391002_2.fastq.gz,ftp://ftp.sra.ebi.ac.uk/vol1/fastq/ERR156/067/ERR15626367/ERR15626367_2.fastq.gz
RCN14239,Vietnam,AmpSeqV2,Sensitive,Sensitive,Sensitive,Resistant,Resistant,Resistant,Sensitive,Sensitive,Sensitive,Sensitive,ERR15626368,14712679.0,ERR14391003,19114.0,ERR14391004,42002.0,ERR14391005,724.0,ftp://ftp.sra.ebi.ac.uk/vol1/fastq/ERR143/003/ERR14391003/ERR14391003_1.fastq.gz,ftp://ftp.sra.ebi.ac.uk/vol1/fastq/ERR143/004/ERR14391004/ERR14391004_1.fastq.gz,ftp://ftp.sra.ebi.ac.uk/vol1/fastq/ERR143/005/ERR14391005/ERR14391005_1.fastq.gz,ftp://ftp.sra.ebi.ac.uk/vol1/fastq/ERR156/068/ERR15626368/ERR15626368_1.fastq.gz,ftp://ftp.sra.ebi.ac.uk/vol1/fastq/ERR143/003/ERR14391003/ERR14391003_2.fastq.gz,ftp://ftp.sra.ebi.ac.uk/vol1/fastq/ERR143/004/ERR14391004/ERR14391004_2.fastq.gz,ftp://ftp.sra.ebi.ac.uk/vol1/fastq/ERR143/005/ERR14391005/ERR14391005_2.fastq.gz,ftp://ftp.sra.ebi.ac.uk/vol1/fastq/ERR156/068/ERR15626368/ERR15626368_2.fastq.gz
RCN14241,Vietnam,AmpSeqV2,Resistant,Resistant,Sensitive,Resistant,Resistant,Resistant,Resistant,Sensitive,Resistant,Undetermined,ERR15626369,15789581.0,ERR14391009,34474.0,ERR14391010,41247.0,ERR14391011,369.0,ftp://ftp.sra.ebi.ac.uk/vol1/fastq/ERR143/009/ERR14391009/ERR14391009_1.fastq.gz,ftp://ftp.sra.ebi.ac.uk/vol1/fastq/ERR143/010/ERR14391010/ERR14391010_1.fastq.gz,ftp://ftp.sra.ebi.ac.uk/vol1/fastq/ERR143/011/ERR14391011/ERR14391011_1.fastq.gz,ftp://ftp.sra.ebi.ac.uk/vol1/fastq/ERR156/069/ERR15626369/ERR15626369_1.fastq.gz,ftp://ftp.sra.ebi.ac.uk/vol1/fastq/ERR143/009/ERR14391009/ERR14391009_2.fastq.gz,ftp://ftp.sra.ebi.ac.uk/vol1/fastq/ERR143/010/ERR14391010/ERR14391010_2.fastq.gz,ftp://ftp.sra.ebi.ac.uk/vol1/fastq/ERR143/011/ERR14391011/ERR14391011_2.fastq.gz,ftp://ftp.sra.ebi.ac.uk/vol1/fastq/ERR156/069/ERR15626369/ERR15626369_2.fastq.gz
RCN14251,Vietnam,AmpSeqV2,Sensitive,Sensitive,Sensitive,Resistant,Resistant,Sensitive,Sensitive,Sensitive,Resistant,Sensitive,ERR15626371,18962373.0,ERR14391036,24189.0,ERR14391037,30998.0,ERR14391038,706.0,ftp://ftp.sra.ebi.ac.uk/vol1/fastq/ERR143/036/ERR14391036/ERR14391036_1.fastq.gz,ftp://ftp.sra.ebi.ac.uk/vol1/fastq/ERR143/037/ERR14391037/ERR14391037_1.fastq.gz,ftp://ftp.sra.ebi.ac.uk/vol1/fastq/ERR143/038/ERR14391038/ERR14391038_1.fastq.gz,ftp://ftp.sra.ebi.ac.uk/vol1/fastq/ERR156/071/ERR15626371/ERR15626371_1.fastq.gz,ftp://ftp.sra.ebi.ac.uk/vol1/fastq/ERR143/036/ERR14391036/ERR14391036_2.fastq.gz,ftp://ftp.sra.ebi.ac.uk/vol1/fastq/ERR143/037/ERR14391037/ERR14391037_2.fastq.gz,ftp://ftp.sra.ebi.ac.uk/vol1/fastq/ERR143/038/ERR14391038/ERR14391038_2.fastq.gz,ftp://ftp.sra.ebi.ac.uk/vol1/fastq/ERR156/071/ERR15626371/ERR15626371_2.fastq.gz
RCN14255,Vietnam,AmpSeqV2,Sensitive,Sensitive,Sensitive,Resistant,Resistant,Sensitive,Sensitive,Sensitive,Sensitive,Sensitive,ERR15626373,17452841.0,ERR14391048,17443.0,ERR14391049,26803.0,ERR14391050,643.0,ftp://ftp.sra.ebi.ac.uk/vol1/fastq/ERR143/048/ERR14391048/ERR14391048_1.fastq.gz,ftp://ftp.sra.ebi.ac.uk/vol1/fastq/ERR143/049/ERR14391049/ERR14391049_1.fastq.gz,ftp://ftp.sra.ebi.ac.uk/vol1/fastq/ERR143/050/ERR14391050/ERR14391050_1.fastq.gz,ftp://ftp.sra.ebi.ac.uk/vol1/fastq/ERR156/073/ERR15626373/ERR15626373_1.fastq.gz,ftp://ftp.sra.ebi.ac.uk/vol1/fastq/ERR143/048/ERR14391048/ERR14391048_2.fastq.gz,ftp://ftp.sra.ebi.ac.uk/vol1/fastq/ERR143/049/ERR14391049/ERR14391049_2.fastq.gz,ftp://ftp.sra.ebi.ac.uk/vol1/fastq/ERR143/050/ERR14391050/ERR14391050_2.fastq.gz,ftp://ftp.sra.ebi.ac.uk/vol1/fastq/ERR156/073/ERR15626373/ERR15626373_2.fastq.gz
RCN14265,Vietnam,AmpSeqV2,Resistant,Resistant,Sensitive,Resistant,Resistant,Resistant,Resistant,Sensitive,Resistant,Undetermined,ERR15626377,17656287.0,ERR14391078,39292.0,ERR14391079,40893.0,ERR14391080,971.0,ftp://ftp.sra.ebi.ac.uk/vol1/fastq/ERR143/078/ERR14391078/ERR14391078_1.fastq.gz,ftp://ftp.sra.ebi.ac.uk/vol1/fastq/ERR143/079/ERR14391079/ERR14391079_1.fastq.gz,ftp://ftp.sra.ebi.ac.uk/vol1/fastq/ERR143/080/ERR14391080/ERR14391080_1.fastq.gz,ftp://ftp.sra.ebi.ac.uk/vol1/fastq/ERR156/077/ERR15626377/ERR15626377_1.fastq.gz,ftp://ftp.sra.ebi.ac.uk/vol1/fastq/ERR143/078/ERR14391078/ERR14391078_2.fastq.gz,ftp://ftp.sra.ebi.ac.uk/vol1/fastq/ERR143/079/ERR14391079/ERR14391079_2.fastq.gz,ftp://ftp.sra.ebi.ac.uk/vol1/fastq/ERR143/080/ERR14391080/ERR14391080_2.fastq.gz,ftp://ftp.sra.ebi.ac.uk/vol1/fastq/ERR156/077/ERR15626377/ERR15626377_2.fastq.gz
RCN14270,Vietnam,AmpSeqV2,Resistant,Resistant,Sensitive,Resistant,Resistant,Resistant,Resistant,Sensitive,Resistant,Undetermined,ERR15626380,13013276.0,ERR14391093,46698.0,ERR14391094,50472.0,ERR14391095,1152.0,ftp://ftp.sra.ebi.ac.uk/vol1/fastq/ERR143/093/ERR14391093/ERR14391093_1.fastq.gz,ftp://ftp.sra.ebi.ac.uk/vol1/fastq/ERR143/094/ERR14391094/ERR14391094_1.fastq.gz,ftp://ftp.sra.ebi.ac.uk/vol1/fastq/ERR143/095/ERR14391095/ERR14391095_1.fastq.gz,ftp://ftp.sra.ebi.ac.uk/vol1/fastq/ERR156/080/ERR15626380/ERR15626380_1.fastq.gz,ftp://ftp.sra.ebi.ac.uk/vol1/fastq/ERR143/093/ERR14391093/ERR14391093_2.fastq.gz,ftp://ftp.sra.ebi.ac.uk/vol1/fastq/ERR143/094/ERR14391094/ERR14391094_2.fastq.gz,ftp://ftp.sra.ebi.ac.uk/vol1/fastq/ERR143/095/ERR14391095/ERR14391095_2.fastq.gz,ftp://ftp.sra.ebi.ac.uk/vol1/fastq/ERR156/080/ERR15626380/ERR15626380_2.fastq.gz
RCN14271,Vietnam,AmpSeqV2,Resistant,Resistant,Sensitive,Resistant,Resistant,Resistant,Resistant,Sensitive,Resistant,Undetermined,ERR15626381,15117651.0,ERR14391096,44841.0,ERR14391097,43115.0,ERR14391098,1094.0,ftp://ftp.sra.ebi.ac.uk/vol1/fastq/ERR143/096/ERR14391096/ERR14391096_1.fastq.gz,ftp://ftp.sra.ebi.ac.uk/vol1/fastq/ERR143/097/ERR14391097/ERR14391097_1.fastq.gz,ftp://ftp.sra.ebi.ac.uk/vol1/fastq/ERR143/098/ERR14391098/ERR14391098_1.fastq.gz,ftp://ftp.sra.ebi.ac.uk/vol1/fastq/ERR156/081/ERR15626381/ERR15626381_1.fastq.gz,ftp://ftp.sra.ebi.ac.uk/vol1/fastq/ERR143/096/ERR14391096/ERR14391096_2.fastq.gz,ftp://ftp.sra.ebi.ac.uk/vol1/fastq/ERR143/097/ERR14391097/ERR14391097_2.fastq.gz,ftp://ftp.sra.ebi.ac.uk/vol1/fastq/ERR143/098/ERR14391098/ERR14391098_2.fastq.gz,ftp://ftp.sra.ebi.ac.uk/vol1/fastq/ERR156/081/ERR15626381/ERR15626381_2.fastq.gz
RCN14277,Vietnam,AmpSeqV2,Resistant,Resistant,Sensitive,Resistant,Resistant,Resistant,Resistant,Sensitive,Resistant,Undetermined,ERR15626385,11922644.0,ERR14391114,34402.0,ERR14391115,47784.0,ERR14391116,1387.0,ftp://ftp.sra.ebi.ac.uk/vol1/fastq/ERR143/014/ERR14391114/ERR14391114_1.fastq.gz,ftp://ftp.sra.ebi.ac.uk/vol1/fastq/ERR143/015/ERR14391115/ERR14391115_1.fastq.gz,ftp://ftp.sra.ebi.ac.uk/vol1/fastq/ERR143/016/ERR14391116/ERR14391116_1.fastq.gz,ftp://ftp.sra.ebi.ac.uk/vol1/fastq/ERR156/085/ERR15626385/ERR15626385_1.fastq.gz,ftp://ftp.sra.ebi.ac.uk/vol1/fastq/ERR143/014/ERR14391114/ERR14391114_2.fastq.gz,ftp://ftp.sra.ebi.ac.uk/vol1/fastq/ERR143/015/ERR14391115/ERR14391115_2.fastq.gz,ftp://ftp.sra.ebi.ac.uk/vol1/fastq/ERR143/016/ERR14391116/ERR14391116_2.fastq.gz,ftp://ftp.sra.ebi.ac.uk/vol1/fastq/ERR156/085/ERR15626385/ERR15626385_2.fastq.gz
RCN14278,Vietnam,AmpSeqV2,Resistant,Resistant,Sensitive,Resistant,Resistant,Resistant,Resistant,Sensitive,Resistant,Undetermined,ERR15626386,9334259.0,ERR14391117,38372.0,ERR14391118,37211.0,ERR14391119,987.0,ftp://ftp.sra.ebi.ac.uk/vol1/fastq/ERR143/017/ERR14391117/ERR14391117_1.fastq.gz,ftp://ftp.sra.ebi.ac.uk/vol1/fastq/ERR143/018/ERR14391118/ERR14391118_1.fastq.gz,ftp://ftp.sra.ebi.ac.uk/vol1/fastq/ERR143/019/ERR14391119/ERR14391119_1.fastq.gz,ftp://ftp.sra.ebi.ac.uk/vol1/fastq/ERR156/086/ERR15626386/ERR15626386_1.fastq.gz,ftp://ftp.sra.ebi.ac.uk/vol1/fastq/ERR143/017/ERR14391117/ERR14391117_2.fastq.gz,ftp://ftp.sra.ebi.ac.uk/vol1/fastq/ERR143/018/ERR14391118/ERR14391118_2.fastq.gz,ftp://ftp.sra.ebi.ac.uk/vol1/fastq/ERR143/019/ERR14391119/ERR14391119_2.fastq.gz,ftp://ftp.sra.ebi.ac.uk/vol1/fastq/ERR156/086/ERR15626386/ERR15626386_2.fastq.gz
RCN14279,Vietnam,AmpSeqV2,Resistant,Resistant,Sensitive,Resistant,Resistant,Resistant,Resistant,Sensitive,Resistant,Undetermined,ERR15626387,12515074.0,ERR14391120,50613.0,ERR14391121,49175.0,ERR14391122,1802.0,ftp://ftp.sra.ebi.ac.uk/vol1/fastq/ERR143/020/ERR14391120/ERR14391120_1.fastq.gz,ftp://ftp.sra.ebi.ac.uk/vol1/fastq/ERR143/021/ERR14391121/ERR14391121_1.fastq.gz,ftp://ftp.sra.ebi.ac.uk/vol1/fastq/ERR143/022/ERR14391122/ERR14391122_1.fastq.gz,ftp://ftp.sra.ebi.ac.uk/vol1/fastq/ERR156/087/ERR15626387/ERR15626387_1.fastq.gz,ftp://ftp.sra.ebi.ac.uk/vol1/fastq/ERR143/020/ERR14391120/ERR14391120_2.fastq.gz,ftp://ftp.sra.ebi.ac.uk/vol1/fastq/ERR143/021/ERR14391121/ERR14391121_2.fastq.gz,ftp://ftp.sra.ebi.ac.uk/vol1/fastq/ERR143/022/ERR14391122/ERR14391122_2.fastq.gz,ftp://ftp.sra.ebi.ac.uk/vol1/fastq/ERR156/087/ERR15626387/ERR15626387_2.fastq.gz
RCN14280,Vietnam,AmpSeqV2,Resistant,Resistant,Sensitive,Resistant,Resistant,Resistant,Resistant,Sensitive,Resistant,Undetermined,ERR15626388,12078205.0,ERR14391123,46907.0,ERR14391124,46705.0,ERR14391125,1327.0,ftp://ftp.sra.ebi.ac.uk/vol1/fastq/ERR143/023/ERR14391123/ERR14391123_1.fastq.gz,ftp://ftp.sra.ebi.ac.uk/vol1/fastq/ERR143/024/ERR14391124/ERR14391124_1.fastq.gz,ftp://ftp.sra.ebi.ac.uk/vol1/fastq/ERR143/025/ERR14391125/ERR14391125_1.fastq.gz,ftp://ftp.sra.ebi.ac.uk/vol1/fastq/ERR156/088/ERR15626388/ERR15626388_1.fastq.gz,ftp://ftp.sra.ebi.ac.uk/vol1/fastq/ERR143/023/ERR14391123/ERR14391123_2.fastq.gz,ftp://ftp.sra.ebi.ac.uk/vol1/fastq/ERR143/024/ERR14391124/ERR14391124_2.fastq.gz,ftp://ftp.sra.ebi.ac.uk/vol1/fastq/ERR143/025/ERR14391125/ERR14391125_2.fastq.gz,ftp://ftp.sra.ebi.ac.uk/vol1/fastq/ERR156/088/ERR15626388/ERR15626388_2.fastq.gz
RCN14281,Vietnam,AmpSeqV2,Resistant,Resistant,Sensitive,Resistant,Resistant,Resistant,Resistant,Sensitive,Resistant,Undetermined,ERR15626389,13987846.0,ERR14391126,34640.0,ERR14391127,38545.0,ERR14391128,1496.0,ftp://ftp.sra.ebi.ac.uk/vol1/fastq/ERR143/026/ERR14391126/ERR14391126_1.fastq.gz,ftp://ftp.sra.ebi.ac.uk/vol1/fastq/ERR143/027/ERR14391127/ERR14391127_1.fastq.gz,ftp://ftp.sra.ebi.ac.uk/vol1/fastq/ERR143/028/ERR14391128/ERR14391128_1.fastq.gz,ftp://ftp.sra.ebi.ac.uk/vol1/fastq/ERR156/089/ERR15626389/ERR15626389_1.fastq.gz,ftp://ftp.sra.ebi.ac.uk/vol1/fastq/ERR143/026/ERR14391126/ERR14391126_2.fastq.gz,ftp://ftp.sra.ebi.ac.uk/vol1/fastq/ERR143/027/ERR14391127/ERR14391127_2.fastq.gz,ftp://ftp.sra.ebi.ac.uk/vol1/fastq/ERR143/028/ERR14391128/ERR14391128_2.fastq.gz,ftp://ftp.sra.ebi.ac.uk/vol1/fastq/ERR156/089/ERR15626389/ERR15626389_2.fastq.gz
RCN14284,Vietnam,AmpSeqV2,Resistant,Resistant,Sensitive,Resistant,Resistant,Resistant,Resistant,Sensitive,Resistant,Undetermined,ERR15626390,16248925.0,ERR14391135,43104.0,ERR14391136,41285.0,ERR14391137,1236.0,ftp://ftp.sra.ebi.ac.uk/vol1/fastq/ERR143/035/ERR14391135/ERR14391135_1.fastq.gz,ftp://ftp.sra.ebi.ac.uk/vol1/fastq/ERR143/036/ERR14391136/ERR14391136_1.fastq.gz,ftp://ftp.sra.ebi.ac.uk/vol1/fastq/ERR143/037/ERR14391137/ERR14391137_1.fastq.gz,ftp://ftp.sra.ebi.ac.uk/vol1/fastq/ERR156/090/ERR15626390/ERR15626390_1.fastq.gz,ftp://ftp.sra.ebi.ac.uk/vol1/fastq/ERR143/035/ERR14391135/ERR14391135_2.fastq.gz,ftp://ftp.sra.ebi.ac.uk/vol1/fastq/ERR143/036/ERR14391136/ERR14391136_2.fastq.gz,ftp://ftp.sra.ebi.ac.uk/vol1/fastq/ERR143/037/ERR14391137/ERR14391137_2.fastq.gz,ftp://ftp.sra.ebi.ac.uk/vol1/fastq/ERR156/090/ERR15626390/ERR15626390_2.fastq.gz
RCN14285,Vietnam,AmpSeqV2,Resistant,Resistant,Sensitive,Resistant,Resistant,Resistant,Resistant,Sensitive,Resistant,Undetermined,ERR15626391,13307189.0,ERR14391138,28887.0,ERR14391139,38695.0,ERR14391140,1094.0,ftp://ftp.sra.ebi.ac.uk/vol1/fastq/ERR143/038/ERR14391138/ERR14391138_1.fastq.gz,ftp://ftp.sra.ebi.ac.uk/vol1/fastq/ERR143/039/ERR14391139/ERR14391139_1.fastq.gz,ftp://ftp.sra.ebi.ac.uk/vol1/fastq/ERR143/040/ERR14391140/ERR14391140_1.fastq.gz,ftp://ftp.sra.ebi.ac.uk/vol1/fastq/ERR156/091/ERR15626391/ERR15626391_1.fastq.gz,ftp://ftp.sra.ebi.ac.uk/vol1/fastq/ERR143/038/ERR14391138/ERR14391138_2.fastq.gz,ftp://ftp.sra.ebi.ac.uk/vol1/fastq/ERR143/039/ERR14391139/ERR14391139_2.fastq.gz,ftp://ftp.sra.ebi.ac.uk/vol1/fastq/ERR143/040/ERR14391140/ERR14391140_2.fastq.gz,ftp://ftp.sra.ebi.ac.uk/vol1/fastq/ERR156/091/ERR15626391/ERR15626391_2.fastq.gz
RCN14286,Vietnam,AmpSeqV2,Resistant,Resistant,Sensitive,Resistant,Resistant,Resistant,Resistant,Sensitive,Resistant,Undetermined,ERR15626392,14011335.0,ERR14391141,32535.0,ERR14391142,31899.0,ERR14391143,880.0,ftp://ftp.sra.ebi.ac.uk/vol1/fastq/ERR143/041/ERR14391141/ERR14391141_1.fastq.gz,ftp://ftp.sra.ebi.ac.uk/vol1/fastq/ERR143/042/ERR14391142/ERR14391142_1.fastq.gz,ftp://ftp.sra.ebi.ac.uk/vol1/fastq/ERR143/043/ERR14391143/ERR14391143_1.fastq.gz,ftp://ftp.sra.ebi.ac.uk/vol1/fastq/ERR156/092/ERR15626392/ERR15626392_1.fastq.gz,ftp://ftp.sra.ebi.ac.uk/vol1/fastq/ERR143/041/ERR14391141/ERR14391141_2.fastq.gz,ftp://ftp.sra.ebi.ac.uk/vol1/fastq/ERR143/042/ERR14391142/ERR14391142_2.fastq.gz,ftp://ftp.sra.ebi.ac.uk/vol1/fastq/ERR143/043/ERR14391143/ERR14391143_2.fastq.gz,ftp://ftp.sra.ebi.ac.uk/vol1/fastq/ERR156/092/ERR15626392/ERR15626392_2.fastq.gz
RCN14288,Vietnam,AmpSeqV2,Resistant,Resistant,Sensitive,Resistant,Resistant,Resistant,Resistant,Sensitive,Resistant,Undetermined,ERR15626394,13933811.0,ERR14391147,41984.0,ERR14391148,42912.0,ERR14391149,1134.0,ftp://ftp.sra.ebi.ac.uk/vol1/fastq/ERR143/047/ERR14391147/ERR14391147_1.fastq.gz,ftp://ftp.sra.ebi.ac.uk/vol1/fastq/ERR143/048/ERR14391148/ERR14391148_1.fastq.gz,ftp://ftp.sra.ebi.ac.uk/vol1/fastq/ERR143/049/ERR14391149/ERR14391149_1.fastq.gz,ftp://ftp.sra.ebi.ac.uk/vol1/fastq/ERR156/094/ERR15626394/ERR15626394_1.fastq.gz,ftp://ftp.sra.ebi.ac.uk/vol1/fastq/ERR143/047/ERR14391147/ERR14391147_2.fastq.gz,ftp://ftp.sra.ebi.ac.uk/vol1/fastq/ERR143/048/ERR14391148/ERR14391148_2.fastq.gz,ftp://ftp.sra.ebi.ac.uk/vol1/fastq/ERR143/049/ERR14391149/ERR14391149_2.fastq.gz,ftp://ftp.sra.ebi.ac.uk/vol1/fastq/ERR156/094/ERR15626394/ERR15626394_2.fastq.gz
RCN14289,Vietnam,AmpSeqV2,Resistant,Resistant,Sensitive,Resistant,Resistant,Resistant,Resistant,Sensitive,Resistant,Undetermined,ERR15626395,13363035.0,ERR14391150,45716.0,ERR14391151,44454.0,ERR14391152,1602.0,ftp://ftp.sra.ebi.ac.uk/vol1/fastq/ERR143/050/ERR14391150/ERR14391150_1.fastq.gz,ftp://ftp.sra.ebi.ac.uk/vol1/fastq/ERR143/051/ERR14391151/ERR14391151_1.fastq.gz,ftp://ftp.sra.ebi.ac.uk/vol1/fastq/ERR143/052/ERR14391152/ERR14391152_1.fastq.gz,ftp://ftp.sra.ebi.ac.uk/vol1/fastq/ERR156/095/ERR15626395/ERR15626395_1.fastq.gz,ftp://ftp.sra.ebi.ac.uk/vol1/fastq/ERR143/050/ERR14391150/ERR14391150_2.fastq.gz,ftp://ftp.sra.ebi.ac.uk/vol1/fastq/ERR143/051/ERR14391151/ERR14391151_2.fastq.gz,ftp://ftp.sra.ebi.ac.uk/vol1/fastq/ERR143/052/ERR14391152/ERR14391152_2.fastq.gz,ftp://ftp.sra.ebi.ac.uk/vol1/fastq/ERR156/095/ERR15626395/ERR15626395_2.fastq.gz
RCN14292,Vietnam,AmpSeqV2,Resistant,Resistant,Sensitive,Resistant,Resistant,Resistant,Resistant,Sensitive,Resistant,Undetermined,ERR15626397,13941762.0,ERR14391159,33897.0,ERR14391160,38161.0,ERR14391161,1232.0,ftp://ftp.sra.ebi.ac.uk/vol1/fastq/ERR143/059/ERR14391159/ERR14391159_1.fastq.gz,ftp://ftp.sra.ebi.ac.uk/vol1/fastq/ERR143/060/ERR14391160/ERR14391160_1.fastq.gz,ftp://ftp.sra.ebi.ac.uk/vol1/fastq/ERR143/061/ERR14391161/ERR14391161_1.fastq.gz,ftp://ftp.sra.ebi.ac.uk/vol1/fastq/ERR156/097/ERR15626397/ERR15626397_1.fastq.gz,ftp://ftp.sra.ebi.ac.uk/vol1/fastq/ERR143/059/ERR14391159/ERR14391159_2.fastq.gz,ftp://ftp.sra.ebi.ac.uk/vol1/fastq/ERR143/060/ERR14391160/ERR14391160_2.fastq.gz,ftp://ftp.sra.ebi.ac.uk/vol1/fastq/ERR143/061/ERR14391161/ERR14391161_2.fastq.gz,ftp://ftp.sra.ebi.ac.uk/vol1/fastq/ERR156/097/ERR15626397/ERR15626397_2.fastq.gz
RCN14293,Vietnam,AmpSeqV2,Resistant,Resistant,Sensitive,Resistant,Resistant,Resistant,Resistant,Sensitive,Resistant,Undetermined,ERR15626398,11333018.0,ERR14391162,26409.0,ERR14391163,28127.0,ERR14391164,639.0,ftp://ftp.sra.ebi.ac.uk/vol1/fastq/ERR143/062/ERR14391162/ERR14391162_1.fastq.gz,ftp://ftp.sra.ebi.ac.uk/vol1/fastq/ERR143/063/ERR14391163/ERR14391163_1.fastq.gz,ftp://ftp.sra.ebi.ac.uk/vol1/fastq/ERR143/064/ERR14391164/ERR14391164_1.fastq.gz,ftp://ftp.sra.ebi.ac.uk/vol1/fastq/ERR156/098/ERR15626398/ERR15626398_1.fastq.gz,ftp://ftp.sra.ebi.ac.uk/vol1/fastq/ERR143/062/ERR14391162/ERR14391162_2.fastq.gz,ftp://ftp.sra.ebi.ac.uk/vol1/fastq/ERR143/063/ERR14391163/ERR14391163_2.fastq.gz,ftp://ftp.sra.ebi.ac.uk/vol1/fastq/ERR143/064/ERR14391164/ERR14391164_2.fastq.gz,ftp://ftp.sra.ebi.ac.uk/vol1/fastq/ERR156/098/ERR15626398/ERR15626398_2.fastq.gz
RCN14294,Vietnam,AmpSeqV2,Resistant,Resistant,Sensitive,Resistant,Resistant,Resistant,Resistant,Sensitive,Resistant,Undetermined,ERR15626399,11042242.0,ERR14391165,49714.0,ERR14391166,47542.0,ERR14391167,1576.0,ftp://ftp.sra.ebi.ac.uk/vol1/fastq/ERR143/065/ERR14391165/ERR14391165_1.fastq.gz,ftp://ftp.sra.ebi.ac.uk/vol1/fastq/ERR143/066/ERR14391166/ERR14391166_1.fastq.gz,ftp://ftp.sra.ebi.ac.uk/vol1/fastq/ERR143/067/ERR14391167/ERR14391167_1.fastq.gz,ftp://ftp.sra.ebi.ac.uk/vol1/fastq/ERR156/099/ERR15626399/ERR15626399_1.fastq.gz,ftp://ftp.sra.ebi.ac.uk/vol1/fastq/ERR143/065/ERR14391165/ERR14391165_2.fastq.gz,ftp://ftp.sra.ebi.ac.uk/vol1/fastq/ERR143/066/ERR14391166/ERR14391166_2.fastq.gz,ftp://ftp.sra.ebi.ac.uk/vol1/fastq/ERR143/067/ERR14391167/ERR14391167_2.fastq.gz,ftp://ftp.sra.ebi.ac.uk/vol1/fastq/ERR156/099/ERR15626399/ERR15626399_2.fastq.gz
RCN14296,Vietnam,AmpSeqV2,Resistant,Resistant,Sensitive,Resistant,Resistant,Resistant,Resistant,Sensitive,Resistant,Undetermined,ERR15626401,12870659.0,ERR14391171,44263.0,ERR14391172,46098.0,ERR14391173,1482.0,ftp://ftp.sra.ebi.ac.uk/vol1/fastq/ERR143/071/ERR14391171/ERR14391171_1.fastq.gz,ftp://ftp.sra.ebi.ac.uk/vol1/fastq/ERR143/072/ERR14391172/ERR14391172_1.fastq.gz,ftp://ftp.sra.ebi.ac.uk/vol1/fastq/ERR143/073/ERR14391173/ERR14391173_1.fastq.gz,ftp://ftp.sra.ebi.ac.uk/vol1/fastq/ERR156/001/ERR15626401/ERR15626401_1.fastq.gz,ftp://ftp.sra.ebi.ac.uk/vol1/fastq/ERR143/071/ERR14391171/ERR14391171_2.fastq.gz,ftp://ftp.sra.ebi.ac.uk/vol1/fastq/ERR143/072/ERR14391172/ERR14391172_2.fastq.gz,ftp://ftp.sra.ebi.ac.uk/vol1/fastq/ERR143/073/ERR14391173/ERR14391173_2.fastq.gz,ftp://ftp.sra.ebi.ac.uk/vol1/fastq/ERR156/001/ERR15626401/ERR15626401_2.fastq.gz
RCN14302,Vietnam,AmpSeqV2,Resistant,Resistant,Sensitive,Resistant,Resistant,Resistant,Resistant,Sensitive,Resistant,Undetermined,ERR15626405,12128979.0,ERR14391186,40283.0,ERR14391187,39389.0,ERR14391188,1185.0,ftp://ftp.sra.ebi.ac.uk/vol1/fastq/ERR143/086/ERR14391186/ERR14391186_1.fastq.gz,ftp://ftp.sra.ebi.ac.uk/vol1/fastq/ERR143/087/ERR14391187/ERR14391187_1.fastq.gz,ftp://ftp.sra.ebi.ac.uk/vol1/fastq/ERR143/088/ERR14391188/ERR14391188_1.fastq.gz,ftp://ftp.sra.ebi.ac.uk/vol1/fastq/ERR156/005/ERR15626405/ERR15626405_1.fastq.gz,ftp://ftp.sra.ebi.ac.uk/vol1/fastq/ERR143/086/ERR14391186/ERR14391186_2.fastq.gz,ftp://ftp.sra.ebi.ac.uk/vol1/fastq/ERR143/087/ERR14391187/ERR14391187_2.fastq.gz,ftp://ftp.sra.ebi.ac.uk/vol1/fastq/ERR143/088/ERR14391188/ERR14391188_2.fastq.gz,ftp://ftp.sra.ebi.ac.uk/vol1/fastq/ERR156/005/ERR15626405/ERR15626405_2.fastq.gz
RCN14303,Vietnam,AmpSeqV2,Resistant,Resistant,Sensitive,Resistant,Resistant,Resistant,Resistant,Sensitive,Resistant,Undetermined,ERR15626406,12618699.0,ERR14391189,41415.0,ERR14391190,43047.0,ERR14391191,1592.0,ftp://ftp.sra.ebi.ac.uk/vol1/fastq/ERR143/089/ERR14391189/ERR14391189_1.fastq.gz,ftp://ftp.sra.ebi.ac.uk/vol1/fastq/ERR143/090/ERR14391190/ERR14391190_1.fastq.gz,ftp://ftp.sra.ebi.ac.uk/vol1/fastq/ERR143/091/ERR14391191/ERR14391191_1.fastq.gz,ftp://ftp.sra.ebi.ac.uk/vol1/fastq/ERR156/006/ERR15626406/ERR15626406_1.fastq.gz,ftp://ftp.sra.ebi.ac.uk/vol1/fastq/ERR143/089/ERR14391189/ERR14391189_2.fastq.gz,ftp://ftp.sra.ebi.ac.uk/vol1/fastq/ERR143/090/ERR14391190/ERR14391190_2.fastq.gz,ftp://ftp.sra.ebi.ac.uk/vol1/fastq/ERR143/091/ERR14391191/ERR14391191_2.fastq.gz,ftp://ftp.sra.ebi.ac.uk/vol1/fastq/ERR156/006/ERR15626406/ERR15626406_2.fastq.gz
RCN14304,Vietnam,AmpSeqV2,Resistant,Resistant,Sensitive,Resistant,Resistant,Resistant,Resistant,Sensitive,Resistant,Undetermined,ERR15626407,10470078.0,ERR14391192,63005.0,ERR14391193,65277.0,ERR14391194,2284.0,ftp://ftp.sra.ebi.ac.uk/vol1/fastq/ERR143/092/ERR14391192/ERR14391192_1.fastq.gz,ftp://ftp.sra.ebi.ac.uk/vol1/fastq/ERR143/093/ERR14391193/ERR14391193_1.fastq.gz,ftp://ftp.sra.ebi.ac.uk/vol1/fastq/ERR143/094/ERR14391194/ERR14391194_1.fastq.gz,ftp://ftp.sra.ebi.ac.uk/vol1/fastq/ERR156/007/ERR15626407/ERR15626407_1.fastq.gz,ftp://ftp.sra.ebi.ac.uk/vol1/fastq/ERR143/092/ERR14391192/ERR14391192_2.fastq.gz,ftp://ftp.sra.ebi.ac.uk/vol1/fastq/ERR143/093/ERR14391193/ERR14391193_2.fastq.gz,ftp://ftp.sra.ebi.ac.uk/vol1/fastq/ERR143/094/ERR14391194/ERR14391194_2.fastq.gz,ftp://ftp.sra.ebi.ac.uk/vol1/fastq/ERR156/007/ERR15626407/ERR15626407_2.fastq.gz
RCN14309,Vietnam,AmpSeqV2,Resistant,Resistant,Sensitive,Resistant,Resistant,Resistant,Resistant,Sensitive,Resistant,Undetermined,ERR15626409,16218005.0,ERR14391207,30164.0,ERR14391208,40564.0,ERR14391209,1133.0,ftp://ftp.sra.ebi.ac.uk/vol1/fastq/ERR143/007/ERR14391207/ERR14391207_1.fastq.gz,ftp://ftp.sra.ebi.ac.uk/vol1/fastq/ERR143/008/ERR14391208/ERR14391208_1.fastq.gz,ftp://ftp.sra.ebi.ac.uk/vol1/fastq/ERR143/009/ERR14391209/ERR14391209_1.fastq.gz,ftp://ftp.sra.ebi.ac.uk/vol1/fastq/ERR156/009/ERR15626409/ERR15626409_1.fastq.gz,ftp://ftp.sra.ebi.ac.uk/vol1/fastq/ERR143/007/ERR14391207/ERR14391207_2.fastq.gz,ftp://ftp.sra.ebi.ac.uk/vol1/fastq/ERR143/008/ERR14391208/ERR14391208_2.fastq.gz,ftp://ftp.sra.ebi.ac.uk/vol1/fastq/ERR143/009/ERR14391209/ERR14391209_2.fastq.gz,ftp://ftp.sra.ebi.ac.uk/vol1/fastq/ERR156/009/ERR15626409/ERR15626409_2.fastq.gz
RCN14310,Vietnam,AmpSeqV2,Resistant,Resistant,Sensitive,Resistant,Resistant,Resistant,Resistant,Sensitive,Resistant,Undetermined,ERR15626410,13701320.0,ERR14391210,51238.0,ERR14391211,46534.0,ERR14391212,1766.0,ftp://ftp.sra.ebi.ac.uk/vol1/fastq/ERR143/010/ERR14391210/ERR14391210_1.fastq.gz,ftp://ftp.sra.ebi.ac.uk/vol1/fastq/ERR143/011/ERR14391211/ERR14391211_1.fastq.gz,ftp://ftp.sra.ebi.ac.uk/vol1/fastq/ERR143/012/ERR14391212/ERR14391212_1.fastq.gz,ftp://ftp.sra.ebi.ac.uk/vol1/fastq/ERR156/010/ERR15626410/ERR15626410_1.fastq.gz,ftp://ftp.sra.ebi.ac.uk/vol1/fastq/ERR143/010/ERR14391210/ERR14391210_2.fastq.gz,ftp://ftp.sra.ebi.ac.uk/vol1/fastq/ERR143/011/ERR14391211/ERR14391211_2.fastq.gz,ftp://ftp.sra.ebi.ac.uk/vol1/fastq/ERR143/012/ERR14391212/ERR14391212_2.fastq.gz,ftp://ftp.sra.ebi.ac.uk/vol1/fastq/ERR156/010/ERR15626410/ERR15626410_2.fastq.gz
RCN14312,Vietnam,AmpSeqV2,Resistant,Resistant,Sensitive,Resistant,Resistant,Resistant,Resistant,Sensitive,Resistant,Undetermined,ERR15626412,14223751.0,ERR14391216,47824.0,ERR14391217,46757.0,ERR14391218,1842.0,ftp://ftp.sra.ebi.ac.uk/vol1/fastq/ERR143/016/ERR14391216/ERR14391216_1.fastq.gz,ftp://ftp.sra.ebi.ac.uk/vol1/fastq/ERR143/017/ERR14391217/ERR14391217_1.fastq.gz,ftp://ftp.sra.ebi.ac.uk/vol1/fastq/ERR143/018/ERR14391218/ERR14391218_1.fastq.gz,ftp://ftp.sra.ebi.ac.uk/vol1/fastq/ERR156/012/ERR15626412/ERR15626412_1.fastq.gz,ftp://ftp.sra.ebi.ac.uk/vol1/fastq/ERR143/016/ERR14391216/ERR14391216_2.fastq.gz,ftp://ftp.sra.ebi.ac.uk/vol1/fastq/ERR143/017/ERR14391217/ERR14391217_2.fastq.gz,ftp://ftp.sra.ebi.ac.uk/vol1/fastq/ERR143/018/ERR14391218/ERR14391218_2.fastq.gz,ftp://ftp.sra.ebi.ac.uk/vol1/fastq/ERR156/012/ERR15626412/ERR15626412_2.fastq.gz
RCN14317,Vietnam,AmpSeqV2,Resistant,Resistant,Sensitive,Resistant,Resistant,Resistant,Resistant,Sensitive,Resistant,Undetermined,ERR15626415,15789235.0,ERR14391231,29502.0,ERR14391232,39602.0,ERR14391233,1146.0,ftp://ftp.sra.ebi.ac.uk/vol1/fastq/ERR143/031/ERR14391231/ERR14391231_1.fastq.gz,ftp://ftp.sra.ebi.ac.uk/vol1/fastq/ERR143/032/ERR14391232/ERR14391232_1.fastq.gz,ftp://ftp.sra.ebi.ac.uk/vol1/fastq/ERR143/033/ERR14391233/ERR14391233_1.fastq.gz,ftp://ftp.sra.ebi.ac.uk/vol1/fastq/ERR156/015/ERR15626415/ERR15626415_1.fastq.gz,ftp://ftp.sra.ebi.ac.uk/vol1/fastq/ERR143/031/ERR14391231/ERR14391231_2.fastq.gz,ftp://ftp.sra.ebi.ac.uk/vol1/fastq/ERR143/032/ERR14391232/ERR14391232_2.fastq.gz,ftp://ftp.sra.ebi.ac.uk/vol1/fastq/ERR143/033/ERR14391233/ERR14391233_2.fastq.gz,ftp://ftp.sra.ebi.ac.uk/vol1/fastq/ERR156/015/ERR15626415/ERR15626415_2.fastq.gz
RCN14318,Vietnam,AmpSeqV2,Resistant,Resistant,Sensitive,Resistant,Resistant,Resistant,Resistant,Sensitive,Resistant,Undetermined,ERR15626416,9643458.0,ERR14391234,49339.0,ERR14391235,52474.0,ERR14391236,1187.0,ftp://ftp.sra.ebi.ac.uk/vol1/fastq/ERR143/034/ERR14391234/ERR14391234_1.fastq.gz,ftp://ftp.sra.ebi.ac.uk/vol1/fastq/ERR143/035/ERR14391235/ERR14391235_1.fastq.gz,ftp://ftp.sra.ebi.ac.uk/vol1/fastq/ERR143/036/ERR14391236/ERR14391236_1.fastq.gz,ftp://ftp.sra.ebi.ac.uk/vol1/fastq/ERR156/016/ERR15626416/ERR15626416_1.fastq.gz,ftp://ftp.sra.ebi.ac.uk/vol1/fastq/ERR143/034/ERR14391234/ERR14391234_2.fastq.gz,ftp://ftp.sra.ebi.ac.uk/vol1/fastq/ERR143/035/ERR14391235/ERR14391235_2.fastq.gz,ftp://ftp.sra.ebi.ac.uk/vol1/fastq/ERR143/036/ERR14391236/ERR14391236_2.fastq.gz,ftp://ftp.sra.ebi.ac.uk/vol1/fastq/ERR156/016/ERR15626416/ERR15626416_2.fastq.gz
RCN14319,Vietnam,AmpSeqV2,Resistant,Resistant,Sensitive,Resistant,Resistant,Resistant,Resistant,Sensitive,Resistant,Undetermined,ERR15626417,12109400.0,ERR14391237,50096.0,ERR14391238,40483.0,ERR14391239,1556.0,ftp://ftp.sra.ebi.ac.uk/vol1/fastq/ERR143/037/ERR14391237/ERR14391237_1.fastq.gz,ftp://ftp.sra.ebi.ac.uk/vol1/fastq/ERR143/038/ERR14391238/ERR14391238_1.fastq.gz,ftp://ftp.sra.ebi.ac.uk/vol1/fastq/ERR143/039/ERR14391239/ERR14391239_1.fastq.gz,ftp://ftp.sra.ebi.ac.uk/vol1/fastq/ERR156/017/ERR15626417/ERR15626417_1.fastq.gz,ftp://ftp.sra.ebi.ac.uk/vol1/fastq/ERR143/037/ERR14391237/ERR14391237_2.fastq.gz,ftp://ftp.sra.ebi.ac.uk/vol1/fastq/ERR143/038/ERR14391238/ERR14391238_2.fastq.gz,ftp://ftp.sra.ebi.ac.uk/vol1/fastq/ERR143/039/ERR14391239/ERR14391239_2.fastq.gz,ftp://ftp.sra.ebi.ac.uk/vol1/fastq/ERR156/017/ERR15626417/ERR15626417_2.fastq.gz
RCN14320,Vietnam,AmpSeqV2,Resistant,Resistant,Sensitive,Resistant,Resistant,Resistant,Resistant,Sensitive,Resistant,Undetermined,ERR15626418,11468766.0,ERR14391240,39605.0,ERR14391241,43631.0,ERR14391242,1560.0,ftp://ftp.sra.ebi.ac.uk/vol1/fastq/ERR143/040/ERR14391240/ERR14391240_1.fastq.gz,ftp://ftp.sra.ebi.ac.uk/vol1/fastq/ERR143/041/ERR14391241/ERR14391241_1.fastq.gz,ftp://ftp.sra.ebi.ac.uk/vol1/fastq/ERR143/042/ERR14391242/ERR14391242_1.fastq.gz,ftp://ftp.sra.ebi.ac.uk/vol1/fastq/ERR156/018/ERR15626418/ERR15626418_1.fastq.gz,ftp://ftp.sra.ebi.ac.uk/vol1/fastq/ERR143/040/ERR14391240/ERR14391240_2.fastq.gz,ftp://ftp.sra.ebi.ac.uk/vol1/fastq/ERR143/041/ERR14391241/ERR14391241_2.fastq.gz,ftp://ftp.sra.ebi.ac.uk/vol1/fastq/ERR143/042/ERR14391242/ERR14391242_2.fastq.gz,ftp://ftp.sra.ebi.ac.uk/vol1/fastq/ERR156/018/ERR15626418/ERR15626418_2.fastq.gz
RCN14321,Vietnam,AmpSeqV2,Resistant,Resistant,Sensitive,Resistant,Resistant,Resistant,Resistant,Sensitive,Resistant,Undetermined,ERR15626419,11601531.0,ERR14391243,44748.0,ERR14391244,44406.0,ERR14391245,1232.0,ftp://ftp.sra.ebi.ac.uk/vol1/fastq/ERR143/043/ERR14391243/ERR14391243_1.fastq.gz,ftp://ftp.sra.ebi.ac.uk/vol1/fastq/ERR143/044/ERR14391244/ERR14391244_1.fastq.gz,ftp://ftp.sra.ebi.ac.uk/vol1/fastq/ERR143/045/ERR14391245/ERR14391245_1.fastq.gz,ftp://ftp.sra.ebi.ac.uk/vol1/fastq/ERR156/019/ERR15626419/ERR15626419_1.fastq.gz,ftp://ftp.sra.ebi.ac.uk/vol1/fastq/ERR143/043/ERR14391243/ERR14391243_2.fastq.gz,ftp://ftp.sra.ebi.ac.uk/vol1/fastq/ERR143/044/ERR14391244/ERR14391244_2.fastq.gz,ftp://ftp.sra.ebi.ac.uk/vol1/fastq/ERR143/045/ERR14391245/ERR14391245_2.fastq.gz,ftp://ftp.sra.ebi.ac.uk/vol1/fastq/ERR156/019/ERR15626419/ERR15626419_2.fastq.gz
RCN14324,Vietnam,AmpSeqV2,Resistant,Resistant,Sensitive,Resistant,Resistant,Resistant,Resistant,Sensitive,Resistant,Undetermined,ERR15626420,10830380.0,ERR14391252,29975.0,ERR14391253,35027.0,ERR14391254,1407.0,ftp://ftp.sra.ebi.ac.uk/vol1/fastq/ERR143/052/ERR14391252/ERR14391252_1.fastq.gz,ftp://ftp.sra.ebi.ac.uk/vol1/fastq/ERR143/053/ERR14391253/ERR14391253_1.fastq.gz,ftp://ftp.sra.ebi.ac.uk/vol1/fastq/ERR143/054/ERR14391254/ERR14391254_1.fastq.gz,ftp://ftp.sra.ebi.ac.uk/vol1/fastq/ERR156/020/ERR15626420/ERR15626420_1.fastq.gz,ftp://ftp.sra.ebi.ac.uk/vol1/fastq/ERR143/052/ERR14391252/ERR14391252_2.fastq.gz,ftp://ftp.sra.ebi.ac.uk/vol1/fastq/ERR143/053/ERR14391253/ERR14391253_2.fastq.gz,ftp://ftp.sra.ebi.ac.uk/vol1/fastq/ERR143/054/ERR14391254/ERR14391254_2.fastq.gz,ftp://ftp.sra.ebi.ac.uk/vol1/fastq/ERR156/020/ERR15626420/ERR15626420_2.fastq.gz
RCN14574,Vietnam,AmpSeqV2,Sensitive,Sensitive,Sensitive,Sensitive,Resistant,Resistant,Sensitive,Sensitive,Resistant,Sensitive,ERR15626424,10903005.0,ERR14391264,28809.0,ERR14391265,28928.0,ERR14391266,167.0,ftp://ftp.sra.ebi.ac.uk/vol1/fastq/ERR143/064/ERR14391264/ERR14391264_1.fastq.gz,ftp://ftp.sra.ebi.ac.uk/vol1/fastq/ERR143/065/ERR14391265/ERR14391265_1.fastq.gz,ftp://ftp.sra.ebi.ac.uk/vol1/fastq/ERR143/066/ERR14391266/ERR14391266_1.fastq.gz,ftp://ftp.sra.ebi.ac.uk/vol1/fastq/ERR156/024/ERR15626424/ERR15626424_1.fastq.gz,ftp://ftp.sra.ebi.ac.uk/vol1/fastq/ERR143/064/ERR14391264/ERR14391264_2.fastq.gz,ftp://ftp.sra.ebi.ac.uk/vol1/fastq/ERR143/065/ERR14391265/ERR14391265_2.fastq.gz,ftp://ftp.sra.ebi.ac.uk/vol1/fastq/ERR143/066/ERR14391266/ERR14391266_2.fastq.gz,ftp://ftp.sra.ebi.ac.uk/vol1/fastq/ERR156/024/ERR15626424/ERR15626424_2.fastq.gz
RCN14575,Vietnam,AmpSeqV2,Resistant,Resistant,Sensitive,Resistant,Resistant,Resistant,Resistant,Sensitive,Resistant,Undetermined,ERR15626425,11638888.0,ERR14391267,30238.0,ERR14391268,30959.0,ERR14391269,839.0,ftp://ftp.sra.ebi.ac.uk/vol1/fastq/ERR143/067/ERR14391267/ERR14391267_1.fastq.gz,ftp://ftp.sra.ebi.ac.uk/vol1/fastq/ERR143/068/ERR14391268/ERR14391268_1.fastq.gz,ftp://ftp.sra.ebi.ac.uk/vol1/fastq/ERR143/069/ERR14391269/ERR14391269_1.fastq.gz,ftp://ftp.sra.ebi.ac.uk/vol1/fastq/ERR156/025/ERR15626425/ERR15626425_1.fastq.gz,ftp://ftp.sra.ebi.ac.uk/vol1/fastq/ERR143/067/ERR14391267/ERR14391267_2.fastq.gz,ftp://ftp.sra.ebi.ac.uk/vol1/fastq/ERR143/068/ERR14391268/ERR14391268_2.fastq.gz,ftp://ftp.sra.ebi.ac.uk/vol1/fastq/ERR143/069/ERR14391269/ERR14391269_2.fastq.gz,ftp://ftp.sra.ebi.ac.uk/vol1/fastq/ERR156/025/ERR15626425/ERR15626425_2.fastq.gz
RCN14576,Vietnam,AmpSeqV2,Resistant,Resistant,Sensitive,Resistant,Resistant,Resistant,Resistant,Sensitive,Resistant,Undetermined,ERR15626426,11811897.0,ERR14391270,27320.0,ERR14391271,26335.0,ERR14391272,563.0,ftp://ftp.sra.ebi.ac.uk/vol1/fastq/ERR143/070/ERR14391270/ERR14391270_1.fastq.gz,ftp://ftp.sra.ebi.ac.uk/vol1/fastq/ERR143/071/ERR14391271/ERR14391271_1.fastq.gz,ftp://ftp.sra.ebi.ac.uk/vol1/fastq/ERR143/072/ERR14391272/ERR14391272_1.fastq.gz,ftp://ftp.sra.ebi.ac.uk/vol1/fastq/ERR156/026/ERR15626426/ERR15626426_1.fastq.gz,ftp://ftp.sra.ebi.ac.uk/vol1/fastq/ERR143/070/ERR14391270/ERR14391270_2.fastq.gz,ftp://ftp.sra.ebi.ac.uk/vol1/fastq/ERR143/071/ERR14391271/ERR14391271_2.fastq.gz,ftp://ftp.sra.ebi.ac.uk/vol1/fastq/ERR143/072/ERR14391272/ERR14391272_2.fastq.gz,ftp://ftp.sra.ebi.ac.uk/vol1/fastq/ERR156/026/ERR15626426/ERR15626426_2.fastq.gz
RCN14577,Vietnam,AmpSeqV2,Resistant,Resistant,Sensitive,Resistant,Resistant,Resistant,Resistant,Sensitive,Resistant,Undetermined,ERR15626427,14542057.0,ERR14391273,29890.0,ERR14391274,28885.0,ERR14391275,787.0,ftp://ftp.sra.ebi.ac.uk/vol1/fastq/ERR143/073/ERR14391273/ERR14391273_1.fastq.gz,ftp://ftp.sra.ebi.ac.uk/vol1/fastq/ERR143/074/ERR14391274/ERR14391274_1.fastq.gz,ftp://ftp.sra.ebi.ac.uk/vol1/fastq/ERR143/075/ERR14391275/ERR14391275_1.fastq.gz,ftp://ftp.sra.ebi.ac.uk/vol1/fastq/ERR156/027/ERR15626427/ERR15626427_1.fastq.gz,ftp://ftp.sra.ebi.ac.uk/vol1/fastq/ERR143/073/ERR14391273/ERR14391273_2.fastq.gz,ftp://ftp.sra.ebi.ac.uk/vol1/fastq/ERR143/074/ERR14391274/ERR14391274_2.fastq.gz,ftp://ftp.sra.ebi.ac.uk/vol1/fastq/ERR143/075/ERR14391275/ERR14391275_2.fastq.gz,ftp://ftp.sra.ebi.ac.uk/vol1/fastq/ERR156/027/ERR15626427/ERR15626427_2.fastq.gz
RCN14580,Vietnam,AmpSeqV2,Resistant,Resistant,Sensitive,Resistant,Resistant,Resistant,Resistant,Sensitive,Resistant,Undetermined,ERR15626429,12928580.0,ERR14391279,37890.0,ERR14391280,33613.0,ERR14391281,806.0,ftp://ftp.sra.ebi.ac.uk/vol1/fastq/ERR143/079/ERR14391279/ERR14391279_1.fastq.gz,ftp://ftp.sra.ebi.ac.uk/vol1/fastq/ERR143/080/ERR14391280/ERR14391280_1.fastq.gz,ftp://ftp.sra.ebi.ac.uk/vol1/fastq/ERR143/081/ERR14391281/ERR14391281_1.fastq.gz,ftp://ftp.sra.ebi.ac.uk/vol1/fastq/ERR156/029/ERR15626429/ERR15626429_1.fastq.gz,ftp://ftp.sra.ebi.ac.uk/vol1/fastq/ERR143/079/ERR14391279/ERR14391279_2.fastq.gz,ftp://ftp.sra.ebi.ac.uk/vol1/fastq/ERR143/080/ERR14391280/ERR14391280_2.fastq.gz,ftp://ftp.sra.ebi.ac.uk/vol1/fastq/ERR143/081/ERR14391281/ERR14391281_2.fastq.gz,ftp://ftp.sra.ebi.ac.uk/vol1/fastq/ERR156/029/ERR15626429/ERR15626429_2.fastq.gz
RCN14581,Vietnam,AmpSeqV2,Resistant,Resistant,Sensitive,Resistant,Resistant,Resistant,Resistant,Sensitive,Resistant,Undetermined,ERR15626430,12261070.0,ERR14391282,31997.0,ERR14391283,28982.0,ERR14391284,669.0,ftp://ftp.sra.ebi.ac.uk/vol1/fastq/ERR143/082/ERR14391282/ERR14391282_1.fastq.gz,ftp://ftp.sra.ebi.ac.uk/vol1/fastq/ERR143/083/ERR14391283/ERR14391283_1.fastq.gz,ftp://ftp.sra.ebi.ac.uk/vol1/fastq/ERR143/084/ERR14391284/ERR14391284_1.fastq.gz,ftp://ftp.sra.ebi.ac.uk/vol1/fastq/ERR156/030/ERR15626430/ERR15626430_1.fastq.gz,ftp://ftp.sra.ebi.ac.uk/vol1/fastq/ERR143/082/ERR14391282/ERR14391282_2.fastq.gz,ftp://ftp.sra.ebi.ac.uk/vol1/fastq/ERR143/083/ERR14391283/ERR14391283_2.fastq.gz,ftp://ftp.sra.ebi.ac.uk/vol1/fastq/ERR143/084/ERR14391284/ERR14391284_2.fastq.gz,ftp://ftp.sra.ebi.ac.uk/vol1/fastq/ERR156/030/ERR15626430/ERR15626430_2.fastq.gz
RCN14587,Vietnam,AmpSeqV2,Resistant,Resistant,Sensitive,Resistant,Resistant,Resistant,Resistant,Sensitive,Resistant,Undetermined,ERR15626436,11826134.0,ERR14391300,29073.0,ERR14391301,35322.0,ERR14391302,10.0,ftp://ftp.sra.ebi.ac.uk/vol1/fastq/ERR143/000/ERR14391300/ERR14391300_1.fastq.gz,ftp://ftp.sra.ebi.ac.uk/vol1/fastq/ERR143/001/ERR14391301/ERR14391301_1.fastq.gz,ftp://ftp.sra.ebi.ac.uk/vol1/fastq/ERR143/002/ERR14391302/ERR14391302_1.fastq.gz,ftp://ftp.sra.ebi.ac.uk/vol1/fastq/ERR156/036/ERR15626436/ERR15626436_1.fastq.gz,ftp://ftp.sra.ebi.ac.uk/vol1/fastq/ERR143/000/ERR14391300/ERR14391300_2.fastq.gz,ftp://ftp.sra.ebi.ac.uk/vol1/fastq/ERR143/001/ERR14391301/ERR14391301_2.fastq.gz,ftp://ftp.sra.ebi.ac.uk/vol1/fastq/ERR143/002/ERR14391302/ERR14391302_2.fastq.gz,ftp://ftp.sra.ebi.ac.uk/vol1/fastq/ERR156/036/ERR15626436/ERR15626436_2.fastq.gz
RCN14588,Vietnam,AmpSeqV2,Resistant,Resistant,Sensitive,Resistant,Resistant,Resistant,Resistant,Sensitive,Resistant,Undetermined,ERR15626437,16181299.0,ERR14391303,33421.0,ERR14391304,30307.0,ERR14391305,770.0,ftp://ftp.sra.ebi.ac.uk/vol1/fastq/ERR143/003/ERR14391303/ERR14391303_1.fastq.gz,ftp://ftp.sra.ebi.ac.uk/vol1/fastq/ERR143/004/ERR14391304/ERR14391304_1.fastq.gz,ftp://ftp.sra.ebi.ac.uk/vol1/fastq/ERR143/005/ERR14391305/ERR14391305_1.fastq.gz,ftp://ftp.sra.ebi.ac.uk/vol1/fastq/ERR156/037/ERR15626437/ERR15626437_1.fastq.gz,ftp://ftp.sra.ebi.ac.uk/vol1/fastq/ERR143/003/ERR14391303/ERR14391303_2.fastq.gz,ftp://ftp.sra.ebi.ac.uk/vol1/fastq/ERR143/004/ERR14391304/ERR14391304_2.fastq.gz,ftp://ftp.sra.ebi.ac.uk/vol1/fastq/ERR143/005/ERR14391305/ERR14391305_2.fastq.gz,ftp://ftp.sra.ebi.ac.uk/vol1/fastq/ERR156/037/ERR15626437/ERR15626437_2.fastq.gz
RCN14589,Vietnam,AmpSeqV2,Resistant,Resistant,Sensitive,Resistant,Resistant,Resistant,Resistant,Sensitive,Resistant,Undetermined,ERR15626438,16233720.0,ERR14391306,36859.0,ERR14391307,32979.0,ERR14391308,1313.0,ftp://ftp.sra.ebi.ac.uk/vol1/fastq/ERR143/006/ERR14391306/ERR14391306_1.fastq.gz,ftp://ftp.sra.ebi.ac.uk/vol1/fastq/ERR143/007/ERR14391307/ERR14391307_1.fastq.gz,ftp://ftp.sra.ebi.ac.uk/vol1/fastq/ERR143/008/ERR14391308/ERR14391308_1.fastq.gz,ftp://ftp.sra.ebi.ac.uk/vol1/fastq/ERR156/038/ERR15626438/ERR15626438_1.fastq.gz,ftp://ftp.sra.ebi.ac.uk/vol1/fastq/ERR143/006/ERR14391306/ERR14391306_2.fastq.gz,ftp://ftp.sra.ebi.ac.uk/vol1/fastq/ERR143/007/ERR14391307/ERR14391307_2.fastq.gz,ftp://ftp.sra.ebi.ac.uk/vol1/fastq/ERR143/008/ERR14391308/ERR14391308_2.fastq.gz,ftp://ftp.sra.ebi.ac.uk/vol1/fastq/ERR156/038/ERR15626438/ERR15626438_2.fastq.gz
RCN14590,Vietnam,AmpSeqV2,Resistant,Resistant,Sensitive,Resistant,Resistant,Resistant,Resistant,Sensitive,Resistant,Undetermined,ERR15626439,15402392.0,ERR14391309,34700.0,ERR14391310,29687.0,ERR14391311,970.0,ftp://ftp.sra.ebi.ac.uk/vol1/fastq/ERR143/009/ERR14391309/ERR14391309_1.fastq.gz,ftp://ftp.sra.ebi.ac.uk/vol1/fastq/ERR143/010/ERR14391310/ERR14391310_1.fastq.gz,ftp://ftp.sra.ebi.ac.uk/vol1/fastq/ERR143/011/ERR14391311/ERR14391311_1.fastq.gz,ftp://ftp.sra.ebi.ac.uk/vol1/fastq/ERR156/039/ERR15626439/ERR15626439_1.fastq.gz,ftp://ftp.sra.ebi.ac.uk/vol1/fastq/ERR143/009/ERR14391309/ERR14391309_2.fastq.gz,ftp://ftp.sra.ebi.ac.uk/vol1/fastq/ERR143/010/ERR14391310/ERR14391310_2.fastq.gz,ftp://ftp.sra.ebi.ac.uk/vol1/fastq/ERR143/011/ERR14391311/ERR14391311_2.fastq.gz,ftp://ftp.sra.ebi.ac.uk/vol1/fastq/ERR156/039/ERR15626439/ERR15626439_2.fastq.gz
RCN14591,Vietnam,AmpSeqV2,Resistant,Resistant,Sensitive,Resistant,Resistant,Resistant,Resistant,Sensitive,Resistant,Undetermined,ERR15626440,12991848.0,ERR14391312,23727.0,ERR14391313,25572.0,ERR14391314,857.0,ftp://ftp.sra.ebi.ac.uk/vol1/fastq/ERR143/012/ERR14391312/ERR14391312_1.fastq.gz,ftp://ftp.sra.ebi.ac.uk/vol1/fastq/ERR143/013/ERR14391313/ERR14391313_1.fastq.gz,ftp://ftp.sra.ebi.ac.uk/vol1/fastq/ERR143/014/ERR14391314/ERR14391314_1.fastq.gz,ftp://ftp.sra.ebi.ac.uk/vol1/fastq/ERR156/040/ERR15626440/ERR15626440_1.fastq.gz,ftp://ftp.sra.ebi.ac.uk/vol1/fastq/ERR143/012/ERR14391312/ERR14391312_2.fastq.gz,ftp://ftp.sra.ebi.ac.uk/vol1/fastq/ERR143/013/ERR14391313/ERR14391313_2.fastq.gz,ftp://ftp.sra.ebi.ac.uk/vol1/fastq/ERR143/014/ERR14391314/ERR14391314_2.fastq.gz,ftp://ftp.sra.ebi.ac.uk/vol1/fastq/ERR156/040/ERR15626440/ERR15626440_2.fastq.gz
RCN14592,Vietnam,AmpSeqV2,Resistant,Resistant,Sensitive,Resistant,Resistant,Resistant,Resistant,Sensitive,Resistant,Undetermined,ERR15626441,14023360.0,ERR14391315,32939.0,ERR14391316,29427.0,ERR14391317,1022.0,ftp://ftp.sra.ebi.ac.uk/vol1/fastq/ERR143/015/ERR14391315/ERR14391315_1.fastq.gz,ftp://ftp.sra.ebi.ac.uk/vol1/fastq/ERR143/016/ERR14391316/ERR14391316_1.fastq.gz,ftp://ftp.sra.ebi.ac.uk/vol1/fastq/ERR143/017/ERR14391317/ERR14391317_1.fastq.gz,ftp://ftp.sra.ebi.ac.uk/vol1/fastq/ERR156/041/ERR15626441/ERR15626441_1.fastq.gz,ftp://ftp.sra.ebi.ac.uk/vol1/fastq/ERR143/015/ERR14391315/ERR14391315_2.fastq.gz,ftp://ftp.sra.ebi.ac.uk/vol1/fastq/ERR143/016/ERR14391316/ERR14391316_2.fastq.gz,ftp://ftp.sra.ebi.ac.uk/vol1/fastq/ERR143/017/ERR14391317/ERR14391317_2.fastq.gz,ftp://ftp.sra.ebi.ac.uk/vol1/fastq/ERR156/041/ERR15626441/ERR15626441_2.fastq.gz
RCN14593,Vietnam,AmpSeqV2,Resistant,Resistant,Sensitive,Resistant,Resistant,Resistant,Resistant,Sensitive,Resistant,Undetermined,ERR15626444,13270741.0,ERR14391318,29237.0,ERR14391319,28046.0,ERR14391320,372.0,ftp://ftp.sra.ebi.ac.uk/vol1/fastq/ERR143/018/ERR14391318/ERR14391318_1.fastq.gz,ftp://ftp.sra.ebi.ac.uk/vol1/fastq/ERR143/019/ERR14391319/ERR14391319_1.fastq.gz,ftp://ftp.sra.ebi.ac.uk/vol1/fastq/ERR143/020/ERR14391320/ERR14391320_1.fastq.gz,ftp://ftp.sra.ebi.ac.uk/vol1/fastq/ERR156/044/ERR15626444/ERR15626444_1.fastq.gz,ftp://ftp.sra.ebi.ac.uk/vol1/fastq/ERR143/018/ERR14391318/ERR14391318_2.fastq.gz,ftp://ftp.sra.ebi.ac.uk/vol1/fastq/ERR143/019/ERR14391319/ERR14391319_2.fastq.gz,ftp://ftp.sra.ebi.ac.uk/vol1/fastq/ERR143/020/ERR14391320/ERR14391320_2.fastq.gz,ftp://ftp.sra.ebi.ac.uk/vol1/fastq/ERR156/044/ERR15626444/ERR15626444_2.fastq.gz
RCN14594,Vietnam,AmpSeqV2,Resistant,Resistant,Sensitive,Resistant,Resistant,Resistant,Resistant,Sensitive,Resistant,Undetermined,ERR15626442,10082177.0,ERR14391321,29934.0,ERR14391322,30066.0,ERR14391323,760.0,ftp://ftp.sra.ebi.ac.uk/vol1/fastq/ERR143/021/ERR14391321/ERR14391321_1.fastq.gz,ftp://ftp.sra.ebi.ac.uk/vol1/fastq/ERR143/022/ERR14391322/ERR14391322_1.fastq.gz,ftp://ftp.sra.ebi.ac.uk/vol1/fastq/ERR143/023/ERR14391323/ERR14391323_1.fastq.gz,ftp://ftp.sra.ebi.ac.uk/vol1/fastq/ERR156/042/ERR15626442/ERR15626442_1.fastq.gz,ftp://ftp.sra.ebi.ac.uk/vol1/fastq/ERR143/021/ERR14391321/ERR14391321_2.fastq.gz,ftp://ftp.sra.ebi.ac.uk/vol1/fastq/ERR143/022/ERR14391322/ERR14391322_2.fastq.gz,ftp://ftp.sra.ebi.ac.uk/vol1/fastq/ERR143/023/ERR14391323/ERR14391323_2.fastq.gz,ftp://ftp.sra.ebi.ac.uk/vol1/fastq/ERR156/042/ERR15626442/ERR15626442_2.fastq.gz
RCN14596,Vietnam,AmpSeqV2,Resistant,Resistant,Sensitive,Resistant,Resistant,Resistant,Resistant,Sensitive,Resistant,Undetermined,ERR15626445,15223081.0,ERR14391327,23056.0,ERR14391328,22872.0,ERR14391329,264.0,ftp://ftp.sra.ebi.ac.uk/vol1/fastq/ERR143/027/ERR14391327/ERR14391327_1.fastq.gz,ftp://ftp.sra.ebi.ac.uk/vol1/fastq/ERR143/028/ERR14391328/ERR14391328_1.fastq.gz,ftp://ftp.sra.ebi.ac.uk/vol1/fastq/ERR143/029/ERR14391329/ERR14391329_1.fastq.gz,ftp://ftp.sra.ebi.ac.uk/vol1/fastq/ERR156/045/ERR15626445/ERR15626445_1.fastq.gz,ftp://ftp.sra.ebi.ac.uk/vol1/fastq/ERR143/027/ERR14391327/ERR14391327_2.fastq.gz,ftp://ftp.sra.ebi.ac.uk/vol1/fastq/ERR143/028/ERR14391328/ERR14391328_2.fastq.gz,ftp://ftp.sra.ebi.ac.uk/vol1/fastq/ERR143/029/ERR14391329/ERR14391329_2.fastq.gz,ftp://ftp.sra.ebi.ac.uk/vol1/fastq/ERR156/045/ERR15626445/ERR15626445_2.fastq.gz
RCN14598,Vietnam,AmpSeqV2,Resistant,Resistant,Sensitive,Resistant,Resistant,Resistant,Resistant,Sensitive,Resistant,Undetermined,ERR15626447,10643807.0,ERR14391333,35169.0,ERR14391334,28995.0,ERR14391335,710.0,ftp://ftp.sra.ebi.ac.uk/vol1/fastq/ERR143/033/ERR14391333/ERR14391333_1.fastq.gz,ftp://ftp.sra.ebi.ac.uk/vol1/fastq/ERR143/034/ERR14391334/ERR14391334_1.fastq.gz,ftp://ftp.sra.ebi.ac.uk/vol1/fastq/ERR143/035/ERR14391335/ERR14391335_1.fastq.gz,ftp://ftp.sra.ebi.ac.uk/vol1/fastq/ERR156/047/ERR15626447/ERR15626447_1.fastq.gz,ftp://ftp.sra.ebi.ac.uk/vol1/fastq/ERR143/033/ERR14391333/ERR14391333_2.fastq.gz,ftp://ftp.sra.ebi.ac.uk/vol1/fastq/ERR143/034/ERR14391334/ERR14391334_2.fastq.gz,ftp://ftp.sra.ebi.ac.uk/vol1/fastq/ERR143/035/ERR14391335/ERR14391335_2.fastq.gz,ftp://ftp.sra.ebi.ac.uk/vol1/fastq/ERR156/047/ERR15626447/ERR15626447_2.fastq.gz
RCN14600,Vietnam,AmpSeqV2,Resistant,Resistant,Sensitive,Resistant,Resistant,Resistant,Resistant,Sensitive,Resistant,Undetermined,ERR15626449,12545669.0,ERR14391339,38102.0,ERR14391340,35489.0,ERR14391341,1088.0,ftp://ftp.sra.ebi.ac.uk/vol1/fastq/ERR143/039/ERR14391339/ERR14391339_1.fastq.gz,ftp://ftp.sra.ebi.ac.uk/vol1/fastq/ERR143/040/ERR14391340/ERR14391340_1.fastq.gz,ftp://ftp.sra.ebi.ac.uk/vol1/fastq/ERR143/041/ERR14391341/ERR14391341_1.fastq.gz,ftp://ftp.sra.ebi.ac.uk/vol1/fastq/ERR156/049/ERR15626449/ERR15626449_1.fastq.gz,ftp://ftp.sra.ebi.ac.uk/vol1/fastq/ERR143/039/ERR14391339/ERR14391339_2.fastq.gz,ftp://ftp.sra.ebi.ac.uk/vol1/fastq/ERR143/040/ERR14391340/ERR14391340_2.fastq.gz,ftp://ftp.sra.ebi.ac.uk/vol1/fastq/ERR143/041/ERR14391341/ERR14391341_2.fastq.gz,ftp://ftp.sra.ebi.ac.uk/vol1/fastq/ERR156/049/ERR15626449/ERR15626449_2.fastq.gz
RCN14602,Vietnam,AmpSeqV2,Resistant,Resistant,Sensitive,Resistant,Resistant,Resistant,Resistant,Sensitive,Resistant,Undetermined,ERR15626451,16681840.0,ERR14391345,29717.0,ERR14391346,26808.0,ERR14391347,660.0,ftp://ftp.sra.ebi.ac.uk/vol1/fastq/ERR143/045/ERR14391345/ERR14391345_1.fastq.gz,ftp://ftp.sra.ebi.ac.uk/vol1/fastq/ERR143/046/ERR14391346/ERR14391346_1.fastq.gz,ftp://ftp.sra.ebi.ac.uk/vol1/fastq/ERR143/047/ERR14391347/ERR14391347_1.fastq.gz,ftp://ftp.sra.ebi.ac.uk/vol1/fastq/ERR156/051/ERR15626451/ERR15626451_1.fastq.gz,ftp://ftp.sra.ebi.ac.uk/vol1/fastq/ERR143/045/ERR14391345/ERR14391345_2.fastq.gz,ftp://ftp.sra.ebi.ac.uk/vol1/fastq/ERR143/046/ERR14391346/ERR14391346_2.fastq.gz,ftp://ftp.sra.ebi.ac.uk/vol1/fastq/ERR143/047/ERR14391347/ERR14391347_2.fastq.gz,ftp://ftp.sra.ebi.ac.uk/vol1/fastq/ERR156/051/ERR15626451/ERR15626451_2.fastq.gz
RCN14603,Vietnam,AmpSeqV2,Resistant,Resistant,Sensitive,Resistant,Resistant,Resistant,Resistant,Sensitive,Resistant,Undetermined,ERR15626452,17260795.0,ERR14391348,21256.0,ERR14391349,21842.0,ERR14391350,480.0,ftp://ftp.sra.ebi.ac.uk/vol1/fastq/ERR143/048/ERR14391348/ERR14391348_1.fastq.gz,ftp://ftp.sra.ebi.ac.uk/vol1/fastq/ERR143/049/ERR14391349/ERR14391349_1.fastq.gz,ftp://ftp.sra.ebi.ac.uk/vol1/fastq/ERR143/050/ERR14391350/ERR14391350_1.fastq.gz,ftp://ftp.sra.ebi.ac.uk/vol1/fastq/ERR156/052/ERR15626452/ERR15626452_1.fastq.gz,ftp://ftp.sra.ebi.ac.uk/vol1/fastq/ERR143/048/ERR14391348/ERR14391348_2.fastq.gz,ftp://ftp.sra.ebi.ac.uk/vol1/fastq/ERR143/049/ERR14391349/ERR14391349_2.fastq.gz,ftp://ftp.sra.ebi.ac.uk/vol1/fastq/ERR143/050/ERR14391350/ERR14391350_2.fastq.gz,ftp://ftp.sra.ebi.ac.uk/vol1/fastq/ERR156/052/ERR15626452/ERR15626452_2.fastq.gz
RCN14604,Vietnam,AmpSeqV2,Resistant,Resistant,Sensitive,Resistant,Resistant,Resistant,Resistant,Sensitive,Resistant,Undetermined,ERR15626453,23098155.0,ERR14391351,37324.0,ERR14391352,32962.0,ERR14391353,995.0,ftp://ftp.sra.ebi.ac.uk/vol1/fastq/ERR143/051/ERR14391351/ERR14391351_1.fastq.gz,ftp://ftp.sra.ebi.ac.uk/vol1/fastq/ERR143/052/ERR14391352/ERR14391352_1.fastq.gz,ftp://ftp.sra.ebi.ac.uk/vol1/fastq/ERR143/053/ERR14391353/ERR14391353_1.fastq.gz,ftp://ftp.sra.ebi.ac.uk/vol1/fastq/ERR156/053/ERR15626453/ERR15626453_1.fastq.gz,ftp://ftp.sra.ebi.ac.uk/vol1/fastq/ERR143/051/ERR14391351/ERR14391351_2.fastq.gz,ftp://ftp.sra.ebi.ac.uk/vol1/fastq/ERR143/052/ERR14391352/ERR14391352_2.fastq.gz,ftp://ftp.sra.ebi.ac.uk/vol1/fastq/ERR143/053/ERR14391353/ERR14391353_2.fastq.gz,ftp://ftp.sra.ebi.ac.uk/vol1/fastq/ERR156/053/ERR15626453/ERR15626453_2.fastq.gz
RCN14605,Vietnam,AmpSeqV2,Resistant,Resistant,Sensitive,Resistant,Resistant,Resistant,Resistant,Sensitive,Resistant,Undetermined,ERR15626454,14414424.0,ERR14391354,32670.0,ERR14391355,25916.0,ERR14391356,879.0,ftp://ftp.sra.ebi.ac.uk/vol1/fastq/ERR143/054/ERR14391354/ERR14391354_1.fastq.gz,ftp://ftp.sra.ebi.ac.uk/vol1/fastq/ERR143/055/ERR14391355/ERR14391355_1.fastq.gz,ftp://ftp.sra.ebi.ac.uk/vol1/fastq/ERR143/056/ERR14391356/ERR14391356_1.fastq.gz,ftp://ftp.sra.ebi.ac.uk/vol1/fastq/ERR156/054/ERR15626454/ERR15626454_1.fastq.gz,ftp://ftp.sra.ebi.ac.uk/vol1/fastq/ERR143/054/ERR14391354/ERR14391354_2.fastq.gz,ftp://ftp.sra.ebi.ac.uk/vol1/fastq/ERR143/055/ERR14391355/ERR14391355_2.fastq.gz,ftp://ftp.sra.ebi.ac.uk/vol1/fastq/ERR143/056/ERR14391356/ERR14391356_2.fastq.gz,ftp://ftp.sra.ebi.ac.uk/vol1/fastq/ERR156/054/ERR15626454/ERR15626454_2.fastq.gz
RCN14606,Vietnam,AmpSeqV2,Resistant,Resistant,Sensitive,Resistant,Resistant,Resistant,Resistant,Sensitive,Resistant,Undetermined,ERR15626455,11623497.0,ERR14391357,36051.0,ERR14391358,30511.0,ERR14391359,648.0,ftp://ftp.sra.ebi.ac.uk/vol1/fastq/ERR143/057/ERR14391357/ERR14391357_1.fastq.gz,ftp://ftp.sra.ebi.ac.uk/vol1/fastq/ERR143/058/ERR14391358/ERR14391358_1.fastq.gz,ftp://ftp.sra.ebi.ac.uk/vol1/fastq/ERR143/059/ERR14391359/ERR14391359_1.fastq.gz,ftp://ftp.sra.ebi.ac.uk/vol1/fastq/ERR156/055/ERR15626455/ERR15626455_1.fastq.gz,ftp://ftp.sra.ebi.ac.uk/vol1/fastq/ERR143/057/ERR14391357/ERR14391357_2.fastq.gz,ftp://ftp.sra.ebi.ac.uk/vol1/fastq/ERR143/058/ERR14391358/ERR14391358_2.fastq.gz,ftp://ftp.sra.ebi.ac.uk/vol1/fastq/ERR143/059/ERR14391359/ERR14391359_2.fastq.gz,ftp://ftp.sra.ebi.ac.uk/vol1/fastq/ERR156/055/ERR15626455/ERR15626455_2.fastq.gz
RCN14608,Vietnam,AmpSeqV2,Resistant,Resistant,Sensitive,Resistant,Resistant,Resistant,Resistant,Sensitive,Resistant,Undetermined,ERR15626457,12396083.0,ERR14391363,28623.0,ERR14391364,27787.0,ERR14391365,299.0,ftp://ftp.sra.ebi.ac.uk/vol1/fastq/ERR143/063/ERR14391363/ERR14391363_1.fastq.gz,ftp://ftp.sra.ebi.ac.uk/vol1/fastq/ERR143/064/ERR14391364/ERR14391364_1.fastq.gz,ftp://ftp.sra.ebi.ac.uk/vol1/fastq/ERR143/065/ERR14391365/ERR14391365_1.fastq.gz,ftp://ftp.sra.ebi.ac.uk/vol1/fastq/ERR156/057/ERR15626457/ERR15626457_1.fastq.gz,ftp://ftp.sra.ebi.ac.uk/vol1/fastq/ERR143/063/ERR14391363/ERR14391363_2.fastq.gz,ftp://ftp.sra.ebi.ac.uk/vol1/fastq/ERR143/064/ERR14391364/ERR14391364_2.fastq.gz,ftp://ftp.sra.ebi.ac.uk/vol1/fastq/ERR143/065/ERR14391365/ERR14391365_2.fastq.gz,ftp://ftp.sra.ebi.ac.uk/vol1/fastq/ERR156/057/ERR15626457/ERR15626457_2.fastq.gz
RCN14609,Vietnam,AmpSeqV2,Resistant,Resistant,Sensitive,Resistant,Resistant,Resistant,Resistant,Sensitive,Resistant,Undetermined,ERR15626458,12280434.0,ERR14391366,36087.0,ERR14391367,36129.0,ERR14391368,958.0,ftp://ftp.sra.ebi.ac.uk/vol1/fastq/ERR143/066/ERR14391366/ERR14391366_1.fastq.gz,ftp://ftp.sra.ebi.ac.uk/vol1/fastq/ERR143/067/ERR14391367/ERR14391367_1.fastq.gz,ftp://ftp.sra.ebi.ac.uk/vol1/fastq/ERR143/068/ERR14391368/ERR14391368_1.fastq.gz,ftp://ftp.sra.ebi.ac.uk/vol1/fastq/ERR156/058/ERR15626458/ERR15626458_1.fastq.gz,ftp://ftp.sra.ebi.ac.uk/vol1/fastq/ERR143/066/ERR14391366/ERR14391366_2.fastq.gz,ftp://ftp.sra.ebi.ac.uk/vol1/fastq/ERR143/067/ERR14391367/ERR14391367_2.fastq.gz,ftp://ftp.sra.ebi.ac.uk/vol1/fastq/ERR143/068/ERR14391368/ERR14391368_2.fastq.gz,ftp://ftp.sra.ebi.ac.uk/vol1/fastq/ERR156/058/ERR15626458/ERR15626458_2.fastq.gz
RCN14610,Vietnam,AmpSeqV2,Resistant,Resistant,Sensitive,Resistant,Resistant,Resistant,Resistant,Sensitive,Resistant,Undetermined,ERR15626459,15385202.0,ERR14391369,24309.0,ERR14391370,23851.0,ERR14391371,834.0,ftp://ftp.sra.ebi.ac.uk/vol1/fastq/ERR143/069/ERR14391369/ERR14391369_1.fastq.gz,ftp://ftp.sra.ebi.ac.uk/vol1/fastq/ERR143/070/ERR14391370/ERR14391370_1.fastq.gz,ftp://ftp.sra.ebi.ac.uk/vol1/fastq/ERR143/071/ERR14391371/ERR14391371_1.fastq.gz,ftp://ftp.sra.ebi.ac.uk/vol1/fastq/ERR156/059/ERR15626459/ERR15626459_1.fastq.gz,ftp://ftp.sra.ebi.ac.uk/vol1/fastq/ERR143/069/ERR14391369/ERR14391369_2.fastq.gz,ftp://ftp.sra.ebi.ac.uk/vol1/fastq/ERR143/070/ERR14391370/ERR14391370_2.fastq.gz,ftp://ftp.sra.ebi.ac.uk/vol1/fastq/ERR143/071/ERR14391371/ERR14391371_2.fastq.gz,ftp://ftp.sra.ebi.ac.uk/vol1/fastq/ERR156/059/ERR15626459/ERR15626459_2.fastq.gz
RCN14611,Vietnam,AmpSeqV2,Resistant,Resistant,Sensitive,Resistant,Resistant,Resistant,Resistant,Sensitive,Resistant,Undetermined,ERR15626460,12254673.0,ERR14391372,22739.0,ERR14391373,24718.0,ERR14391374,7.0,ftp://ftp.sra.ebi.ac.uk/vol1/fastq/ERR143/072/ERR14391372/ERR14391372_1.fastq.gz,ftp://ftp.sra.ebi.ac.uk/vol1/fastq/ERR143/073/ERR14391373/ERR14391373_1.fastq.gz,ftp://ftp.sra.ebi.ac.uk/vol1/fastq/ERR143/074/ERR14391374/ERR14391374_1.fastq.gz,ftp://ftp.sra.ebi.ac.uk/vol1/fastq/ERR156/060/ERR15626460/ERR15626460_1.fastq.gz,ftp://ftp.sra.ebi.ac.uk/vol1/fastq/ERR143/072/ERR14391372/ERR14391372_2.fastq.gz,ftp://ftp.sra.ebi.ac.uk/vol1/fastq/ERR143/073/ERR14391373/ERR14391373_2.fastq.gz,ftp://ftp.sra.ebi.ac.uk/vol1/fastq/ERR143/074/ERR14391374/ERR14391374_2.fastq.gz,ftp://ftp.sra.ebi.ac.uk/vol1/fastq/ERR156/060/ERR15626460/ERR15626460_2.fastq.gz
RCN14612,Vietnam,AmpSeqV2,Resistant,Resistant,Sensitive,Resistant,Resistant,Resistant,Resistant,Sensitive,Resistant,Undetermined,ERR15626461,18890299.0,ERR14391375,30863.0,ERR14391376,29001.0,ERR14391377,859.0,ftp://ftp.sra.ebi.ac.uk/vol1/fastq/ERR143/075/ERR14391375/ERR14391375_1.fastq.gz,ftp://ftp.sra.ebi.ac.uk/vol1/fastq/ERR143/076/ERR14391376/ERR14391376_1.fastq.gz,ftp://ftp.sra.ebi.ac.uk/vol1/fastq/ERR143/077/ERR14391377/ERR14391377_1.fastq.gz,ftp://ftp.sra.ebi.ac.uk/vol1/fastq/ERR156/061/ERR15626461/ERR15626461_1.fastq.gz,ftp://ftp.sra.ebi.ac.uk/vol1/fastq/ERR143/075/ERR14391375/ERR14391375_2.fastq.gz,ftp://ftp.sra.ebi.ac.uk/vol1/fastq/ERR143/076/ERR14391376/ERR14391376_2.fastq.gz,ftp://ftp.sra.ebi.ac.uk/vol1/fastq/ERR143/077/ERR14391377/ERR14391377_2.fastq.gz,ftp://ftp.sra.ebi.ac.uk/vol1/fastq/ERR156/061/ERR15626461/ERR15626461_2.fastq.gz
RCN14614,Vietnam,AmpSeqV2,Resistant,Resistant,Sensitive,Resistant,Resistant,Resistant,Resistant,Sensitive,Resistant,Undetermined,ERR15626463,11924268.0,ERR14391381,44892.0,ERR14391382,42551.0,ERR14391383,1561.0,ftp://ftp.sra.ebi.ac.uk/vol1/fastq/ERR143/081/ERR14391381/ERR14391381_1.fastq.gz,ftp://ftp.sra.ebi.ac.uk/vol1/fastq/ERR143/082/ERR14391382/ERR14391382_1.fastq.gz,ftp://ftp.sra.ebi.ac.uk/vol1/fastq/ERR143/083/ERR14391383/ERR14391383_1.fastq.gz,ftp://ftp.sra.ebi.ac.uk/vol1/fastq/ERR156/063/ERR15626463/ERR15626463_1.fastq.gz,ftp://ftp.sra.ebi.ac.uk/vol1/fastq/ERR143/081/ERR14391381/ERR14391381_2.fastq.gz,ftp://ftp.sra.ebi.ac.uk/vol1/fastq/ERR143/082/ERR14391382/ERR14391382_2.fastq.gz,ftp://ftp.sra.ebi.ac.uk/vol1/fastq/ERR143/083/ERR14391383/ERR14391383_2.fastq.gz,ftp://ftp.sra.ebi.ac.uk/vol1/fastq/ERR156/063/ERR15626463/ERR15626463_2.fastq.gz
RCN14616,Vietnam,AmpSeqV2,Resistant,Resistant,Sensitive,Resistant,Resistant,Resistant,Resistant,Sensitive,Resistant,Undetermined,ERR15626465,15561344.0,ERR14391387,34350.0,ERR14391388,26689.0,ERR14391389,1217.0,ftp://ftp.sra.ebi.ac.uk/vol1/fastq/ERR143/087/ERR14391387/ERR14391387_1.fastq.gz,ftp://ftp.sra.ebi.ac.uk/vol1/fastq/ERR143/088/ERR14391388/ERR14391388_1.fastq.gz,ftp://ftp.sra.ebi.ac.uk/vol1/fastq/ERR143/089/ERR14391389/ERR14391389_1.fastq.gz,ftp://ftp.sra.ebi.ac.uk/vol1/fastq/ERR156/065/ERR15626465/ERR15626465_1.fastq.gz,ftp://ftp.sra.ebi.ac.uk/vol1/fastq/ERR143/087/ERR14391387/ERR14391387_2.fastq.gz,ftp://ftp.sra.ebi.ac.uk/vol1/fastq/ERR143/088/ERR14391388/ERR14391388_2.fastq.gz,ftp://ftp.sra.ebi.ac.uk/vol1/fastq/ERR143/089/ERR14391389/ERR14391389_2.fastq.gz,ftp://ftp.sra.ebi.ac.uk/vol1/fastq/ERR156/065/ERR15626465/ERR15626465_2.fastq.gz
RCN14618,Vietnam,AmpSeqV2,Resistant,Resistant,Sensitive,Resistant,Resistant,Resistant,Resistant,Sensitive,Resistant,Undetermined,ERR15626467,10724546.0,ERR14391393,27443.0,ERR14391394,25493.0,ERR14391395,713.0,ftp://ftp.sra.ebi.ac.uk/vol1/fastq/ERR143/093/ERR14391393/ERR14391393_1.fastq.gz,ftp://ftp.sra.ebi.ac.uk/vol1/fastq/ERR143/094/ERR14391394/ERR14391394_1.fastq.gz,ftp://ftp.sra.ebi.ac.uk/vol1/fastq/ERR143/095/ERR14391395/ERR14391395_1.fastq.gz,ftp://ftp.sra.ebi.ac.uk/vol1/fastq/ERR156/067/ERR15626467/ERR15626467_1.fastq.gz,ftp://ftp.sra.ebi.ac.uk/vol1/fastq/ERR143/093/ERR14391393/ERR14391393_2.fastq.gz,ftp://ftp.sra.ebi.ac.uk/vol1/fastq/ERR143/094/ERR14391394/ERR14391394_2.fastq.gz,ftp://ftp.sra.ebi.ac.uk/vol1/fastq/ERR143/095/ERR14391395/ERR14391395_2.fastq.gz,ftp://ftp.sra.ebi.ac.uk/vol1/fastq/ERR156/067/ERR15626467/ERR15626467_2.fastq.gz
RCN14621,Vietnam,AmpSeqV2,Resistant,Resistant,Sensitive,Resistant,Resistant,Resistant,Resistant,Sensitive,Resistant,Undetermined,ERR15626470,19661638.0,ERR14391396,29722.0,ERR14391397,26866.0,ERR14391398,629.0,ftp://ftp.sra.ebi.ac.uk/vol1/fastq/ERR143/096/ERR14391396/ERR14391396_1.fastq.gz,ftp://ftp.sra.ebi.ac.uk/vol1/fastq/ERR143/097/ERR14391397/ERR14391397_1.fastq.gz,ftp://ftp.sra.ebi.ac.uk/vol1/fastq/ERR143/098/ERR14391398/ERR14391398_1.fastq.gz,ftp://ftp.sra.ebi.ac.uk/vol1/fastq/ERR156/070/ERR15626470/ERR15626470_1.fastq.gz,ftp://ftp.sra.ebi.ac.uk/vol1/fastq/ERR143/096/ERR14391396/ERR14391396_2.fastq.gz,ftp://ftp.sra.ebi.ac.uk/vol1/fastq/ERR143/097/ERR14391397/ERR14391397_2.fastq.gz,ftp://ftp.sra.ebi.ac.uk/vol1/fastq/ERR143/098/ERR14391398/ERR14391398_2.fastq.gz,ftp://ftp.sra.ebi.ac.uk/vol1/fastq/ERR156/070/ERR15626470/ERR15626470_2.fastq.gz
RCN14622,Vietnam,AmpSeqV2,Resistant,Resistant,Sensitive,Resistant,Resistant,Resistant,Resistant,Sensitive,Resistant,Undetermined,ERR15626471,13701463.0,ERR14391399,31288.0,ERR14391400,28477.0,ERR14391401,832.0,ftp://ftp.sra.ebi.ac.uk/vol1/fastq/ERR143/099/ERR14391399/ERR14391399_1.fastq.gz,ftp://ftp.sra.ebi.ac.uk/vol1/fastq/ERR143/000/ERR14391400/ERR14391400_1.fastq.gz,ftp://ftp.sra.ebi.ac.uk/vol1/fastq/ERR143/001/ERR14391401/ERR14391401_1.fastq.gz,ftp://ftp.sra.ebi.ac.uk/vol1/fastq/ERR156/071/ERR15626471/ERR15626471_1.fastq.gz,ftp://ftp.sra.ebi.ac.uk/vol1/fastq/ERR143/099/ERR14391399/ERR14391399_2.fastq.gz,ftp://ftp.sra.ebi.ac.uk/vol1/fastq/ERR143/000/ERR14391400/ERR14391400_2.fastq.gz,ftp://ftp.sra.ebi.ac.uk/vol1/fastq/ERR143/001/ERR14391401/ERR14391401_2.fastq.gz,ftp://ftp.sra.ebi.ac.uk/vol1/fastq/ERR156/071/ERR15626471/ERR15626471_2.fastq.gz
RCN14623,Vietnam,AmpSeqV2,Resistant,Resistant,Sensitive,Resistant,Resistant,Resistant,Resistant,Sensitive,Resistant,Undetermined,ERR15626472,10575541.0,ERR14391402,26783.0,ERR14391403,25170.0,ERR14391404,535.0,ftp://ftp.sra.ebi.ac.uk/vol1/fastq/ERR143/002/ERR14391402/ERR14391402_1.fastq.gz,ftp://ftp.sra.ebi.ac.uk/vol1/fastq/ERR143/003/ERR14391403/ERR14391403_1.fastq.gz,ftp://ftp.sra.ebi.ac.uk/vol1/fastq/ERR143/004/ERR14391404/ERR14391404_1.fastq.gz,ftp://ftp.sra.ebi.ac.uk/vol1/fastq/ERR156/072/ERR15626472/ERR15626472_1.fastq.gz,ftp://ftp.sra.ebi.ac.uk/vol1/fastq/ERR143/002/ERR14391402/ERR14391402_2.fastq.gz,ftp://ftp.sra.ebi.ac.uk/vol1/fastq/ERR143/003/ERR14391403/ERR14391403_2.fastq.gz,ftp://ftp.sra.ebi.ac.uk/vol1/fastq/ERR143/004/ERR14391404/ERR14391404_2.fastq.gz,ftp://ftp.sra.ebi.ac.uk/vol1/fastq/ERR156/072/ERR15626472/ERR15626472_2.fastq.gz
RCN14624,Vietnam,AmpSeqV2,Resistant,Resistant,Sensitive,Resistant,Resistant,Resistant,Resistant,Sensitive,Resistant,Undetermined,ERR15626473,13655734.0,ERR14391405,33417.0,ERR14391406,31258.0,ERR14391407,640.0,ftp://ftp.sra.ebi.ac.uk/vol1/fastq/ERR143/005/ERR14391405/ERR14391405_1.fastq.gz,ftp://ftp.sra.ebi.ac.uk/vol1/fastq/ERR143/006/ERR14391406/ERR14391406_1.fastq.gz,ftp://ftp.sra.ebi.ac.uk/vol1/fastq/ERR143/007/ERR14391407/ERR14391407_1.fastq.gz,ftp://ftp.sra.ebi.ac.uk/vol1/fastq/ERR156/073/ERR15626473/ERR15626473_1.fastq.gz,ftp://ftp.sra.ebi.ac.uk/vol1/fastq/ERR143/005/ERR14391405/ERR14391405_2.fastq.gz,ftp://ftp.sra.ebi.ac.uk/vol1/fastq/ERR143/006/ERR14391406/ERR14391406_2.fastq.gz,ftp://ftp.sra.ebi.ac.uk/vol1/fastq/ERR143/007/ERR14391407/ERR14391407_2.fastq.gz,ftp://ftp.sra.ebi.ac.uk/vol1/fastq/ERR156/073/ERR15626473/ERR15626473_2.fastq.gz
RCN14625,Vietnam,AmpSeqV2,Resistant,Resistant,Sensitive,Resistant,Resistant,Resistant,Resistant,Sensitive,Resistant,Undetermined,ERR15626474,13061343.0,ERR14391408,29064.0,ERR14391409,27952.0,ERR14391410,693.0,ftp://ftp.sra.ebi.ac.uk/vol1/fastq/ERR143/008/ERR14391408/ERR14391408_1.fastq.gz,ftp://ftp.sra.ebi.ac.uk/vol1/fastq/ERR143/009/ERR14391409/ERR14391409_1.fastq.gz,ftp://ftp.sra.ebi.ac.uk/vol1/fastq/ERR143/010/ERR14391410/ERR14391410_1.fastq.gz,ftp://ftp.sra.ebi.ac.uk/vol1/fastq/ERR156/074/ERR15626474/ERR15626474_1.fastq.gz,ftp://ftp.sra.ebi.ac.uk/vol1/fastq/ERR143/008/ERR14391408/ERR14391408_2.fastq.gz,ftp://ftp.sra.ebi.ac.uk/vol1/fastq/ERR143/009/ERR14391409/ERR14391409_2.fastq.gz,ftp://ftp.sra.ebi.ac.uk/vol1/fastq/ERR143/010/ERR14391410/ERR14391410_2.fastq.gz,ftp://ftp.sra.ebi.ac.uk/vol1/fastq/ERR156/074/ERR15626474/ERR15626474_2.fastq.gz
RCN14626,Vietnam,AmpSeqV2,Resistant,Resistant,Sensitive,Resistant,Resistant,Resistant,Resistant,Sensitive,Resistant,Undetermined,ERR15626475,7978812.0,ERR14391411,27089.0,ERR14391412,26708.0,ERR14391413,611.0,ftp://ftp.sra.ebi.ac.uk/vol1/fastq/ERR143/011/ERR14391411/ERR14391411_1.fastq.gz,ftp://ftp.sra.ebi.ac.uk/vol1/fastq/ERR143/012/ERR14391412/ERR14391412_1.fastq.gz,ftp://ftp.sra.ebi.ac.uk/vol1/fastq/ERR143/013/ERR14391413/ERR14391413_1.fastq.gz,ftp://ftp.sra.ebi.ac.uk/vol1/fastq/ERR156/075/ERR15626475/ERR15626475_1.fastq.gz,ftp://ftp.sra.ebi.ac.uk/vol1/fastq/ERR143/011/ERR14391411/ERR14391411_2.fastq.gz,ftp://ftp.sra.ebi.ac.uk/vol1/fastq/ERR143/012/ERR14391412/ERR14391412_2.fastq.gz,ftp://ftp.sra.ebi.ac.uk/vol1/fastq/ERR143/013/ERR14391413/ERR14391413_2.fastq.gz,ftp://ftp.sra.ebi.ac.uk/vol1/fastq/ERR156/075/ERR15626475/ERR15626475_2.fastq.gz
RCN14627,Vietnam,AmpSeqV2,Resistant,Resistant,Sensitive,Resistant,Resistant,Resistant,Resistant,Sensitive,Resistant,Undetermined,ERR15626476,11557496.0,ERR14391414,28173.0,ERR14391415,26968.0,ERR14391416,738.0,ftp://ftp.sra.ebi.ac.uk/vol1/fastq/ERR143/014/ERR14391414/ERR14391414_1.fastq.gz,ftp://ftp.sra.ebi.ac.uk/vol1/fastq/ERR143/015/ERR14391415/ERR14391415_1.fastq.gz,ftp://ftp.sra.ebi.ac.uk/vol1/fastq/ERR143/016/ERR14391416/ERR14391416_1.fastq.gz,ftp://ftp.sra.ebi.ac.uk/vol1/fastq/ERR156/076/ERR15626476/ERR15626476_1.fastq.gz,ftp://ftp.sra.ebi.ac.uk/vol1/fastq/ERR143/014/ERR14391414/ERR14391414_2.fastq.gz,ftp://ftp.sra.ebi.ac.uk/vol1/fastq/ERR143/015/ERR14391415/ERR14391415_2.fastq.gz,ftp://ftp.sra.ebi.ac.uk/vol1/fastq/ERR143/016/ERR14391416/ERR14391416_2.fastq.gz,ftp://ftp.sra.ebi.ac.uk/vol1/fastq/ERR156/076/ERR15626476/ERR15626476_2.fastq.gz
RCN14628,Vietnam,AmpSeqV2,Resistant,Resistant,Sensitive,Resistant,Resistant,Resistant,Resistant,Sensitive,Resistant,Undetermined,ERR15626477,14594614.0,ERR14391417,38317.0,ERR14391418,34106.0,ERR14391419,879.0,ftp://ftp.sra.ebi.ac.uk/vol1/fastq/ERR143/017/ERR14391417/ERR14391417_1.fastq.gz,ftp://ftp.sra.ebi.ac.uk/vol1/fastq/ERR143/018/ERR14391418/ERR14391418_1.fastq.gz,ftp://ftp.sra.ebi.ac.uk/vol1/fastq/ERR143/019/ERR14391419/ERR14391419_1.fastq.gz,ftp://ftp.sra.ebi.ac.uk/vol1/fastq/ERR156/077/ERR15626477/ERR15626477_1.fastq.gz,ftp://ftp.sra.ebi.ac.uk/vol1/fastq/ERR143/017/ERR14391417/ERR14391417_2.fastq.gz,ftp://ftp.sra.ebi.ac.uk/vol1/fastq/ERR143/018/ERR14391418/ERR14391418_2.fastq.gz,ftp://ftp.sra.ebi.ac.uk/vol1/fastq/ERR143/019/ERR14391419/ERR14391419_2.fastq.gz,ftp://ftp.sra.ebi.ac.uk/vol1/fastq/ERR156/077/ERR15626477/ERR15626477_2.fastq.gz
RCN14629,Vietnam,AmpSeqV2,Resistant,Resistant,Sensitive,Resistant,Resistant,Resistant,Resistant,Sensitive,Resistant,Undetermined,ERR15626478,15745310.0,ERR14391420,31187.0,ERR14391421,22980.0,ERR14391422,365.0,ftp://ftp.sra.ebi.ac.uk/vol1/fastq/ERR143/020/ERR14391420/ERR14391420_1.fastq.gz,ftp://ftp.sra.ebi.ac.uk/vol1/fastq/ERR143/021/ERR14391421/ERR14391421_1.fastq.gz,ftp://ftp.sra.ebi.ac.uk/vol1/fastq/ERR143/022/ERR14391422/ERR14391422_1.fastq.gz,ftp://ftp.sra.ebi.ac.uk/vol1/fastq/ERR156/078/ERR15626478/ERR15626478_1.fastq.gz,ftp://ftp.sra.ebi.ac.uk/vol1/fastq/ERR143/020/ERR14391420/ERR14391420_2.fastq.gz,ftp://ftp.sra.ebi.ac.uk/vol1/fastq/ERR143/021/ERR14391421/ERR14391421_2.fastq.gz,ftp://ftp.sra.ebi.ac.uk/vol1/fastq/ERR143/022/ERR14391422/ERR14391422_2.fastq.gz,ftp://ftp.sra.ebi.ac.uk/vol1/fastq/ERR156/078/ERR15626478/ERR15626478_2.fastq.gz
RCN14631,Vietnam,AmpSeqV2,Resistant,Resistant,Sensitive,Resistant,Resistant,Resistant,Resistant,Sensitive,Resistant,Undetermined,ERR15626480,13304480.0,ERR14391426,30916.0,ERR14391427,29999.0,ERR14391428,888.0,ftp://ftp.sra.ebi.ac.uk/vol1/fastq/ERR143/026/ERR14391426/ERR14391426_1.fastq.gz,ftp://ftp.sra.ebi.ac.uk/vol1/fastq/ERR143/027/ERR14391427/ERR14391427_1.fastq.gz,ftp://ftp.sra.ebi.ac.uk/vol1/fastq/ERR143/028/ERR14391428/ERR14391428_1.fastq.gz,ftp://ftp.sra.ebi.ac.uk/vol1/fastq/ERR156/080/ERR15626480/ERR15626480_1.fastq.gz,ftp://ftp.sra.ebi.ac.uk/vol1/fastq/ERR143/026/ERR14391426/ERR14391426_2.fastq.gz,ftp://ftp.sra.ebi.ac.uk/vol1/fastq/ERR143/027/ERR14391427/ERR14391427_2.fastq.gz,ftp://ftp.sra.ebi.ac.uk/vol1/fastq/ERR143/028/ERR14391428/ERR14391428_2.fastq.gz,ftp://ftp.sra.ebi.ac.uk/vol1/fastq/ERR156/080/ERR15626480/ERR15626480_2.fastq.gz
RCN14633,Vietnam,AmpSeqV2,Resistant,Resistant,Sensitive,Resistant,Resistant,Resistant,Resistant,Sensitive,Resistant,Undetermined,ERR15626482,11097910.0,ERR14391432,26002.0,ERR14391433,26710.0,ERR14391434,737.0,ftp://ftp.sra.ebi.ac.uk/vol1/fastq/ERR143/032/ERR14391432/ERR14391432_1.fastq.gz,ftp://ftp.sra.ebi.ac.uk/vol1/fastq/ERR143/033/ERR14391433/ERR14391433_1.fastq.gz,ftp://ftp.sra.ebi.ac.uk/vol1/fastq/ERR143/034/ERR14391434/ERR14391434_1.fastq.gz,ftp://ftp.sra.ebi.ac.uk/vol1/fastq/ERR156/082/ERR15626482/ERR15626482_1.fastq.gz,ftp://ftp.sra.ebi.ac.uk/vol1/fastq/ERR143/032/ERR14391432/ERR14391432_2.fastq.gz,ftp://ftp.sra.ebi.ac.uk/vol1/fastq/ERR143/033/ERR14391433/ERR14391433_2.fastq.gz,ftp://ftp.sra.ebi.ac.uk/vol1/fastq/ERR143/034/ERR14391434/ERR14391434_2.fastq.gz,ftp://ftp.sra.ebi.ac.uk/vol1/fastq/ERR156/082/ERR15626482/ERR15626482_2.fastq.gz
RCN14635,Vietnam,AmpSeqV2,Resistant,Resistant,Sensitive,Resistant,Resistant,Resistant,Resistant,Sensitive,Resistant,Undetermined,ERR15626484,13853468.0,ERR14391438,32791.0,ERR14391439,31328.0,ERR14391440,14.0,ftp://ftp.sra.ebi.ac.uk/vol1/fastq/ERR143/038/ERR14391438/ERR14391438_1.fastq.gz,ftp://ftp.sra.ebi.ac.uk/vol1/fastq/ERR143/039/ERR14391439/ERR14391439_1.fastq.gz,ftp://ftp.sra.ebi.ac.uk/vol1/fastq/ERR143/040/ERR14391440/ERR14391440_1.fastq.gz,ftp://ftp.sra.ebi.ac.uk/vol1/fastq/ERR156/084/ERR15626484/ERR15626484_1.fastq.gz,ftp://ftp.sra.ebi.ac.uk/vol1/fastq/ERR143/038/ERR14391438/ERR14391438_2.fastq.gz,ftp://ftp.sra.ebi.ac.uk/vol1/fastq/ERR143/039/ERR14391439/ERR14391439_2.fastq.gz,ftp://ftp.sra.ebi.ac.uk/vol1/fastq/ERR143/040/ERR14391440/ERR14391440_2.fastq.gz,ftp://ftp.sra.ebi.ac.uk/vol1/fastq/ERR156/084/ERR15626484/ERR15626484_2.fastq.gz
RCN14636,Vietnam,AmpSeqV2,Resistant,Resistant,Sensitive,Resistant,Resistant,Resistant,Resistant,Sensitive,Resistant,Undetermined,ERR15626485,14963704.0,ERR14391441,28414.0,ERR14391442,25851.0,ERR14391443,556.0,ftp://ftp.sra.ebi.ac.uk/vol1/fastq/ERR143/041/ERR14391441/ERR14391441_1.fastq.gz,ftp://ftp.sra.ebi.ac.uk/vol1/fastq/ERR143/042/ERR14391442/ERR14391442_1.fastq.gz,ftp://ftp.sra.ebi.ac.uk/vol1/fastq/ERR143/043/ERR14391443/ERR14391443_1.fastq.gz,ftp://ftp.sra.ebi.ac.uk/vol1/fastq/ERR156/085/ERR15626485/ERR15626485_1.fastq.gz,ftp://ftp.sra.ebi.ac.uk/vol1/fastq/ERR143/041/ERR14391441/ERR14391441_2.fastq.gz,ftp://ftp.sra.ebi.ac.uk/vol1/fastq/ERR143/042/ERR14391442/ERR14391442_2.fastq.gz,ftp://ftp.sra.ebi.ac.uk/vol1/fastq/ERR143/043/ERR14391443/ERR14391443_2.fastq.gz,ftp://ftp.sra.ebi.ac.uk/vol1/fastq/ERR156/085/ERR15626485/ERR15626485_2.fastq.gz
RCN14638,Vietnam,AmpSeqV2,Resistant,Sensitive,Sensitive,Resistant,Resistant,Resistant,Sensitive,Sensitive,Resistant,Undetermined,ERR15626486,11064132.0,ERR14391444,25078.0,ERR14391445,24216.0,ERR14391446,442.0,ftp://ftp.sra.ebi.ac.uk/vol1/fastq/ERR143/044/ERR14391444/ERR14391444_1.fastq.gz,ftp://ftp.sra.ebi.ac.uk/vol1/fastq/ERR143/045/ERR14391445/ERR14391445_1.fastq.gz,ftp://ftp.sra.ebi.ac.uk/vol1/fastq/ERR143/046/ERR14391446/ERR14391446_1.fastq.gz,ftp://ftp.sra.ebi.ac.uk/vol1/fastq/ERR156/086/ERR15626486/ERR15626486_1.fastq.gz,ftp://ftp.sra.ebi.ac.uk/vol1/fastq/ERR143/044/ERR14391444/ERR14391444_2.fastq.gz,ftp://ftp.sra.ebi.ac.uk/vol1/fastq/ERR143/045/ERR14391445/ERR14391445_2.fastq.gz,ftp://ftp.sra.ebi.ac.uk/vol1/fastq/ERR143/046/ERR14391446/ERR14391446_2.fastq.gz,ftp://ftp.sra.ebi.ac.uk/vol1/fastq/ERR156/086/ERR15626486/ERR15626486_2.fastq.gz
RCN14639,Vietnam,AmpSeqV2,Resistant,Resistant,Sensitive,Resistant,Resistant,Resistant,Resistant,Sensitive,Resistant,Undetermined,ERR15626487,14792603.0,ERR14391447,30103.0,ERR14391448,30924.0,ERR14391449,647.0,ftp://ftp.sra.ebi.ac.uk/vol1/fastq/ERR143/047/ERR14391447/ERR14391447_1.fastq.gz,ftp://ftp.sra.ebi.ac.uk/vol1/fastq/ERR143/048/ERR14391448/ERR14391448_1.fastq.gz,ftp://ftp.sra.ebi.ac.uk/vol1/fastq/ERR143/049/ERR14391449/ERR14391449_1.fastq.gz,ftp://ftp.sra.ebi.ac.uk/vol1/fastq/ERR156/087/ERR15626487/ERR15626487_1.fastq.gz,ftp://ftp.sra.ebi.ac.uk/vol1/fastq/ERR143/047/ERR14391447/ERR14391447_2.fastq.gz,ftp://ftp.sra.ebi.ac.uk/vol1/fastq/ERR143/048/ERR14391448/ERR14391448_2.fastq.gz,ftp://ftp.sra.ebi.ac.uk/vol1/fastq/ERR143/049/ERR14391449/ERR14391449_2.fastq.gz,ftp://ftp.sra.ebi.ac.uk/vol1/fastq/ERR156/087/ERR15626487/ERR15626487_2.fastq.gz
RCN14640,Vietnam,AmpSeqV2,Resistant,Resistant,Sensitive,Resistant,Resistant,Resistant,Resistant,Sensitive,Resistant,Undetermined,ERR15626488,16587852.0,ERR14391450,28009.0,ERR14391451,29420.0,ERR14391452,739.0,ftp://ftp.sra.ebi.ac.uk/vol1/fastq/ERR143/050/ERR14391450/ERR14391450_1.fastq.gz,ftp://ftp.sra.ebi.ac.uk/vol1/fastq/ERR143/051/ERR14391451/ERR14391451_1.fastq.gz,ftp://ftp.sra.ebi.ac.uk/vol1/fastq/ERR143/052/ERR14391452/ERR14391452_1.fastq.gz,ftp://ftp.sra.ebi.ac.uk/vol1/fastq/ERR156/088/ERR15626488/ERR15626488_1.fastq.gz,ftp://ftp.sra.ebi.ac.uk/vol1/fastq/ERR143/050/ERR14391450/ERR14391450_2.fastq.gz,ftp://ftp.sra.ebi.ac.uk/vol1/fastq/ERR143/051/ERR14391451/ERR14391451_2.fastq.gz,ftp://ftp.sra.ebi.ac.uk/vol1/fastq/ERR143/052/ERR14391452/ERR14391452_2.fastq.gz,ftp://ftp.sra.ebi.ac.uk/vol1/fastq/ERR156/088/ERR15626488/ERR15626488_2.fastq.gz
RCN14643,Vietnam,AmpSeqV2,Resistant,Resistant,Sensitive,Resistant,Resistant,Resistant,Resistant,Sensitive,Resistant,Undetermined,ERR15626491,14483037.0,ERR14391459,24555.0,ERR14391460,20030.0,ERR14391461,3.0,ftp://ftp.sra.ebi.ac.uk/vol1/fastq/ERR143/059/ERR14391459/ERR14391459_1.fastq.gz,ftp://ftp.sra.ebi.ac.uk/vol1/fastq/ERR143/060/ERR14391460/ERR14391460_1.fastq.gz,ftp://ftp.sra.ebi.ac.uk/vol1/fastq/ERR143/061/ERR14391461/ERR14391461_1.fastq.gz,ftp://ftp.sra.ebi.ac.uk/vol1/fastq/ERR156/091/ERR15626491/ERR15626491_1.fastq.gz,ftp://ftp.sra.ebi.ac.uk/vol1/fastq/ERR143/059/ERR14391459/ERR14391459_2.fastq.gz,ftp://ftp.sra.ebi.ac.uk/vol1/fastq/ERR143/060/ERR14391460/ERR14391460_2.fastq.gz,ftp://ftp.sra.ebi.ac.uk/vol1/fastq/ERR143/061/ERR14391461/ERR14391461_2.fastq.gz,ftp://ftp.sra.ebi.ac.uk/vol1/fastq/ERR156/091/ERR15626491/ERR15626491_2.fastq.gz
RCN14644,Vietnam,AmpSeqV2,Resistant,Resistant,Sensitive,Resistant,Resistant,Resistant,Resistant,Sensitive,Resistant,Undetermined,ERR15626492,15201186.0,ERR14391462,29540.0,ERR14391463,20767.0,ERR14391464,1018.0,ftp://ftp.sra.ebi.ac.uk/vol1/fastq/ERR143/062/ERR14391462/ERR14391462_1.fastq.gz,ftp://ftp.sra.ebi.ac.uk/vol1/fastq/ERR143/063/ERR14391463/ERR14391463_1.fastq.gz,ftp://ftp.sra.ebi.ac.uk/vol1/fastq/ERR143/064/ERR14391464/ERR14391464_1.fastq.gz,ftp://ftp.sra.ebi.ac.uk/vol1/fastq/ERR156/092/ERR15626492/ERR15626492_1.fastq.gz,ftp://ftp.sra.ebi.ac.uk/vol1/fastq/ERR143/062/ERR14391462/ERR14391462_2.fastq.gz,ftp://ftp.sra.ebi.ac.uk/vol1/fastq/ERR143/063/ERR14391463/ERR14391463_2.fastq.gz,ftp://ftp.sra.ebi.ac.uk/vol1/fastq/ERR143/064/ERR14391464/ERR14391464_2.fastq.gz,ftp://ftp.sra.ebi.ac.uk/vol1/fastq/ERR156/092/ERR15626492/ERR15626492_2.fastq.gz
RCN14645,Vietnam,AmpSeqV2,Resistant,Resistant,Sensitive,Resistant,Resistant,Resistant,Resistant,Sensitive,Resistant,Undetermined,ERR15626493,12589198.0,ERR14391465,34406.0,ERR14391466,34733.0,ERR14391467,929.0,ftp://ftp.sra.ebi.ac.uk/vol1/fastq/ERR143/065/ERR14391465/ERR14391465_1.fastq.gz,ftp://ftp.sra.ebi.ac.uk/vol1/fastq/ERR143/066/ERR14391466/ERR14391466_1.fastq.gz,ftp://ftp.sra.ebi.ac.uk/vol1/fastq/ERR143/067/ERR14391467/ERR14391467_1.fastq.gz,ftp://ftp.sra.ebi.ac.uk/vol1/fastq/ERR156/093/ERR15626493/ERR15626493_1.fastq.gz,ftp://ftp.sra.ebi.ac.uk/vol1/fastq/ERR143/065/ERR14391465/ERR14391465_2.fastq.gz,ftp://ftp.sra.ebi.ac.uk/vol1/fastq/ERR143/066/ERR14391466/ERR14391466_2.fastq.gz,ftp://ftp.sra.ebi.ac.uk/vol1/fastq/ERR143/067/ERR14391467/ERR14391467_2.fastq.gz,ftp://ftp.sra.ebi.ac.uk/vol1/fastq/ERR156/093/ERR15626493/ERR15626493_2.fastq.gz
RCN14648,Vietnam,AmpSeqV2,Resistant,Resistant,Sensitive,Resistant,Resistant,Resistant,Resistant,Sensitive,Resistant,Undetermined,ERR15626496,11965996.0,ERR14391474,25461.0,ERR14391475,17166.0,ERR14391476,650.0,ftp://ftp.sra.ebi.ac.uk/vol1/fastq/ERR143/074/ERR14391474/ERR14391474_1.fastq.gz,ftp://ftp.sra.ebi.ac.uk/vol1/fastq/ERR143/075/ERR14391475/ERR14391475_1.fastq.gz,ftp://ftp.sra.ebi.ac.uk/vol1/fastq/ERR143/076/ERR14391476/ERR14391476_1.fastq.gz,ftp://ftp.sra.ebi.ac.uk/vol1/fastq/ERR156/096/ERR15626496/ERR15626496_1.fastq.gz,ftp://ftp.sra.ebi.ac.uk/vol1/fastq/ERR143/074/ERR14391474/ERR14391474_2.fastq.gz,ftp://ftp.sra.ebi.ac.uk/vol1/fastq/ERR143/075/ERR14391475/ERR14391475_2.fastq.gz,ftp://ftp.sra.ebi.ac.uk/vol1/fastq/ERR143/076/ERR14391476/ERR14391476_2.fastq.gz,ftp://ftp.sra.ebi.ac.uk/vol1/fastq/ERR156/096/ERR15626496/ERR15626496_2.fastq.gz
RCN14649,Vietnam,AmpSeqV2,Resistant,Resistant,Sensitive,Resistant,Resistant,Resistant,Resistant,Sensitive,Resistant,Undetermined,ERR15626497,16414973.0,ERR14391477,24565.0,ERR14391478,22202.0,ERR14391479,792.0,ftp://ftp.sra.ebi.ac.uk/vol1/fastq/ERR143/077/ERR14391477/ERR14391477_1.fastq.gz,ftp://ftp.sra.ebi.ac.uk/vol1/fastq/ERR143/078/ERR14391478/ERR14391478_1.fastq.gz,ftp://ftp.sra.ebi.ac.uk/vol1/fastq/ERR143/079/ERR14391479/ERR14391479_1.fastq.gz,ftp://ftp.sra.ebi.ac.uk/vol1/fastq/ERR156/097/ERR15626497/ERR15626497_1.fastq.gz,ftp://ftp.sra.ebi.ac.uk/vol1/fastq/ERR143/077/ERR14391477/ERR14391477_2.fastq.gz,ftp://ftp.sra.ebi.ac.uk/vol1/fastq/ERR143/078/ERR14391478/ERR14391478_2.fastq.gz,ftp://ftp.sra.ebi.ac.uk/vol1/fastq/ERR143/079/ERR14391479/ERR14391479_2.fastq.gz,ftp://ftp.sra.ebi.ac.uk/vol1/fastq/ERR156/097/ERR15626497/ERR15626497_2.fastq.gz
RCN14650,Vietnam,AmpSeqV2,Resistant,Resistant,Sensitive,Resistant,Resistant,Resistant,Resistant,Sensitive,Resistant,Undetermined,ERR15626498,12829655.0,ERR14391480,30685.0,ERR14391481,27149.0,ERR14391482,575.0,ftp://ftp.sra.ebi.ac.uk/vol1/fastq/ERR143/080/ERR14391480/ERR14391480_1.fastq.gz,ftp://ftp.sra.ebi.ac.uk/vol1/fastq/ERR143/081/ERR14391481/ERR14391481_1.fastq.gz,ftp://ftp.sra.ebi.ac.uk/vol1/fastq/ERR143/082/ERR14391482/ERR14391482_1.fastq.gz,ftp://ftp.sra.ebi.ac.uk/vol1/fastq/ERR156/098/ERR15626498/ERR15626498_1.fastq.gz,ftp://ftp.sra.ebi.ac.uk/vol1/fastq/ERR143/080/ERR14391480/ERR14391480_2.fastq.gz,ftp://ftp.sra.ebi.ac.uk/vol1/fastq/ERR143/081/ERR14391481/ERR14391481_2.fastq.gz,ftp://ftp.sra.ebi.ac.uk/vol1/fastq/ERR143/082/ERR14391482/ERR14391482_2.fastq.gz,ftp://ftp.sra.ebi.ac.uk/vol1/fastq/ERR156/098/ERR15626498/ERR15626498_2.fastq.gz
RCN14651,Vietnam,AmpSeqV2,Resistant,Resistant,Sensitive,Resistant,Resistant,Resistant,Resistant,Sensitive,Resistant,Undetermined,ERR15626499,15649661.0,ERR14391483,29686.0,ERR14391484,27643.0,ERR14391485,3.0,ftp://ftp.sra.ebi.ac.uk/vol1/fastq/ERR143/083/ERR14391483/ERR14391483_1.fastq.gz,ftp://ftp.sra.ebi.ac.uk/vol1/fastq/ERR143/084/ERR14391484/ERR14391484_1.fastq.gz,ftp://ftp.sra.ebi.ac.uk/vol1/fastq/ERR143/085/ERR14391485/ERR14391485_1.fastq.gz,ftp://ftp.sra.ebi.ac.uk/vol1/fastq/ERR156/099/ERR15626499/ERR15626499_1.fastq.gz,ftp://ftp.sra.ebi.ac.uk/vol1/fastq/ERR143/083/ERR14391483/ERR14391483_2.fastq.gz,ftp://ftp.sra.ebi.ac.uk/vol1/fastq/ERR143/084/ERR14391484/ERR14391484_2.fastq.gz,ftp://ftp.sra.ebi.ac.uk/vol1/fastq/ERR143/085/ERR14391485/ERR14391485_2.fastq.gz,ftp://ftp.sra.ebi.ac.uk/vol1/fastq/ERR156/099/ERR15626499/ERR15626499_2.fastq.gz
RCN14652,Vietnam,AmpSeqV2,Resistant,Resistant,Sensitive,Resistant,Resistant,Resistant,Resistant,Sensitive,Resistant,Undetermined,ERR15626500,17679951.0,ERR14391486,31620.0,ERR14391487,30460.0,ERR14391488,1096.0,ftp://ftp.sra.ebi.ac.uk/vol1/fastq/ERR143/086/ERR14391486/ERR14391486_1.fastq.gz,ftp://ftp.sra.ebi.ac.uk/vol1/fastq/ERR143/087/ERR14391487/ERR14391487_1.fastq.gz,ftp://ftp.sra.ebi.ac.uk/vol1/fastq/ERR143/088/ERR14391488/ERR14391488_1.fastq.gz,ftp://ftp.sra.ebi.ac.uk/vol1/fastq/ERR156/000/ERR15626500/ERR15626500_1.fastq.gz,ftp://ftp.sra.ebi.ac.uk/vol1/fastq/ERR143/086/ERR14391486/ERR14391486_2.fastq.gz,ftp://ftp.sra.ebi.ac.uk/vol1/fastq/ERR143/087/ERR14391487/ERR14391487_2.fastq.gz,ftp://ftp.sra.ebi.ac.uk/vol1/fastq/ERR143/088/ERR14391488/ERR14391488_2.fastq.gz,ftp://ftp.sra.ebi.ac.uk/vol1/fastq/ERR156/000/ERR15626500/ERR15626500_2.fastq.gz
RCN14653,Vietnam,AmpSeqV2,Resistant,Resistant,Sensitive,Resistant,Resistant,Resistant,Resistant,Sensitive,Resistant,Undetermined,ERR15626501,12090912.0,ERR14391489,28805.0,ERR14391490,32067.0,ERR14391491,696.0,ftp://ftp.sra.ebi.ac.uk/vol1/fastq/ERR143/089/ERR14391489/ERR14391489_1.fastq.gz,ftp://ftp.sra.ebi.ac.uk/vol1/fastq/ERR143/090/ERR14391490/ERR14391490_1.fastq.gz,ftp://ftp.sra.ebi.ac.uk/vol1/fastq/ERR143/091/ERR14391491/ERR14391491_1.fastq.gz,ftp://ftp.sra.ebi.ac.uk/vol1/fastq/ERR156/001/ERR15626501/ERR15626501_1.fastq.gz,ftp://ftp.sra.ebi.ac.uk/vol1/fastq/ERR143/089/ERR14391489/ERR14391489_2.fastq.gz,ftp://ftp.sra.ebi.ac.uk/vol1/fastq/ERR143/090/ERR14391490/ERR14391490_2.fastq.gz,ftp://ftp.sra.ebi.ac.uk/vol1/fastq/ERR143/091/ERR14391491/ERR14391491_2.fastq.gz,ftp://ftp.sra.ebi.ac.uk/vol1/fastq/ERR156/001/ERR15626501/ERR15626501_2.fastq.gz
RCN14654,Vietnam,AmpSeqV2,Resistant,Resistant,Sensitive,Resistant,Resistant,Resistant,Resistant,Sensitive,Resistant,Undetermined,ERR15626502,16159221.0,ERR14391492,28334.0,ERR14391493,23901.0,ERR14391494,822.0,ftp://ftp.sra.ebi.ac.uk/vol1/fastq/ERR143/092/ERR14391492/ERR14391492_1.fastq.gz,ftp://ftp.sra.ebi.ac.uk/vol1/fastq/ERR143/093/ERR14391493/ERR14391493_1.fastq.gz,ftp://ftp.sra.ebi.ac.uk/vol1/fastq/ERR143/094/ERR14391494/ERR14391494_1.fastq.gz,ftp://ftp.sra.ebi.ac.uk/vol1/fastq/ERR156/002/ERR15626502/ERR15626502_1.fastq.gz,ftp://ftp.sra.ebi.ac.uk/vol1/fastq/ERR143/092/ERR14391492/ERR14391492_2.fastq.gz,ftp://ftp.sra.ebi.ac.uk/vol1/fastq/ERR143/093/ERR14391493/ERR14391493_2.fastq.gz,ftp://ftp.sra.ebi.ac.uk/vol1/fastq/ERR143/094/ERR14391494/ERR14391494_2.fastq.gz,ftp://ftp.sra.ebi.ac.uk/vol1/fastq/ERR156/002/ERR15626502/ERR15626502_2.fastq.gz
RCN14655,Vietnam,AmpSeqV2,Resistant,Resistant,Sensitive,Resistant,Resistant,Resistant,Resistant,Sensitive,Resistant,Undetermined,ERR15626503,13179509.0,ERR14391495,24455.0,ERR14391496,21658.0,ERR14391497,660.0,ftp://ftp.sra.ebi.ac.uk/vol1/fastq/ERR143/095/ERR14391495/ERR14391495_1.fastq.gz,ftp://ftp.sra.ebi.ac.uk/vol1/fastq/ERR143/096/ERR14391496/ERR14391496_1.fastq.gz,ftp://ftp.sra.ebi.ac.uk/vol1/fastq/ERR143/097/ERR14391497/ERR14391497_1.fastq.gz,ftp://ftp.sra.ebi.ac.uk/vol1/fastq/ERR156/003/ERR15626503/ERR15626503_1.fastq.gz,ftp://ftp.sra.ebi.ac.uk/vol1/fastq/ERR143/095/ERR14391495/ERR14391495_2.fastq.gz,ftp://ftp.sra.ebi.ac.uk/vol1/fastq/ERR143/096/ERR14391496/ERR14391496_2.fastq.gz,ftp://ftp.sra.ebi.ac.uk/vol1/fastq/ERR143/097/ERR14391497/ERR14391497_2.fastq.gz,ftp://ftp.sra.ebi.ac.uk/vol1/fastq/ERR156/003/ERR15626503/ERR15626503_2.fastq.gz
RCN14657,Vietnam,AmpSeqV2,Resistant,Resistant,Sensitive,Resistant,Resistant,Resistant,Resistant,Sensitive,Resistant,Undetermined,ERR15626505,15237802.0,ERR14391501,28019.0,ERR14391502,28611.0,ERR14391503,867.0,ftp://ftp.sra.ebi.ac.uk/vol1/fastq/ERR143/001/ERR14391501/ERR14391501_1.fastq.gz,ftp://ftp.sra.ebi.ac.uk/vol1/fastq/ERR143/002/ERR14391502/ERR14391502_1.fastq.gz,ftp://ftp.sra.ebi.ac.uk/vol1/fastq/ERR143/003/ERR14391503/ERR14391503_1.fastq.gz,ftp://ftp.sra.ebi.ac.uk/vol1/fastq/ERR156/005/ERR15626505/ERR15626505_1.fastq.gz,ftp://ftp.sra.ebi.ac.uk/vol1/fastq/ERR143/001/ERR14391501/ERR14391501_2.fastq.gz,ftp://ftp.sra.ebi.ac.uk/vol1/fastq/ERR143/002/ERR14391502/ERR14391502_2.fastq.gz,ftp://ftp.sra.ebi.ac.uk/vol1/fastq/ERR143/003/ERR14391503/ERR14391503_2.fastq.gz,ftp://ftp.sra.ebi.ac.uk/vol1/fastq/ERR156/005/ERR15626505/ERR15626505_2.fastq.gz
RCN14658,Vietnam,AmpSeqV2,Resistant,Resistant,Sensitive,Resistant,Resistant,Resistant,Resistant,Sensitive,Resistant,Undetermined,ERR15626506,14274835.0,ERR14391504,23789.0,ERR14391505,27313.0,ERR14391506,596.0,ftp://ftp.sra.ebi.ac.uk/vol1/fastq/ERR143/004/ERR14391504/ERR14391504_1.fastq.gz,ftp://ftp.sra.ebi.ac.uk/vol1/fastq/ERR143/005/ERR14391505/ERR14391505_1.fastq.gz,ftp://ftp.sra.ebi.ac.uk/vol1/fastq/ERR143/006/ERR14391506/ERR14391506_1.fastq.gz,ftp://ftp.sra.ebi.ac.uk/vol1/fastq/ERR156/006/ERR15626506/ERR15626506_1.fastq.gz,ftp://ftp.sra.ebi.ac.uk/vol1/fastq/ERR143/004/ERR14391504/ERR14391504_2.fastq.gz,ftp://ftp.sra.ebi.ac.uk/vol1/fastq/ERR143/005/ERR14391505/ERR14391505_2.fastq.gz,ftp://ftp.sra.ebi.ac.uk/vol1/fastq/ERR143/006/ERR14391506/ERR14391506_2.fastq.gz,ftp://ftp.sra.ebi.ac.uk/vol1/fastq/ERR156/006/ERR15626506/ERR15626506_2.fastq.gz
RCN14660,Vietnam,AmpSeqV2,Resistant,Resistant,Sensitive,Resistant,Resistant,Resistant,Resistant,Sensitive,Resistant,Undetermined,ERR15626508,15813674.0,ERR14391510,31408.0,ERR14391511,27400.0,ERR14391512,971.0,ftp://ftp.sra.ebi.ac.uk/vol1/fastq/ERR143/010/ERR14391510/ERR14391510_1.fastq.gz,ftp://ftp.sra.ebi.ac.uk/vol1/fastq/ERR143/011/ERR14391511/ERR14391511_1.fastq.gz,ftp://ftp.sra.ebi.ac.uk/vol1/fastq/ERR143/012/ERR14391512/ERR14391512_1.fastq.gz,ftp://ftp.sra.ebi.ac.uk/vol1/fastq/ERR156/008/ERR15626508/ERR15626508_1.fastq.gz,ftp://ftp.sra.ebi.ac.uk/vol1/fastq/ERR143/010/ERR14391510/ERR14391510_2.fastq.gz,ftp://ftp.sra.ebi.ac.uk/vol1/fastq/ERR143/011/ERR14391511/ERR14391511_2.fastq.gz,ftp://ftp.sra.ebi.ac.uk/vol1/fastq/ERR143/012/ERR14391512/ERR14391512_2.fastq.gz,ftp://ftp.sra.ebi.ac.uk/vol1/fastq/ERR156/008/ERR15626508/ERR15626508_2.fastq.gz
RCN14661,Vietnam,AmpSeqV2,Resistant,Resistant,Sensitive,Resistant,Resistant,Resistant,Resistant,Sensitive,Resistant,Undetermined,ERR15626509,17624763.0,ERR14391513,20127.0,ERR14391514,11998.0,ERR14391515,257.0,ftp://ftp.sra.ebi.ac.uk/vol1/fastq/ERR143/013/ERR14391513/ERR14391513_1.fastq.gz,ftp://ftp.sra.ebi.ac.uk/vol1/fastq/ERR143/014/ERR14391514/ERR14391514_1.fastq.gz,ftp://ftp.sra.ebi.ac.uk/vol1/fastq/ERR143/015/ERR14391515/ERR14391515_1.fastq.gz,ftp://ftp.sra.ebi.ac.uk/vol1/fastq/ERR156/009/ERR15626509/ERR15626509_1.fastq.gz,ftp://ftp.sra.ebi.ac.uk/vol1/fastq/ERR143/013/ERR14391513/ERR14391513_2.fastq.gz,ftp://ftp.sra.ebi.ac.uk/vol1/fastq/ERR143/014/ERR14391514/ERR14391514_2.fastq.gz,ftp://ftp.sra.ebi.ac.uk/vol1/fastq/ERR143/015/ERR14391515/ERR14391515_2.fastq.gz,ftp://ftp.sra.ebi.ac.uk/vol1/fastq/ERR156/009/ERR15626509/ERR15626509_2.fastq.gz
RCN14662,Vietnam,AmpSeqV2,Resistant,Resistant,Sensitive,Resistant,Resistant,Resistant,Resistant,Sensitive,Resistant,Undetermined,ERR15626510,11453382.0,ERR14391516,27890.0,ERR14391517,23400.0,ERR14391518,368.0,ftp://ftp.sra.ebi.ac.uk/vol1/fastq/ERR143/016/ERR14391516/ERR14391516_1.fastq.gz,ftp://ftp.sra.ebi.ac.uk/vol1/fastq/ERR143/017/ERR14391517/ERR14391517_1.fastq.gz,ftp://ftp.sra.ebi.ac.uk/vol1/fastq/ERR143/018/ERR14391518/ERR14391518_1.fastq.gz,ftp://ftp.sra.ebi.ac.uk/vol1/fastq/ERR156/010/ERR15626510/ERR15626510_1.fastq.gz,ftp://ftp.sra.ebi.ac.uk/vol1/fastq/ERR143/016/ERR14391516/ERR14391516_2.fastq.gz,ftp://ftp.sra.ebi.ac.uk/vol1/fastq/ERR143/017/ERR14391517/ERR14391517_2.fastq.gz,ftp://ftp.sra.ebi.ac.uk/vol1/fastq/ERR143/018/ERR14391518/ERR14391518_2.fastq.gz,ftp://ftp.sra.ebi.ac.uk/vol1/fastq/ERR156/010/ERR15626510/ERR15626510_2.fastq.gz
RCN14663,Vietnam,AmpSeqV2,Resistant,Resistant,Sensitive,Resistant,Resistant,Resistant,Resistant,Sensitive,Resistant,Undetermined,ERR15626511,11897111.0,ERR14391519,24302.0,ERR14391520,25452.0,ERR14391521,608.0,ftp://ftp.sra.ebi.ac.uk/vol1/fastq/ERR143/019/ERR14391519/ERR14391519_1.fastq.gz,ftp://ftp.sra.ebi.ac.uk/vol1/fastq/ERR143/020/ERR14391520/ERR14391520_1.fastq.gz,ftp://ftp.sra.ebi.ac.uk/vol1/fastq/ERR143/021/ERR14391521/ERR14391521_1.fastq.gz,ftp://ftp.sra.ebi.ac.uk/vol1/fastq/ERR156/011/ERR15626511/ERR15626511_1.fastq.gz,ftp://ftp.sra.ebi.ac.uk/vol1/fastq/ERR143/019/ERR14391519/ERR14391519_2.fastq.gz,ftp://ftp.sra.ebi.ac.uk/vol1/fastq/ERR143/020/ERR14391520/ERR14391520_2.fastq.gz,ftp://ftp.sra.ebi.ac.uk/vol1/fastq/ERR143/021/ERR14391521/ERR14391521_2.fastq.gz,ftp://ftp.sra.ebi.ac.uk/vol1/fastq/ERR156/011/ERR15626511/ERR15626511_2.fastq.gz
RCN14664,Vietnam,AmpSeqV2,Resistant,Resistant,Sensitive,Resistant,Resistant,Resistant,Resistant,Sensitive,Resistant,Undetermined,ERR15626512,15483066.0,ERR14391522,22772.0,ERR14391523,21382.0,ERR14391524,687.0,ftp://ftp.sra.ebi.ac.uk/vol1/fastq/ERR143/022/ERR14391522/ERR14391522_1.fastq.gz,ftp://ftp.sra.ebi.ac.uk/vol1/fastq/ERR143/023/ERR14391523/ERR14391523_1.fastq.gz,ftp://ftp.sra.ebi.ac.uk/vol1/fastq/ERR143/024/ERR14391524/ERR14391524_1.fastq.gz,ftp://ftp.sra.ebi.ac.uk/vol1/fastq/ERR156/012/ERR15626512/ERR15626512_1.fastq.gz,ftp://ftp.sra.ebi.ac.uk/vol1/fastq/ERR143/022/ERR14391522/ERR14391522_2.fastq.gz,ftp://ftp.sra.ebi.ac.uk/vol1/fastq/ERR143/023/ERR14391523/ERR14391523_2.fastq.gz,ftp://ftp.sra.ebi.ac.uk/vol1/fastq/ERR143/024/ERR14391524/ERR14391524_2.fastq.gz,ftp://ftp.sra.ebi.ac.uk/vol1/fastq/ERR156/012/ERR15626512/ERR15626512_2.fastq.gz
RCN14666,Vietnam,AmpSeqV2,Sensitive,Sensitive,Sensitive,Resistant,Resistant,Resistant,Sensitive,Sensitive,Resistant,Sensitive,ERR15626514,8396369.0,ERR14391528,32220.0,ERR14391529,30483.0,ERR14391530,848.0,ftp://ftp.sra.ebi.ac.uk/vol1/fastq/ERR143/028/ERR14391528/ERR14391528_1.fastq.gz,ftp://ftp.sra.ebi.ac.uk/vol1/fastq/ERR143/029/ERR14391529/ERR14391529_1.fastq.gz,ftp://ftp.sra.ebi.ac.uk/vol1/fastq/ERR143/030/ERR14391530/ERR14391530_1.fastq.gz,ftp://ftp.sra.ebi.ac.uk/vol1/fastq/ERR156/014/ERR15626514/ERR15626514_1.fastq.gz,ftp://ftp.sra.ebi.ac.uk/vol1/fastq/ERR143/028/ERR14391528/ERR14391528_2.fastq.gz,ftp://ftp.sra.ebi.ac.uk/vol1/fastq/ERR143/029/ERR14391529/ERR14391529_2.fastq.gz,ftp://ftp.sra.ebi.ac.uk/vol1/fastq/ERR143/030/ERR14391530/ERR14391530_2.fastq.gz,ftp://ftp.sra.ebi.ac.uk/vol1/fastq/ERR156/014/ERR15626514/ERR15626514_2.fastq.gz
RCN14667,Vietnam,AmpSeqV2,Resistant,Resistant,Sensitive,Resistant,Resistant,Resistant,Resistant,Sensitive,Resistant,Sensitive,ERR15626515,5530886.0,ERR14391531,35942.0,ERR14391532,35096.0,ERR14391533,936.0,ftp://ftp.sra.ebi.ac.uk/vol1/fastq/ERR143/031/ERR14391531/ERR14391531_1.fastq.gz,ftp://ftp.sra.ebi.ac.uk/vol1/fastq/ERR143/032/ERR14391532/ERR14391532_1.fastq.gz,ftp://ftp.sra.ebi.ac.uk/vol1/fastq/ERR143/033/ERR14391533/ERR14391533_1.fastq.gz,ftp://ftp.sra.ebi.ac.uk/vol1/fastq/ERR156/015/ERR15626515/ERR15626515_1.fastq.gz,ftp://ftp.sra.ebi.ac.uk/vol1/fastq/ERR143/031/ERR14391531/ERR14391531_2.fastq.gz,ftp://ftp.sra.ebi.ac.uk/vol1/fastq/ERR143/032/ERR14391532/ERR14391532_2.fastq.gz,ftp://ftp.sra.ebi.ac.uk/vol1/fastq/ERR143/033/ERR14391533/ERR14391533_2.fastq.gz,ftp://ftp.sra.ebi.ac.uk/vol1/fastq/ERR156/015/ERR15626515/ERR15626515_2.fastq.gz
RCN14672,Vietnam,AmpSeqV2,Sensitive,Sensitive,Sensitive,Resistant,Resistant,Resistant,Sensitive,Sensitive,Resistant,Sensitive,ERR15626516,11007603.0,ERR14391543,19613.0,ERR14391544,18197.0,ERR14391545,420.0,ftp://ftp.sra.ebi.ac.uk/vol1/fastq/ERR143/043/ERR14391543/ERR14391543_1.fastq.gz,ftp://ftp.sra.ebi.ac.uk/vol1/fastq/ERR143/044/ERR14391544/ERR14391544_1.fastq.gz,ftp://ftp.sra.ebi.ac.uk/vol1/fastq/ERR143/045/ERR14391545/ERR14391545_1.fastq.gz,ftp://ftp.sra.ebi.ac.uk/vol1/fastq/ERR156/016/ERR15626516/ERR15626516_1.fastq.gz,ftp://ftp.sra.ebi.ac.uk/vol1/fastq/ERR143/043/ERR14391543/ERR14391543_2.fastq.gz,ftp://ftp.sra.ebi.ac.uk/vol1/fastq/ERR143/044/ERR14391544/ERR14391544_2.fastq.gz,ftp://ftp.sra.ebi.ac.uk/vol1/fastq/ERR143/045/ERR14391545/ERR14391545_2.fastq.gz,ftp://ftp.sra.ebi.ac.uk/vol1/fastq/ERR156/016/ERR15626516/ERR15626516_2.fastq.gz
RCN14673,Vietnam,AmpSeqV2,Sensitive,Sensitive,Sensitive,Resistant,Resistant,Resistant,Sensitive,Sensitive,Resistant,Sensitive,ERR15626517,13342453.0,ERR14391546,26404.0,ERR14391547,27797.0,ERR14391548,753.0,ftp://ftp.sra.ebi.ac.uk/vol1/fastq/ERR143/046/ERR14391546/ERR14391546_1.fastq.gz,ftp://ftp.sra.ebi.ac.uk/vol1/fastq/ERR143/047/ERR14391547/ERR14391547_1.fastq.gz,ftp://ftp.sra.ebi.ac.uk/vol1/fastq/ERR143/048/ERR14391548/ERR14391548_1.fastq.gz,ftp://ftp.sra.ebi.ac.uk/vol1/fastq/ERR156/017/ERR15626517/ERR15626517_1.fastq.gz,ftp://ftp.sra.ebi.ac.uk/vol1/fastq/ERR143/046/ERR14391546/ERR14391546_2.fastq.gz,ftp://ftp.sra.ebi.ac.uk/vol1/fastq/ERR143/047/ERR14391547/ERR14391547_2.fastq.gz,ftp://ftp.sra.ebi.ac.uk/vol1/fastq/ERR143/048/ERR14391548/ERR14391548_2.fastq.gz,ftp://ftp.sra.ebi.ac.uk/vol1/fastq/ERR156/017/ERR15626517/ERR15626517_2.fastq.gz
RCN14674,Vietnam,AmpSeqV2,Resistant,Resistant,Sensitive,Resistant,Resistant,Resistant,Resistant,Sensitive,Resistant,Undetermined,ERR15626518,16042972.0,ERR14391549,37416.0,ERR14391550,33180.0,ERR14391551,805.0,ftp://ftp.sra.ebi.ac.uk/vol1/fastq/ERR143/049/ERR14391549/ERR14391549_1.fastq.gz,ftp://ftp.sra.ebi.ac.uk/vol1/fastq/ERR143/050/ERR14391550/ERR14391550_1.fastq.gz,ftp://ftp.sra.ebi.ac.uk/vol1/fastq/ERR143/051/ERR14391551/ERR14391551_1.fastq.gz,ftp://ftp.sra.ebi.ac.uk/vol1/fastq/ERR156/018/ERR15626518/ERR15626518_1.fastq.gz,ftp://ftp.sra.ebi.ac.uk/vol1/fastq/ERR143/049/ERR14391549/ERR14391549_2.fastq.gz,ftp://ftp.sra.ebi.ac.uk/vol1/fastq/ERR143/050/ERR14391550/ERR14391550_2.fastq.gz,ftp://ftp.sra.ebi.ac.uk/vol1/fastq/ERR143/051/ERR14391551/ERR14391551_2.fastq.gz,ftp://ftp.sra.ebi.ac.uk/vol1/fastq/ERR156/018/ERR15626518/ERR15626518_2.fastq.gz
RCN14676,Vietnam,AmpSeqV2,Resistant,Resistant,Sensitive,Resistant,Resistant,Resistant,Resistant,Sensitive,Resistant,Undetermined,ERR15626520,26600391.0,ERR14391555,45426.0,ERR14391556,52077.0,ERR14391557,1919.0,ftp://ftp.sra.ebi.ac.uk/vol1/fastq/ERR143/055/ERR14391555/ERR14391555_1.fastq.gz,ftp://ftp.sra.ebi.ac.uk/vol1/fastq/ERR143/056/ERR14391556/ERR14391556_1.fastq.gz,ftp://ftp.sra.ebi.ac.uk/vol1/fastq/ERR143/057/ERR14391557/ERR14391557_1.fastq.gz,ftp://ftp.sra.ebi.ac.uk/vol1/fastq/ERR156/020/ERR15626520/ERR15626520_1.fastq.gz,ftp://ftp.sra.ebi.ac.uk/vol1/fastq/ERR143/055/ERR14391555/ERR14391555_2.fastq.gz,ftp://ftp.sra.ebi.ac.uk/vol1/fastq/ERR143/056/ERR14391556/ERR14391556_2.fastq.gz,ftp://ftp.sra.ebi.ac.uk/vol1/fastq/ERR143/057/ERR14391557/ERR14391557_2.fastq.gz,ftp://ftp.sra.ebi.ac.uk/vol1/fastq/ERR156/020/ERR15626520/ERR15626520_2.fastq.gz
RCN14677,Vietnam,AmpSeqV2,Sensitive,Sensitive,Sensitive,Resistant,Resistant,Resistant,Sensitive,Sensitive,Resistant,Sensitive,ERR15626521,10611793.0,ERR14391558,26576.0,ERR14391559,30366.0,ERR14391560,879.0,ftp://ftp.sra.ebi.ac.uk/vol1/fastq/ERR143/058/ERR14391558/ERR14391558_1.fastq.gz,ftp://ftp.sra.ebi.ac.uk/vol1/fastq/ERR143/059/ERR14391559/ERR14391559_1.fastq.gz,ftp://ftp.sra.ebi.ac.uk/vol1/fastq/ERR143/060/ERR14391560/ERR14391560_1.fastq.gz,ftp://ftp.sra.ebi.ac.uk/vol1/fastq/ERR156/021/ERR15626521/ERR15626521_1.fastq.gz,ftp://ftp.sra.ebi.ac.uk/vol1/fastq/ERR143/058/ERR14391558/ERR14391558_2.fastq.gz,ftp://ftp.sra.ebi.ac.uk/vol1/fastq/ERR143/059/ERR14391559/ERR14391559_2.fastq.gz,ftp://ftp.sra.ebi.ac.uk/vol1/fastq/ERR143/060/ERR14391560/ERR14391560_2.fastq.gz,ftp://ftp.sra.ebi.ac.uk/vol1/fastq/ERR156/021/ERR15626521/ERR15626521_2.fastq.gz
RCN14680,Vietnam,AmpSeqV2,Sensitive,Sensitive,Sensitive,Resistant,Resistant,Resistant,Sensitive,Sensitive,Resistant,Sensitive,ERR15626522,9104047.0,ERR14391564,23612.0,ERR14391565,25077.0,ERR14391566,644.0,ftp://ftp.sra.ebi.ac.uk/vol1/fastq/ERR143/064/ERR14391564/ERR14391564_1.fastq.gz,ftp://ftp.sra.ebi.ac.uk/vol1/fastq/ERR143/065/ERR14391565/ERR14391565_1.fastq.gz,ftp://ftp.sra.ebi.ac.uk/vol1/fastq/ERR143/066/ERR14391566/ERR14391566_1.fastq.gz,ftp://ftp.sra.ebi.ac.uk/vol1/fastq/ERR156/022/ERR15626522/ERR15626522_1.fastq.gz,ftp://ftp.sra.ebi.ac.uk/vol1/fastq/ERR143/064/ERR14391564/ERR14391564_2.fastq.gz,ftp://ftp.sra.ebi.ac.uk/vol1/fastq/ERR143/065/ERR14391565/ERR14391565_2.fastq.gz,ftp://ftp.sra.ebi.ac.uk/vol1/fastq/ERR143/066/ERR14391566/ERR14391566_2.fastq.gz,ftp://ftp.sra.ebi.ac.uk/vol1/fastq/ERR156/022/ERR15626522/ERR15626522_2.fastq.gz
RCN14681,Vietnam,AmpSeqV2,Resistant,Sensitive,Sensitive,Resistant,Resistant,Resistant,Sensitive,Sensitive,Resistant,Undetermined,ERR15626523,25632012.0,ERR14391567,37120.0,ERR14391568,39867.0,ERR14391569,675.0,ftp://ftp.sra.ebi.ac.uk/vol1/fastq/ERR143/067/ERR14391567/ERR14391567_1.fastq.gz,ftp://ftp.sra.ebi.ac.uk/vol1/fastq/ERR143/068/ERR14391568/ERR14391568_1.fastq.gz,ftp://ftp.sra.ebi.ac.uk/vol1/fastq/ERR143/069/ERR14391569/ERR14391569_1.fastq.gz,ftp://ftp.sra.ebi.ac.uk/vol1/fastq/ERR156/023/ERR15626523/ERR15626523_1.fastq.gz,ftp://ftp.sra.ebi.ac.uk/vol1/fastq/ERR143/067/ERR14391567/ERR14391567_2.fastq.gz,ftp://ftp.sra.ebi.ac.uk/vol1/fastq/ERR143/068/ERR14391568/ERR14391568_2.fastq.gz,ftp://ftp.sra.ebi.ac.uk/vol1/fastq/ERR143/069/ERR14391569/ERR14391569_2.fastq.gz,ftp://ftp.sra.ebi.ac.uk/vol1/fastq/ERR156/023/ERR15626523/ERR15626523_2.fastq.gz
RCN14682,Vietnam,AmpSeqV2,Resistant,Sensitive,Sensitive,Resistant,Resistant,Resistant,Sensitive,Sensitive,Resistant,Undetermined,ERR15626524,8836939.0,ERR14391570,31603.0,ERR14391571,31433.0,ERR14391572,610.0,ftp://ftp.sra.ebi.ac.uk/vol1/fastq/ERR143/070/ERR14391570/ERR14391570_1.fastq.gz,ftp://ftp.sra.ebi.ac.uk/vol1/fastq/ERR143/071/ERR14391571/ERR14391571_1.fastq.gz,ftp://ftp.sra.ebi.ac.uk/vol1/fastq/ERR143/072/ERR14391572/ERR14391572_1.fastq.gz,ftp://ftp.sra.ebi.ac.uk/vol1/fastq/ERR156/024/ERR15626524/ERR15626524_1.fastq.gz,ftp://ftp.sra.ebi.ac.uk/vol1/fastq/ERR143/070/ERR14391570/ERR14391570_2.fastq.gz,ftp://ftp.sra.ebi.ac.uk/vol1/fastq/ERR143/071/ERR14391571/ERR14391571_2.fastq.gz,ftp://ftp.sra.ebi.ac.uk/vol1/fastq/ERR143/072/ERR14391572/ERR14391572_2.fastq.gz,ftp://ftp.sra.ebi.ac.uk/vol1/fastq/ERR156/024/ERR15626524/ERR15626524_2.fastq.gz
RCN14683,Vietnam,AmpSeqV2,Resistant,Sensitive,Sensitive,Resistant,Resistant,Resistant,Sensitive,Sensitive,Resistant,Undetermined,ERR15626525,20230673.0,ERR14391573,36805.0,ERR14391574,36099.0,ERR14391575,1570.0,ftp://ftp.sra.ebi.ac.uk/vol1/fastq/ERR143/073/ERR14391573/ERR14391573_1.fastq.gz,ftp://ftp.sra.ebi.ac.uk/vol1/fastq/ERR143/074/ERR14391574/ERR14391574_1.fastq.gz,ftp://ftp.sra.ebi.ac.uk/vol1/fastq/ERR143/075/ERR14391575/ERR14391575_1.fastq.gz,ftp://ftp.sra.ebi.ac.uk/vol1/fastq/ERR156/025/ERR15626525/ERR15626525_1.fastq.gz,ftp://ftp.sra.ebi.ac.uk/vol1/fastq/ERR143/073/ERR14391573/ERR14391573_2.fastq.gz,ftp://ftp.sra.ebi.ac.uk/vol1/fastq/ERR143/074/ERR14391574/ERR14391574_2.fastq.gz,ftp://ftp.sra.ebi.ac.uk/vol1/fastq/ERR143/075/ERR14391575/ERR14391575_2.fastq.gz,ftp://ftp.sra.ebi.ac.uk/vol1/fastq/ERR156/025/ERR15626525/ERR15626525_2.fastq.gz
RCN14684,Vietnam,AmpSeqV2,Resistant,Resistant,Sensitive,Resistant,Resistant,Resistant,Resistant,Sensitive,Resistant,Undetermined,ERR15626526,29669574.0,ERR14391576,33970.0,ERR14391577,35235.0,ERR14391578,1038.0,ftp://ftp.sra.ebi.ac.uk/vol1/fastq/ERR143/076/ERR14391576/ERR14391576_1.fastq.gz,ftp://ftp.sra.ebi.ac.uk/vol1/fastq/ERR143/077/ERR14391577/ERR14391577_1.fastq.gz,ftp://ftp.sra.ebi.ac.uk/vol1/fastq/ERR143/078/ERR14391578/ERR14391578_1.fastq.gz,ftp://ftp.sra.ebi.ac.uk/vol1/fastq/ERR156/026/ERR15626526/ERR15626526_1.fastq.gz,ftp://ftp.sra.ebi.ac.uk/vol1/fastq/ERR143/076/ERR14391576/ERR14391576_2.fastq.gz,ftp://ftp.sra.ebi.ac.uk/vol1/fastq/ERR143/077/ERR14391577/ERR14391577_2.fastq.gz,ftp://ftp.sra.ebi.ac.uk/vol1/fastq/ERR143/078/ERR14391578/ERR14391578_2.fastq.gz,ftp://ftp.sra.ebi.ac.uk/vol1/fastq/ERR156/026/ERR15626526/ERR15626526_2.fastq.gz
RCN14685,Vietnam,AmpSeqV2,Resistant,Sensitive,Sensitive,Resistant,Resistant,Resistant,Sensitive,Sensitive,Resistant,Undetermined,ERR15626527,10096682.0,ERR14391579,30696.0,ERR14391580,24228.0,ERR14391581,551.0,ftp://ftp.sra.ebi.ac.uk/vol1/fastq/ERR143/079/ERR14391579/ERR14391579_1.fastq.gz,ftp://ftp.sra.ebi.ac.uk/vol1/fastq/ERR143/080/ERR14391580/ERR14391580_1.fastq.gz,ftp://ftp.sra.ebi.ac.uk/vol1/fastq/ERR143/081/ERR14391581/ERR14391581_1.fastq.gz,ftp://ftp.sra.ebi.ac.uk/vol1/fastq/ERR156/027/ERR15626527/ERR15626527_1.fastq.gz,ftp://ftp.sra.ebi.ac.uk/vol1/fastq/ERR143/079/ERR14391579/ERR14391579_2.fastq.gz,ftp://ftp.sra.ebi.ac.uk/vol1/fastq/ERR143/080/ERR14391580/ERR14391580_2.fastq.gz,ftp://ftp.sra.ebi.ac.uk/vol1/fastq/ERR143/081/ERR14391581/ERR14391581_2.fastq.gz,ftp://ftp.sra.ebi.ac.uk/vol1/fastq/ERR156/027/ERR15626527/ERR15626527_2.fastq.gz
RCN14688,Vietnam,AmpSeqV2,Resistant,Sensitive,Sensitive,Resistant,Resistant,Resistant,Sensitive,Sensitive,Resistant,Undetermined,ERR15626528,9738315.0,ERR14391588,28956.0,ERR14391589,29701.0,ERR14391590,767.0,ftp://ftp.sra.ebi.ac.uk/vol1/fastq/ERR143/088/ERR14391588/ERR14391588_1.fastq.gz,ftp://ftp.sra.ebi.ac.uk/vol1/fastq/ERR143/089/ERR14391589/ERR14391589_1.fastq.gz,ftp://ftp.sra.ebi.ac.uk/vol1/fastq/ERR143/090/ERR14391590/ERR14391590_1.fastq.gz,ftp://ftp.sra.ebi.ac.uk/vol1/fastq/ERR156/028/ERR15626528/ERR15626528_1.fastq.gz,ftp://ftp.sra.ebi.ac.uk/vol1/fastq/ERR143/088/ERR14391588/ERR14391588_2.fastq.gz,ftp://ftp.sra.ebi.ac.uk/vol1/fastq/ERR143/089/ERR14391589/ERR14391589_2.fastq.gz,ftp://ftp.sra.ebi.ac.uk/vol1/fastq/ERR143/090/ERR14391590/ERR14391590_2.fastq.gz,ftp://ftp.sra.ebi.ac.uk/vol1/fastq/ERR156/028/ERR15626528/ERR15626528_2.fastq.gz
RCN14689,Vietnam,AmpSeqV2,Sensitive,Sensitive,Sensitive,Resistant,Sensitive,Resistant,Sensitive,Sensitive,Sensitive,Sensitive,ERR15626530,21025746.0,ERR14391591,30098.0,ERR14391592,31392.0,ERR14391593,558.0,ftp://ftp.sra.ebi.ac.uk/vol1/fastq/ERR143/091/ERR14391591/ERR14391591_1.fastq.gz,ftp://ftp.sra.ebi.ac.uk/vol1/fastq/ERR143/092/ERR14391592/ERR14391592_1.fastq.gz,ftp://ftp.sra.ebi.ac.uk/vol1/fastq/ERR143/093/ERR14391593/ERR14391593_1.fastq.gz,ftp://ftp.sra.ebi.ac.uk/vol1/fastq/ERR156/030/ERR15626530/ERR15626530_1.fastq.gz,ftp://ftp.sra.ebi.ac.uk/vol1/fastq/ERR143/091/ERR14391591/ERR14391591_2.fastq.gz,ftp://ftp.sra.ebi.ac.uk/vol1/fastq/ERR143/092/ERR14391592/ERR14391592_2.fastq.gz,ftp://ftp.sra.ebi.ac.uk/vol1/fastq/ERR143/093/ERR14391593/ERR14391593_2.fastq.gz,ftp://ftp.sra.ebi.ac.uk/vol1/fastq/ERR156/030/ERR15626530/ERR15626530_2.fastq.gz
RCN14691,Vietnam,AmpSeqV2,Sensitive,Sensitive,Sensitive,Resistant,Resistant,Sensitive,Sensitive,Sensitive,Sensitive,Sensitive,ERR15626529,11048772.0,ERR14391594,43497.0,ERR14391595,42180.0,ERR14391596,1337.0,ftp://ftp.sra.ebi.ac.uk/vol1/fastq/ERR143/094/ERR14391594/ERR14391594_1.fastq.gz,ftp://ftp.sra.ebi.ac.uk/vol1/fastq/ERR143/095/ERR14391595/ERR14391595_1.fastq.gz,ftp://ftp.sra.ebi.ac.uk/vol1/fastq/ERR143/096/ERR14391596/ERR14391596_1.fastq.gz,ftp://ftp.sra.ebi.ac.uk/vol1/fastq/ERR156/029/ERR15626529/ERR15626529_1.fastq.gz,ftp://ftp.sra.ebi.ac.uk/vol1/fastq/ERR143/094/ERR14391594/ERR14391594_2.fastq.gz,ftp://ftp.sra.ebi.ac.uk/vol1/fastq/ERR143/095/ERR14391595/ERR14391595_2.fastq.gz,ftp://ftp.sra.ebi.ac.uk/vol1/fastq/ERR143/096/ERR14391596/ERR14391596_2.fastq.gz,ftp://ftp.sra.ebi.ac.uk/vol1/fastq/ERR156/029/ERR15626529/ERR15626529_2.fastq.gz
RCN14693,Vietnam,AmpSeqV2,Sensitive,Sensitive,Sensitive,Resistant,Sensitive,Resistant,Sensitive,Sensitive,Sensitive,Sensitive,ERR15626532,27302471.0,ERR14391600,35126.0,ERR14391601,32962.0,ERR14391602,1010.0,ftp://ftp.sra.ebi.ac.uk/vol1/fastq/ERR143/000/ERR14391600/ERR14391600_1.fastq.gz,ftp://ftp.sra.ebi.ac.uk/vol1/fastq/ERR143/001/ERR14391601/ERR14391601_1.fastq.gz,ftp://ftp.sra.ebi.ac.uk/vol1/fastq/ERR143/002/ERR14391602/ERR14391602_1.fastq.gz,ftp://ftp.sra.ebi.ac.uk/vol1/fastq/ERR156/032/ERR15626532/ERR15626532_1.fastq.gz,ftp://ftp.sra.ebi.ac.uk/vol1/fastq/ERR143/000/ERR14391600/ERR14391600_2.fastq.gz,ftp://ftp.sra.ebi.ac.uk/vol1/fastq/ERR143/001/ERR14391601/ERR14391601_2.fastq.gz,ftp://ftp.sra.ebi.ac.uk/vol1/fastq/ERR143/002/ERR14391602/ERR14391602_2.fastq.gz,ftp://ftp.sra.ebi.ac.uk/vol1/fastq/ERR156/032/ERR15626532/ERR15626532_2.fastq.gz
RCN14696,Vietnam,AmpSeqV2,Sensitive,Sensitive,Sensitive,Resistant,Resistant,Resistant,Sensitive,Sensitive,Resistant,Sensitive,ERR15626533,10295351.0,ERR14391609,25050.0,ERR14391610,27379.0,ERR14391611,642.0,ftp://ftp.sra.ebi.ac.uk/vol1/fastq/ERR143/009/ERR14391609/ERR14391609_1.fastq.gz,ftp://ftp.sra.ebi.ac.uk/vol1/fastq/ERR143/010/ERR14391610/ERR14391610_1.fastq.gz,ftp://ftp.sra.ebi.ac.uk/vol1/fastq/ERR143/011/ERR14391611/ERR14391611_1.fastq.gz,ftp://ftp.sra.ebi.ac.uk/vol1/fastq/ERR156/033/ERR15626533/ERR15626533_1.fastq.gz,ftp://ftp.sra.ebi.ac.uk/vol1/fastq/ERR143/009/ERR14391609/ERR14391609_2.fastq.gz,ftp://ftp.sra.ebi.ac.uk/vol1/fastq/ERR143/010/ERR14391610/ERR14391610_2.fastq.gz,ftp://ftp.sra.ebi.ac.uk/vol1/fastq/ERR143/011/ERR14391611/ERR14391611_2.fastq.gz,ftp://ftp.sra.ebi.ac.uk/vol1/fastq/ERR156/033/ERR15626533/ERR15626533_2.fastq.gz
RCN14697,Vietnam,AmpSeqV2,Sensitive,Sensitive,Sensitive,Resistant,Resistant,Resistant,Sensitive,Sensitive,Resistant,Sensitive,ERR15626534,5846416.0,ERR14391612,17051.0,ERR14391613,17638.0,ERR14391614,321.0,ftp://ftp.sra.ebi.ac.uk/vol1/fastq/ERR143/012/ERR14391612/ERR14391612_1.fastq.gz,ftp://ftp.sra.ebi.ac.uk/vol1/fastq/ERR143/013/ERR14391613/ERR14391613_1.fastq.gz,ftp://ftp.sra.ebi.ac.uk/vol1/fastq/ERR143/014/ERR14391614/ERR14391614_1.fastq.gz,ftp://ftp.sra.ebi.ac.uk/vol1/fastq/ERR156/034/ERR15626534/ERR15626534_1.fastq.gz,ftp://ftp.sra.ebi.ac.uk/vol1/fastq/ERR143/012/ERR14391612/ERR14391612_2.fastq.gz,ftp://ftp.sra.ebi.ac.uk/vol1/fastq/ERR143/013/ERR14391613/ERR14391613_2.fastq.gz,ftp://ftp.sra.ebi.ac.uk/vol1/fastq/ERR143/014/ERR14391614/ERR14391614_2.fastq.gz,ftp://ftp.sra.ebi.ac.uk/vol1/fastq/ERR156/034/ERR15626534/ERR15626534_2.fastq.gz
RCN14698,Vietnam,AmpSeqV2,Resistant,Sensitive,Sensitive,Resistant,Resistant,Resistant,Sensitive,Sensitive,Resistant,Undetermined,ERR15626535,20158714.0,ERR14391615,33056.0,ERR14391616,36181.0,ERR14391617,981.0,ftp://ftp.sra.ebi.ac.uk/vol1/fastq/ERR143/015/ERR14391615/ERR14391615_1.fastq.gz,ftp://ftp.sra.ebi.ac.uk/vol1/fastq/ERR143/016/ERR14391616/ERR14391616_1.fastq.gz,ftp://ftp.sra.ebi.ac.uk/vol1/fastq/ERR143/017/ERR14391617/ERR14391617_1.fastq.gz,ftp://ftp.sra.ebi.ac.uk/vol1/fastq/ERR156/035/ERR15626535/ERR15626535_1.fastq.gz,ftp://ftp.sra.ebi.ac.uk/vol1/fastq/ERR143/015/ERR14391615/ERR14391615_2.fastq.gz,ftp://ftp.sra.ebi.ac.uk/vol1/fastq/ERR143/016/ERR14391616/ERR14391616_2.fastq.gz,ftp://ftp.sra.ebi.ac.uk/vol1/fastq/ERR143/017/ERR14391617/ERR14391617_2.fastq.gz,ftp://ftp.sra.ebi.ac.uk/vol1/fastq/ERR156/035/ERR15626535/ERR15626535_2.fastq.gz
RCN14699,Vietnam,AmpSeqV2,Resistant,Resistant,Sensitive,Resistant,Resistant,Resistant,Resistant,Sensitive,Resistant,Undetermined,ERR15626536,25921722.0,ERR14391618,31835.0,ERR14391619,25924.0,ERR14391620,1196.0,ftp://ftp.sra.ebi.ac.uk/vol1/fastq/ERR143/018/ERR14391618/ERR14391618_1.fastq.gz,ftp://ftp.sra.ebi.ac.uk/vol1/fastq/ERR143/019/ERR14391619/ERR14391619_1.fastq.gz,ftp://ftp.sra.ebi.ac.uk/vol1/fastq/ERR143/020/ERR14391620/ERR14391620_1.fastq.gz,ftp://ftp.sra.ebi.ac.uk/vol1/fastq/ERR156/036/ERR15626536/ERR15626536_1.fastq.gz,ftp://ftp.sra.ebi.ac.uk/vol1/fastq/ERR143/018/ERR14391618/ERR14391618_2.fastq.gz,ftp://ftp.sra.ebi.ac.uk/vol1/fastq/ERR143/019/ERR14391619/ERR14391619_2.fastq.gz,ftp://ftp.sra.ebi.ac.uk/vol1/fastq/ERR143/020/ERR14391620/ERR14391620_2.fastq.gz,ftp://ftp.sra.ebi.ac.uk/vol1/fastq/ERR156/036/ERR15626536/ERR15626536_2.fastq.gz
RCN14700,Vietnam,AmpSeqV2,Resistant,Resistant,Sensitive,Resistant,Resistant,Resistant,Resistant,Sensitive,Resistant,Undetermined,ERR15626537,7260074.0,ERR14391621,33426.0,ERR14391622,36063.0,ERR14391623,1125.0,ftp://ftp.sra.ebi.ac.uk/vol1/fastq/ERR143/021/ERR14391621/ERR14391621_1.fastq.gz,ftp://ftp.sra.ebi.ac.uk/vol1/fastq/ERR143/022/ERR14391622/ERR14391622_1.fastq.gz,ftp://ftp.sra.ebi.ac.uk/vol1/fastq/ERR143/023/ERR14391623/ERR14391623_1.fastq.gz,ftp://ftp.sra.ebi.ac.uk/vol1/fastq/ERR156/037/ERR15626537/ERR15626537_1.fastq.gz,ftp://ftp.sra.ebi.ac.uk/vol1/fastq/ERR143/021/ERR14391621/ERR14391621_2.fastq.gz,ftp://ftp.sra.ebi.ac.uk/vol1/fastq/ERR143/022/ERR14391622/ERR14391622_2.fastq.gz,ftp://ftp.sra.ebi.ac.uk/vol1/fastq/ERR143/023/ERR14391623/ERR14391623_2.fastq.gz,ftp://ftp.sra.ebi.ac.uk/vol1/fastq/ERR156/037/ERR15626537/ERR15626537_2.fastq.gz
RCN14701,Vietnam,AmpSeqV2,Resistant,Resistant,Sensitive,Resistant,Resistant,Resistant,Resistant,Sensitive,Resistant,Undetermined,ERR15626538,21649171.0,ERR14391624,36770.0,ERR14391625,34046.0,ERR14391626,1302.0,ftp://ftp.sra.ebi.ac.uk/vol1/fastq/ERR143/024/ERR14391624/ERR14391624_1.fastq.gz,ftp://ftp.sra.ebi.ac.uk/vol1/fastq/ERR143/025/ERR14391625/ERR14391625_1.fastq.gz,ftp://ftp.sra.ebi.ac.uk/vol1/fastq/ERR143/026/ERR14391626/ERR14391626_1.fastq.gz,ftp://ftp.sra.ebi.ac.uk/vol1/fastq/ERR156/038/ERR15626538/ERR15626538_1.fastq.gz,ftp://ftp.sra.ebi.ac.uk/vol1/fastq/ERR143/024/ERR14391624/ERR14391624_2.fastq.gz,ftp://ftp.sra.ebi.ac.uk/vol1/fastq/ERR143/025/ERR14391625/ERR14391625_2.fastq.gz,ftp://ftp.sra.ebi.ac.uk/vol1/fastq/ERR143/026/ERR14391626/ERR14391626_2.fastq.gz,ftp://ftp.sra.ebi.ac.uk/vol1/fastq/ERR156/038/ERR15626538/ERR15626538_2.fastq.gz
RCN14705,Vietnam,AmpSeqV2,Resistant,Resistant,Sensitive,Resistant,Resistant,Resistant,Resistant,Sensitive,Resistant,Undetermined,ERR15626539,30491749.0,ERR14391636,28429.0,ERR14391637,27343.0,ERR14391638,931.0,ftp://ftp.sra.ebi.ac.uk/vol1/fastq/ERR143/036/ERR14391636/ERR14391636_1.fastq.gz,ftp://ftp.sra.ebi.ac.uk/vol1/fastq/ERR143/037/ERR14391637/ERR14391637_1.fastq.gz,ftp://ftp.sra.ebi.ac.uk/vol1/fastq/ERR143/038/ERR14391638/ERR14391638_1.fastq.gz,ftp://ftp.sra.ebi.ac.uk/vol1/fastq/ERR156/039/ERR15626539/ERR15626539_1.fastq.gz,ftp://ftp.sra.ebi.ac.uk/vol1/fastq/ERR143/036/ERR14391636/ERR14391636_2.fastq.gz,ftp://ftp.sra.ebi.ac.uk/vol1/fastq/ERR143/037/ERR14391637/ERR14391637_2.fastq.gz,ftp://ftp.sra.ebi.ac.uk/vol1/fastq/ERR143/038/ERR14391638/ERR14391638_2.fastq.gz,ftp://ftp.sra.ebi.ac.uk/vol1/fastq/ERR156/039/ERR15626539/ERR15626539_2.fastq.gz
RCN14706,Vietnam,AmpSeqV2,Resistant,Resistant,Sensitive,Resistant,Resistant,Resistant,Resistant,Sensitive,Resistant,Undetermined,ERR15626540,7800259.0,ERR14391639,28030.0,ERR14391640,28447.0,ERR14391641,1098.0,ftp://ftp.sra.ebi.ac.uk/vol1/fastq/ERR143/039/ERR14391639/ERR14391639_1.fastq.gz,ftp://ftp.sra.ebi.ac.uk/vol1/fastq/ERR143/040/ERR14391640/ERR14391640_1.fastq.gz,ftp://ftp.sra.ebi.ac.uk/vol1/fastq/ERR143/041/ERR14391641/ERR14391641_1.fastq.gz,ftp://ftp.sra.ebi.ac.uk/vol1/fastq/ERR156/040/ERR15626540/ERR15626540_1.fastq.gz,ftp://ftp.sra.ebi.ac.uk/vol1/fastq/ERR143/039/ERR14391639/ERR14391639_2.fastq.gz,ftp://ftp.sra.ebi.ac.uk/vol1/fastq/ERR143/040/ERR14391640/ERR14391640_2.fastq.gz,ftp://ftp.sra.ebi.ac.uk/vol1/fastq/ERR143/041/ERR14391641/ERR14391641_2.fastq.gz,ftp://ftp.sra.ebi.ac.uk/vol1/fastq/ERR156/040/ERR15626540/ERR15626540_2.fastq.gz
RCN14707,Vietnam,AmpSeqV2,Resistant,Resistant,Sensitive,Resistant,Resistant,Resistant,Resistant,Sensitive,Resistant,Undetermined,ERR15626541,17277701.0,ERR14391642,33240.0,ERR14391643,27152.0,ERR14391644,1061.0,ftp://ftp.sra.ebi.ac.uk/vol1/fastq/ERR143/042/ERR14391642/ERR14391642_1.fastq.gz,ftp://ftp.sra.ebi.ac.uk/vol1/fastq/ERR143/043/ERR14391643/ERR14391643_1.fastq.gz,ftp://ftp.sra.ebi.ac.uk/vol1/fastq/ERR143/044/ERR14391644/ERR14391644_1.fastq.gz,ftp://ftp.sra.ebi.ac.uk/vol1/fastq/ERR156/041/ERR15626541/ERR15626541_1.fastq.gz,ftp://ftp.sra.ebi.ac.uk/vol1/fastq/ERR143/042/ERR14391642/ERR14391642_2.fastq.gz,ftp://ftp.sra.ebi.ac.uk/vol1/fastq/ERR143/043/ERR14391643/ERR14391643_2.fastq.gz,ftp://ftp.sra.ebi.ac.uk/vol1/fastq/ERR143/044/ERR14391644/ERR14391644_2.fastq.gz,ftp://ftp.sra.ebi.ac.uk/vol1/fastq/ERR156/041/ERR15626541/ERR15626541_2.fastq.gz
RCN14708,Vietnam,AmpSeqV2,Resistant,Resistant,Sensitive,Resistant,Resistant,Resistant,Resistant,Sensitive,Resistant,Undetermined,ERR15626542,21690630.0,ERR14391645,49403.0,ERR14391646,43897.0,ERR14391647,1769.0,ftp://ftp.sra.ebi.ac.uk/vol1/fastq/ERR143/045/ERR14391645/ERR14391645_1.fastq.gz,ftp://ftp.sra.ebi.ac.uk/vol1/fastq/ERR143/046/ERR14391646/ERR14391646_1.fastq.gz,ftp://ftp.sra.ebi.ac.uk/vol1/fastq/ERR143/047/ERR14391647/ERR14391647_1.fastq.gz,ftp://ftp.sra.ebi.ac.uk/vol1/fastq/ERR156/042/ERR15626542/ERR15626542_1.fastq.gz,ftp://ftp.sra.ebi.ac.uk/vol1/fastq/ERR143/045/ERR14391645/ERR14391645_2.fastq.gz,ftp://ftp.sra.ebi.ac.uk/vol1/fastq/ERR143/046/ERR14391646/ERR14391646_2.fastq.gz,ftp://ftp.sra.ebi.ac.uk/vol1/fastq/ERR143/047/ERR14391647/ERR14391647_2.fastq.gz,ftp://ftp.sra.ebi.ac.uk/vol1/fastq/ERR156/042/ERR15626542/ERR15626542_2.fastq.gz
RCN14709,Vietnam,AmpSeqV2,Resistant,Resistant,Sensitive,Resistant,Resistant,Resistant,Resistant,Sensitive,Resistant,Undetermined,ERR15626543,27116992.0,ERR14391648,41355.0,ERR14391649,39832.0,ERR14391650,1269.0,ftp://ftp.sra.ebi.ac.uk/vol1/fastq/ERR143/048/ERR14391648/ERR14391648_1.fastq.gz,ftp://ftp.sra.ebi.ac.uk/vol1/fastq/ERR143/049/ERR14391649/ERR14391649_1.fastq.gz,ftp://ftp.sra.ebi.ac.uk/vol1/fastq/ERR143/050/ERR14391650/ERR14391650_1.fastq.gz,ftp://ftp.sra.ebi.ac.uk/vol1/fastq/ERR156/043/ERR15626543/ERR15626543_1.fastq.gz,ftp://ftp.sra.ebi.ac.uk/vol1/fastq/ERR143/048/ERR14391648/ERR14391648_2.fastq.gz,ftp://ftp.sra.ebi.ac.uk/vol1/fastq/ERR143/049/ERR14391649/ERR14391649_2.fastq.gz,ftp://ftp.sra.ebi.ac.uk/vol1/fastq/ERR143/050/ERR14391650/ERR14391650_2.fastq.gz,ftp://ftp.sra.ebi.ac.uk/vol1/fastq/ERR156/043/ERR15626543/ERR15626543_2.fastq.gz
RCN14713,Vietnam,AmpSeqV2,Resistant,Resistant,Sensitive,Resistant,Resistant,Resistant,Resistant,Sensitive,Resistant,Undetermined,ERR15626545,18770650.0,ERR14391660,34252.0,ERR14391661,33089.0,ERR14391662,554.0,ftp://ftp.sra.ebi.ac.uk/vol1/fastq/ERR143/060/ERR14391660/ERR14391660_1.fastq.gz,ftp://ftp.sra.ebi.ac.uk/vol1/fastq/ERR143/061/ERR14391661/ERR14391661_1.fastq.gz,ftp://ftp.sra.ebi.ac.uk/vol1/fastq/ERR143/062/ERR14391662/ERR14391662_1.fastq.gz,ftp://ftp.sra.ebi.ac.uk/vol1/fastq/ERR156/045/ERR15626545/ERR15626545_1.fastq.gz,ftp://ftp.sra.ebi.ac.uk/vol1/fastq/ERR143/060/ERR14391660/ERR14391660_2.fastq.gz,ftp://ftp.sra.ebi.ac.uk/vol1/fastq/ERR143/061/ERR14391661/ERR14391661_2.fastq.gz,ftp://ftp.sra.ebi.ac.uk/vol1/fastq/ERR143/062/ERR14391662/ERR14391662_2.fastq.gz,ftp://ftp.sra.ebi.ac.uk/vol1/fastq/ERR156/045/ERR15626545/ERR15626545_2.fastq.gz
RCN14714,Vietnam,AmpSeqV2,Resistant,Resistant,Sensitive,Resistant,Resistant,Resistant,Resistant,Sensitive,Resistant,Undetermined,ERR15626546,13242773.0,ERR14391663,33780.0,ERR14391664,32194.0,ERR14391665,1072.0,ftp://ftp.sra.ebi.ac.uk/vol1/fastq/ERR143/063/ERR14391663/ERR14391663_1.fastq.gz,ftp://ftp.sra.ebi.ac.uk/vol1/fastq/ERR143/064/ERR14391664/ERR14391664_1.fastq.gz,ftp://ftp.sra.ebi.ac.uk/vol1/fastq/ERR143/065/ERR14391665/ERR14391665_1.fastq.gz,ftp://ftp.sra.ebi.ac.uk/vol1/fastq/ERR156/046/ERR15626546/ERR15626546_1.fastq.gz,ftp://ftp.sra.ebi.ac.uk/vol1/fastq/ERR143/063/ERR14391663/ERR14391663_2.fastq.gz,ftp://ftp.sra.ebi.ac.uk/vol1/fastq/ERR143/064/ERR14391664/ERR14391664_2.fastq.gz,ftp://ftp.sra.ebi.ac.uk/vol1/fastq/ERR143/065/ERR14391665/ERR14391665_2.fastq.gz,ftp://ftp.sra.ebi.ac.uk/vol1/fastq/ERR156/046/ERR15626546/ERR15626546_2.fastq.gz
RCN14715,Vietnam,AmpSeqV2,Resistant,Resistant,Sensitive,Resistant,Resistant,Resistant,Resistant,Sensitive,Resistant,Undetermined,ERR15626547,7843801.0,ERR14391666,29107.0,ERR14391667,26755.0,ERR14391668,791.0,ftp://ftp.sra.ebi.ac.uk/vol1/fastq/ERR143/066/ERR14391666/ERR14391666_1.fastq.gz,ftp://ftp.sra.ebi.ac.uk/vol1/fastq/ERR143/067/ERR14391667/ERR14391667_1.fastq.gz,ftp://ftp.sra.ebi.ac.uk/vol1/fastq/ERR143/068/ERR14391668/ERR14391668_1.fastq.gz,ftp://ftp.sra.ebi.ac.uk/vol1/fastq/ERR156/047/ERR15626547/ERR15626547_1.fastq.gz,ftp://ftp.sra.ebi.ac.uk/vol1/fastq/ERR143/066/ERR14391666/ERR14391666_2.fastq.gz,ftp://ftp.sra.ebi.ac.uk/vol1/fastq/ERR143/067/ERR14391667/ERR14391667_2.fastq.gz,ftp://ftp.sra.ebi.ac.uk/vol1/fastq/ERR143/068/ERR14391668/ERR14391668_2.fastq.gz,ftp://ftp.sra.ebi.ac.uk/vol1/fastq/ERR156/047/ERR15626547/ERR15626547_2.fastq.gz
RCN14717,Vietnam,AmpSeqV2,Resistant,Resistant,Sensitive,Resistant,Resistant,Resistant,Resistant,Sensitive,Resistant,Undetermined,ERR15626549,7769546.0,ERR14391672,33974.0,ERR14391673,31486.0,ERR14391674,1166.0,ftp://ftp.sra.ebi.ac.uk/vol1/fastq/ERR143/072/ERR14391672/ERR14391672_1.fastq.gz,ftp://ftp.sra.ebi.ac.uk/vol1/fastq/ERR143/073/ERR14391673/ERR14391673_1.fastq.gz,ftp://ftp.sra.ebi.ac.uk/vol1/fastq/ERR143/074/ERR14391674/ERR14391674_1.fastq.gz,ftp://ftp.sra.ebi.ac.uk/vol1/fastq/ERR156/049/ERR15626549/ERR15626549_1.fastq.gz,ftp://ftp.sra.ebi.ac.uk/vol1/fastq/ERR143/072/ERR14391672/ERR14391672_2.fastq.gz,ftp://ftp.sra.ebi.ac.uk/vol1/fastq/ERR143/073/ERR14391673/ERR14391673_2.fastq.gz,ftp://ftp.sra.ebi.ac.uk/vol1/fastq/ERR143/074/ERR14391674/ERR14391674_2.fastq.gz,ftp://ftp.sra.ebi.ac.uk/vol1/fastq/ERR156/049/ERR15626549/ERR15626549_2.fastq.gz
RCN14721,Vietnam,AmpSeqV2,Resistant,Resistant,Sensitive,Resistant,Resistant,Resistant,Resistant,Sensitive,Resistant,Undetermined,ERR15626552,23598695.0,ERR14391684,28915.0,ERR14391685,29498.0,ERR14391686,1052.0,ftp://ftp.sra.ebi.ac.uk/vol1/fastq/ERR143/084/ERR14391684/ERR14391684_1.fastq.gz,ftp://ftp.sra.ebi.ac.uk/vol1/fastq/ERR143/085/ERR14391685/ERR14391685_1.fastq.gz,ftp://ftp.sra.ebi.ac.uk/vol1/fastq/ERR143/086/ERR14391686/ERR14391686_1.fastq.gz,ftp://ftp.sra.ebi.ac.uk/vol1/fastq/ERR156/052/ERR15626552/ERR15626552_1.fastq.gz,ftp://ftp.sra.ebi.ac.uk/vol1/fastq/ERR143/084/ERR14391684/ERR14391684_2.fastq.gz,ftp://ftp.sra.ebi.ac.uk/vol1/fastq/ERR143/085/ERR14391685/ERR14391685_2.fastq.gz,ftp://ftp.sra.ebi.ac.uk/vol1/fastq/ERR143/086/ERR14391686/ERR14391686_2.fastq.gz,ftp://ftp.sra.ebi.ac.uk/vol1/fastq/ERR156/052/ERR15626552/ERR15626552_2.fastq.gz
RCN14724,Vietnam,AmpSeqV2,Sensitive,Sensitive,Sensitive,Resistant,Resistant,Resistant,Sensitive,Sensitive,Resistant,Sensitive,ERR15626555,11909430.0,ERR14391693,31093.0,ERR14391694,30906.0,ERR14391695,681.0,ftp://ftp.sra.ebi.ac.uk/vol1/fastq/ERR143/093/ERR14391693/ERR14391693_1.fastq.gz,ftp://ftp.sra.ebi.ac.uk/vol1/fastq/ERR143/094/ERR14391694/ERR14391694_1.fastq.gz,ftp://ftp.sra.ebi.ac.uk/vol1/fastq/ERR143/095/ERR14391695/ERR14391695_1.fastq.gz,ftp://ftp.sra.ebi.ac.uk/vol1/fastq/ERR156/055/ERR15626555/ERR15626555_1.fastq.gz,ftp://ftp.sra.ebi.ac.uk/vol1/fastq/ERR143/093/ERR14391693/ERR14391693_2.fastq.gz,ftp://ftp.sra.ebi.ac.uk/vol1/fastq/ERR143/094/ERR14391694/ERR14391694_2.fastq.gz,ftp://ftp.sra.ebi.ac.uk/vol1/fastq/ERR143/095/ERR14391695/ERR14391695_2.fastq.gz,ftp://ftp.sra.ebi.ac.uk/vol1/fastq/ERR156/055/ERR15626555/ERR15626555_2.fastq.gz
RCN14725,Vietnam,AmpSeqV2,Sensitive,Sensitive,Sensitive,Resistant,Resistant,Resistant,Sensitive,Sensitive,Resistant,Sensitive,ERR15626556,25075221.0,ERR14391696,35309.0,ERR14391697,33314.0,ERR14391698,968.0,ftp://ftp.sra.ebi.ac.uk/vol1/fastq/ERR143/096/ERR14391696/ERR14391696_1.fastq.gz,ftp://ftp.sra.ebi.ac.uk/vol1/fastq/ERR143/097/ERR14391697/ERR14391697_1.fastq.gz,ftp://ftp.sra.ebi.ac.uk/vol1/fastq/ERR143/098/ERR14391698/ERR14391698_1.fastq.gz,ftp://ftp.sra.ebi.ac.uk/vol1/fastq/ERR156/056/ERR15626556/ERR15626556_1.fastq.gz,ftp://ftp.sra.ebi.ac.uk/vol1/fastq/ERR143/096/ERR14391696/ERR14391696_2.fastq.gz,ftp://ftp.sra.ebi.ac.uk/vol1/fastq/ERR143/097/ERR14391697/ERR14391697_2.fastq.gz,ftp://ftp.sra.ebi.ac.uk/vol1/fastq/ERR143/098/ERR14391698/ERR14391698_2.fastq.gz,ftp://ftp.sra.ebi.ac.uk/vol1/fastq/ERR156/056/ERR15626556/ERR15626556_2.fastq.gz
RCN14727,Vietnam,AmpSeqV2,Sensitive,Sensitive,Sensitive,Resistant,Resistant,Resistant,Sensitive,Sensitive,Resistant,Sensitive,ERR15626557,11305482.0,ERR14391702,25094.0,ERR14391703,28927.0,ERR14391704,1103.0,ftp://ftp.sra.ebi.ac.uk/vol1/fastq/ERR143/002/ERR14391702/ERR14391702_1.fastq.gz,ftp://ftp.sra.ebi.ac.uk/vol1/fastq/ERR143/003/ERR14391703/ERR14391703_1.fastq.gz,ftp://ftp.sra.ebi.ac.uk/vol1/fastq/ERR143/004/ERR14391704/ERR14391704_1.fastq.gz,ftp://ftp.sra.ebi.ac.uk/vol1/fastq/ERR156/057/ERR15626557/ERR15626557_1.fastq.gz,ftp://ftp.sra.ebi.ac.uk/vol1/fastq/ERR143/002/ERR14391702/ERR14391702_2.fastq.gz,ftp://ftp.sra.ebi.ac.uk/vol1/fastq/ERR143/003/ERR14391703/ERR14391703_2.fastq.gz,ftp://ftp.sra.ebi.ac.uk/vol1/fastq/ERR143/004/ERR14391704/ERR14391704_2.fastq.gz,ftp://ftp.sra.ebi.ac.uk/vol1/fastq/ERR156/057/ERR15626557/ERR15626557_2.fastq.gz
RCN14728,Vietnam,AmpSeqV2,Sensitive,Sensitive,Sensitive,Resistant,Resistant,Resistant,Sensitive,Sensitive,Resistant,Sensitive,ERR15626558,5164517.0,ERR14391705,21617.0,ERR14391706,22932.0,ERR14391707,791.0,ftp://ftp.sra.ebi.ac.uk/vol1/fastq/ERR143/005/ERR14391705/ERR14391705_1.fastq.gz,ftp://ftp.sra.ebi.ac.uk/vol1/fastq/ERR143/006/ERR14391706/ERR14391706_1.fastq.gz,ftp://ftp.sra.ebi.ac.uk/vol1/fastq/ERR143/007/ERR14391707/ERR14391707_1.fastq.gz,ftp://ftp.sra.ebi.ac.uk/vol1/fastq/ERR156/058/ERR15626558/ERR15626558_1.fastq.gz,ftp://ftp.sra.ebi.ac.uk/vol1/fastq/ERR143/005/ERR14391705/ERR14391705_2.fastq.gz,ftp://ftp.sra.ebi.ac.uk/vol1/fastq/ERR143/006/ERR14391706/ERR14391706_2.fastq.gz,ftp://ftp.sra.ebi.ac.uk/vol1/fastq/ERR143/007/ERR14391707/ERR14391707_2.fastq.gz,ftp://ftp.sra.ebi.ac.uk/vol1/fastq/ERR156/058/ERR15626558/ERR15626558_2.fastq.gz
RCN14729,Vietnam,AmpSeqV2,Sensitive,Sensitive,Sensitive,Resistant,Resistant,Resistant,Sensitive,Sensitive,Resistant,Sensitive,ERR15626559,8752903.0,ERR14391708,28830.0,ERR14391709,28896.0,ERR14391710,871.0,ftp://ftp.sra.ebi.ac.uk/vol1/fastq/ERR143/008/ERR14391708/ERR14391708_1.fastq.gz,ftp://ftp.sra.ebi.ac.uk/vol1/fastq/ERR143/009/ERR14391709/ERR14391709_1.fastq.gz,ftp://ftp.sra.ebi.ac.uk/vol1/fastq/ERR143/010/ERR14391710/ERR14391710_1.fastq.gz,ftp://ftp.sra.ebi.ac.uk/vol1/fastq/ERR156/059/ERR15626559/ERR15626559_1.fastq.gz,ftp://ftp.sra.ebi.ac.uk/vol1/fastq/ERR143/008/ERR14391708/ERR14391708_2.fastq.gz,ftp://ftp.sra.ebi.ac.uk/vol1/fastq/ERR143/009/ERR14391709/ERR14391709_2.fastq.gz,ftp://ftp.sra.ebi.ac.uk/vol1/fastq/ERR143/010/ERR14391710/ERR14391710_2.fastq.gz,ftp://ftp.sra.ebi.ac.uk/vol1/fastq/ERR156/059/ERR15626559/ERR15626559_2.fastq.gz
RCN14730,Vietnam,AmpSeqV2,Sensitive,Sensitive,Sensitive,Resistant,Resistant,Resistant,Sensitive,Sensitive,Resistant,Sensitive,ERR15626560,8840907.0,ERR14391711,25819.0,ERR14391712,29163.0,ERR14391713,1071.0,ftp://ftp.sra.ebi.ac.uk/vol1/fastq/ERR143/011/ERR14391711/ERR14391711_1.fastq.gz,ftp://ftp.sra.ebi.ac.uk/vol1/fastq/ERR143/012/ERR14391712/ERR14391712_1.fastq.gz,ftp://ftp.sra.ebi.ac.uk/vol1/fastq/ERR143/013/ERR14391713/ERR14391713_1.fastq.gz,ftp://ftp.sra.ebi.ac.uk/vol1/fastq/ERR156/060/ERR15626560/ERR15626560_1.fastq.gz,ftp://ftp.sra.ebi.ac.uk/vol1/fastq/ERR143/011/ERR14391711/ERR14391711_2.fastq.gz,ftp://ftp.sra.ebi.ac.uk/vol1/fastq/ERR143/012/ERR14391712/ERR14391712_2.fastq.gz,ftp://ftp.sra.ebi.ac.uk/vol1/fastq/ERR143/013/ERR14391713/ERR14391713_2.fastq.gz,ftp://ftp.sra.ebi.ac.uk/vol1/fastq/ERR156/060/ERR15626560/ERR15626560_2.fastq.gz
RCN14731,Vietnam,AmpSeqV2,Sensitive,Sensitive,Sensitive,Resistant,Resistant,Resistant,Sensitive,Sensitive,Resistant,Sensitive,ERR15626561,19374244.0,ERR14391714,31631.0,ERR14391715,30802.0,ERR14391716,685.0,ftp://ftp.sra.ebi.ac.uk/vol1/fastq/ERR143/014/ERR14391714/ERR14391714_1.fastq.gz,ftp://ftp.sra.ebi.ac.uk/vol1/fastq/ERR143/015/ERR14391715/ERR14391715_1.fastq.gz,ftp://ftp.sra.ebi.ac.uk/vol1/fastq/ERR143/016/ERR14391716/ERR14391716_1.fastq.gz,ftp://ftp.sra.ebi.ac.uk/vol1/fastq/ERR156/061/ERR15626561/ERR15626561_1.fastq.gz,ftp://ftp.sra.ebi.ac.uk/vol1/fastq/ERR143/014/ERR14391714/ERR14391714_2.fastq.gz,ftp://ftp.sra.ebi.ac.uk/vol1/fastq/ERR143/015/ERR14391715/ERR14391715_2.fastq.gz,ftp://ftp.sra.ebi.ac.uk/vol1/fastq/ERR143/016/ERR14391716/ERR14391716_2.fastq.gz,ftp://ftp.sra.ebi.ac.uk/vol1/fastq/ERR156/061/ERR15626561/ERR15626561_2.fastq.gz
RCN14732,Vietnam,AmpSeqV2,Sensitive,Sensitive,Sensitive,Resistant,Resistant,Resistant,Sensitive,Sensitive,Resistant,Sensitive,ERR15626562,10468829.0,ERR14391717,25890.0,ERR14391718,28037.0,ERR14391719,1011.0,ftp://ftp.sra.ebi.ac.uk/vol1/fastq/ERR143/017/ERR14391717/ERR14391717_1.fastq.gz,ftp://ftp.sra.ebi.ac.uk/vol1/fastq/ERR143/018/ERR14391718/ERR14391718_1.fastq.gz,ftp://ftp.sra.ebi.ac.uk/vol1/fastq/ERR143/019/ERR14391719/ERR14391719_1.fastq.gz,ftp://ftp.sra.ebi.ac.uk/vol1/fastq/ERR156/062/ERR15626562/ERR15626562_1.fastq.gz,ftp://ftp.sra.ebi.ac.uk/vol1/fastq/ERR143/017/ERR14391717/ERR14391717_2.fastq.gz,ftp://ftp.sra.ebi.ac.uk/vol1/fastq/ERR143/018/ERR14391718/ERR14391718_2.fastq.gz,ftp://ftp.sra.ebi.ac.uk/vol1/fastq/ERR143/019/ERR14391719/ERR14391719_2.fastq.gz,ftp://ftp.sra.ebi.ac.uk/vol1/fastq/ERR156/062/ERR15626562/ERR15626562_2.fastq.gz
RCN14733,Vietnam,AmpSeqV2,Sensitive,Sensitive,Sensitive,Resistant,Resistant,Resistant,Sensitive,Sensitive,Resistant,Sensitive,ERR15626563,23426595.0,ERR14391720,32047.0,ERR14391721,35552.0,ERR14391722,1470.0,ftp://ftp.sra.ebi.ac.uk/vol1/fastq/ERR143/020/ERR14391720/ERR14391720_1.fastq.gz,ftp://ftp.sra.ebi.ac.uk/vol1/fastq/ERR143/021/ERR14391721/ERR14391721_1.fastq.gz,ftp://ftp.sra.ebi.ac.uk/vol1/fastq/ERR143/022/ERR14391722/ERR14391722_1.fastq.gz,ftp://ftp.sra.ebi.ac.uk/vol1/fastq/ERR156/063/ERR15626563/ERR15626563_1.fastq.gz,ftp://ftp.sra.ebi.ac.uk/vol1/fastq/ERR143/020/ERR14391720/ERR14391720_2.fastq.gz,ftp://ftp.sra.ebi.ac.uk/vol1/fastq/ERR143/021/ERR14391721/ERR14391721_2.fastq.gz,ftp://ftp.sra.ebi.ac.uk/vol1/fastq/ERR143/022/ERR14391722/ERR14391722_2.fastq.gz,ftp://ftp.sra.ebi.ac.uk/vol1/fastq/ERR156/063/ERR15626563/ERR15626563_2.fastq.gz
RCN14738,Vietnam,AmpSeqV2,Resistant,Resistant,Sensitive,Resistant,Resistant,Resistant,Resistant,Sensitive,Resistant,Undetermined,ERR15626564,31272342.0,ERR14391735,29043.0,ERR14391736,31153.0,ERR14391737,966.0,ftp://ftp.sra.ebi.ac.uk/vol1/fastq/ERR143/035/ERR14391735/ERR14391735_1.fastq.gz,ftp://ftp.sra.ebi.ac.uk/vol1/fastq/ERR143/036/ERR14391736/ERR14391736_1.fastq.gz,ftp://ftp.sra.ebi.ac.uk/vol1/fastq/ERR143/037/ERR14391737/ERR14391737_1.fastq.gz,ftp://ftp.sra.ebi.ac.uk/vol1/fastq/ERR156/064/ERR15626564/ERR15626564_1.fastq.gz,ftp://ftp.sra.ebi.ac.uk/vol1/fastq/ERR143/035/ERR14391735/ERR14391735_2.fastq.gz,ftp://ftp.sra.ebi.ac.uk/vol1/fastq/ERR143/036/ERR14391736/ERR14391736_2.fastq.gz,ftp://ftp.sra.ebi.ac.uk/vol1/fastq/ERR143/037/ERR14391737/ERR14391737_2.fastq.gz,ftp://ftp.sra.ebi.ac.uk/vol1/fastq/ERR156/064/ERR15626564/ERR15626564_2.fastq.gz
RCN14739,Vietnam,AmpSeqV2,Sensitive,Sensitive,Sensitive,Resistant,Resistant,Resistant,Sensitive,Sensitive,Resistant,Sensitive,ERR15626565,31420596.0,ERR14391738,36330.0,ERR14391739,38929.0,ERR14391740,1562.0,ftp://ftp.sra.ebi.ac.uk/vol1/fastq/ERR143/038/ERR14391738/ERR14391738_1.fastq.gz,ftp://ftp.sra.ebi.ac.uk/vol1/fastq/ERR143/039/ERR14391739/ERR14391739_1.fastq.gz,ftp://ftp.sra.ebi.ac.uk/vol1/fastq/ERR143/040/ERR14391740/ERR14391740_1.fastq.gz,ftp://ftp.sra.ebi.ac.uk/vol1/fastq/ERR156/065/ERR15626565/ERR15626565_1.fastq.gz,ftp://ftp.sra.ebi.ac.uk/vol1/fastq/ERR143/038/ERR14391738/ERR14391738_2.fastq.gz,ftp://ftp.sra.ebi.ac.uk/vol1/fastq/ERR143/039/ERR14391739/ERR14391739_2.fastq.gz,ftp://ftp.sra.ebi.ac.uk/vol1/fastq/ERR143/040/ERR14391740/ERR14391740_2.fastq.gz,ftp://ftp.sra.ebi.ac.uk/vol1/fastq/ERR156/065/ERR15626565/ERR15626565_2.fastq.gz
RCN14740,Vietnam,AmpSeqV2,Sensitive,Sensitive,Sensitive,Resistant,Resistant,Resistant,Sensitive,Sensitive,Resistant,Sensitive,ERR15626566,29317433.0,ERR14391741,31802.0,ERR14391742,33797.0,ERR14391743,1085.0,ftp://ftp.sra.ebi.ac.uk/vol1/fastq/ERR143/041/ERR14391741/ERR14391741_1.fastq.gz,ftp://ftp.sra.ebi.ac.uk/vol1/fastq/ERR143/042/ERR14391742/ERR14391742_1.fastq.gz,ftp://ftp.sra.ebi.ac.uk/vol1/fastq/ERR143/043/ERR14391743/ERR14391743_1.fastq.gz,ftp://ftp.sra.ebi.ac.uk/vol1/fastq/ERR156/066/ERR15626566/ERR15626566_1.fastq.gz,ftp://ftp.sra.ebi.ac.uk/vol1/fastq/ERR143/041/ERR14391741/ERR14391741_2.fastq.gz,ftp://ftp.sra.ebi.ac.uk/vol1/fastq/ERR143/042/ERR14391742/ERR14391742_2.fastq.gz,ftp://ftp.sra.ebi.ac.uk/vol1/fastq/ERR143/043/ERR14391743/ERR14391743_2.fastq.gz,ftp://ftp.sra.ebi.ac.uk/vol1/fastq/ERR156/066/ERR15626566/ERR15626566_2.fastq.gz
RCN14741,Vietnam,AmpSeqV2,Sensitive,Resistant,Sensitive,Resistant,Resistant,Resistant,Sensitive,Sensitive,Resistant,Undetermined,ERR15626567,10397513.0,ERR14391744,30232.0,ERR14391745,32574.0,ERR14391746,1097.0,ftp://ftp.sra.ebi.ac.uk/vol1/fastq/ERR143/044/ERR14391744/ERR14391744_1.fastq.gz,ftp://ftp.sra.ebi.ac.uk/vol1/fastq/ERR143/045/ERR14391745/ERR14391745_1.fastq.gz,ftp://ftp.sra.ebi.ac.uk/vol1/fastq/ERR143/046/ERR14391746/ERR14391746_1.fastq.gz,ftp://ftp.sra.ebi.ac.uk/vol1/fastq/ERR156/067/ERR15626567/ERR15626567_1.fastq.gz,ftp://ftp.sra.ebi.ac.uk/vol1/fastq/ERR143/044/ERR14391744/ERR14391744_2.fastq.gz,ftp://ftp.sra.ebi.ac.uk/vol1/fastq/ERR143/045/ERR14391745/ERR14391745_2.fastq.gz,ftp://ftp.sra.ebi.ac.uk/vol1/fastq/ERR143/046/ERR14391746/ERR14391746_2.fastq.gz,ftp://ftp.sra.ebi.ac.uk/vol1/fastq/ERR156/067/ERR15626567/ERR15626567_2.fastq.gz
RCN14744,Vietnam,AmpSeqV2,Resistant,Sensitive,Sensitive,Resistant,Resistant,Resistant,Sensitive,Sensitive,Resistant,Undetermined,ERR15626568,9825900.0,ERR14391750,24172.0,ERR14391751,26651.0,ERR14391752,907.0,ftp://ftp.sra.ebi.ac.uk/vol1/fastq/ERR143/050/ERR14391750/ERR14391750_1.fastq.gz,ftp://ftp.sra.ebi.ac.uk/vol1/fastq/ERR143/051/ERR14391751/ERR14391751_1.fastq.gz,ftp://ftp.sra.ebi.ac.uk/vol1/fastq/ERR143/052/ERR14391752/ERR14391752_1.fastq.gz,ftp://ftp.sra.ebi.ac.uk/vol1/fastq/ERR156/068/ERR15626568/ERR15626568_1.fastq.gz,ftp://ftp.sra.ebi.ac.uk/vol1/fastq/ERR143/050/ERR14391750/ERR14391750_2.fastq.gz,ftp://ftp.sra.ebi.ac.uk/vol1/fastq/ERR143/051/ERR14391751/ERR14391751_2.fastq.gz,ftp://ftp.sra.ebi.ac.uk/vol1/fastq/ERR143/052/ERR14391752/ERR14391752_2.fastq.gz,ftp://ftp.sra.ebi.ac.uk/vol1/fastq/ERR156/068/ERR15626568/ERR15626568_2.fastq.gz
RCN14746,Vietnam,AmpSeqV2,Resistant,Resistant,Sensitive,Resistant,Resistant,Resistant,Resistant,Sensitive,Resistant,Undetermined,ERR15626569,16410925.0,ERR14391753,38682.0,ERR14391754,39111.0,ERR14391755,534.0,ftp://ftp.sra.ebi.ac.uk/vol1/fastq/ERR143/053/ERR14391753/ERR14391753_1.fastq.gz,ftp://ftp.sra.ebi.ac.uk/vol1/fastq/ERR143/054/ERR14391754/ERR14391754_1.fastq.gz,ftp://ftp.sra.ebi.ac.uk/vol1/fastq/ERR143/055/ERR14391755/ERR14391755_1.fastq.gz,ftp://ftp.sra.ebi.ac.uk/vol1/fastq/ERR156/069/ERR15626569/ERR15626569_1.fastq.gz,ftp://ftp.sra.ebi.ac.uk/vol1/fastq/ERR143/053/ERR14391753/ERR14391753_2.fastq.gz,ftp://ftp.sra.ebi.ac.uk/vol1/fastq/ERR143/054/ERR14391754/ERR14391754_2.fastq.gz,ftp://ftp.sra.ebi.ac.uk/vol1/fastq/ERR143/055/ERR14391755/ERR14391755_2.fastq.gz,ftp://ftp.sra.ebi.ac.uk/vol1/fastq/ERR156/069/ERR15626569/ERR15626569_2.fastq.gz
RCN14748,Vietnam,AmpSeqV2,Resistant,Resistant,Sensitive,Resistant,Resistant,Resistant,Resistant,Sensitive,Resistant,Undetermined,ERR15626570,11168593.0,ERR14391756,27629.0,ERR14391757,31495.0,ERR14391758,942.0,ftp://ftp.sra.ebi.ac.uk/vol1/fastq/ERR143/056/ERR14391756/ERR14391756_1.fastq.gz,ftp://ftp.sra.ebi.ac.uk/vol1/fastq/ERR143/057/ERR14391757/ERR14391757_1.fastq.gz,ftp://ftp.sra.ebi.ac.uk/vol1/fastq/ERR143/058/ERR14391758/ERR14391758_1.fastq.gz,ftp://ftp.sra.ebi.ac.uk/vol1/fastq/ERR156/070/ERR15626570/ERR15626570_1.fastq.gz,ftp://ftp.sra.ebi.ac.uk/vol1/fastq/ERR143/056/ERR14391756/ERR14391756_2.fastq.gz,ftp://ftp.sra.ebi.ac.uk/vol1/fastq/ERR143/057/ERR14391757/ERR14391757_2.fastq.gz,ftp://ftp.sra.ebi.ac.uk/vol1/fastq/ERR143/058/ERR14391758/ERR14391758_2.fastq.gz,ftp://ftp.sra.ebi.ac.uk/vol1/fastq/ERR156/070/ERR15626570/ERR15626570_2.fastq.gz
RCN14752,Vietnam,AmpSeqV2,Resistant,Resistant,Sensitive,Resistant,Resistant,Resistant,Resistant,Sensitive,Resistant,Undetermined,ERR15626572,10243031.0,ERR14391765,24151.0,ERR14391766,26483.0,ERR14391767,920.0,ftp://ftp.sra.ebi.ac.uk/vol1/fastq/ERR143/065/ERR14391765/ERR14391765_1.fastq.gz,ftp://ftp.sra.ebi.ac.uk/vol1/fastq/ERR143/066/ERR14391766/ERR14391766_1.fastq.gz,ftp://ftp.sra.ebi.ac.uk/vol1/fastq/ERR143/067/ERR14391767/ERR14391767_1.fastq.gz,ftp://ftp.sra.ebi.ac.uk/vol1/fastq/ERR156/072/ERR15626572/ERR15626572_1.fastq.gz,ftp://ftp.sra.ebi.ac.uk/vol1/fastq/ERR143/065/ERR14391765/ERR14391765_2.fastq.gz,ftp://ftp.sra.ebi.ac.uk/vol1/fastq/ERR143/066/ERR14391766/ERR14391766_2.fastq.gz,ftp://ftp.sra.ebi.ac.uk/vol1/fastq/ERR143/067/ERR14391767/ERR14391767_2.fastq.gz,ftp://ftp.sra.ebi.ac.uk/vol1/fastq/ERR156/072/ERR15626572/ERR15626572_2.fastq.gz
RCN14753,Vietnam,AmpSeqV2,Resistant,Resistant,Sensitive,Resistant,Resistant,Resistant,Resistant,Sensitive,Resistant,Undetermined,ERR15626573,25812198.0,ERR14391768,23101.0,ERR14391769,26460.0,ERR14391770,966.0,ftp://ftp.sra.ebi.ac.uk/vol1/fastq/ERR143/068/ERR14391768/ERR14391768_1.fastq.gz,ftp://ftp.sra.ebi.ac.uk/vol1/fastq/ERR143/069/ERR14391769/ERR14391769_1.fastq.gz,ftp://ftp.sra.ebi.ac.uk/vol1/fastq/ERR143/070/ERR14391770/ERR14391770_1.fastq.gz,ftp://ftp.sra.ebi.ac.uk/vol1/fastq/ERR156/073/ERR15626573/ERR15626573_1.fastq.gz,ftp://ftp.sra.ebi.ac.uk/vol1/fastq/ERR143/068/ERR14391768/ERR14391768_2.fastq.gz,ftp://ftp.sra.ebi.ac.uk/vol1/fastq/ERR143/069/ERR14391769/ERR14391769_2.fastq.gz,ftp://ftp.sra.ebi.ac.uk/vol1/fastq/ERR143/070/ERR14391770/ERR14391770_2.fastq.gz,ftp://ftp.sra.ebi.ac.uk/vol1/fastq/ERR156/073/ERR15626573/ERR15626573_2.fastq.gz
RCN14754,Vietnam,AmpSeqV2,Resistant,Resistant,Sensitive,Resistant,Resistant,Resistant,Resistant,Sensitive,Resistant,Undetermined,ERR15626574,10065647.0,ERR14391771,32424.0,ERR14391772,34077.0,ERR14391773,973.0,ftp://ftp.sra.ebi.ac.uk/vol1/fastq/ERR143/071/ERR14391771/ERR14391771_1.fastq.gz,ftp://ftp.sra.ebi.ac.uk/vol1/fastq/ERR143/072/ERR14391772/ERR14391772_1.fastq.gz,ftp://ftp.sra.ebi.ac.uk/vol1/fastq/ERR143/073/ERR14391773/ERR14391773_1.fastq.gz,ftp://ftp.sra.ebi.ac.uk/vol1/fastq/ERR156/074/ERR15626574/ERR15626574_1.fastq.gz,ftp://ftp.sra.ebi.ac.uk/vol1/fastq/ERR143/071/ERR14391771/ERR14391771_2.fastq.gz,ftp://ftp.sra.ebi.ac.uk/vol1/fastq/ERR143/072/ERR14391772/ERR14391772_2.fastq.gz,ftp://ftp.sra.ebi.ac.uk/vol1/fastq/ERR143/073/ERR14391773/ERR14391773_2.fastq.gz,ftp://ftp.sra.ebi.ac.uk/vol1/fastq/ERR156/074/ERR15626574/ERR15626574_2.fastq.gz
RCN14756,Vietnam,AmpSeqV2,Resistant,Resistant,Sensitive,Resistant,Resistant,Resistant,Resistant,Sensitive,Resistant,Undetermined,ERR15626576,11391054.0,ERR14391777,28919.0,ERR14391778,31651.0,ERR14391779,1045.0,ftp://ftp.sra.ebi.ac.uk/vol1/fastq/ERR143/077/ERR14391777/ERR14391777_1.fastq.gz,ftp://ftp.sra.ebi.ac.uk/vol1/fastq/ERR143/078/ERR14391778/ERR14391778_1.fastq.gz,ftp://ftp.sra.ebi.ac.uk/vol1/fastq/ERR143/079/ERR14391779/ERR14391779_1.fastq.gz,ftp://ftp.sra.ebi.ac.uk/vol1/fastq/ERR156/076/ERR15626576/ERR15626576_1.fastq.gz,ftp://ftp.sra.ebi.ac.uk/vol1/fastq/ERR143/077/ERR14391777/ERR14391777_2.fastq.gz,ftp://ftp.sra.ebi.ac.uk/vol1/fastq/ERR143/078/ERR14391778/ERR14391778_2.fastq.gz,ftp://ftp.sra.ebi.ac.uk/vol1/fastq/ERR143/079/ERR14391779/ERR14391779_2.fastq.gz,ftp://ftp.sra.ebi.ac.uk/vol1/fastq/ERR156/076/ERR15626576/ERR15626576_2.fastq.gz
RCN14757,Vietnam,AmpSeqV2,Resistant,Resistant,Sensitive,Resistant,Resistant,Resistant,Resistant,Sensitive,Resistant,Undetermined,ERR15626577,8261586.0,ERR14391780,26427.0,ERR14391781,28775.0,ERR14391782,603.0,ftp://ftp.sra.ebi.ac.uk/vol1/fastq/ERR143/080/ERR14391780/ERR14391780_1.fastq.gz,ftp://ftp.sra.ebi.ac.uk/vol1/fastq/ERR143/081/ERR14391781/ERR14391781_1.fastq.gz,ftp://ftp.sra.ebi.ac.uk/vol1/fastq/ERR143/082/ERR14391782/ERR14391782_1.fastq.gz,ftp://ftp.sra.ebi.ac.uk/vol1/fastq/ERR156/077/ERR15626577/ERR15626577_1.fastq.gz,ftp://ftp.sra.ebi.ac.uk/vol1/fastq/ERR143/080/ERR14391780/ERR14391780_2.fastq.gz,ftp://ftp.sra.ebi.ac.uk/vol1/fastq/ERR143/081/ERR14391781/ERR14391781_2.fastq.gz,ftp://ftp.sra.ebi.ac.uk/vol1/fastq/ERR143/082/ERR14391782/ERR14391782_2.fastq.gz,ftp://ftp.sra.ebi.ac.uk/vol1/fastq/ERR156/077/ERR15626577/ERR15626577_2.fastq.gz
RCN14760,Vietnam,AmpSeqV2,Resistant,Resistant,Sensitive,Resistant,Resistant,Resistant,Resistant,Sensitive,Resistant,Undetermined,ERR15626578,13941540.0,ERR14391789,29642.0,ERR14391790,28993.0,ERR14391791,1158.0,ftp://ftp.sra.ebi.ac.uk/vol1/fastq/ERR143/089/ERR14391789/ERR14391789_1.fastq.gz,ftp://ftp.sra.ebi.ac.uk/vol1/fastq/ERR143/090/ERR14391790/ERR14391790_1.fastq.gz,ftp://ftp.sra.ebi.ac.uk/vol1/fastq/ERR143/091/ERR14391791/ERR14391791_1.fastq.gz,ftp://ftp.sra.ebi.ac.uk/vol1/fastq/ERR156/078/ERR15626578/ERR15626578_1.fastq.gz,ftp://ftp.sra.ebi.ac.uk/vol1/fastq/ERR143/089/ERR14391789/ERR14391789_2.fastq.gz,ftp://ftp.sra.ebi.ac.uk/vol1/fastq/ERR143/090/ERR14391790/ERR14391790_2.fastq.gz,ftp://ftp.sra.ebi.ac.uk/vol1/fastq/ERR143/091/ERR14391791/ERR14391791_2.fastq.gz,ftp://ftp.sra.ebi.ac.uk/vol1/fastq/ERR156/078/ERR15626578/ERR15626578_2.fastq.gz
RCN14762,Vietnam,AmpSeqV2,Resistant,Resistant,Sensitive,Resistant,Resistant,Resistant,Resistant,Sensitive,Resistant,Undetermined,ERR15626579,14898345.0,ERR14391795,28500.0,ERR14391796,31655.0,ERR14391797,1060.0,ftp://ftp.sra.ebi.ac.uk/vol1/fastq/ERR143/095/ERR14391795/ERR14391795_1.fastq.gz,ftp://ftp.sra.ebi.ac.uk/vol1/fastq/ERR143/096/ERR14391796/ERR14391796_1.fastq.gz,ftp://ftp.sra.ebi.ac.uk/vol1/fastq/ERR143/097/ERR14391797/ERR14391797_1.fastq.gz,ftp://ftp.sra.ebi.ac.uk/vol1/fastq/ERR156/079/ERR15626579/ERR15626579_1.fastq.gz,ftp://ftp.sra.ebi.ac.uk/vol1/fastq/ERR143/095/ERR14391795/ERR14391795_2.fastq.gz,ftp://ftp.sra.ebi.ac.uk/vol1/fastq/ERR143/096/ERR14391796/ERR14391796_2.fastq.gz,ftp://ftp.sra.ebi.ac.uk/vol1/fastq/ERR143/097/ERR14391797/ERR14391797_2.fastq.gz,ftp://ftp.sra.ebi.ac.uk/vol1/fastq/ERR156/079/ERR15626579/ERR15626579_2.fastq.gz
RCN14763,Vietnam,AmpSeqV2,Resistant,Resistant,Sensitive,Resistant,Resistant,Resistant,Resistant,Sensitive,Resistant,Undetermined,ERR15626580,13598576.0,ERR14391798,25708.0,ERR14391799,31725.0,ERR14391800,903.0,ftp://ftp.sra.ebi.ac.uk/vol1/fastq/ERR143/098/ERR14391798/ERR14391798_1.fastq.gz,ftp://ftp.sra.ebi.ac.uk/vol1/fastq/ERR143/099/ERR14391799/ERR14391799_1.fastq.gz,ftp://ftp.sra.ebi.ac.uk/vol1/fastq/ERR143/000/ERR14391800/ERR14391800_1.fastq.gz,ftp://ftp.sra.ebi.ac.uk/vol1/fastq/ERR156/080/ERR15626580/ERR15626580_1.fastq.gz,ftp://ftp.sra.ebi.ac.uk/vol1/fastq/ERR143/098/ERR14391798/ERR14391798_2.fastq.gz,ftp://ftp.sra.ebi.ac.uk/vol1/fastq/ERR143/099/ERR14391799/ERR14391799_2.fastq.gz,ftp://ftp.sra.ebi.ac.uk/vol1/fastq/ERR143/000/ERR14391800/ERR14391800_2.fastq.gz,ftp://ftp.sra.ebi.ac.uk/vol1/fastq/ERR156/080/ERR15626580/ERR15626580_2.fastq.gz
RCN14766,Vietnam,AmpSeqV2,Resistant,Resistant,Sensitive,Resistant,Resistant,Resistant,Resistant,Sensitive,Resistant,Undetermined,ERR15626581,14996180.0,ERR14391807,16562.0,ERR14391808,19168.0,ERR14391809,534.0,ftp://ftp.sra.ebi.ac.uk/vol1/fastq/ERR143/007/ERR14391807/ERR14391807_1.fastq.gz,ftp://ftp.sra.ebi.ac.uk/vol1/fastq/ERR143/008/ERR14391808/ERR14391808_1.fastq.gz,ftp://ftp.sra.ebi.ac.uk/vol1/fastq/ERR143/009/ERR14391809/ERR14391809_1.fastq.gz,ftp://ftp.sra.ebi.ac.uk/vol1/fastq/ERR156/081/ERR15626581/ERR15626581_1.fastq.gz,ftp://ftp.sra.ebi.ac.uk/vol1/fastq/ERR143/007/ERR14391807/ERR14391807_2.fastq.gz,ftp://ftp.sra.ebi.ac.uk/vol1/fastq/ERR143/008/ERR14391808/ERR14391808_2.fastq.gz,ftp://ftp.sra.ebi.ac.uk/vol1/fastq/ERR143/009/ERR14391809/ERR14391809_2.fastq.gz,ftp://ftp.sra.ebi.ac.uk/vol1/fastq/ERR156/081/ERR15626581/ERR15626581_2.fastq.gz
RCN14770,Vietnam,AmpSeqV2,Resistant,Resistant,Sensitive,Resistant,Resistant,Resistant,Resistant,Sensitive,Resistant,Undetermined,ERR15626582,15093041.0,ERR14391819,49634.0,ERR14391820,50762.0,ERR14391821,1959.0,ftp://ftp.sra.ebi.ac.uk/vol1/fastq/ERR143/019/ERR14391819/ERR14391819_1.fastq.gz,ftp://ftp.sra.ebi.ac.uk/vol1/fastq/ERR143/020/ERR14391820/ERR14391820_1.fastq.gz,ftp://ftp.sra.ebi.ac.uk/vol1/fastq/ERR143/021/ERR14391821/ERR14391821_1.fastq.gz,ftp://ftp.sra.ebi.ac.uk/vol1/fastq/ERR156/082/ERR15626582/ERR15626582_1.fastq.gz,ftp://ftp.sra.ebi.ac.uk/vol1/fastq/ERR143/019/ERR14391819/ERR14391819_2.fastq.gz,ftp://ftp.sra.ebi.ac.uk/vol1/fastq/ERR143/020/ERR14391820/ERR14391820_2.fastq.gz,ftp://ftp.sra.ebi.ac.uk/vol1/fastq/ERR143/021/ERR14391821/ERR14391821_2.fastq.gz,ftp://ftp.sra.ebi.ac.uk/vol1/fastq/ERR156/082/ERR15626582/ERR15626582_2.fastq.gz
RCN14771,Vietnam,AmpSeqV2,Resistant,Resistant,Sensitive,Resistant,Resistant,Resistant,Resistant,Sensitive,Resistant,Undetermined,ERR15626583,8946446.0,ERR14391822,24471.0,ERR14391823,26468.0,ERR14391824,870.0,ftp://ftp.sra.ebi.ac.uk/vol1/fastq/ERR143/022/ERR14391822/ERR14391822_1.fastq.gz,ftp://ftp.sra.ebi.ac.uk/vol1/fastq/ERR143/023/ERR14391823/ERR14391823_1.fastq.gz,ftp://ftp.sra.ebi.ac.uk/vol1/fastq/ERR143/024/ERR14391824/ERR14391824_1.fastq.gz,ftp://ftp.sra.ebi.ac.uk/vol1/fastq/ERR156/083/ERR15626583/ERR15626583_1.fastq.gz,ftp://ftp.sra.ebi.ac.uk/vol1/fastq/ERR143/022/ERR14391822/ERR14391822_2.fastq.gz,ftp://ftp.sra.ebi.ac.uk/vol1/fastq/ERR143/023/ERR14391823/ERR14391823_2.fastq.gz,ftp://ftp.sra.ebi.ac.uk/vol1/fastq/ERR143/024/ERR14391824/ERR14391824_2.fastq.gz,ftp://ftp.sra.ebi.ac.uk/vol1/fastq/ERR156/083/ERR15626583/ERR15626583_2.fastq.gz
RCN14776,Vietnam,AmpSeqV2,Resistant,Resistant,Sensitive,Resistant,Resistant,Resistant,Resistant,Sensitive,Resistant,Undetermined,ERR15626584,7829127.0,ERR14391837,25625.0,ERR14391838,25597.0,ERR14391839,541.0,ftp://ftp.sra.ebi.ac.uk/vol1/fastq/ERR143/037/ERR14391837/ERR14391837_1.fastq.gz,ftp://ftp.sra.ebi.ac.uk/vol1/fastq/ERR143/038/ERR14391838/ERR14391838_1.fastq.gz,ftp://ftp.sra.ebi.ac.uk/vol1/fastq/ERR143/039/ERR14391839/ERR14391839_1.fastq.gz,ftp://ftp.sra.ebi.ac.uk/vol1/fastq/ERR156/084/ERR15626584/ERR15626584_1.fastq.gz,ftp://ftp.sra.ebi.ac.uk/vol1/fastq/ERR143/037/ERR14391837/ERR14391837_2.fastq.gz,ftp://ftp.sra.ebi.ac.uk/vol1/fastq/ERR143/038/ERR14391838/ERR14391838_2.fastq.gz,ftp://ftp.sra.ebi.ac.uk/vol1/fastq/ERR143/039/ERR14391839/ERR14391839_2.fastq.gz,ftp://ftp.sra.ebi.ac.uk/vol1/fastq/ERR156/084/ERR15626584/ERR15626584_2.fastq.gz
RCN14777,Vietnam,AmpSeqV2,Resistant,Resistant,Sensitive,Resistant,Resistant,Resistant,Resistant,Sensitive,Resistant,Undetermined,ERR15626585,13562480.0,ERR14391840,34306.0,ERR14391841,35524.0,ERR14391842,1209.0,ftp://ftp.sra.ebi.ac.uk/vol1/fastq/ERR143/040/ERR14391840/ERR14391840_1.fastq.gz,ftp://ftp.sra.ebi.ac.uk/vol1/fastq/ERR143/041/ERR14391841/ERR14391841_1.fastq.gz,ftp://ftp.sra.ebi.ac.uk/vol1/fastq/ERR143/042/ERR14391842/ERR14391842_1.fastq.gz,ftp://ftp.sra.ebi.ac.uk/vol1/fastq/ERR156/085/ERR15626585/ERR15626585_1.fastq.gz,ftp://ftp.sra.ebi.ac.uk/vol1/fastq/ERR143/040/ERR14391840/ERR14391840_2.fastq.gz,ftp://ftp.sra.ebi.ac.uk/vol1/fastq/ERR143/041/ERR14391841/ERR14391841_2.fastq.gz,ftp://ftp.sra.ebi.ac.uk/vol1/fastq/ERR143/042/ERR14391842/ERR14391842_2.fastq.gz,ftp://ftp.sra.ebi.ac.uk/vol1/fastq/ERR156/085/ERR15626585/ERR15626585_2.fastq.gz
RCN14787,Vietnam,AmpSeqV2,Resistant,Resistant,Sensitive,Resistant,Resistant,Resistant,Resistant,Sensitive,Resistant,Undetermined,ERR15626588,14845111.0,ERR14391855,28956.0,ERR14391856,32331.0,ERR14391857,1139.0,ftp://ftp.sra.ebi.ac.uk/vol1/fastq/ERR143/055/ERR14391855/ERR14391855_1.fastq.gz,ftp://ftp.sra.ebi.ac.uk/vol1/fastq/ERR143/056/ERR14391856/ERR14391856_1.fastq.gz,ftp://ftp.sra.ebi.ac.uk/vol1/fastq/ERR143/057/ERR14391857/ERR14391857_1.fastq.gz,ftp://ftp.sra.ebi.ac.uk/vol1/fastq/ERR156/088/ERR15626588/ERR15626588_1.fastq.gz,ftp://ftp.sra.ebi.ac.uk/vol1/fastq/ERR143/055/ERR14391855/ERR14391855_2.fastq.gz,ftp://ftp.sra.ebi.ac.uk/vol1/fastq/ERR143/056/ERR14391856/ERR14391856_2.fastq.gz,ftp://ftp.sra.ebi.ac.uk/vol1/fastq/ERR143/057/ERR14391857/ERR14391857_2.fastq.gz,ftp://ftp.sra.ebi.ac.uk/vol1/fastq/ERR156/088/ERR15626588/ERR15626588_2.fastq.gz
RCN14794,Vietnam,AmpSeqV2,Resistant,Resistant,Sensitive,Resistant,Resistant,Resistant,Resistant,Sensitive,Resistant,Undetermined,ERR15626590,14278703.0,ERR14391876,30782.0,ERR14391877,32084.0,ERR14391878,1311.0,ftp://ftp.sra.ebi.ac.uk/vol1/fastq/ERR143/076/ERR14391876/ERR14391876_1.fastq.gz,ftp://ftp.sra.ebi.ac.uk/vol1/fastq/ERR143/077/ERR14391877/ERR14391877_1.fastq.gz,ftp://ftp.sra.ebi.ac.uk/vol1/fastq/ERR143/078/ERR14391878/ERR14391878_1.fastq.gz,ftp://ftp.sra.ebi.ac.uk/vol1/fastq/ERR156/090/ERR15626590/ERR15626590_1.fastq.gz,ftp://ftp.sra.ebi.ac.uk/vol1/fastq/ERR143/076/ERR14391876/ERR14391876_2.fastq.gz,ftp://ftp.sra.ebi.ac.uk/vol1/fastq/ERR143/077/ERR14391877/ERR14391877_2.fastq.gz,ftp://ftp.sra.ebi.ac.uk/vol1/fastq/ERR143/078/ERR14391878/ERR14391878_2.fastq.gz,ftp://ftp.sra.ebi.ac.uk/vol1/fastq/ERR156/090/ERR15626590/ERR15626590_2.fastq.gz
RCN14795,Vietnam,AmpSeqV2,Resistant,Resistant,Sensitive,Resistant,Resistant,Resistant,Resistant,Sensitive,Resistant,Undetermined,ERR15626591,18208716.0,ERR14391879,28068.0,ERR14391880,32347.0,ERR14391881,983.0,ftp://ftp.sra.ebi.ac.uk/vol1/fastq/ERR143/079/ERR14391879/ERR14391879_1.fastq.gz,ftp://ftp.sra.ebi.ac.uk/vol1/fastq/ERR143/080/ERR14391880/ERR14391880_1.fastq.gz,ftp://ftp.sra.ebi.ac.uk/vol1/fastq/ERR143/081/ERR14391881/ERR14391881_1.fastq.gz,ftp://ftp.sra.ebi.ac.uk/vol1/fastq/ERR156/091/ERR15626591/ERR15626591_1.fastq.gz,ftp://ftp.sra.ebi.ac.uk/vol1/fastq/ERR143/079/ERR14391879/ERR14391879_2.fastq.gz,ftp://ftp.sra.ebi.ac.uk/vol1/fastq/ERR143/080/ERR14391880/ERR14391880_2.fastq.gz,ftp://ftp.sra.ebi.ac.uk/vol1/fastq/ERR143/081/ERR14391881/ERR14391881_2.fastq.gz,ftp://ftp.sra.ebi.ac.uk/vol1/fastq/ERR156/091/ERR15626591/ERR15626591_2.fastq.gz
RCN14799,Vietnam,AmpSeqV2,Resistant,Resistant,Sensitive,Resistant,Resistant,Resistant,Resistant,Sensitive,Resistant,Undetermined,ERR15626592,16477181.0,ERR14391891,26123.0,ERR14391892,25012.0,ERR14391893,9.0,ftp://ftp.sra.ebi.ac.uk/vol1/fastq/ERR143/091/ERR14391891/ERR14391891_1.fastq.gz,ftp://ftp.sra.ebi.ac.uk/vol1/fastq/ERR143/092/ERR14391892/ERR14391892_1.fastq.gz,ftp://ftp.sra.ebi.ac.uk/vol1/fastq/ERR143/093/ERR14391893/ERR14391893_1.fastq.gz,ftp://ftp.sra.ebi.ac.uk/vol1/fastq/ERR156/092/ERR15626592/ERR15626592_1.fastq.gz,ftp://ftp.sra.ebi.ac.uk/vol1/fastq/ERR143/091/ERR14391891/ERR14391891_2.fastq.gz,ftp://ftp.sra.ebi.ac.uk/vol1/fastq/ERR143/092/ERR14391892/ERR14391892_2.fastq.gz,ftp://ftp.sra.ebi.ac.uk/vol1/fastq/ERR143/093/ERR14391893/ERR14391893_2.fastq.gz,ftp://ftp.sra.ebi.ac.uk/vol1/fastq/ERR156/092/ERR15626592/ERR15626592_2.fastq.gz
RCN14800,Vietnam,AmpSeqV2,Resistant,Resistant,Sensitive,Resistant,Resistant,Resistant,Resistant,Sensitive,Resistant,Undetermined,ERR15626593,6566931.0,ERR14391894,25270.0,ERR14391895,22336.0,ERR14391896,805.0,ftp://ftp.sra.ebi.ac.uk/vol1/fastq/ERR143/094/ERR14391894/ERR14391894_1.fastq.gz,ftp://ftp.sra.ebi.ac.uk/vol1/fastq/ERR143/095/ERR14391895/ERR14391895_1.fastq.gz,ftp://ftp.sra.ebi.ac.uk/vol1/fastq/ERR143/096/ERR14391896/ERR14391896_1.fastq.gz,ftp://ftp.sra.ebi.ac.uk/vol1/fastq/ERR156/093/ERR15626593/ERR15626593_1.fastq.gz,ftp://ftp.sra.ebi.ac.uk/vol1/fastq/ERR143/094/ERR14391894/ERR14391894_2.fastq.gz,ftp://ftp.sra.ebi.ac.uk/vol1/fastq/ERR143/095/ERR14391895/ERR14391895_2.fastq.gz,ftp://ftp.sra.ebi.ac.uk/vol1/fastq/ERR143/096/ERR14391896/ERR14391896_2.fastq.gz,ftp://ftp.sra.ebi.ac.uk/vol1/fastq/ERR156/093/ERR15626593/ERR15626593_2.fastq.gz
RCN14802,Vietnam,AmpSeqV2,Resistant,Resistant,Sensitive,Resistant,Resistant,Resistant,Resistant,Sensitive,Resistant,Undetermined,ERR15626594,9895597.0,ERR14391900,41440.0,ERR14391901,40770.0,ERR14391902,1397.0,ftp://ftp.sra.ebi.ac.uk/vol1/fastq/ERR143/000/ERR14391900/ERR14391900_1.fastq.gz,ftp://ftp.sra.ebi.ac.uk/vol1/fastq/ERR143/001/ERR14391901/ERR14391901_1.fastq.gz,ftp://ftp.sra.ebi.ac.uk/vol1/fastq/ERR143/002/ERR14391902/ERR14391902_1.fastq.gz,ftp://ftp.sra.ebi.ac.uk/vol1/fastq/ERR156/094/ERR15626594/ERR15626594_1.fastq.gz,ftp://ftp.sra.ebi.ac.uk/vol1/fastq/ERR143/000/ERR14391900/ERR14391900_2.fastq.gz,ftp://ftp.sra.ebi.ac.uk/vol1/fastq/ERR143/001/ERR14391901/ERR14391901_2.fastq.gz,ftp://ftp.sra.ebi.ac.uk/vol1/fastq/ERR143/002/ERR14391902/ERR14391902_2.fastq.gz,ftp://ftp.sra.ebi.ac.uk/vol1/fastq/ERR156/094/ERR15626594/ERR15626594_2.fastq.gz
RCN14803,Vietnam,AmpSeqV2,Resistant,Resistant,Sensitive,Resistant,Resistant,Resistant,Resistant,Sensitive,Resistant,Undetermined,ERR15626595,15166484.0,ERR14391903,34145.0,ERR14391904,37808.0,ERR14391905,1091.0,ftp://ftp.sra.ebi.ac.uk/vol1/fastq/ERR143/003/ERR14391903/ERR14391903_1.fastq.gz,ftp://ftp.sra.ebi.ac.uk/vol1/fastq/ERR143/004/ERR14391904/ERR14391904_1.fastq.gz,ftp://ftp.sra.ebi.ac.uk/vol1/fastq/ERR143/005/ERR14391905/ERR14391905_1.fastq.gz,ftp://ftp.sra.ebi.ac.uk/vol1/fastq/ERR156/095/ERR15626595/ERR15626595_1.fastq.gz,ftp://ftp.sra.ebi.ac.uk/vol1/fastq/ERR143/003/ERR14391903/ERR14391903_2.fastq.gz,ftp://ftp.sra.ebi.ac.uk/vol1/fastq/ERR143/004/ERR14391904/ERR14391904_2.fastq.gz,ftp://ftp.sra.ebi.ac.uk/vol1/fastq/ERR143/005/ERR14391905/ERR14391905_2.fastq.gz,ftp://ftp.sra.ebi.ac.uk/vol1/fastq/ERR156/095/ERR15626595/ERR15626595_2.fastq.gz
RCN14807,Vietnam,AmpSeqV2,Resistant,Resistant,Sensitive,Resistant,Resistant,Resistant,Resistant,Sensitive,Resistant,Undetermined,ERR15626596,13621401.0,ERR14391915,25361.0,ERR14391916,29154.0,ERR14391917,5.0,ftp://ftp.sra.ebi.ac.uk/vol1/fastq/ERR143/015/ERR14391915/ERR14391915_1.fastq.gz,ftp://ftp.sra.ebi.ac.uk/vol1/fastq/ERR143/016/ERR14391916/ERR14391916_1.fastq.gz,ftp://ftp.sra.ebi.ac.uk/vol1/fastq/ERR143/017/ERR14391917/ERR14391917_1.fastq.gz,ftp://ftp.sra.ebi.ac.uk/vol1/fastq/ERR156/096/ERR15626596/ERR15626596_1.fastq.gz,ftp://ftp.sra.ebi.ac.uk/vol1/fastq/ERR143/015/ERR14391915/ERR14391915_2.fastq.gz,ftp://ftp.sra.ebi.ac.uk/vol1/fastq/ERR143/016/ERR14391916/ERR14391916_2.fastq.gz,ftp://ftp.sra.ebi.ac.uk/vol1/fastq/ERR143/017/ERR14391917/ERR14391917_2.fastq.gz,ftp://ftp.sra.ebi.ac.uk/vol1/fastq/ERR156/096/ERR15626596/ERR15626596_2.fastq.gz
RCN14810,Vietnam,AmpSeqV2,Resistant,Resistant,Sensitive,Resistant,Resistant,Resistant,Resistant,Sensitive,Resistant,Undetermined,ERR15626598,16035810.0,ERR14391924,32514.0,ERR14391925,31116.0,ERR14391926,1164.0,ftp://ftp.sra.ebi.ac.uk/vol1/fastq/ERR143/024/ERR14391924/ERR14391924_1.fastq.gz,ftp://ftp.sra.ebi.ac.uk/vol1/fastq/ERR143/025/ERR14391925/ERR14391925_1.fastq.gz,ftp://ftp.sra.ebi.ac.uk/vol1/fastq/ERR143/026/ERR14391926/ERR14391926_1.fastq.gz,ftp://ftp.sra.ebi.ac.uk/vol1/fastq/ERR156/098/ERR15626598/ERR15626598_1.fastq.gz,ftp://ftp.sra.ebi.ac.uk/vol1/fastq/ERR143/024/ERR14391924/ERR14391924_2.fastq.gz,ftp://ftp.sra.ebi.ac.uk/vol1/fastq/ERR143/025/ERR14391925/ERR14391925_2.fastq.gz,ftp://ftp.sra.ebi.ac.uk/vol1/fastq/ERR143/026/ERR14391926/ERR14391926_2.fastq.gz,ftp://ftp.sra.ebi.ac.uk/vol1/fastq/ERR156/098/ERR15626598/ERR15626598_2.fastq.gz
RCN14811,Vietnam,AmpSeqV2,Resistant,Resistant,Sensitive,Resistant,Resistant,Resistant,Resistant,Sensitive,Resistant,Undetermined,ERR15626599,14064845.0,ERR14391927,29630.0,ERR14391928,29176.0,ERR14391929,946.0,ftp://ftp.sra.ebi.ac.uk/vol1/fastq/ERR143/027/ERR14391927/ERR14391927_1.fastq.gz,ftp://ftp.sra.ebi.ac.uk/vol1/fastq/ERR143/028/ERR14391928/ERR14391928_1.fastq.gz,ftp://ftp.sra.ebi.ac.uk/vol1/fastq/ERR143/029/ERR14391929/ERR14391929_1.fastq.gz,ftp://ftp.sra.ebi.ac.uk/vol1/fastq/ERR156/099/ERR15626599/ERR15626599_1.fastq.gz,ftp://ftp.sra.ebi.ac.uk/vol1/fastq/ERR143/027/ERR14391927/ERR14391927_2.fastq.gz,ftp://ftp.sra.ebi.ac.uk/vol1/fastq/ERR143/028/ERR14391928/ERR14391928_2.fastq.gz,ftp://ftp.sra.ebi.ac.uk/vol1/fastq/ERR143/029/ERR14391929/ERR14391929_2.fastq.gz,ftp://ftp.sra.ebi.ac.uk/vol1/fastq/ERR156/099/ERR15626599/ERR15626599_2.fastq.gz
RCN14814,Vietnam,AmpSeqV2,Resistant,Resistant,Sensitive,Resistant,Resistant,Resistant,Resistant,Sensitive,Resistant,Undetermined,ERR15626600,12653739.0,ERR14391936,27916.0,ERR14391937,31358.0,ERR14391938,811.0,ftp://ftp.sra.ebi.ac.uk/vol1/fastq/ERR143/036/ERR14391936/ERR14391936_1.fastq.gz,ftp://ftp.sra.ebi.ac.uk/vol1/fastq/ERR143/037/ERR14391937/ERR14391937_1.fastq.gz,ftp://ftp.sra.ebi.ac.uk/vol1/fastq/ERR143/038/ERR14391938/ERR14391938_1.fastq.gz,ftp://ftp.sra.ebi.ac.uk/vol1/fastq/ERR156/000/ERR15626600/ERR15626600_1.fastq.gz,ftp://ftp.sra.ebi.ac.uk/vol1/fastq/ERR143/036/ERR14391936/ERR14391936_2.fastq.gz,ftp://ftp.sra.ebi.ac.uk/vol1/fastq/ERR143/037/ERR14391937/ERR14391937_2.fastq.gz,ftp://ftp.sra.ebi.ac.uk/vol1/fastq/ERR143/038/ERR14391938/ERR14391938_2.fastq.gz,ftp://ftp.sra.ebi.ac.uk/vol1/fastq/ERR156/000/ERR15626600/ERR15626600_2.fastq.gz
RCN14816,Vietnam,AmpSeqV2,Resistant,Resistant,Sensitive,Resistant,Resistant,Resistant,Resistant,Sensitive,Resistant,Undetermined,ERR15626602,14753304.0,ERR14391942,34316.0,ERR14391943,38547.0,ERR14391944,975.0,ftp://ftp.sra.ebi.ac.uk/vol1/fastq/ERR143/042/ERR14391942/ERR14391942_1.fastq.gz,ftp://ftp.sra.ebi.ac.uk/vol1/fastq/ERR143/043/ERR14391943/ERR14391943_1.fastq.gz,ftp://ftp.sra.ebi.ac.uk/vol1/fastq/ERR143/044/ERR14391944/ERR14391944_1.fastq.gz,ftp://ftp.sra.ebi.ac.uk/vol1/fastq/ERR156/002/ERR15626602/ERR15626602_1.fastq.gz,ftp://ftp.sra.ebi.ac.uk/vol1/fastq/ERR143/042/ERR14391942/ERR14391942_2.fastq.gz,ftp://ftp.sra.ebi.ac.uk/vol1/fastq/ERR143/043/ERR14391943/ERR14391943_2.fastq.gz,ftp://ftp.sra.ebi.ac.uk/vol1/fastq/ERR143/044/ERR14391944/ERR14391944_2.fastq.gz,ftp://ftp.sra.ebi.ac.uk/vol1/fastq/ERR156/002/ERR15626602/ERR15626602_2.fastq.gz
RCN14818,Vietnam,AmpSeqV2,Resistant,Resistant,Sensitive,Resistant,Resistant,Resistant,Resistant,Sensitive,Resistant,Undetermined,ERR15626603,19198342.0,ERR14391948,23913.0,ERR14391949,32990.0,ERR14391950,1026.0,ftp://ftp.sra.ebi.ac.uk/vol1/fastq/ERR143/048/ERR14391948/ERR14391948_1.fastq.gz,ftp://ftp.sra.ebi.ac.uk/vol1/fastq/ERR143/049/ERR14391949/ERR14391949_1.fastq.gz,ftp://ftp.sra.ebi.ac.uk/vol1/fastq/ERR143/050/ERR14391950/ERR14391950_1.fastq.gz,ftp://ftp.sra.ebi.ac.uk/vol1/fastq/ERR156/003/ERR15626603/ERR15626603_1.fastq.gz,ftp://ftp.sra.ebi.ac.uk/vol1/fastq/ERR143/048/ERR14391948/ERR14391948_2.fastq.gz,ftp://ftp.sra.ebi.ac.uk/vol1/fastq/ERR143/049/ERR14391949/ERR14391949_2.fastq.gz,ftp://ftp.sra.ebi.ac.uk/vol1/fastq/ERR143/050/ERR14391950/ERR14391950_2.fastq.gz,ftp://ftp.sra.ebi.ac.uk/vol1/fastq/ERR156/003/ERR15626603/ERR15626603_2.fastq.gz
RCN14819,Vietnam,AmpSeqV2,Resistant,Resistant,Sensitive,Resistant,Resistant,Resistant,Resistant,Sensitive,Resistant,Undetermined,ERR15626604,14368285.0,ERR14391951,27188.0,ERR14391952,31624.0,ERR14391953,819.0,ftp://ftp.sra.ebi.ac.uk/vol1/fastq/ERR143/051/ERR14391951/ERR14391951_1.fastq.gz,ftp://ftp.sra.ebi.ac.uk/vol1/fastq/ERR143/052/ERR14391952/ERR14391952_1.fastq.gz,ftp://ftp.sra.ebi.ac.uk/vol1/fastq/ERR143/053/ERR14391953/ERR14391953_1.fastq.gz,ftp://ftp.sra.ebi.ac.uk/vol1/fastq/ERR156/004/ERR15626604/ERR15626604_1.fastq.gz,ftp://ftp.sra.ebi.ac.uk/vol1/fastq/ERR143/051/ERR14391951/ERR14391951_2.fastq.gz,ftp://ftp.sra.ebi.ac.uk/vol1/fastq/ERR143/052/ERR14391952/ERR14391952_2.fastq.gz,ftp://ftp.sra.ebi.ac.uk/vol1/fastq/ERR143/053/ERR14391953/ERR14391953_2.fastq.gz,ftp://ftp.sra.ebi.ac.uk/vol1/fastq/ERR156/004/ERR15626604/ERR15626604_2.fastq.gz
RCN14827,Vietnam,AmpSeqV2,Resistant,Resistant,Sensitive,Resistant,Resistant,Resistant,Resistant,Sensitive,Resistant,Undetermined,ERR15626605,16988732.0,ERR14391972,30964.0,ERR14391973,33395.0,ERR14391974,945.0,ftp://ftp.sra.ebi.ac.uk/vol1/fastq/ERR143/072/ERR14391972/ERR14391972_1.fastq.gz,ftp://ftp.sra.ebi.ac.uk/vol1/fastq/ERR143/073/ERR14391973/ERR14391973_1.fastq.gz,ftp://ftp.sra.ebi.ac.uk/vol1/fastq/ERR143/074/ERR14391974/ERR14391974_1.fastq.gz,ftp://ftp.sra.ebi.ac.uk/vol1/fastq/ERR156/005/ERR15626605/ERR15626605_1.fastq.gz,ftp://ftp.sra.ebi.ac.uk/vol1/fastq/ERR143/072/ERR14391972/ERR14391972_2.fastq.gz,ftp://ftp.sra.ebi.ac.uk/vol1/fastq/ERR143/073/ERR14391973/ERR14391973_2.fastq.gz,ftp://ftp.sra.ebi.ac.uk/vol1/fastq/ERR143/074/ERR14391974/ERR14391974_2.fastq.gz,ftp://ftp.sra.ebi.ac.uk/vol1/fastq/ERR156/005/ERR15626605/ERR15626605_2.fastq.gz
RCN14834,Vietnam,AmpSeqV2,Resistant,Resistant,Sensitive,Resistant,Resistant,Resistant,Resistant,Sensitive,Resistant,Undetermined,ERR15626606,13755485.0,ERR14391993,24723.0,ERR14391994,38885.0,ERR14391995,866.0,ftp://ftp.sra.ebi.ac.uk/vol1/fastq/ERR143/093/ERR14391993/ERR14391993_1.fastq.gz,ftp://ftp.sra.ebi.ac.uk/vol1/fastq/ERR143/094/ERR14391994/ERR14391994_1.fastq.gz,ftp://ftp.sra.ebi.ac.uk/vol1/fastq/ERR143/095/ERR14391995/ERR14391995_1.fastq.gz,ftp://ftp.sra.ebi.ac.uk/vol1/fastq/ERR156/006/ERR15626606/ERR15626606_1.fastq.gz,ftp://ftp.sra.ebi.ac.uk/vol1/fastq/ERR143/093/ERR14391993/ERR14391993_2.fastq.gz,ftp://ftp.sra.ebi.ac.uk/vol1/fastq/ERR143/094/ERR14391994/ERR14391994_2.fastq.gz,ftp://ftp.sra.ebi.ac.uk/vol1/fastq/ERR143/095/ERR14391995/ERR14391995_2.fastq.gz,ftp://ftp.sra.ebi.ac.uk/vol1/fastq/ERR156/006/ERR15626606/ERR15626606_2.fastq.gz
RCN14835,Vietnam,AmpSeqV2,Resistant,Resistant,Sensitive,Resistant,Resistant,Resistant,Resistant,Sensitive,Resistant,Undetermined,ERR15626607,5636992.0,ERR14391996,19982.0,ERR14391997,30024.0,ERR14391998,720.0,ftp://ftp.sra.ebi.ac.uk/vol1/fastq/ERR143/096/ERR14391996/ERR14391996_1.fastq.gz,ftp://ftp.sra.ebi.ac.uk/vol1/fastq/ERR143/097/ERR14391997/ERR14391997_1.fastq.gz,ftp://ftp.sra.ebi.ac.uk/vol1/fastq/ERR143/098/ERR14391998/ERR14391998_1.fastq.gz,ftp://ftp.sra.ebi.ac.uk/vol1/fastq/ERR156/007/ERR15626607/ERR15626607_1.fastq.gz,ftp://ftp.sra.ebi.ac.uk/vol1/fastq/ERR143/096/ERR14391996/ERR14391996_2.fastq.gz,ftp://ftp.sra.ebi.ac.uk/vol1/fastq/ERR143/097/ERR14391997/ERR14391997_2.fastq.gz,ftp://ftp.sra.ebi.ac.uk/vol1/fastq/ERR143/098/ERR14391998/ERR14391998_2.fastq.gz,ftp://ftp.sra.ebi.ac.uk/vol1/fastq/ERR156/007/ERR15626607/ERR15626607_2.fastq.gz
RCN14839,Vietnam,AmpSeqV2,Resistant,Resistant,Sensitive,Resistant,Resistant,Resistant,Resistant,Sensitive,Resistant,Undetermined,ERR15626608,11647696.0,ERR14392005,24645.0,ERR14392006,27725.0,ERR14392007,572.0,ftp://ftp.sra.ebi.ac.uk/vol1/fastq/ERR143/005/ERR14392005/ERR14392005_1.fastq.gz,ftp://ftp.sra.ebi.ac.uk/vol1/fastq/ERR143/006/ERR14392006/ERR14392006_1.fastq.gz,ftp://ftp.sra.ebi.ac.uk/vol1/fastq/ERR143/007/ERR14392007/ERR14392007_1.fastq.gz,ftp://ftp.sra.ebi.ac.uk/vol1/fastq/ERR156/008/ERR15626608/ERR15626608_1.fastq.gz,ftp://ftp.sra.ebi.ac.uk/vol1/fastq/ERR143/005/ERR14392005/ERR14392005_2.fastq.gz,ftp://ftp.sra.ebi.ac.uk/vol1/fastq/ERR143/006/ERR14392006/ERR14392006_2.fastq.gz,ftp://ftp.sra.ebi.ac.uk/vol1/fastq/ERR143/007/ERR14392007/ERR14392007_2.fastq.gz,ftp://ftp.sra.ebi.ac.uk/vol1/fastq/ERR156/008/ERR15626608/ERR15626608_2.fastq.gz
RCN14840,Vietnam,AmpSeqV2,Resistant,Resistant,Sensitive,Resistant,Resistant,Resistant,Resistant,Sensitive,Resistant,Undetermined,ERR15626609,11888645.0,ERR14392008,24539.0,ERR14392009,37482.0,ERR14392010,1303.0,ftp://ftp.sra.ebi.ac.uk/vol1/fastq/ERR143/008/ERR14392008/ERR14392008_1.fastq.gz,ftp://ftp.sra.ebi.ac.uk/vol1/fastq/ERR143/009/ERR14392009/ERR14392009_1.fastq.gz,ftp://ftp.sra.ebi.ac.uk/vol1/fastq/ERR143/010/ERR14392010/ERR14392010_1.fastq.gz,ftp://ftp.sra.ebi.ac.uk/vol1/fastq/ERR156/009/ERR15626609/ERR15626609_1.fastq.gz,ftp://ftp.sra.ebi.ac.uk/vol1/fastq/ERR143/008/ERR14392008/ERR14392008_2.fastq.gz,ftp://ftp.sra.ebi.ac.uk/vol1/fastq/ERR143/009/ERR14392009/ERR14392009_2.fastq.gz,ftp://ftp.sra.ebi.ac.uk/vol1/fastq/ERR143/010/ERR14392010/ERR14392010_2.fastq.gz,ftp://ftp.sra.ebi.ac.uk/vol1/fastq/ERR156/009/ERR15626609/ERR15626609_2.fastq.gz
RCN14841,Vietnam,AmpSeqV2,Resistant,Resistant,Sensitive,Resistant,Resistant,Resistant,Resistant,Sensitive,Resistant,Undetermined,ERR15626610,6709526.0,ERR14392011,23293.0,ERR14392012,27546.0,ERR14392013,1048.0,ftp://ftp.sra.ebi.ac.uk/vol1/fastq/ERR143/011/ERR14392011/ERR14392011_1.fastq.gz,ftp://ftp.sra.ebi.ac.uk/vol1/fastq/ERR143/012/ERR14392012/ERR14392012_1.fastq.gz,ftp://ftp.sra.ebi.ac.uk/vol1/fastq/ERR143/013/ERR14392013/ERR14392013_1.fastq.gz,ftp://ftp.sra.ebi.ac.uk/vol1/fastq/ERR156/010/ERR15626610/ERR15626610_1.fastq.gz,ftp://ftp.sra.ebi.ac.uk/vol1/fastq/ERR143/011/ERR14392011/ERR14392011_2.fastq.gz,ftp://ftp.sra.ebi.ac.uk/vol1/fastq/ERR143/012/ERR14392012/ERR14392012_2.fastq.gz,ftp://ftp.sra.ebi.ac.uk/vol1/fastq/ERR143/013/ERR14392013/ERR14392013_2.fastq.gz,ftp://ftp.sra.ebi.ac.uk/vol1/fastq/ERR156/010/ERR15626610/ERR15626610_2.fastq.gz
RCN14843,Vietnam,AmpSeqV2,Resistant,Resistant,Sensitive,Resistant,Resistant,Resistant,Resistant,Sensitive,Resistant,Undetermined,ERR15626611,13165107.0,ERR14392017,23627.0,ERR14392018,30792.0,ERR14392019,954.0,ftp://ftp.sra.ebi.ac.uk/vol1/fastq/ERR143/017/ERR14392017/ERR14392017_1.fastq.gz,ftp://ftp.sra.ebi.ac.uk/vol1/fastq/ERR143/018/ERR14392018/ERR14392018_1.fastq.gz,ftp://ftp.sra.ebi.ac.uk/vol1/fastq/ERR143/019/ERR14392019/ERR14392019_1.fastq.gz,ftp://ftp.sra.ebi.ac.uk/vol1/fastq/ERR156/011/ERR15626611/ERR15626611_1.fastq.gz,ftp://ftp.sra.ebi.ac.uk/vol1/fastq/ERR143/017/ERR14392017/ERR14392017_2.fastq.gz,ftp://ftp.sra.ebi.ac.uk/vol1/fastq/ERR143/018/ERR14392018/ERR14392018_2.fastq.gz,ftp://ftp.sra.ebi.ac.uk/vol1/fastq/ERR143/019/ERR14392019/ERR14392019_2.fastq.gz,ftp://ftp.sra.ebi.ac.uk/vol1/fastq/ERR156/011/ERR15626611/ERR15626611_2.fastq.gz
RCN14847,Vietnam,AmpSeqV2,Resistant,Resistant,Sensitive,Resistant,Resistant,Resistant,Resistant,Sensitive,Resistant,Undetermined,ERR15626612,14511253.0,ERR14392029,17918.0,ERR14392030,36021.0,ERR14392031,6.0,ftp://ftp.sra.ebi.ac.uk/vol1/fastq/ERR143/029/ERR14392029/ERR14392029_1.fastq.gz,ftp://ftp.sra.ebi.ac.uk/vol1/fastq/ERR143/030/ERR14392030/ERR14392030_1.fastq.gz,ftp://ftp.sra.ebi.ac.uk/vol1/fastq/ERR143/031/ERR14392031/ERR14392031_1.fastq.gz,ftp://ftp.sra.ebi.ac.uk/vol1/fastq/ERR156/012/ERR15626612/ERR15626612_1.fastq.gz,ftp://ftp.sra.ebi.ac.uk/vol1/fastq/ERR143/029/ERR14392029/ERR14392029_2.fastq.gz,ftp://ftp.sra.ebi.ac.uk/vol1/fastq/ERR143/030/ERR14392030/ERR14392030_2.fastq.gz,ftp://ftp.sra.ebi.ac.uk/vol1/fastq/ERR143/031/ERR14392031/ERR14392031_2.fastq.gz,ftp://ftp.sra.ebi.ac.uk/vol1/fastq/ERR156/012/ERR15626612/ERR15626612_2.fastq.gz
RCN14848,Vietnam,AmpSeqV2,Resistant,Resistant,Sensitive,Resistant,Resistant,Resistant,Resistant,Sensitive,Resistant,Undetermined,ERR15626613,16277669.0,ERR14392032,35612.0,ERR14392033,39645.0,ERR14392034,1059.0,ftp://ftp.sra.ebi.ac.uk/vol1/fastq/ERR143/032/ERR14392032/ERR14392032_1.fastq.gz,ftp://ftp.sra.ebi.ac.uk/vol1/fastq/ERR143/033/ERR14392033/ERR14392033_1.fastq.gz,ftp://ftp.sra.ebi.ac.uk/vol1/fastq/ERR143/034/ERR14392034/ERR14392034_1.fastq.gz,ftp://ftp.sra.ebi.ac.uk/vol1/fastq/ERR156/013/ERR15626613/ERR15626613_1.fastq.gz,ftp://ftp.sra.ebi.ac.uk/vol1/fastq/ERR143/032/ERR14392032/ERR14392032_2.fastq.gz,ftp://ftp.sra.ebi.ac.uk/vol1/fastq/ERR143/033/ERR14392033/ERR14392033_2.fastq.gz,ftp://ftp.sra.ebi.ac.uk/vol1/fastq/ERR143/034/ERR14392034/ERR14392034_2.fastq.gz,ftp://ftp.sra.ebi.ac.uk/vol1/fastq/ERR156/013/ERR15626613/ERR15626613_2.fastq.gz
RCN14849,Vietnam,AmpSeqV2,Resistant,Resistant,Sensitive,Resistant,Resistant,Resistant,Resistant,Sensitive,Resistant,Undetermined,ERR15626614,7213907.0,ERR14392035,13606.0,ERR14392036,21467.0,ERR14392037,447.0,ftp://ftp.sra.ebi.ac.uk/vol1/fastq/ERR143/035/ERR14392035/ERR14392035_1.fastq.gz,ftp://ftp.sra.ebi.ac.uk/vol1/fastq/ERR143/036/ERR14392036/ERR14392036_1.fastq.gz,ftp://ftp.sra.ebi.ac.uk/vol1/fastq/ERR143/037/ERR14392037/ERR14392037_1.fastq.gz,ftp://ftp.sra.ebi.ac.uk/vol1/fastq/ERR156/014/ERR15626614/ERR15626614_1.fastq.gz,ftp://ftp.sra.ebi.ac.uk/vol1/fastq/ERR143/035/ERR14392035/ERR14392035_2.fastq.gz,ftp://ftp.sra.ebi.ac.uk/vol1/fastq/ERR143/036/ERR14392036/ERR14392036_2.fastq.gz,ftp://ftp.sra.ebi.ac.uk/vol1/fastq/ERR143/037/ERR14392037/ERR14392037_2.fastq.gz,ftp://ftp.sra.ebi.ac.uk/vol1/fastq/ERR156/014/ERR15626614/ERR15626614_2.fastq.gz
RCN14850,Vietnam,AmpSeqV2,Resistant,Resistant,Sensitive,Resistant,Resistant,Resistant,Resistant,Sensitive,Resistant,Undetermined,ERR15626615,14275095.0,ERR14392038,29944.0,ERR14392039,36778.0,ERR14392040,851.0,ftp://ftp.sra.ebi.ac.uk/vol1/fastq/ERR143/038/ERR14392038/ERR14392038_1.fastq.gz,ftp://ftp.sra.ebi.ac.uk/vol1/fastq/ERR143/039/ERR14392039/ERR14392039_1.fastq.gz,ftp://ftp.sra.ebi.ac.uk/vol1/fastq/ERR143/040/ERR14392040/ERR14392040_1.fastq.gz,ftp://ftp.sra.ebi.ac.uk/vol1/fastq/ERR156/015/ERR15626615/ERR15626615_1.fastq.gz,ftp://ftp.sra.ebi.ac.uk/vol1/fastq/ERR143/038/ERR14392038/ERR14392038_2.fastq.gz,ftp://ftp.sra.ebi.ac.uk/vol1/fastq/ERR143/039/ERR14392039/ERR14392039_2.fastq.gz,ftp://ftp.sra.ebi.ac.uk/vol1/fastq/ERR143/040/ERR14392040/ERR14392040_2.fastq.gz,ftp://ftp.sra.ebi.ac.uk/vol1/fastq/ERR156/015/ERR15626615/ERR15626615_2.fastq.gz
RCN14904,Laos,AmpSeqV2,Resistant,Sensitive,Sensitive,Resistant,Resistant,Resistant,Sensitive,Sensitive,Resistant,Sensitive,ERR15626617,10554385.0,ERR14392053,63864.0,ERR14392054,49587.0,ERR14392055,1580.0,ftp://ftp.sra.ebi.ac.uk/vol1/fastq/ERR143/053/ERR14392053/ERR14392053_1.fastq.gz,ftp://ftp.sra.ebi.ac.uk/vol1/fastq/ERR143/054/ERR14392054/ERR14392054_1.fastq.gz,ftp://ftp.sra.ebi.ac.uk/vol1/fastq/ERR143/055/ERR14392055/ERR14392055_1.fastq.gz,ftp://ftp.sra.ebi.ac.uk/vol1/fastq/ERR156/017/ERR15626617/ERR15626617_1.fastq.gz,ftp://ftp.sra.ebi.ac.uk/vol1/fastq/ERR143/053/ERR14392053/ERR14392053_2.fastq.gz,ftp://ftp.sra.ebi.ac.uk/vol1/fastq/ERR143/054/ERR14392054/ERR14392054_2.fastq.gz,ftp://ftp.sra.ebi.ac.uk/vol1/fastq/ERR143/055/ERR14392055/ERR14392055_2.fastq.gz,ftp://ftp.sra.ebi.ac.uk/vol1/fastq/ERR156/017/ERR15626617/ERR15626617_2.fastq.gz
RCN14906,Laos,AmpSeqV2,Resistant,Sensitive,Sensitive,Resistant,Resistant,Resistant,Sensitive,Sensitive,Resistant,Sensitive,ERR15626618,9324983.0,ERR14392056,32783.0,ERR14392057,41750.0,ERR14392058,2242.0,ftp://ftp.sra.ebi.ac.uk/vol1/fastq/ERR143/056/ERR14392056/ERR14392056_1.fastq.gz,ftp://ftp.sra.ebi.ac.uk/vol1/fastq/ERR143/057/ERR14392057/ERR14392057_1.fastq.gz,ftp://ftp.sra.ebi.ac.uk/vol1/fastq/ERR143/058/ERR14392058/ERR14392058_1.fastq.gz,ftp://ftp.sra.ebi.ac.uk/vol1/fastq/ERR156/018/ERR15626618/ERR15626618_1.fastq.gz,ftp://ftp.sra.ebi.ac.uk/vol1/fastq/ERR143/056/ERR14392056/ERR14392056_2.fastq.gz,ftp://ftp.sra.ebi.ac.uk/vol1/fastq/ERR143/057/ERR14392057/ERR14392057_2.fastq.gz,ftp://ftp.sra.ebi.ac.uk/vol1/fastq/ERR143/058/ERR14392058/ERR14392058_2.fastq.gz,ftp://ftp.sra.ebi.ac.uk/vol1/fastq/ERR156/018/ERR15626618/ERR15626618_2.fastq.gz
RCN14912,Laos,AmpSeqV2,Resistant,Sensitive,Sensitive,Resistant,Resistant,Resistant,Sensitive,Sensitive,Resistant,Sensitive,ERR15626621,9887276.0,ERR14392065,59372.0,ERR14392066,40800.0,ERR14392067,2238.0,ftp://ftp.sra.ebi.ac.uk/vol1/fastq/ERR143/065/ERR14392065/ERR14392065_1.fastq.gz,ftp://ftp.sra.ebi.ac.uk/vol1/fastq/ERR143/066/ERR14392066/ERR14392066_1.fastq.gz,ftp://ftp.sra.ebi.ac.uk/vol1/fastq/ERR143/067/ERR14392067/ERR14392067_1.fastq.gz,ftp://ftp.sra.ebi.ac.uk/vol1/fastq/ERR156/021/ERR15626621/ERR15626621_1.fastq.gz,ftp://ftp.sra.ebi.ac.uk/vol1/fastq/ERR143/065/ERR14392065/ERR14392065_2.fastq.gz,ftp://ftp.sra.ebi.ac.uk/vol1/fastq/ERR143/066/ERR14392066/ERR14392066_2.fastq.gz,ftp://ftp.sra.ebi.ac.uk/vol1/fastq/ERR143/067/ERR14392067/ERR14392067_2.fastq.gz,ftp://ftp.sra.ebi.ac.uk/vol1/fastq/ERR156/021/ERR15626621/ERR15626621_2.fastq.gz
RCN14913,Laos,AmpSeqV2,Resistant,Sensitive,Sensitive,Resistant,Resistant,Resistant,Sensitive,Sensitive,Resistant,Sensitive,ERR15626622,11468293.0,ERR14392068,73752.0,ERR14392069,67278.0,ERR14392070,5621.0,ftp://ftp.sra.ebi.ac.uk/vol1/fastq/ERR143/068/ERR14392068/ERR14392068_1.fastq.gz,ftp://ftp.sra.ebi.ac.uk/vol1/fastq/ERR143/069/ERR14392069/ERR14392069_1.fastq.gz,ftp://ftp.sra.ebi.ac.uk/vol1/fastq/ERR143/070/ERR14392070/ERR14392070_1.fastq.gz,ftp://ftp.sra.ebi.ac.uk/vol1/fastq/ERR156/022/ERR15626622/ERR15626622_1.fastq.gz,ftp://ftp.sra.ebi.ac.uk/vol1/fastq/ERR143/068/ERR14392068/ERR14392068_2.fastq.gz,ftp://ftp.sra.ebi.ac.uk/vol1/fastq/ERR143/069/ERR14392069/ERR14392069_2.fastq.gz,ftp://ftp.sra.ebi.ac.uk/vol1/fastq/ERR143/070/ERR14392070/ERR14392070_2.fastq.gz,ftp://ftp.sra.ebi.ac.uk/vol1/fastq/ERR156/022/ERR15626622/ERR15626622_2.fastq.gz
RCN14915,Laos,AmpSeqV2,Resistant,Sensitive,Sensitive,Resistant,Resistant,Resistant,Sensitive,Sensitive,Resistant,Sensitive,ERR15626623,8436009.0,ERR14392074,30932.0,ERR14392075,39953.0,ERR14392076,1914.0,ftp://ftp.sra.ebi.ac.uk/vol1/fastq/ERR143/074/ERR14392074/ERR14392074_1.fastq.gz,ftp://ftp.sra.ebi.ac.uk/vol1/fastq/ERR143/075/ERR14392075/ERR14392075_1.fastq.gz,ftp://ftp.sra.ebi.ac.uk/vol1/fastq/ERR143/076/ERR14392076/ERR14392076_1.fastq.gz,ftp://ftp.sra.ebi.ac.uk/vol1/fastq/ERR156/023/ERR15626623/ERR15626623_1.fastq.gz,ftp://ftp.sra.ebi.ac.uk/vol1/fastq/ERR143/074/ERR14392074/ERR14392074_2.fastq.gz,ftp://ftp.sra.ebi.ac.uk/vol1/fastq/ERR143/075/ERR14392075/ERR14392075_2.fastq.gz,ftp://ftp.sra.ebi.ac.uk/vol1/fastq/ERR143/076/ERR14392076/ERR14392076_2.fastq.gz,ftp://ftp.sra.ebi.ac.uk/vol1/fastq/ERR156/023/ERR15626623/ERR15626623_2.fastq.gz
RCN14916,Laos,AmpSeqV2,Resistant,Sensitive,Sensitive,Resistant,Resistant,Resistant,Sensitive,Sensitive,Resistant,Sensitive,ERR15626624,9458640.0,ERR14392077,62023.0,ERR14392078,42691.0,ERR14392079,2711.0,ftp://ftp.sra.ebi.ac.uk/vol1/fastq/ERR143/077/ERR14392077/ERR14392077_1.fastq.gz,ftp://ftp.sra.ebi.ac.uk/vol1/fastq/ERR143/078/ERR14392078/ERR14392078_1.fastq.gz,ftp://ftp.sra.ebi.ac.uk/vol1/fastq/ERR143/079/ERR14392079/ERR14392079_1.fastq.gz,ftp://ftp.sra.ebi.ac.uk/vol1/fastq/ERR156/024/ERR15626624/ERR15626624_1.fastq.gz,ftp://ftp.sra.ebi.ac.uk/vol1/fastq/ERR143/077/ERR14392077/ERR14392077_2.fastq.gz,ftp://ftp.sra.ebi.ac.uk/vol1/fastq/ERR143/078/ERR14392078/ERR14392078_2.fastq.gz,ftp://ftp.sra.ebi.ac.uk/vol1/fastq/ERR143/079/ERR14392079/ERR14392079_2.fastq.gz,ftp://ftp.sra.ebi.ac.uk/vol1/fastq/ERR156/024/ERR15626624/ERR15626624_2.fastq.gz
RCN14918,Laos,AmpSeqV2,Sensitive,Sensitive,Sensitive,Resistant,Resistant,Sensitive,Sensitive,Sensitive,Sensitive,Sensitive,ERR15626625,14941270.0,ERR14392083,14800.0,ERR14392084,52030.0,ERR14392085,1019.0,ftp://ftp.sra.ebi.ac.uk/vol1/fastq/ERR143/083/ERR14392083/ERR14392083_1.fastq.gz,ftp://ftp.sra.ebi.ac.uk/vol1/fastq/ERR143/084/ERR14392084/ERR14392084_1.fastq.gz,ftp://ftp.sra.ebi.ac.uk/vol1/fastq/ERR143/085/ERR14392085/ERR14392085_1.fastq.gz,ftp://ftp.sra.ebi.ac.uk/vol1/fastq/ERR156/025/ERR15626625/ERR15626625_1.fastq.gz,ftp://ftp.sra.ebi.ac.uk/vol1/fastq/ERR143/083/ERR14392083/ERR14392083_2.fastq.gz,ftp://ftp.sra.ebi.ac.uk/vol1/fastq/ERR143/084/ERR14392084/ERR14392084_2.fastq.gz,ftp://ftp.sra.ebi.ac.uk/vol1/fastq/ERR143/085/ERR14392085/ERR14392085_2.fastq.gz,ftp://ftp.sra.ebi.ac.uk/vol1/fastq/ERR156/025/ERR15626625/ERR15626625_2.fastq.gz
RCN14919,Laos,AmpSeqV2,Sensitive,Sensitive,Sensitive,Resistant,Resistant,Sensitive,Sensitive,Sensitive,Sensitive,Sensitive,ERR15626627,8902118.0,ERR14392086,54791.0,ERR14392087,41790.0,ERR14392088,1022.0,ftp://ftp.sra.ebi.ac.uk/vol1/fastq/ERR143/086/ERR14392086/ERR14392086_1.fastq.gz,ftp://ftp.sra.ebi.ac.uk/vol1/fastq/ERR143/087/ERR14392087/ERR14392087_1.fastq.gz,ftp://ftp.sra.ebi.ac.uk/vol1/fastq/ERR143/088/ERR14392088/ERR14392088_1.fastq.gz,ftp://ftp.sra.ebi.ac.uk/vol1/fastq/ERR156/027/ERR15626627/ERR15626627_1.fastq.gz,ftp://ftp.sra.ebi.ac.uk/vol1/fastq/ERR143/086/ERR14392086/ERR14392086_2.fastq.gz,ftp://ftp.sra.ebi.ac.uk/vol1/fastq/ERR143/087/ERR14392087/ERR14392087_2.fastq.gz,ftp://ftp.sra.ebi.ac.uk/vol1/fastq/ERR143/088/ERR14392088/ERR14392088_2.fastq.gz,ftp://ftp.sra.ebi.ac.uk/vol1/fastq/ERR156/027/ERR15626627/ERR15626627_2.fastq.gz
RCN14921,Laos,AmpSeqV2,Sensitive,Sensitive,Sensitive,Resistant,Resistant,Sensitive,Sensitive,Sensitive,Sensitive,Sensitive,ERR15626629,12760991.0,ERR14392092,59246.0,ERR14392093,39028.0,ERR14392094,1533.0,ftp://ftp.sra.ebi.ac.uk/vol1/fastq/ERR143/092/ERR14392092/ERR14392092_1.fastq.gz,ftp://ftp.sra.ebi.ac.uk/vol1/fastq/ERR143/093/ERR14392093/ERR14392093_1.fastq.gz,ftp://ftp.sra.ebi.ac.uk/vol1/fastq/ERR143/094/ERR14392094/ERR14392094_1.fastq.gz,ftp://ftp.sra.ebi.ac.uk/vol1/fastq/ERR156/029/ERR15626629/ERR15626629_1.fastq.gz,ftp://ftp.sra.ebi.ac.uk/vol1/fastq/ERR143/092/ERR14392092/ERR14392092_2.fastq.gz,ftp://ftp.sra.ebi.ac.uk/vol1/fastq/ERR143/093/ERR14392093/ERR14392093_2.fastq.gz,ftp://ftp.sra.ebi.ac.uk/vol1/fastq/ERR143/094/ERR14392094/ERR14392094_2.fastq.gz,ftp://ftp.sra.ebi.ac.uk/vol1/fastq/ERR156/029/ERR15626629/ERR15626629_2.fastq.gz
RCN14925,Laos,AmpSeqV2,Sensitive,Sensitive,Sensitive,Resistant,Resistant,Resistant,Sensitive,Sensitive,Sensitive,Sensitive,ERR15626632,9747503.0,ERR14392101,53180.0,ERR14392102,43130.0,ERR14392103,2977.0,ftp://ftp.sra.ebi.ac.uk/vol1/fastq/ERR143/001/ERR14392101/ERR14392101_1.fastq.gz,ftp://ftp.sra.ebi.ac.uk/vol1/fastq/ERR143/002/ERR14392102/ERR14392102_1.fastq.gz,ftp://ftp.sra.ebi.ac.uk/vol1/fastq/ERR143/003/ERR14392103/ERR14392103_1.fastq.gz,ftp://ftp.sra.ebi.ac.uk/vol1/fastq/ERR156/032/ERR15626632/ERR15626632_1.fastq.gz,ftp://ftp.sra.ebi.ac.uk/vol1/fastq/ERR143/001/ERR14392101/ERR14392101_2.fastq.gz,ftp://ftp.sra.ebi.ac.uk/vol1/fastq/ERR143/002/ERR14392102/ERR14392102_2.fastq.gz,ftp://ftp.sra.ebi.ac.uk/vol1/fastq/ERR143/003/ERR14392103/ERR14392103_2.fastq.gz,ftp://ftp.sra.ebi.ac.uk/vol1/fastq/ERR156/032/ERR15626632/ERR15626632_2.fastq.gz
RCN14926,Laos,AmpSeqV2,Sensitive,Sensitive,Sensitive,Sensitive,Resistant,Resistant,Sensitive,Sensitive,Resistant,Sensitive,ERR15626633,10715157.0,ERR14392104,24761.0,ERR14392105,39295.0,ERR14392106,1875.0,ftp://ftp.sra.ebi.ac.uk/vol1/fastq/ERR143/004/ERR14392104/ERR14392104_1.fastq.gz,ftp://ftp.sra.ebi.ac.uk/vol1/fastq/ERR143/005/ERR14392105/ERR14392105_1.fastq.gz,ftp://ftp.sra.ebi.ac.uk/vol1/fastq/ERR143/006/ERR14392106/ERR14392106_1.fastq.gz,ftp://ftp.sra.ebi.ac.uk/vol1/fastq/ERR156/033/ERR15626633/ERR15626633_1.fastq.gz,ftp://ftp.sra.ebi.ac.uk/vol1/fastq/ERR143/004/ERR14392104/ERR14392104_2.fastq.gz,ftp://ftp.sra.ebi.ac.uk/vol1/fastq/ERR143/005/ERR14392105/ERR14392105_2.fastq.gz,ftp://ftp.sra.ebi.ac.uk/vol1/fastq/ERR143/006/ERR14392106/ERR14392106_2.fastq.gz,ftp://ftp.sra.ebi.ac.uk/vol1/fastq/ERR156/033/ERR15626633/ERR15626633_2.fastq.gz
RCN14927,Laos,AmpSeqV2,Sensitive,Sensitive,Sensitive,Resistant,Resistant,Resistant,Sensitive,Sensitive,Sensitive,Sensitive,ERR15626634,13397176.0,ERR14392107,24750.0,ERR14392108,32612.0,ERR14392109,508.0,ftp://ftp.sra.ebi.ac.uk/vol1/fastq/ERR143/007/ERR14392107/ERR14392107_1.fastq.gz,ftp://ftp.sra.ebi.ac.uk/vol1/fastq/ERR143/008/ERR14392108/ERR14392108_1.fastq.gz,ftp://ftp.sra.ebi.ac.uk/vol1/fastq/ERR143/009/ERR14392109/ERR14392109_1.fastq.gz,ftp://ftp.sra.ebi.ac.uk/vol1/fastq/ERR156/034/ERR15626634/ERR15626634_1.fastq.gz,ftp://ftp.sra.ebi.ac.uk/vol1/fastq/ERR143/007/ERR14392107/ERR14392107_2.fastq.gz,ftp://ftp.sra.ebi.ac.uk/vol1/fastq/ERR143/008/ERR14392108/ERR14392108_2.fastq.gz,ftp://ftp.sra.ebi.ac.uk/vol1/fastq/ERR143/009/ERR14392109/ERR14392109_2.fastq.gz,ftp://ftp.sra.ebi.ac.uk/vol1/fastq/ERR156/034/ERR15626634/ERR15626634_2.fastq.gz
RCN14928,Laos,AmpSeqV2,Sensitive,Sensitive,Sensitive,Resistant,Resistant,Sensitive,Sensitive,Sensitive,Sensitive,Sensitive,ERR15626635,22711404.0,ERR14392110,77544.0,ERR14392111,62647.0,ERR14392112,4172.0,ftp://ftp.sra.ebi.ac.uk/vol1/fastq/ERR143/010/ERR14392110/ERR14392110_1.fastq.gz,ftp://ftp.sra.ebi.ac.uk/vol1/fastq/ERR143/011/ERR14392111/ERR14392111_1.fastq.gz,ftp://ftp.sra.ebi.ac.uk/vol1/fastq/ERR143/012/ERR14392112/ERR14392112_1.fastq.gz,ftp://ftp.sra.ebi.ac.uk/vol1/fastq/ERR156/035/ERR15626635/ERR15626635_1.fastq.gz,ftp://ftp.sra.ebi.ac.uk/vol1/fastq/ERR143/010/ERR14392110/ERR14392110_2.fastq.gz,ftp://ftp.sra.ebi.ac.uk/vol1/fastq/ERR143/011/ERR14392111/ERR14392111_2.fastq.gz,ftp://ftp.sra.ebi.ac.uk/vol1/fastq/ERR143/012/ERR14392112/ERR14392112_2.fastq.gz,ftp://ftp.sra.ebi.ac.uk/vol1/fastq/ERR156/035/ERR15626635/ERR15626635_2.fastq.gz
RCN14929,Laos,AmpSeqV2,Sensitive,Sensitive,Sensitive,Resistant,Resistant,Sensitive,Sensitive,Sensitive,Sensitive,Sensitive,ERR15626636,16466774.0,ERR14392113,53977.0,ERR14392114,42904.0,ERR14392115,1667.0,ftp://ftp.sra.ebi.ac.uk/vol1/fastq/ERR143/013/ERR14392113/ERR14392113_1.fastq.gz,ftp://ftp.sra.ebi.ac.uk/vol1/fastq/ERR143/014/ERR14392114/ERR14392114_1.fastq.gz,ftp://ftp.sra.ebi.ac.uk/vol1/fastq/ERR143/015/ERR14392115/ERR14392115_1.fastq.gz,ftp://ftp.sra.ebi.ac.uk/vol1/fastq/ERR156/036/ERR15626636/ERR15626636_1.fastq.gz,ftp://ftp.sra.ebi.ac.uk/vol1/fastq/ERR143/013/ERR14392113/ERR14392113_2.fastq.gz,ftp://ftp.sra.ebi.ac.uk/vol1/fastq/ERR143/014/ERR14392114/ERR14392114_2.fastq.gz,ftp://ftp.sra.ebi.ac.uk/vol1/fastq/ERR143/015/ERR14392115/ERR14392115_2.fastq.gz,ftp://ftp.sra.ebi.ac.uk/vol1/fastq/ERR156/036/ERR15626636/ERR15626636_2.fastq.gz
RCN14932,Laos,AmpSeqV2,Sensitive,Sensitive,Sensitive,Resistant,Resistant,Resistant,Sensitive,Sensitive,Sensitive,Sensitive,ERR15626638,12458843.0,ERR14392119,50585.0,ERR14392120,42386.0,ERR14392121,135.0,ftp://ftp.sra.ebi.ac.uk/vol1/fastq/ERR143/019/ERR14392119/ERR14392119_1.fastq.gz,ftp://ftp.sra.ebi.ac.uk/vol1/fastq/ERR143/020/ERR14392120/ERR14392120_1.fastq.gz,ftp://ftp.sra.ebi.ac.uk/vol1/fastq/ERR143/021/ERR14392121/ERR14392121_1.fastq.gz,ftp://ftp.sra.ebi.ac.uk/vol1/fastq/ERR156/038/ERR15626638/ERR15626638_1.fastq.gz,ftp://ftp.sra.ebi.ac.uk/vol1/fastq/ERR143/019/ERR14392119/ERR14392119_2.fastq.gz,ftp://ftp.sra.ebi.ac.uk/vol1/fastq/ERR143/020/ERR14392120/ERR14392120_2.fastq.gz,ftp://ftp.sra.ebi.ac.uk/vol1/fastq/ERR143/021/ERR14392121/ERR14392121_2.fastq.gz,ftp://ftp.sra.ebi.ac.uk/vol1/fastq/ERR156/038/ERR15626638/ERR15626638_2.fastq.gz
RCN14935,Laos,AmpSeqV2,Resistant,Sensitive,Sensitive,Resistant,Resistant,Resistant,Sensitive,Sensitive,Resistant,Resistant,ERR15626641,12115166.0,ERR14392128,59192.0,ERR14392129,49138.0,ERR14392130,4426.0,ftp://ftp.sra.ebi.ac.uk/vol1/fastq/ERR143/028/ERR14392128/ERR14392128_1.fastq.gz,ftp://ftp.sra.ebi.ac.uk/vol1/fastq/ERR143/029/ERR14392129/ERR14392129_1.fastq.gz,ftp://ftp.sra.ebi.ac.uk/vol1/fastq/ERR143/030/ERR14392130/ERR14392130_1.fastq.gz,ftp://ftp.sra.ebi.ac.uk/vol1/fastq/ERR156/041/ERR15626641/ERR15626641_1.fastq.gz,ftp://ftp.sra.ebi.ac.uk/vol1/fastq/ERR143/028/ERR14392128/ERR14392128_2.fastq.gz,ftp://ftp.sra.ebi.ac.uk/vol1/fastq/ERR143/029/ERR14392129/ERR14392129_2.fastq.gz,ftp://ftp.sra.ebi.ac.uk/vol1/fastq/ERR143/030/ERR14392130/ERR14392130_2.fastq.gz,ftp://ftp.sra.ebi.ac.uk/vol1/fastq/ERR156/041/ERR15626641/ERR15626641_2.fastq.gz
RCN14937,Laos,AmpSeqV2,Sensitive,Sensitive,Sensitive,Sensitive,Resistant,Sensitive,Sensitive,Sensitive,Sensitive,Sensitive,ERR15626643,11574235.0,ERR14392134,57229.0,ERR14392135,44628.0,ERR14392136,1141.0,ftp://ftp.sra.ebi.ac.uk/vol1/fastq/ERR143/034/ERR14392134/ERR14392134_1.fastq.gz,ftp://ftp.sra.ebi.ac.uk/vol1/fastq/ERR143/035/ERR14392135/ERR14392135_1.fastq.gz,ftp://ftp.sra.ebi.ac.uk/vol1/fastq/ERR143/036/ERR14392136/ERR14392136_1.fastq.gz,ftp://ftp.sra.ebi.ac.uk/vol1/fastq/ERR156/043/ERR15626643/ERR15626643_1.fastq.gz,ftp://ftp.sra.ebi.ac.uk/vol1/fastq/ERR143/034/ERR14392134/ERR14392134_2.fastq.gz,ftp://ftp.sra.ebi.ac.uk/vol1/fastq/ERR143/035/ERR14392135/ERR14392135_2.fastq.gz,ftp://ftp.sra.ebi.ac.uk/vol1/fastq/ERR143/036/ERR14392136/ERR14392136_2.fastq.gz,ftp://ftp.sra.ebi.ac.uk/vol1/fastq/ERR156/043/ERR15626643/ERR15626643_2.fastq.gz
RCN14938,Laos,AmpSeqV2,Sensitive,Sensitive,Sensitive,Resistant,Resistant,Sensitive,Sensitive,Sensitive,Resistant,Sensitive,ERR15626644,9280863.0,ERR14392137,44081.0,ERR14392138,44296.0,ERR14392139,1675.0,ftp://ftp.sra.ebi.ac.uk/vol1/fastq/ERR143/037/ERR14392137/ERR14392137_1.fastq.gz,ftp://ftp.sra.ebi.ac.uk/vol1/fastq/ERR143/038/ERR14392138/ERR14392138_1.fastq.gz,ftp://ftp.sra.ebi.ac.uk/vol1/fastq/ERR143/039/ERR14392139/ERR14392139_1.fastq.gz,ftp://ftp.sra.ebi.ac.uk/vol1/fastq/ERR156/044/ERR15626644/ERR15626644_1.fastq.gz,ftp://ftp.sra.ebi.ac.uk/vol1/fastq/ERR143/037/ERR14392137/ERR14392137_2.fastq.gz,ftp://ftp.sra.ebi.ac.uk/vol1/fastq/ERR143/038/ERR14392138/ERR14392138_2.fastq.gz,ftp://ftp.sra.ebi.ac.uk/vol1/fastq/ERR143/039/ERR14392139/ERR14392139_2.fastq.gz,ftp://ftp.sra.ebi.ac.uk/vol1/fastq/ERR156/044/ERR15626644/ERR15626644_2.fastq.gz
RCN14939,Laos,AmpSeqV2,Sensitive,Sensitive,Sensitive,Sensitive,Resistant,Sensitive,Sensitive,Sensitive,Sensitive,Sensitive,ERR15626645,10267880.0,ERR14392140,42112.0,ERR14392141,40682.0,ERR14392142,2172.0,ftp://ftp.sra.ebi.ac.uk/vol1/fastq/ERR143/040/ERR14392140/ERR14392140_1.fastq.gz,ftp://ftp.sra.ebi.ac.uk/vol1/fastq/ERR143/041/ERR14392141/ERR14392141_1.fastq.gz,ftp://ftp.sra.ebi.ac.uk/vol1/fastq/ERR143/042/ERR14392142/ERR14392142_1.fastq.gz,ftp://ftp.sra.ebi.ac.uk/vol1/fastq/ERR156/045/ERR15626645/ERR15626645_1.fastq.gz,ftp://ftp.sra.ebi.ac.uk/vol1/fastq/ERR143/040/ERR14392140/ERR14392140_2.fastq.gz,ftp://ftp.sra.ebi.ac.uk/vol1/fastq/ERR143/041/ERR14392141/ERR14392141_2.fastq.gz,ftp://ftp.sra.ebi.ac.uk/vol1/fastq/ERR143/042/ERR14392142/ERR14392142_2.fastq.gz,ftp://ftp.sra.ebi.ac.uk/vol1/fastq/ERR156/045/ERR15626645/ERR15626645_2.fastq.gz
RCN14941,Laos,AmpSeqV2,Sensitive,Sensitive,Sensitive,Resistant,Resistant,Sensitive,Sensitive,Sensitive,Sensitive,Sensitive,ERR15626648,9404396.0,ERR14392146,44952.0,ERR14392147,33429.0,ERR14392148,1655.0,ftp://ftp.sra.ebi.ac.uk/vol1/fastq/ERR143/046/ERR14392146/ERR14392146_1.fastq.gz,ftp://ftp.sra.ebi.ac.uk/vol1/fastq/ERR143/047/ERR14392147/ERR14392147_1.fastq.gz,ftp://ftp.sra.ebi.ac.uk/vol1/fastq/ERR143/048/ERR14392148/ERR14392148_1.fastq.gz,ftp://ftp.sra.ebi.ac.uk/vol1/fastq/ERR156/048/ERR15626648/ERR15626648_1.fastq.gz,ftp://ftp.sra.ebi.ac.uk/vol1/fastq/ERR143/046/ERR14392146/ERR14392146_2.fastq.gz,ftp://ftp.sra.ebi.ac.uk/vol1/fastq/ERR143/047/ERR14392147/ERR14392147_2.fastq.gz,ftp://ftp.sra.ebi.ac.uk/vol1/fastq/ERR143/048/ERR14392148/ERR14392148_2.fastq.gz,ftp://ftp.sra.ebi.ac.uk/vol1/fastq/ERR156/048/ERR15626648/ERR15626648_2.fastq.gz
RCN14952,Laos,AmpSeqV2,Sensitive,Sensitive,Sensitive,Resistant,Resistant,Sensitive,Sensitive,Sensitive,Sensitive,Sensitive,ERR15626657,10172005.0,ERR14392176,49792.0,ERR14392177,37901.0,ERR14392178,1505.0,ftp://ftp.sra.ebi.ac.uk/vol1/fastq/ERR143/076/ERR14392176/ERR14392176_1.fastq.gz,ftp://ftp.sra.ebi.ac.uk/vol1/fastq/ERR143/077/ERR14392177/ERR14392177_1.fastq.gz,ftp://ftp.sra.ebi.ac.uk/vol1/fastq/ERR143/078/ERR14392178/ERR14392178_1.fastq.gz,ftp://ftp.sra.ebi.ac.uk/vol1/fastq/ERR156/057/ERR15626657/ERR15626657_1.fastq.gz,ftp://ftp.sra.ebi.ac.uk/vol1/fastq/ERR143/076/ERR14392176/ERR14392176_2.fastq.gz,ftp://ftp.sra.ebi.ac.uk/vol1/fastq/ERR143/077/ERR14392177/ERR14392177_2.fastq.gz,ftp://ftp.sra.ebi.ac.uk/vol1/fastq/ERR143/078/ERR14392178/ERR14392178_2.fastq.gz,ftp://ftp.sra.ebi.ac.uk/vol1/fastq/ERR156/057/ERR15626657/ERR15626657_2.fastq.gz
RCN14954,Laos,AmpSeqV2,Sensitive,Sensitive,Sensitive,Resistant,Resistant,Sensitive,Sensitive,Sensitive,Sensitive,Sensitive,ERR15626659,10677947.0,ERR14392182,46596.0,ERR14392183,40721.0,ERR14392184,2403.0,ftp://ftp.sra.ebi.ac.uk/vol1/fastq/ERR143/082/ERR14392182/ERR14392182_1.fastq.gz,ftp://ftp.sra.ebi.ac.uk/vol1/fastq/ERR143/083/ERR14392183/ERR14392183_1.fastq.gz,ftp://ftp.sra.ebi.ac.uk/vol1/fastq/ERR143/084/ERR14392184/ERR14392184_1.fastq.gz,ftp://ftp.sra.ebi.ac.uk/vol1/fastq/ERR156/059/ERR15626659/ERR15626659_1.fastq.gz,ftp://ftp.sra.ebi.ac.uk/vol1/fastq/ERR143/082/ERR14392182/ERR14392182_2.fastq.gz,ftp://ftp.sra.ebi.ac.uk/vol1/fastq/ERR143/083/ERR14392183/ERR14392183_2.fastq.gz,ftp://ftp.sra.ebi.ac.uk/vol1/fastq/ERR143/084/ERR14392184/ERR14392184_2.fastq.gz,ftp://ftp.sra.ebi.ac.uk/vol1/fastq/ERR156/059/ERR15626659/ERR15626659_2.fastq.gz
RCN14966,Laos,AmpSeqV2,Sensitive,Sensitive,Sensitive,Resistant,Resistant,Sensitive,Sensitive,Sensitive,Sensitive,Sensitive,ERR15626665,9998779.0,ERR14392200,48266.0,ERR14392201,39145.0,ERR14392202,41.0,ftp://ftp.sra.ebi.ac.uk/vol1/fastq/ERR143/000/ERR14392200/ERR14392200_1.fastq.gz,ftp://ftp.sra.ebi.ac.uk/vol1/fastq/ERR143/001/ERR14392201/ERR14392201_1.fastq.gz,ftp://ftp.sra.ebi.ac.uk/vol1/fastq/ERR143/002/ERR14392202/ERR14392202_1.fastq.gz,ftp://ftp.sra.ebi.ac.uk/vol1/fastq/ERR156/065/ERR15626665/ERR15626665_1.fastq.gz,ftp://ftp.sra.ebi.ac.uk/vol1/fastq/ERR143/000/ERR14392200/ERR14392200_2.fastq.gz,ftp://ftp.sra.ebi.ac.uk/vol1/fastq/ERR143/001/ERR14392201/ERR14392201_2.fastq.gz,ftp://ftp.sra.ebi.ac.uk/vol1/fastq/ERR143/002/ERR14392202/ERR14392202_2.fastq.gz,ftp://ftp.sra.ebi.ac.uk/vol1/fastq/ERR156/065/ERR15626665/ERR15626665_2.fastq.gz
RCN14969,Laos,AmpSeqV2,Sensitive,Sensitive,Sensitive,Resistant,Resistant,Resistant,Sensitive,Sensitive,Resistant,Sensitive,ERR15626667,11855597.0,ERR14392206,34049.0,ERR14392207,33823.0,ERR14392208,272.0,ftp://ftp.sra.ebi.ac.uk/vol1/fastq/ERR143/006/ERR14392206/ERR14392206_1.fastq.gz,ftp://ftp.sra.ebi.ac.uk/vol1/fastq/ERR143/007/ERR14392207/ERR14392207_1.fastq.gz,ftp://ftp.sra.ebi.ac.uk/vol1/fastq/ERR143/008/ERR14392208/ERR14392208_1.fastq.gz,ftp://ftp.sra.ebi.ac.uk/vol1/fastq/ERR156/067/ERR15626667/ERR15626667_1.fastq.gz,ftp://ftp.sra.ebi.ac.uk/vol1/fastq/ERR143/006/ERR14392206/ERR14392206_2.fastq.gz,ftp://ftp.sra.ebi.ac.uk/vol1/fastq/ERR143/007/ERR14392207/ERR14392207_2.fastq.gz,ftp://ftp.sra.ebi.ac.uk/vol1/fastq/ERR143/008/ERR14392208/ERR14392208_2.fastq.gz,ftp://ftp.sra.ebi.ac.uk/vol1/fastq/ERR156/067/ERR15626667/ERR15626667_2.fastq.gz
RCN14970,Laos,AmpSeqV2,Sensitive,Sensitive,Sensitive,Resistant,Resistant,Resistant,Sensitive,Sensitive,Sensitive,Sensitive,ERR15626668,10919319.0,ERR14392209,30486.0,ERR14392210,38730.0,ERR14392211,379.0,ftp://ftp.sra.ebi.ac.uk/vol1/fastq/ERR143/009/ERR14392209/ERR14392209_1.fastq.gz,ftp://ftp.sra.ebi.ac.uk/vol1/fastq/ERR143/010/ERR14392210/ERR14392210_1.fastq.gz,ftp://ftp.sra.ebi.ac.uk/vol1/fastq/ERR143/011/ERR14392211/ERR14392211_1.fastq.gz,ftp://ftp.sra.ebi.ac.uk/vol1/fastq/ERR156/068/ERR15626668/ERR15626668_1.fastq.gz,ftp://ftp.sra.ebi.ac.uk/vol1/fastq/ERR143/009/ERR14392209/ERR14392209_2.fastq.gz,ftp://ftp.sra.ebi.ac.uk/vol1/fastq/ERR143/010/ERR14392210/ERR14392210_2.fastq.gz,ftp://ftp.sra.ebi.ac.uk/vol1/fastq/ERR143/011/ERR14392211/ERR14392211_2.fastq.gz,ftp://ftp.sra.ebi.ac.uk/vol1/fastq/ERR156/068/ERR15626668/ERR15626668_2.fastq.gz
RCN14975,Laos,AmpSeqV2,Sensitive,Sensitive,Sensitive,Resistant,Resistant,Sensitive,Sensitive,Sensitive,Resistant,Sensitive,ERR15626672,10843164.0,ERR14392221,25460.0,ERR14392222,31052.0,ERR14392223,2209.0,ftp://ftp.sra.ebi.ac.uk/vol1/fastq/ERR143/021/ERR14392221/ERR14392221_1.fastq.gz,ftp://ftp.sra.ebi.ac.uk/vol1/fastq/ERR143/022/ERR14392222/ERR14392222_1.fastq.gz,ftp://ftp.sra.ebi.ac.uk/vol1/fastq/ERR143/023/ERR14392223/ERR14392223_1.fastq.gz,ftp://ftp.sra.ebi.ac.uk/vol1/fastq/ERR156/072/ERR15626672/ERR15626672_1.fastq.gz,ftp://ftp.sra.ebi.ac.uk/vol1/fastq/ERR143/021/ERR14392221/ERR14392221_2.fastq.gz,ftp://ftp.sra.ebi.ac.uk/vol1/fastq/ERR143/022/ERR14392222/ERR14392222_2.fastq.gz,ftp://ftp.sra.ebi.ac.uk/vol1/fastq/ERR143/023/ERR14392223/ERR14392223_2.fastq.gz,ftp://ftp.sra.ebi.ac.uk/vol1/fastq/ERR156/072/ERR15626672/ERR15626672_2.fastq.gz
RCN15000,Laos,AmpSeqV2,Sensitive,Sensitive,Sensitive,Resistant,Resistant,Sensitive,Sensitive,Sensitive,Resistant,Sensitive,ERR15626689,17159518.0,ERR14392278,29731.0,ERR14392279,30141.0,ERR14392280,4723.0,ftp://ftp.sra.ebi.ac.uk/vol1/fastq/ERR143/078/ERR14392278/ERR14392278_1.fastq.gz,ftp://ftp.sra.ebi.ac.uk/vol1/fastq/ERR143/079/ERR14392279/ERR14392279_1.fastq.gz,ftp://ftp.sra.ebi.ac.uk/vol1/fastq/ERR143/080/ERR14392280/ERR14392280_1.fastq.gz,ftp://ftp.sra.ebi.ac.uk/vol1/fastq/ERR156/089/ERR15626689/ERR15626689_1.fastq.gz,ftp://ftp.sra.ebi.ac.uk/vol1/fastq/ERR143/078/ERR14392278/ERR14392278_2.fastq.gz,ftp://ftp.sra.ebi.ac.uk/vol1/fastq/ERR143/079/ERR14392279/ERR14392279_2.fastq.gz,ftp://ftp.sra.ebi.ac.uk/vol1/fastq/ERR143/080/ERR14392280/ERR14392280_2.fastq.gz,ftp://ftp.sra.ebi.ac.uk/vol1/fastq/ERR156/089/ERR15626689/ERR15626689_2.fastq.gz
RCN15002,Laos,AmpSeqV2,Sensitive,Sensitive,Sensitive,Resistant,Resistant,Resistant,Sensitive,Sensitive,Sensitive,Sensitive,ERR15626691,15871876.0,ERR14392284,29771.0,ERR14392285,34164.0,ERR14392286,10182.0,ftp://ftp.sra.ebi.ac.uk/vol1/fastq/ERR143/084/ERR14392284/ERR14392284_1.fastq.gz,ftp://ftp.sra.ebi.ac.uk/vol1/fastq/ERR143/085/ERR14392285/ERR14392285_1.fastq.gz,ftp://ftp.sra.ebi.ac.uk/vol1/fastq/ERR143/086/ERR14392286/ERR14392286_1.fastq.gz,ftp://ftp.sra.ebi.ac.uk/vol1/fastq/ERR156/091/ERR15626691/ERR15626691_1.fastq.gz,ftp://ftp.sra.ebi.ac.uk/vol1/fastq/ERR143/084/ERR14392284/ERR14392284_2.fastq.gz,ftp://ftp.sra.ebi.ac.uk/vol1/fastq/ERR143/085/ERR14392285/ERR14392285_2.fastq.gz,ftp://ftp.sra.ebi.ac.uk/vol1/fastq/ERR143/086/ERR14392286/ERR14392286_2.fastq.gz,ftp://ftp.sra.ebi.ac.uk/vol1/fastq/ERR156/091/ERR15626691/ERR15626691_2.fastq.gz
RCN15003,Laos,AmpSeqV2,Sensitive,Sensitive,Sensitive,Sensitive,Resistant,Sensitive,Sensitive,Sensitive,Sensitive,Sensitive,ERR15626692,15786895.0,ERR14392287,42923.0,ERR14392288,37662.0,ERR14392289,10712.0,ftp://ftp.sra.ebi.ac.uk/vol1/fastq/ERR143/087/ERR14392287/ERR14392287_1.fastq.gz,ftp://ftp.sra.ebi.ac.uk/vol1/fastq/ERR143/088/ERR14392288/ERR14392288_1.fastq.gz,ftp://ftp.sra.ebi.ac.uk/vol1/fastq/ERR143/089/ERR14392289/ERR14392289_1.fastq.gz,ftp://ftp.sra.ebi.ac.uk/vol1/fastq/ERR156/092/ERR15626692/ERR15626692_1.fastq.gz,ftp://ftp.sra.ebi.ac.uk/vol1/fastq/ERR143/087/ERR14392287/ERR14392287_2.fastq.gz,ftp://ftp.sra.ebi.ac.uk/vol1/fastq/ERR143/088/ERR14392288/ERR14392288_2.fastq.gz,ftp://ftp.sra.ebi.ac.uk/vol1/fastq/ERR143/089/ERR14392289/ERR14392289_2.fastq.gz,ftp://ftp.sra.ebi.ac.uk/vol1/fastq/ERR156/092/ERR15626692/ERR15626692_2.fastq.gz
RCN15004,Laos,AmpSeqV2,Sensitive,Sensitive,Sensitive,Resistant,Resistant,Sensitive,Sensitive,Sensitive,Sensitive,Sensitive,ERR15626693,15217824.0,ERR14392290,35612.0,ERR14392291,34692.0,ERR14392292,11853.0,ftp://ftp.sra.ebi.ac.uk/vol1/fastq/ERR143/090/ERR14392290/ERR14392290_1.fastq.gz,ftp://ftp.sra.ebi.ac.uk/vol1/fastq/ERR143/091/ERR14392291/ERR14392291_1.fastq.gz,ftp://ftp.sra.ebi.ac.uk/vol1/fastq/ERR143/092/ERR14392292/ERR14392292_1.fastq.gz,ftp://ftp.sra.ebi.ac.uk/vol1/fastq/ERR156/093/ERR15626693/ERR15626693_1.fastq.gz,ftp://ftp.sra.ebi.ac.uk/vol1/fastq/ERR143/090/ERR14392290/ERR14392290_2.fastq.gz,ftp://ftp.sra.ebi.ac.uk/vol1/fastq/ERR143/091/ERR14392291/ERR14392291_2.fastq.gz,ftp://ftp.sra.ebi.ac.uk/vol1/fastq/ERR143/092/ERR14392292/ERR14392292_2.fastq.gz,ftp://ftp.sra.ebi.ac.uk/vol1/fastq/ERR156/093/ERR15626693/ERR15626693_2.fastq.gz
RCN15006,Laos,AmpSeqV2,Sensitive,Sensitive,Sensitive,Resistant,Resistant,Sensitive,Sensitive,Sensitive,Resistant,Sensitive,ERR15626695,19968999.0,ERR14392296,35956.0,ERR14392297,27992.0,ERR14392298,9073.0,ftp://ftp.sra.ebi.ac.uk/vol1/fastq/ERR143/096/ERR14392296/ERR14392296_1.fastq.gz,ftp://ftp.sra.ebi.ac.uk/vol1/fastq/ERR143/097/ERR14392297/ERR14392297_1.fastq.gz,ftp://ftp.sra.ebi.ac.uk/vol1/fastq/ERR143/098/ERR14392298/ERR14392298_1.fastq.gz,ftp://ftp.sra.ebi.ac.uk/vol1/fastq/ERR156/095/ERR15626695/ERR15626695_1.fastq.gz,ftp://ftp.sra.ebi.ac.uk/vol1/fastq/ERR143/096/ERR14392296/ERR14392296_2.fastq.gz,ftp://ftp.sra.ebi.ac.uk/vol1/fastq/ERR143/097/ERR14392297/ERR14392297_2.fastq.gz,ftp://ftp.sra.ebi.ac.uk/vol1/fastq/ERR143/098/ERR14392298/ERR14392298_2.fastq.gz,ftp://ftp.sra.ebi.ac.uk/vol1/fastq/ERR156/095/ERR15626695/ERR15626695_2.fastq.gz
RCN15010,Laos,AmpSeqV2,Sensitive,Sensitive,Sensitive,Resistant,Resistant,Sensitive,Sensitive,Sensitive,Resistant,Sensitive,ERR15626699,11012530.0,ERR14392308,17598.0,ERR14392309,40045.0,ERR14392310,2344.0,ftp://ftp.sra.ebi.ac.uk/vol1/fastq/ERR143/008/ERR14392308/ERR14392308_1.fastq.gz,ftp://ftp.sra.ebi.ac.uk/vol1/fastq/ERR143/009/ERR14392309/ERR14392309_1.fastq.gz,ftp://ftp.sra.ebi.ac.uk/vol1/fastq/ERR143/010/ERR14392310/ERR14392310_1.fastq.gz,ftp://ftp.sra.ebi.ac.uk/vol1/fastq/ERR156/099/ERR15626699/ERR15626699_1.fastq.gz,ftp://ftp.sra.ebi.ac.uk/vol1/fastq/ERR143/008/ERR14392308/ERR14392308_2.fastq.gz,ftp://ftp.sra.ebi.ac.uk/vol1/fastq/ERR143/009/ERR14392309/ERR14392309_2.fastq.gz,ftp://ftp.sra.ebi.ac.uk/vol1/fastq/ERR143/010/ERR14392310/ERR14392310_2.fastq.gz,ftp://ftp.sra.ebi.ac.uk/vol1/fastq/ERR156/099/ERR15626699/ERR15626699_2.fastq.gz
RCN15020,Laos,AmpSeqV2,Sensitive,Sensitive,Sensitive,Resistant,Resistant,Sensitive,Sensitive,Sensitive,Sensitive,Sensitive,ERR15626709,14332662.0,ERR14392338,50560.0,ERR14392339,49541.0,ERR14392340,17646.0,ftp://ftp.sra.ebi.ac.uk/vol1/fastq/ERR143/038/ERR14392338/ERR14392338_1.fastq.gz,ftp://ftp.sra.ebi.ac.uk/vol1/fastq/ERR143/039/ERR14392339/ERR14392339_1.fastq.gz,ftp://ftp.sra.ebi.ac.uk/vol1/fastq/ERR143/040/ERR14392340/ERR14392340_1.fastq.gz,ftp://ftp.sra.ebi.ac.uk/vol1/fastq/ERR156/009/ERR15626709/ERR15626709_1.fastq.gz,ftp://ftp.sra.ebi.ac.uk/vol1/fastq/ERR143/038/ERR14392338/ERR14392338_2.fastq.gz,ftp://ftp.sra.ebi.ac.uk/vol1/fastq/ERR143/039/ERR14392339/ERR14392339_2.fastq.gz,ftp://ftp.sra.ebi.ac.uk/vol1/fastq/ERR143/040/ERR14392340/ERR14392340_2.fastq.gz,ftp://ftp.sra.ebi.ac.uk/vol1/fastq/ERR156/009/ERR15626709/ERR15626709_2.fastq.gz
RCN15027,Laos,AmpSeqV2,Sensitive,Sensitive,Sensitive,Resistant,Resistant,Resistant,Sensitive,Sensitive,Resistant,Sensitive,ERR15626715,17159942.0,ERR14392350,40253.0,ERR14392351,36351.0,ERR14392352,11283.0,ftp://ftp.sra.ebi.ac.uk/vol1/fastq/ERR143/050/ERR14392350/ERR14392350_1.fastq.gz,ftp://ftp.sra.ebi.ac.uk/vol1/fastq/ERR143/051/ERR14392351/ERR14392351_1.fastq.gz,ftp://ftp.sra.ebi.ac.uk/vol1/fastq/ERR143/052/ERR14392352/ERR14392352_1.fastq.gz,ftp://ftp.sra.ebi.ac.uk/vol1/fastq/ERR156/015/ERR15626715/ERR15626715_1.fastq.gz,ftp://ftp.sra.ebi.ac.uk/vol1/fastq/ERR143/050/ERR14392350/ERR14392350_2.fastq.gz,ftp://ftp.sra.ebi.ac.uk/vol1/fastq/ERR143/051/ERR14392351/ERR14392351_2.fastq.gz,ftp://ftp.sra.ebi.ac.uk/vol1/fastq/ERR143/052/ERR14392352/ERR14392352_2.fastq.gz,ftp://ftp.sra.ebi.ac.uk/vol1/fastq/ERR156/015/ERR15626715/ERR15626715_2.fastq.gz
RCN15037,Laos,AmpSeqV2,Sensitive,Sensitive,Sensitive,Sensitive,Sensitive,Sensitive,Sensitive,Sensitive,Sensitive,Sensitive,ERR15626725,15628869.0,ERR14392380,51311.0,ERR14392381,48145.0,ERR14392382,15585.0,ftp://ftp.sra.ebi.ac.uk/vol1/fastq/ERR143/080/ERR14392380/ERR14392380_1.fastq.gz,ftp://ftp.sra.ebi.ac.uk/vol1/fastq/ERR143/081/ERR14392381/ERR14392381_1.fastq.gz,ftp://ftp.sra.ebi.ac.uk/vol1/fastq/ERR143/082/ERR14392382/ERR14392382_1.fastq.gz,ftp://ftp.sra.ebi.ac.uk/vol1/fastq/ERR156/025/ERR15626725/ERR15626725_1.fastq.gz,ftp://ftp.sra.ebi.ac.uk/vol1/fastq/ERR143/080/ERR14392380/ERR14392380_2.fastq.gz,ftp://ftp.sra.ebi.ac.uk/vol1/fastq/ERR143/081/ERR14392381/ERR14392381_2.fastq.gz,ftp://ftp.sra.ebi.ac.uk/vol1/fastq/ERR143/082/ERR14392382/ERR14392382_2.fastq.gz,ftp://ftp.sra.ebi.ac.uk/vol1/fastq/ERR156/025/ERR15626725/ERR15626725_2.fastq.gz
RCN15044,Laos,AmpSeqV2,Sensitive,Sensitive,Sensitive,Resistant,Resistant,Sensitive,Sensitive,Sensitive,Sensitive,Sensitive,ERR15626732,16406757.0,ERR14392401,32093.0,ERR14392402,32384.0,ERR14392403,7728.0,ftp://ftp.sra.ebi.ac.uk/vol1/fastq/ERR143/001/ERR14392401/ERR14392401_1.fastq.gz,ftp://ftp.sra.ebi.ac.uk/vol1/fastq/ERR143/002/ERR14392402/ERR14392402_1.fastq.gz,ftp://ftp.sra.ebi.ac.uk/vol1/fastq/ERR143/003/ERR14392403/ERR14392403_1.fastq.gz,ftp://ftp.sra.ebi.ac.uk/vol1/fastq/ERR156/032/ERR15626732/ERR15626732_1.fastq.gz,ftp://ftp.sra.ebi.ac.uk/vol1/fastq/ERR143/001/ERR14392401/ERR14392401_2.fastq.gz,ftp://ftp.sra.ebi.ac.uk/vol1/fastq/ERR143/002/ERR14392402/ERR14392402_2.fastq.gz,ftp://ftp.sra.ebi.ac.uk/vol1/fastq/ERR143/003/ERR14392403/ERR14392403_2.fastq.gz,ftp://ftp.sra.ebi.ac.uk/vol1/fastq/ERR156/032/ERR15626732/ERR15626732_2.fastq.gz
RCN15063,Laos,AmpSeqV2,Sensitive,Sensitive,Sensitive,Resistant,Resistant,Resistant,Sensitive,Sensitive,Resistant,Sensitive,ERR15626747,16847606.0,ERR14392452,32855.0,ERR14392453,31013.0,ERR14392454,4074.0,ftp://ftp.sra.ebi.ac.uk/vol1/fastq/ERR143/052/ERR14392452/ERR14392452_1.fastq.gz,ftp://ftp.sra.ebi.ac.uk/vol1/fastq/ERR143/053/ERR14392453/ERR14392453_1.fastq.gz,ftp://ftp.sra.ebi.ac.uk/vol1/fastq/ERR143/054/ERR14392454/ERR14392454_1.fastq.gz,ftp://ftp.sra.ebi.ac.uk/vol1/fastq/ERR156/047/ERR15626747/ERR15626747_1.fastq.gz,ftp://ftp.sra.ebi.ac.uk/vol1/fastq/ERR143/052/ERR14392452/ERR14392452_2.fastq.gz,ftp://ftp.sra.ebi.ac.uk/vol1/fastq/ERR143/053/ERR14392453/ERR14392453_2.fastq.gz,ftp://ftp.sra.ebi.ac.uk/vol1/fastq/ERR143/054/ERR14392454/ERR14392454_2.fastq.gz,ftp://ftp.sra.ebi.ac.uk/vol1/fastq/ERR156/047/ERR15626747/ERR15626747_2.fastq.gz
RCN15070,Laos,AmpSeqV2,Sensitive,Sensitive,Sensitive,Resistant,Resistant,Sensitive,Sensitive,Sensitive,Sensitive,Sensitive,ERR15626754,14629796.0,ERR14392455,20554.0,ERR14392456,28018.0,ERR14392457,6130.0,ftp://ftp.sra.ebi.ac.uk/vol1/fastq/ERR143/055/ERR14392455/ERR14392455_1.fastq.gz,ftp://ftp.sra.ebi.ac.uk/vol1/fastq/ERR143/056/ERR14392456/ERR14392456_1.fastq.gz,ftp://ftp.sra.ebi.ac.uk/vol1/fastq/ERR143/057/ERR14392457/ERR14392457_1.fastq.gz,ftp://ftp.sra.ebi.ac.uk/vol1/fastq/ERR156/054/ERR15626754/ERR15626754_1.fastq.gz,ftp://ftp.sra.ebi.ac.uk/vol1/fastq/ERR143/055/ERR14392455/ERR14392455_2.fastq.gz,ftp://ftp.sra.ebi.ac.uk/vol1/fastq/ERR143/056/ERR14392456/ERR14392456_2.fastq.gz,ftp://ftp.sra.ebi.ac.uk/vol1/fastq/ERR143/057/ERR14392457/ERR14392457_2.fastq.gz,ftp://ftp.sra.ebi.ac.uk/vol1/fastq/ERR156/054/ERR15626754/ERR15626754_2.fastq.gz
RCN15072,Laos,AmpSeqV2,Sensitive,Sensitive,Sensitive,Resistant,Resistant,Sensitive,Sensitive,Sensitive,Sensitive,Sensitive,ERR15626756,7907135.0,ERR14392461,26655.0,ERR14392462,26821.0,ERR14392463,3631.0,ftp://ftp.sra.ebi.ac.uk/vol1/fastq/ERR143/061/ERR14392461/ERR14392461_1.fastq.gz,ftp://ftp.sra.ebi.ac.uk/vol1/fastq/ERR143/062/ERR14392462/ERR14392462_1.fastq.gz,ftp://ftp.sra.ebi.ac.uk/vol1/fastq/ERR143/063/ERR14392463/ERR14392463_1.fastq.gz,ftp://ftp.sra.ebi.ac.uk/vol1/fastq/ERR156/056/ERR15626756/ERR15626756_1.fastq.gz,ftp://ftp.sra.ebi.ac.uk/vol1/fastq/ERR143/061/ERR14392461/ERR14392461_2.fastq.gz,ftp://ftp.sra.ebi.ac.uk/vol1/fastq/ERR143/062/ERR14392462/ERR14392462_2.fastq.gz,ftp://ftp.sra.ebi.ac.uk/vol1/fastq/ERR143/063/ERR14392463/ERR14392463_2.fastq.gz,ftp://ftp.sra.ebi.ac.uk/vol1/fastq/ERR156/056/ERR15626756/ERR15626756_2.fastq.gz
RCN15073,Laos,AmpSeqV2,Sensitive,Sensitive,Sensitive,Resistant,Resistant,Sensitive,Sensitive,Sensitive,Sensitive,Sensitive,ERR15626757,9498460.0,ERR14392464,30901.0,ERR14392465,27798.0,ERR14392466,12326.0,ftp://ftp.sra.ebi.ac.uk/vol1/fastq/ERR143/064/ERR14392464/ERR14392464_1.fastq.gz,ftp://ftp.sra.ebi.ac.uk/vol1/fastq/ERR143/065/ERR14392465/ERR14392465_1.fastq.gz,ftp://ftp.sra.ebi.ac.uk/vol1/fastq/ERR143/066/ERR14392466/ERR14392466_1.fastq.gz,ftp://ftp.sra.ebi.ac.uk/vol1/fastq/ERR156/057/ERR15626757/ERR15626757_1.fastq.gz,ftp://ftp.sra.ebi.ac.uk/vol1/fastq/ERR143/064/ERR14392464/ERR14392464_2.fastq.gz,ftp://ftp.sra.ebi.ac.uk/vol1/fastq/ERR143/065/ERR14392465/ERR14392465_2.fastq.gz,ftp://ftp.sra.ebi.ac.uk/vol1/fastq/ERR143/066/ERR14392466/ERR14392466_2.fastq.gz,ftp://ftp.sra.ebi.ac.uk/vol1/fastq/ERR156/057/ERR15626757/ERR15626757_2.fastq.gz
RCN15074,Laos,AmpSeqV2,Sensitive,Sensitive,Sensitive,Resistant,Resistant,Sensitive,Sensitive,Sensitive,Sensitive,Sensitive,ERR15626758,11310762.0,ERR14392467,32827.0,ERR14392468,25891.0,ERR14392469,10307.0,ftp://ftp.sra.ebi.ac.uk/vol1/fastq/ERR143/067/ERR14392467/ERR14392467_1.fastq.gz,ftp://ftp.sra.ebi.ac.uk/vol1/fastq/ERR143/068/ERR14392468/ERR14392468_1.fastq.gz,ftp://ftp.sra.ebi.ac.uk/vol1/fastq/ERR143/069/ERR14392469/ERR14392469_1.fastq.gz,ftp://ftp.sra.ebi.ac.uk/vol1/fastq/ERR156/058/ERR15626758/ERR15626758_1.fastq.gz,ftp://ftp.sra.ebi.ac.uk/vol1/fastq/ERR143/067/ERR14392467/ERR14392467_2.fastq.gz,ftp://ftp.sra.ebi.ac.uk/vol1/fastq/ERR143/068/ERR14392468/ERR14392468_2.fastq.gz,ftp://ftp.sra.ebi.ac.uk/vol1/fastq/ERR143/069/ERR14392469/ERR14392469_2.fastq.gz,ftp://ftp.sra.ebi.ac.uk/vol1/fastq/ERR156/058/ERR15626758/ERR15626758_2.fastq.gz
RCN15086,Laos,AmpSeqV2,Sensitive,Sensitive,Sensitive,Resistant,Resistant,Sensitive,Sensitive,Sensitive,Sensitive,Sensitive,ERR15626770,18039355.0,ERR14392503,64508.0,ERR14392504,32403.0,ERR14392505,12540.0,ftp://ftp.sra.ebi.ac.uk/vol1/fastq/ERR143/003/ERR14392503/ERR14392503_1.fastq.gz,ftp://ftp.sra.ebi.ac.uk/vol1/fastq/ERR143/004/ERR14392504/ERR14392504_1.fastq.gz,ftp://ftp.sra.ebi.ac.uk/vol1/fastq/ERR143/005/ERR14392505/ERR14392505_1.fastq.gz,ftp://ftp.sra.ebi.ac.uk/vol1/fastq/ERR156/070/ERR15626770/ERR15626770_1.fastq.gz,ftp://ftp.sra.ebi.ac.uk/vol1/fastq/ERR143/003/ERR14392503/ERR14392503_2.fastq.gz,ftp://ftp.sra.ebi.ac.uk/vol1/fastq/ERR143/004/ERR14392504/ERR14392504_2.fastq.gz,ftp://ftp.sra.ebi.ac.uk/vol1/fastq/ERR143/005/ERR14392505/ERR14392505_2.fastq.gz,ftp://ftp.sra.ebi.ac.uk/vol1/fastq/ERR156/070/ERR15626770/ERR15626770_2.fastq.gz
RCN15089,Laos,AmpSeqV2,Sensitive,Sensitive,Sensitive,Resistant,Resistant,Sensitive,Sensitive,Sensitive,Sensitive,Sensitive,ERR15626772,18672497.0,ERR14392512,40253.0,ERR14392513,21882.0,ERR14392514,9925.0,ftp://ftp.sra.ebi.ac.uk/vol1/fastq/ERR143/012/ERR14392512/ERR14392512_1.fastq.gz,ftp://ftp.sra.ebi.ac.uk/vol1/fastq/ERR143/013/ERR14392513/ERR14392513_1.fastq.gz,ftp://ftp.sra.ebi.ac.uk/vol1/fastq/ERR143/014/ERR14392514/ERR14392514_1.fastq.gz,ftp://ftp.sra.ebi.ac.uk/vol1/fastq/ERR156/072/ERR15626772/ERR15626772_1.fastq.gz,ftp://ftp.sra.ebi.ac.uk/vol1/fastq/ERR143/012/ERR14392512/ERR14392512_2.fastq.gz,ftp://ftp.sra.ebi.ac.uk/vol1/fastq/ERR143/013/ERR14392513/ERR14392513_2.fastq.gz,ftp://ftp.sra.ebi.ac.uk/vol1/fastq/ERR143/014/ERR14392514/ERR14392514_2.fastq.gz,ftp://ftp.sra.ebi.ac.uk/vol1/fastq/ERR156/072/ERR15626772/ERR15626772_2.fastq.gz
RCN15090,Laos,AmpSeqV2,Sensitive,Sensitive,Sensitive,Resistant,Resistant,Sensitive,Sensitive,Sensitive,Sensitive,Sensitive,ERR15626774,18133709.0,ERR14392515,55061.0,ERR14392516,23182.0,ERR14392517,6666.0,ftp://ftp.sra.ebi.ac.uk/vol1/fastq/ERR143/015/ERR14392515/ERR14392515_1.fastq.gz,ftp://ftp.sra.ebi.ac.uk/vol1/fastq/ERR143/016/ERR14392516/ERR14392516_1.fastq.gz,ftp://ftp.sra.ebi.ac.uk/vol1/fastq/ERR143/017/ERR14392517/ERR14392517_1.fastq.gz,ftp://ftp.sra.ebi.ac.uk/vol1/fastq/ERR156/074/ERR15626774/ERR15626774_1.fastq.gz,ftp://ftp.sra.ebi.ac.uk/vol1/fastq/ERR143/015/ERR14392515/ERR14392515_2.fastq.gz,ftp://ftp.sra.ebi.ac.uk/vol1/fastq/ERR143/016/ERR14392516/ERR14392516_2.fastq.gz,ftp://ftp.sra.ebi.ac.uk/vol1/fastq/ERR143/017/ERR14392517/ERR14392517_2.fastq.gz,ftp://ftp.sra.ebi.ac.uk/vol1/fastq/ERR156/074/ERR15626774/ERR15626774_2.fastq.gz
RCN15095,Laos,AmpSeqV2,Sensitive,Sensitive,Sensitive,Resistant,Resistant,Sensitive,Sensitive,Sensitive,Sensitive,Sensitive,ERR15626779,20138808.0,ERR14392530,77052.0,ERR14392531,73583.0,ERR14392532,17924.0,ftp://ftp.sra.ebi.ac.uk/vol1/fastq/ERR143/030/ERR14392530/ERR14392530_1.fastq.gz,ftp://ftp.sra.ebi.ac.uk/vol1/fastq/ERR143/031/ERR14392531/ERR14392531_1.fastq.gz,ftp://ftp.sra.ebi.ac.uk/vol1/fastq/ERR143/032/ERR14392532/ERR14392532_1.fastq.gz,ftp://ftp.sra.ebi.ac.uk/vol1/fastq/ERR156/079/ERR15626779/ERR15626779_1.fastq.gz,ftp://ftp.sra.ebi.ac.uk/vol1/fastq/ERR143/030/ERR14392530/ERR14392530_2.fastq.gz,ftp://ftp.sra.ebi.ac.uk/vol1/fastq/ERR143/031/ERR14392531/ERR14392531_2.fastq.gz,ftp://ftp.sra.ebi.ac.uk/vol1/fastq/ERR143/032/ERR14392532/ERR14392532_2.fastq.gz,ftp://ftp.sra.ebi.ac.uk/vol1/fastq/ERR156/079/ERR15626779/ERR15626779_2.fastq.gz
RCN15183,Laos,AmpSeqV2,Sensitive,Sensitive,Sensitive,Resistant,Resistant,Sensitive,Sensitive,Sensitive,Resistant,Sensitive,ERR15626845,13503955.0,ERR14392779,18.0,ERR14392780,21.0,ERR14392781,3747.0,ftp://ftp.sra.ebi.ac.uk/vol1/fastq/ERR143/079/ERR14392779/ERR14392779_1.fastq.gz,ftp://ftp.sra.ebi.ac.uk/vol1/fastq/ERR143/080/ERR14392780/ERR14392780_1.fastq.gz,ftp://ftp.sra.ebi.ac.uk/vol1/fastq/ERR143/081/ERR14392781/ERR14392781_1.fastq.gz,ftp://ftp.sra.ebi.ac.uk/vol1/fastq/ERR156/045/ERR15626845/ERR15626845_1.fastq.gz,ftp://ftp.sra.ebi.ac.uk/vol1/fastq/ERR143/079/ERR14392779/ERR14392779_2.fastq.gz,ftp://ftp.sra.ebi.ac.uk/vol1/fastq/ERR143/080/ERR14392780/ERR14392780_2.fastq.gz,ftp://ftp.sra.ebi.ac.uk/vol1/fastq/ERR143/081/ERR14392781/ERR14392781_2.fastq.gz,ftp://ftp.sra.ebi.ac.uk/vol1/fastq/ERR156/045/ERR15626845/ERR15626845_2.fastq.gz
RCN15184,Laos,AmpSeqV2,Sensitive,Sensitive,Sensitive,Resistant,Resistant,Sensitive,Sensitive,Sensitive,Resistant,Sensitive,ERR15626846,8978116.0,ERR14392782,171.0,ERR14392783,35504.0,ERR14392784,1117.0,ftp://ftp.sra.ebi.ac.uk/vol1/fastq/ERR143/082/ERR14392782/ERR14392782_1.fastq.gz,ftp://ftp.sra.ebi.ac.uk/vol1/fastq/ERR143/083/ERR14392783/ERR14392783_1.fastq.gz,ftp://ftp.sra.ebi.ac.uk/vol1/fastq/ERR143/084/ERR14392784/ERR14392784_1.fastq.gz,ftp://ftp.sra.ebi.ac.uk/vol1/fastq/ERR156/046/ERR15626846/ERR15626846_1.fastq.gz,ftp://ftp.sra.ebi.ac.uk/vol1/fastq/ERR143/082/ERR14392782/ERR14392782_2.fastq.gz,ftp://ftp.sra.ebi.ac.uk/vol1/fastq/ERR143/083/ERR14392783/ERR14392783_2.fastq.gz,ftp://ftp.sra.ebi.ac.uk/vol1/fastq/ERR143/084/ERR14392784/ERR14392784_2.fastq.gz,ftp://ftp.sra.ebi.ac.uk/vol1/fastq/ERR156/046/ERR15626846/ERR15626846_2.fastq.gz
RCN15191,Laos,AmpSeqV2,Sensitive,Sensitive,Sensitive,Resistant,Resistant,Sensitive,Sensitive,Sensitive,Sensitive,Sensitive,ERR15626853,14838257.0,ERR14392803,48318.0,ERR14392804,25426.0,ERR14392805,3014.0,ftp://ftp.sra.ebi.ac.uk/vol1/fastq/ERR143/003/ERR14392803/ERR14392803_1.fastq.gz,ftp://ftp.sra.ebi.ac.uk/vol1/fastq/ERR143/004/ERR14392804/ERR14392804_1.fastq.gz,ftp://ftp.sra.ebi.ac.uk/vol1/fastq/ERR143/005/ERR14392805/ERR14392805_1.fastq.gz,ftp://ftp.sra.ebi.ac.uk/vol1/fastq/ERR156/053/ERR15626853/ERR15626853_1.fastq.gz,ftp://ftp.sra.ebi.ac.uk/vol1/fastq/ERR143/003/ERR14392803/ERR14392803_2.fastq.gz,ftp://ftp.sra.ebi.ac.uk/vol1/fastq/ERR143/004/ERR14392804/ERR14392804_2.fastq.gz,ftp://ftp.sra.ebi.ac.uk/vol1/fastq/ERR143/005/ERR14392805/ERR14392805_2.fastq.gz,ftp://ftp.sra.ebi.ac.uk/vol1/fastq/ERR156/053/ERR15626853/ERR15626853_2.fastq.gz
RCN15193,Laos,AmpSeqV2,Sensitive,Sensitive,Sensitive,Resistant,Resistant,Sensitive,Sensitive,Sensitive,Resistant,Sensitive,ERR15626855,13127704.0,ERR14392809,42402.0,ERR14392810,33249.0,ERR14392811,4311.0,ftp://ftp.sra.ebi.ac.uk/vol1/fastq/ERR143/009/ERR14392809/ERR14392809_1.fastq.gz,ftp://ftp.sra.ebi.ac.uk/vol1/fastq/ERR143/010/ERR14392810/ERR14392810_1.fastq.gz,ftp://ftp.sra.ebi.ac.uk/vol1/fastq/ERR143/011/ERR14392811/ERR14392811_1.fastq.gz,ftp://ftp.sra.ebi.ac.uk/vol1/fastq/ERR156/055/ERR15626855/ERR15626855_1.fastq.gz,ftp://ftp.sra.ebi.ac.uk/vol1/fastq/ERR143/009/ERR14392809/ERR14392809_2.fastq.gz,ftp://ftp.sra.ebi.ac.uk/vol1/fastq/ERR143/010/ERR14392810/ERR14392810_2.fastq.gz,ftp://ftp.sra.ebi.ac.uk/vol1/fastq/ERR143/011/ERR14392811/ERR14392811_2.fastq.gz,ftp://ftp.sra.ebi.ac.uk/vol1/fastq/ERR156/055/ERR15626855/ERR15626855_2.fastq.gz
RCN15195,Laos,AmpSeqV2,Sensitive,Sensitive,Sensitive,Resistant,Resistant,Sensitive,Sensitive,Sensitive,Sensitive,Sensitive,ERR15626857,12472252.0,ERR14392815,30225.0,ERR14392816,25701.0,ERR14392817,4027.0,ftp://ftp.sra.ebi.ac.uk/vol1/fastq/ERR143/015/ERR14392815/ERR14392815_1.fastq.gz,ftp://ftp.sra.ebi.ac.uk/vol1/fastq/ERR143/016/ERR14392816/ERR14392816_1.fastq.gz,ftp://ftp.sra.ebi.ac.uk/vol1/fastq/ERR143/017/ERR14392817/ERR14392817_1.fastq.gz,ftp://ftp.sra.ebi.ac.uk/vol1/fastq/ERR156/057/ERR15626857/ERR15626857_1.fastq.gz,ftp://ftp.sra.ebi.ac.uk/vol1/fastq/ERR143/015/ERR14392815/ERR14392815_2.fastq.gz,ftp://ftp.sra.ebi.ac.uk/vol1/fastq/ERR143/016/ERR14392816/ERR14392816_2.fastq.gz,ftp://ftp.sra.ebi.ac.uk/vol1/fastq/ERR143/017/ERR14392817/ERR14392817_2.fastq.gz,ftp://ftp.sra.ebi.ac.uk/vol1/fastq/ERR156/057/ERR15626857/ERR15626857_2.fastq.gz
RCN15196,Laos,AmpSeqV2,Sensitive,Sensitive,Sensitive,Resistant,Resistant,Sensitive,Sensitive,Sensitive,Sensitive,Sensitive,ERR15626858,7524954.0,ERR14392818,27048.0,ERR14392819,30526.0,ERR14392820,2700.0,ftp://ftp.sra.ebi.ac.uk/vol1/fastq/ERR143/018/ERR14392818/ERR14392818_1.fastq.gz,ftp://ftp.sra.ebi.ac.uk/vol1/fastq/ERR143/019/ERR14392819/ERR14392819_1.fastq.gz,ftp://ftp.sra.ebi.ac.uk/vol1/fastq/ERR143/020/ERR14392820/ERR14392820_1.fastq.gz,ftp://ftp.sra.ebi.ac.uk/vol1/fastq/ERR156/058/ERR15626858/ERR15626858_1.fastq.gz,ftp://ftp.sra.ebi.ac.uk/vol1/fastq/ERR143/018/ERR14392818/ERR14392818_2.fastq.gz,ftp://ftp.sra.ebi.ac.uk/vol1/fastq/ERR143/019/ERR14392819/ERR14392819_2.fastq.gz,ftp://ftp.sra.ebi.ac.uk/vol1/fastq/ERR143/020/ERR14392820/ERR14392820_2.fastq.gz,ftp://ftp.sra.ebi.ac.uk/vol1/fastq/ERR156/058/ERR15626858/ERR15626858_2.fastq.gz
RCN15197,Laos,AmpSeqV2,Sensitive,Sensitive,Sensitive,Resistant,Resistant,Sensitive,Sensitive,Sensitive,Sensitive,Sensitive,ERR15626859,13489836.0,ERR14392821,38378.0,ERR14392822,31718.0,ERR14392823,3983.0,ftp://ftp.sra.ebi.ac.uk/vol1/fastq/ERR143/021/ERR14392821/ERR14392821_1.fastq.gz,ftp://ftp.sra.ebi.ac.uk/vol1/fastq/ERR143/022/ERR14392822/ERR14392822_1.fastq.gz,ftp://ftp.sra.ebi.ac.uk/vol1/fastq/ERR143/023/ERR14392823/ERR14392823_1.fastq.gz,ftp://ftp.sra.ebi.ac.uk/vol1/fastq/ERR156/059/ERR15626859/ERR15626859_1.fastq.gz,ftp://ftp.sra.ebi.ac.uk/vol1/fastq/ERR143/021/ERR14392821/ERR14392821_2.fastq.gz,ftp://ftp.sra.ebi.ac.uk/vol1/fastq/ERR143/022/ERR14392822/ERR14392822_2.fastq.gz,ftp://ftp.sra.ebi.ac.uk/vol1/fastq/ERR143/023/ERR14392823/ERR14392823_2.fastq.gz,ftp://ftp.sra.ebi.ac.uk/vol1/fastq/ERR156/059/ERR15626859/ERR15626859_2.fastq.gz
RCN15201,Laos,AmpSeqV2,Sensitive,Sensitive,Sensitive,Resistant,Resistant,Resistant,Sensitive,Sensitive,Resistant,Sensitive,ERR15626863,15279637.0,ERR14392833,40686.0,ERR14392834,39286.0,ERR14392835,5117.0,ftp://ftp.sra.ebi.ac.uk/vol1/fastq/ERR143/033/ERR14392833/ERR14392833_1.fastq.gz,ftp://ftp.sra.ebi.ac.uk/vol1/fastq/ERR143/034/ERR14392834/ERR14392834_1.fastq.gz,ftp://ftp.sra.ebi.ac.uk/vol1/fastq/ERR143/035/ERR14392835/ERR14392835_1.fastq.gz,ftp://ftp.sra.ebi.ac.uk/vol1/fastq/ERR156/063/ERR15626863/ERR15626863_1.fastq.gz,ftp://ftp.sra.ebi.ac.uk/vol1/fastq/ERR143/033/ERR14392833/ERR14392833_2.fastq.gz,ftp://ftp.sra.ebi.ac.uk/vol1/fastq/ERR143/034/ERR14392834/ERR14392834_2.fastq.gz,ftp://ftp.sra.ebi.ac.uk/vol1/fastq/ERR143/035/ERR14392835/ERR14392835_2.fastq.gz,ftp://ftp.sra.ebi.ac.uk/vol1/fastq/ERR156/063/ERR15626863/ERR15626863_2.fastq.gz
RCN15202,Laos,AmpSeqV2,Sensitive,Sensitive,Sensitive,Undetermined,Resistant,Sensitive,Sensitive,Sensitive,Sensitive,Sensitive,ERR15626864,8301707.0,ERR14392836,38679.0,ERR14392837,31846.0,ERR14392838,832.0,ftp://ftp.sra.ebi.ac.uk/vol1/fastq/ERR143/036/ERR14392836/ERR14392836_1.fastq.gz,ftp://ftp.sra.ebi.ac.uk/vol1/fastq/ERR143/037/ERR14392837/ERR14392837_1.fastq.gz,ftp://ftp.sra.ebi.ac.uk/vol1/fastq/ERR143/038/ERR14392838/ERR14392838_1.fastq.gz,ftp://ftp.sra.ebi.ac.uk/vol1/fastq/ERR156/064/ERR15626864/ERR15626864_1.fastq.gz,ftp://ftp.sra.ebi.ac.uk/vol1/fastq/ERR143/036/ERR14392836/ERR14392836_2.fastq.gz,ftp://ftp.sra.ebi.ac.uk/vol1/fastq/ERR143/037/ERR14392837/ERR14392837_2.fastq.gz,ftp://ftp.sra.ebi.ac.uk/vol1/fastq/ERR143/038/ERR14392838/ERR14392838_2.fastq.gz,ftp://ftp.sra.ebi.ac.uk/vol1/fastq/ERR156/064/ERR15626864/ERR15626864_2.fastq.gz
RCN15208,Laos,AmpSeqV2,Sensitive,Sensitive,Sensitive,Sensitive,Resistant,Sensitive,Sensitive,Sensitive,Resistant,Sensitive,ERR15626869,18178107.0,ERR14392854,21449.0,ERR14392855,34153.0,ERR14392856,1224.0,ftp://ftp.sra.ebi.ac.uk/vol1/fastq/ERR143/054/ERR14392854/ERR14392854_1.fastq.gz,ftp://ftp.sra.ebi.ac.uk/vol1/fastq/ERR143/055/ERR14392855/ERR14392855_1.fastq.gz,ftp://ftp.sra.ebi.ac.uk/vol1/fastq/ERR143/056/ERR14392856/ERR14392856_1.fastq.gz,ftp://ftp.sra.ebi.ac.uk/vol1/fastq/ERR156/069/ERR15626869/ERR15626869_1.fastq.gz,ftp://ftp.sra.ebi.ac.uk/vol1/fastq/ERR143/054/ERR14392854/ERR14392854_2.fastq.gz,ftp://ftp.sra.ebi.ac.uk/vol1/fastq/ERR143/055/ERR14392855/ERR14392855_2.fastq.gz,ftp://ftp.sra.ebi.ac.uk/vol1/fastq/ERR143/056/ERR14392856/ERR14392856_2.fastq.gz,ftp://ftp.sra.ebi.ac.uk/vol1/fastq/ERR156/069/ERR15626869/ERR15626869_2.fastq.gz
RCN15212,Laos,AmpSeqV2,Sensitive,Sensitive,Sensitive,Resistant,Resistant,Sensitive,Sensitive,Sensitive,Sensitive,Sensitive,ERR15626873,18348632.0,ERR14392866,28951.0,ERR14392867,30094.0,ERR14392868,2397.0,ftp://ftp.sra.ebi.ac.uk/vol1/fastq/ERR143/066/ERR14392866/ERR14392866_1.fastq.gz,ftp://ftp.sra.ebi.ac.uk/vol1/fastq/ERR143/067/ERR14392867/ERR14392867_1.fastq.gz,ftp://ftp.sra.ebi.ac.uk/vol1/fastq/ERR143/068/ERR14392868/ERR14392868_1.fastq.gz,ftp://ftp.sra.ebi.ac.uk/vol1/fastq/ERR156/073/ERR15626873/ERR15626873_1.fastq.gz,ftp://ftp.sra.ebi.ac.uk/vol1/fastq/ERR143/066/ERR14392866/ERR14392866_2.fastq.gz,ftp://ftp.sra.ebi.ac.uk/vol1/fastq/ERR143/067/ERR14392867/ERR14392867_2.fastq.gz,ftp://ftp.sra.ebi.ac.uk/vol1/fastq/ERR143/068/ERR14392868/ERR14392868_2.fastq.gz,ftp://ftp.sra.ebi.ac.uk/vol1/fastq/ERR156/073/ERR15626873/ERR15626873_2.fastq.gz
RCN15218,Laos,AmpSeqV2,Sensitive,Sensitive,Sensitive,Resistant,Resistant,Sensitive,Sensitive,Sensitive,Sensitive,Sensitive,ERR15626879,12531142.0,ERR14392881,49544.0,ERR14392882,42539.0,ERR14392883,5719.0,ftp://ftp.sra.ebi.ac.uk/vol1/fastq/ERR143/081/ERR14392881/ERR14392881_1.fastq.gz,ftp://ftp.sra.ebi.ac.uk/vol1/fastq/ERR143/082/ERR14392882/ERR14392882_1.fastq.gz,ftp://ftp.sra.ebi.ac.uk/vol1/fastq/ERR143/083/ERR14392883/ERR14392883_1.fastq.gz,ftp://ftp.sra.ebi.ac.uk/vol1/fastq/ERR156/079/ERR15626879/ERR15626879_1.fastq.gz,ftp://ftp.sra.ebi.ac.uk/vol1/fastq/ERR143/081/ERR14392881/ERR14392881_2.fastq.gz,ftp://ftp.sra.ebi.ac.uk/vol1/fastq/ERR143/082/ERR14392882/ERR14392882_2.fastq.gz,ftp://ftp.sra.ebi.ac.uk/vol1/fastq/ERR143/083/ERR14392883/ERR14392883_2.fastq.gz,ftp://ftp.sra.ebi.ac.uk/vol1/fastq/ERR156/079/ERR15626879/ERR15626879_2.fastq.gz
RCN15220,Laos,AmpSeqV2,Sensitive,Sensitive,Sensitive,Resistant,Resistant,Sensitive,Sensitive,Sensitive,Resistant,Sensitive,ERR15626881,15619552.0,ERR14392887,36460.0,ERR14392888,34612.0,ERR14392889,3852.0,ftp://ftp.sra.ebi.ac.uk/vol1/fastq/ERR143/087/ERR14392887/ERR14392887_1.fastq.gz,ftp://ftp.sra.ebi.ac.uk/vol1/fastq/ERR143/088/ERR14392888/ERR14392888_1.fastq.gz,ftp://ftp.sra.ebi.ac.uk/vol1/fastq/ERR143/089/ERR14392889/ERR14392889_1.fastq.gz,ftp://ftp.sra.ebi.ac.uk/vol1/fastq/ERR156/081/ERR15626881/ERR15626881_1.fastq.gz,ftp://ftp.sra.ebi.ac.uk/vol1/fastq/ERR143/087/ERR14392887/ERR14392887_2.fastq.gz,ftp://ftp.sra.ebi.ac.uk/vol1/fastq/ERR143/088/ERR14392888/ERR14392888_2.fastq.gz,ftp://ftp.sra.ebi.ac.uk/vol1/fastq/ERR143/089/ERR14392889/ERR14392889_2.fastq.gz,ftp://ftp.sra.ebi.ac.uk/vol1/fastq/ERR156/081/ERR15626881/ERR15626881_2.fastq.gz
RCN15221,Laos,AmpSeqV2,Sensitive,Sensitive,Sensitive,Resistant,Resistant,Sensitive,Sensitive,Sensitive,Sensitive,Sensitive,ERR15626882,15393270.0,ERR14392890,32472.0,ERR14392891,26709.0,ERR14392892,2399.0,ftp://ftp.sra.ebi.ac.uk/vol1/fastq/ERR143/090/ERR14392890/ERR14392890_1.fastq.gz,ftp://ftp.sra.ebi.ac.uk/vol1/fastq/ERR143/091/ERR14392891/ERR14392891_1.fastq.gz,ftp://ftp.sra.ebi.ac.uk/vol1/fastq/ERR143/092/ERR14392892/ERR14392892_1.fastq.gz,ftp://ftp.sra.ebi.ac.uk/vol1/fastq/ERR156/082/ERR15626882/ERR15626882_1.fastq.gz,ftp://ftp.sra.ebi.ac.uk/vol1/fastq/ERR143/090/ERR14392890/ERR14392890_2.fastq.gz,ftp://ftp.sra.ebi.ac.uk/vol1/fastq/ERR143/091/ERR14392891/ERR14392891_2.fastq.gz,ftp://ftp.sra.ebi.ac.uk/vol1/fastq/ERR143/092/ERR14392892/ERR14392892_2.fastq.gz,ftp://ftp.sra.ebi.ac.uk/vol1/fastq/ERR156/082/ERR15626882/ERR15626882_2.fastq.gz
RCN15222,Laos,AmpSeqV2,Sensitive,Sensitive,Sensitive,Resistant,Resistant,Sensitive,Sensitive,Sensitive,Resistant,Sensitive,ERR15626883,14391177.0,ERR14392893,31498.0,ERR14392894,30337.0,ERR14392895,2339.0,ftp://ftp.sra.ebi.ac.uk/vol1/fastq/ERR143/093/ERR14392893/ERR14392893_1.fastq.gz,ftp://ftp.sra.ebi.ac.uk/vol1/fastq/ERR143/094/ERR14392894/ERR14392894_1.fastq.gz,ftp://ftp.sra.ebi.ac.uk/vol1/fastq/ERR143/095/ERR14392895/ERR14392895_1.fastq.gz,ftp://ftp.sra.ebi.ac.uk/vol1/fastq/ERR156/083/ERR15626883/ERR15626883_1.fastq.gz,ftp://ftp.sra.ebi.ac.uk/vol1/fastq/ERR143/093/ERR14392893/ERR14392893_2.fastq.gz,ftp://ftp.sra.ebi.ac.uk/vol1/fastq/ERR143/094/ERR14392894/ERR14392894_2.fastq.gz,ftp://ftp.sra.ebi.ac.uk/vol1/fastq/ERR143/095/ERR14392895/ERR14392895_2.fastq.gz,ftp://ftp.sra.ebi.ac.uk/vol1/fastq/ERR156/083/ERR15626883/ERR15626883_2.fastq.gz
RCN15227,Laos,AmpSeqV2,Sensitive,Sensitive,Sensitive,Resistant,Resistant,Sensitive,Sensitive,Sensitive,Sensitive,Sensitive,ERR15626888,16030797.0,ERR14392908,38458.0,ERR14392909,31138.0,ERR14392910,3344.0,ftp://ftp.sra.ebi.ac.uk/vol1/fastq/ERR143/008/ERR14392908/ERR14392908_1.fastq.gz,ftp://ftp.sra.ebi.ac.uk/vol1/fastq/ERR143/009/ERR14392909/ERR14392909_1.fastq.gz,ftp://ftp.sra.ebi.ac.uk/vol1/fastq/ERR143/010/ERR14392910/ERR14392910_1.fastq.gz,ftp://ftp.sra.ebi.ac.uk/vol1/fastq/ERR156/088/ERR15626888/ERR15626888_1.fastq.gz,ftp://ftp.sra.ebi.ac.uk/vol1/fastq/ERR143/008/ERR14392908/ERR14392908_2.fastq.gz,ftp://ftp.sra.ebi.ac.uk/vol1/fastq/ERR143/009/ERR14392909/ERR14392909_2.fastq.gz,ftp://ftp.sra.ebi.ac.uk/vol1/fastq/ERR143/010/ERR14392910/ERR14392910_2.fastq.gz,ftp://ftp.sra.ebi.ac.uk/vol1/fastq/ERR156/088/ERR15626888/ERR15626888_2.fastq.gz
RCN15228,Laos,AmpSeqV2,Sensitive,Sensitive,Sensitive,Resistant,Resistant,Sensitive,Sensitive,Sensitive,Sensitive,Sensitive,ERR15626889,8241051.0,ERR14392911,38923.0,ERR14392912,32775.0,ERR14392913,2988.0,ftp://ftp.sra.ebi.ac.uk/vol1/fastq/ERR143/011/ERR14392911/ERR14392911_1.fastq.gz,ftp://ftp.sra.ebi.ac.uk/vol1/fastq/ERR143/012/ERR14392912/ERR14392912_1.fastq.gz,ftp://ftp.sra.ebi.ac.uk/vol1/fastq/ERR143/013/ERR14392913/ERR14392913_1.fastq.gz,ftp://ftp.sra.ebi.ac.uk/vol1/fastq/ERR156/089/ERR15626889/ERR15626889_1.fastq.gz,ftp://ftp.sra.ebi.ac.uk/vol1/fastq/ERR143/011/ERR14392911/ERR14392911_2.fastq.gz,ftp://ftp.sra.ebi.ac.uk/vol1/fastq/ERR143/012/ERR14392912/ERR14392912_2.fastq.gz,ftp://ftp.sra.ebi.ac.uk/vol1/fastq/ERR143/013/ERR14392913/ERR14392913_2.fastq.gz,ftp://ftp.sra.ebi.ac.uk/vol1/fastq/ERR156/089/ERR15626889/ERR15626889_2.fastq.gz
RCN15233,Laos,AmpSeqV2,Resistant,Resistant,Sensitive,Resistant,Resistant,Resistant,Resistant,Sensitive,Resistant,Undetermined,ERR15626893,16928676.0,ERR14392923,41220.0,ERR14392924,28143.0,ERR14392925,4332.0,ftp://ftp.sra.ebi.ac.uk/vol1/fastq/ERR143/023/ERR14392923/ERR14392923_1.fastq.gz,ftp://ftp.sra.ebi.ac.uk/vol1/fastq/ERR143/024/ERR14392924/ERR14392924_1.fastq.gz,ftp://ftp.sra.ebi.ac.uk/vol1/fastq/ERR143/025/ERR14392925/ERR14392925_1.fastq.gz,ftp://ftp.sra.ebi.ac.uk/vol1/fastq/ERR156/093/ERR15626893/ERR15626893_1.fastq.gz,ftp://ftp.sra.ebi.ac.uk/vol1/fastq/ERR143/023/ERR14392923/ERR14392923_2.fastq.gz,ftp://ftp.sra.ebi.ac.uk/vol1/fastq/ERR143/024/ERR14392924/ERR14392924_2.fastq.gz,ftp://ftp.sra.ebi.ac.uk/vol1/fastq/ERR143/025/ERR14392925/ERR14392925_2.fastq.gz,ftp://ftp.sra.ebi.ac.uk/vol1/fastq/ERR156/093/ERR15626893/ERR15626893_2.fastq.gz
RCN15235,Laos,AmpSeqV2,Resistant,Resistant,Sensitive,Resistant,Resistant,Resistant,Resistant,Sensitive,Resistant,Undetermined,ERR15626895,9851428.0,ERR14392929,35896.0,ERR14392930,31262.0,ERR14392931,2084.0,ftp://ftp.sra.ebi.ac.uk/vol1/fastq/ERR143/029/ERR14392929/ERR14392929_1.fastq.gz,ftp://ftp.sra.ebi.ac.uk/vol1/fastq/ERR143/030/ERR14392930/ERR14392930_1.fastq.gz,ftp://ftp.sra.ebi.ac.uk/vol1/fastq/ERR143/031/ERR14392931/ERR14392931_1.fastq.gz,ftp://ftp.sra.ebi.ac.uk/vol1/fastq/ERR156/095/ERR15626895/ERR15626895_1.fastq.gz,ftp://ftp.sra.ebi.ac.uk/vol1/fastq/ERR143/029/ERR14392929/ERR14392929_2.fastq.gz,ftp://ftp.sra.ebi.ac.uk/vol1/fastq/ERR143/030/ERR14392930/ERR14392930_2.fastq.gz,ftp://ftp.sra.ebi.ac.uk/vol1/fastq/ERR143/031/ERR14392931/ERR14392931_2.fastq.gz,ftp://ftp.sra.ebi.ac.uk/vol1/fastq/ERR156/095/ERR15626895/ERR15626895_2.fastq.gz
RCN15236,Laos,AmpSeqV2,Resistant,Resistant,Sensitive,Resistant,Resistant,Resistant,Resistant,Sensitive,Resistant,Undetermined,ERR15626896,13126165.0,ERR14392932,15710.0,ERR14392933,22507.0,ERR14392934,27.0,ftp://ftp.sra.ebi.ac.uk/vol1/fastq/ERR143/032/ERR14392932/ERR14392932_1.fastq.gz,ftp://ftp.sra.ebi.ac.uk/vol1/fastq/ERR143/033/ERR14392933/ERR14392933_1.fastq.gz,ftp://ftp.sra.ebi.ac.uk/vol1/fastq/ERR143/034/ERR14392934/ERR14392934_1.fastq.gz,ftp://ftp.sra.ebi.ac.uk/vol1/fastq/ERR156/096/ERR15626896/ERR15626896_1.fastq.gz,ftp://ftp.sra.ebi.ac.uk/vol1/fastq/ERR143/032/ERR14392932/ERR14392932_2.fastq.gz,ftp://ftp.sra.ebi.ac.uk/vol1/fastq/ERR143/033/ERR14392933/ERR14392933_2.fastq.gz,ftp://ftp.sra.ebi.ac.uk/vol1/fastq/ERR143/034/ERR14392934/ERR14392934_2.fastq.gz,ftp://ftp.sra.ebi.ac.uk/vol1/fastq/ERR156/096/ERR15626896/ERR15626896_2.fastq.gz
RCN15237,Laos,AmpSeqV2,Resistant,Resistant,Sensitive,Resistant,Resistant,Resistant,Resistant,Sensitive,Resistant,Undetermined,ERR15626897,14598189.0,ERR14392935,30435.0,ERR14392936,20923.0,ERR14392937,42.0,ftp://ftp.sra.ebi.ac.uk/vol1/fastq/ERR143/035/ERR14392935/ERR14392935_1.fastq.gz,ftp://ftp.sra.ebi.ac.uk/vol1/fastq/ERR143/036/ERR14392936/ERR14392936_1.fastq.gz,ftp://ftp.sra.ebi.ac.uk/vol1/fastq/ERR143/037/ERR14392937/ERR14392937_1.fastq.gz,ftp://ftp.sra.ebi.ac.uk/vol1/fastq/ERR156/097/ERR15626897/ERR15626897_1.fastq.gz,ftp://ftp.sra.ebi.ac.uk/vol1/fastq/ERR143/035/ERR14392935/ERR14392935_2.fastq.gz,ftp://ftp.sra.ebi.ac.uk/vol1/fastq/ERR143/036/ERR14392936/ERR14392936_2.fastq.gz,ftp://ftp.sra.ebi.ac.uk/vol1/fastq/ERR143/037/ERR14392937/ERR14392937_2.fastq.gz,ftp://ftp.sra.ebi.ac.uk/vol1/fastq/ERR156/097/ERR15626897/ERR15626897_2.fastq.gz
RCN15238,Laos,AmpSeqV2,Sensitive,Resistant,Sensitive,Resistant,Resistant,Resistant,Sensitive,Sensitive,Resistant,Undetermined,ERR15626898,9612382.0,ERR14392938,37565.0,ERR14392939,34745.0,ERR14392940,2641.0,ftp://ftp.sra.ebi.ac.uk/vol1/fastq/ERR143/038/ERR14392938/ERR14392938_1.fastq.gz,ftp://ftp.sra.ebi.ac.uk/vol1/fastq/ERR143/039/ERR14392939/ERR14392939_1.fastq.gz,ftp://ftp.sra.ebi.ac.uk/vol1/fastq/ERR143/040/ERR14392940/ERR14392940_1.fastq.gz,ftp://ftp.sra.ebi.ac.uk/vol1/fastq/ERR156/098/ERR15626898/ERR15626898_1.fastq.gz,ftp://ftp.sra.ebi.ac.uk/vol1/fastq/ERR143/038/ERR14392938/ERR14392938_2.fastq.gz,ftp://ftp.sra.ebi.ac.uk/vol1/fastq/ERR143/039/ERR14392939/ERR14392939_2.fastq.gz,ftp://ftp.sra.ebi.ac.uk/vol1/fastq/ERR143/040/ERR14392940/ERR14392940_2.fastq.gz,ftp://ftp.sra.ebi.ac.uk/vol1/fastq/ERR156/098/ERR15626898/ERR15626898_2.fastq.gz
RCN15241,Laos,AmpSeqV2,Resistant,Resistant,Sensitive,Resistant,Resistant,Resistant,Resistant,Sensitive,Resistant,Undetermined,ERR15626901,11840465.0,ERR14392947,37957.0,ERR14392948,21320.0,ERR14392949,3425.0,ftp://ftp.sra.ebi.ac.uk/vol1/fastq/ERR143/047/ERR14392947/ERR14392947_1.fastq.gz,ftp://ftp.sra.ebi.ac.uk/vol1/fastq/ERR143/048/ERR14392948/ERR14392948_1.fastq.gz,ftp://ftp.sra.ebi.ac.uk/vol1/fastq/ERR143/049/ERR14392949/ERR14392949_1.fastq.gz,ftp://ftp.sra.ebi.ac.uk/vol1/fastq/ERR156/001/ERR15626901/ERR15626901_1.fastq.gz,ftp://ftp.sra.ebi.ac.uk/vol1/fastq/ERR143/047/ERR14392947/ERR14392947_2.fastq.gz,ftp://ftp.sra.ebi.ac.uk/vol1/fastq/ERR143/048/ERR14392948/ERR14392948_2.fastq.gz,ftp://ftp.sra.ebi.ac.uk/vol1/fastq/ERR143/049/ERR14392949/ERR14392949_2.fastq.gz,ftp://ftp.sra.ebi.ac.uk/vol1/fastq/ERR156/001/ERR15626901/ERR15626901_2.fastq.gz
RCN15242,Laos,AmpSeqV2,Resistant,Resistant,Sensitive,Resistant,Resistant,Resistant,Resistant,Sensitive,Resistant,Undetermined,ERR15626902,7843928.0,ERR14392950,706.0,ERR14392951,31940.0,ERR14392952,28.0,ftp://ftp.sra.ebi.ac.uk/vol1/fastq/ERR143/050/ERR14392950/ERR14392950_1.fastq.gz,ftp://ftp.sra.ebi.ac.uk/vol1/fastq/ERR143/051/ERR14392951/ERR14392951_1.fastq.gz,ftp://ftp.sra.ebi.ac.uk/vol1/fastq/ERR143/052/ERR14392952/ERR14392952_1.fastq.gz,ftp://ftp.sra.ebi.ac.uk/vol1/fastq/ERR156/002/ERR15626902/ERR15626902_1.fastq.gz,ftp://ftp.sra.ebi.ac.uk/vol1/fastq/ERR143/050/ERR14392950/ERR14392950_2.fastq.gz,ftp://ftp.sra.ebi.ac.uk/vol1/fastq/ERR143/051/ERR14392951/ERR14392951_2.fastq.gz,ftp://ftp.sra.ebi.ac.uk/vol1/fastq/ERR143/052/ERR14392952/ERR14392952_2.fastq.gz,ftp://ftp.sra.ebi.ac.uk/vol1/fastq/ERR156/002/ERR15626902/ERR15626902_2.fastq.gz
RCN15245,Laos,AmpSeqV2,Resistant,Sensitive,Sensitive,Resistant,Resistant,Resistant,Sensitive,Sensitive,Resistant,Undetermined,ERR15626904,11104648.0,ERR14392959,32735.0,ERR14392960,25874.0,ERR14392961,3632.0,ftp://ftp.sra.ebi.ac.uk/vol1/fastq/ERR143/059/ERR14392959/ERR14392959_1.fastq.gz,ftp://ftp.sra.ebi.ac.uk/vol1/fastq/ERR143/060/ERR14392960/ERR14392960_1.fastq.gz,ftp://ftp.sra.ebi.ac.uk/vol1/fastq/ERR143/061/ERR14392961/ERR14392961_1.fastq.gz,ftp://ftp.sra.ebi.ac.uk/vol1/fastq/ERR156/004/ERR15626904/ERR15626904_1.fastq.gz,ftp://ftp.sra.ebi.ac.uk/vol1/fastq/ERR143/059/ERR14392959/ERR14392959_2.fastq.gz,ftp://ftp.sra.ebi.ac.uk/vol1/fastq/ERR143/060/ERR14392960/ERR14392960_2.fastq.gz,ftp://ftp.sra.ebi.ac.uk/vol1/fastq/ERR143/061/ERR14392961/ERR14392961_2.fastq.gz,ftp://ftp.sra.ebi.ac.uk/vol1/fastq/ERR156/004/ERR15626904/ERR15626904_2.fastq.gz
RCN15246,Laos,AmpSeqV2,Sensitive,Sensitive,Sensitive,Resistant,Resistant,Resistant,Sensitive,Sensitive,Resistant,Sensitive,ERR15626906,12360518.0,ERR14392962,37915.0,ERR14392963,27420.0,ERR14392964,2873.0,ftp://ftp.sra.ebi.ac.uk/vol1/fastq/ERR143/062/ERR14392962/ERR14392962_1.fastq.gz,ftp://ftp.sra.ebi.ac.uk/vol1/fastq/ERR143/063/ERR14392963/ERR14392963_1.fastq.gz,ftp://ftp.sra.ebi.ac.uk/vol1/fastq/ERR143/064/ERR14392964/ERR14392964_1.fastq.gz,ftp://ftp.sra.ebi.ac.uk/vol1/fastq/ERR156/006/ERR15626906/ERR15626906_1.fastq.gz,ftp://ftp.sra.ebi.ac.uk/vol1/fastq/ERR143/062/ERR14392962/ERR14392962_2.fastq.gz,ftp://ftp.sra.ebi.ac.uk/vol1/fastq/ERR143/063/ERR14392963/ERR14392963_2.fastq.gz,ftp://ftp.sra.ebi.ac.uk/vol1/fastq/ERR143/064/ERR14392964/ERR14392964_2.fastq.gz,ftp://ftp.sra.ebi.ac.uk/vol1/fastq/ERR156/006/ERR15626906/ERR15626906_2.fastq.gz
RCN15248,Laos,AmpSeqV2,Resistant,Sensitive,Sensitive,Resistant,Resistant,Resistant,Sensitive,Sensitive,Resistant,Undetermined,ERR15626908,7005152.0,ERR14392968,39807.0,ERR14392969,32106.0,ERR14392970,1450.0,ftp://ftp.sra.ebi.ac.uk/vol1/fastq/ERR143/068/ERR14392968/ERR14392968_1.fastq.gz,ftp://ftp.sra.ebi.ac.uk/vol1/fastq/ERR143/069/ERR14392969/ERR14392969_1.fastq.gz,ftp://ftp.sra.ebi.ac.uk/vol1/fastq/ERR143/070/ERR14392970/ERR14392970_1.fastq.gz,ftp://ftp.sra.ebi.ac.uk/vol1/fastq/ERR156/008/ERR15626908/ERR15626908_1.fastq.gz,ftp://ftp.sra.ebi.ac.uk/vol1/fastq/ERR143/068/ERR14392968/ERR14392968_2.fastq.gz,ftp://ftp.sra.ebi.ac.uk/vol1/fastq/ERR143/069/ERR14392969/ERR14392969_2.fastq.gz,ftp://ftp.sra.ebi.ac.uk/vol1/fastq/ERR143/070/ERR14392970/ERR14392970_2.fastq.gz,ftp://ftp.sra.ebi.ac.uk/vol1/fastq/ERR156/008/ERR15626908/ERR15626908_2.fastq.gz
RCN15250,Laos,AmpSeqV2,Sensitive,Sensitive,Sensitive,Resistant,Resistant,Sensitive,Sensitive,Sensitive,Resistant,Sensitive,ERR15626910,10075062.0,ERR14392974,209.0,ERR14392975,20456.0,ERR14392976,31.0,ftp://ftp.sra.ebi.ac.uk/vol1/fastq/ERR143/074/ERR14392974/ERR14392974_1.fastq.gz,ftp://ftp.sra.ebi.ac.uk/vol1/fastq/ERR143/075/ERR14392975/ERR14392975_1.fastq.gz,ftp://ftp.sra.ebi.ac.uk/vol1/fastq/ERR143/076/ERR14392976/ERR14392976_1.fastq.gz,ftp://ftp.sra.ebi.ac.uk/vol1/fastq/ERR156/010/ERR15626910/ERR15626910_1.fastq.gz,ftp://ftp.sra.ebi.ac.uk/vol1/fastq/ERR143/074/ERR14392974/ERR14392974_2.fastq.gz,ftp://ftp.sra.ebi.ac.uk/vol1/fastq/ERR143/075/ERR14392975/ERR14392975_2.fastq.gz,ftp://ftp.sra.ebi.ac.uk/vol1/fastq/ERR143/076/ERR14392976/ERR14392976_2.fastq.gz,ftp://ftp.sra.ebi.ac.uk/vol1/fastq/ERR156/010/ERR15626910/ERR15626910_2.fastq.gz
RCN15260,Laos,AmpSeqV2,Resistant,Resistant,Sensitive,Resistant,Resistant,Resistant,Resistant,Sensitive,Resistant,Undetermined,ERR15626918,17163222.0,ERR14392998,27347.0,ERR14392999,27524.0,ERR14393000,1914.0,ftp://ftp.sra.ebi.ac.uk/vol1/fastq/ERR143/098/ERR14392998/ERR14392998_1.fastq.gz,ftp://ftp.sra.ebi.ac.uk/vol1/fastq/ERR143/099/ERR14392999/ERR14392999_1.fastq.gz,ftp://ftp.sra.ebi.ac.uk/vol1/fastq/ERR143/000/ERR14393000/ERR14393000_1.fastq.gz,ftp://ftp.sra.ebi.ac.uk/vol1/fastq/ERR156/018/ERR15626918/ERR15626918_1.fastq.gz,ftp://ftp.sra.ebi.ac.uk/vol1/fastq/ERR143/098/ERR14392998/ERR14392998_2.fastq.gz,ftp://ftp.sra.ebi.ac.uk/vol1/fastq/ERR143/099/ERR14392999/ERR14392999_2.fastq.gz,ftp://ftp.sra.ebi.ac.uk/vol1/fastq/ERR143/000/ERR14393000/ERR14393000_2.fastq.gz,ftp://ftp.sra.ebi.ac.uk/vol1/fastq/ERR156/018/ERR15626918/ERR15626918_2.fastq.gz
RCN15271,Laos,AmpSeqV2,Sensitive,Sensitive,Sensitive,Resistant,Resistant,Resistant,Sensitive,Sensitive,Resistant,Sensitive,ERR15626928,11901687.0,ERR14393028,23084.0,ERR14393029,39786.0,ERR14393030,394.0,ftp://ftp.sra.ebi.ac.uk/vol1/fastq/ERR143/028/ERR14393028/ERR14393028_1.fastq.gz,ftp://ftp.sra.ebi.ac.uk/vol1/fastq/ERR143/029/ERR14393029/ERR14393029_1.fastq.gz,ftp://ftp.sra.ebi.ac.uk/vol1/fastq/ERR143/030/ERR14393030/ERR14393030_1.fastq.gz,ftp://ftp.sra.ebi.ac.uk/vol1/fastq/ERR156/028/ERR15626928/ERR15626928_1.fastq.gz,ftp://ftp.sra.ebi.ac.uk/vol1/fastq/ERR143/028/ERR14393028/ERR14393028_2.fastq.gz,ftp://ftp.sra.ebi.ac.uk/vol1/fastq/ERR143/029/ERR14393029/ERR14393029_2.fastq.gz,ftp://ftp.sra.ebi.ac.uk/vol1/fastq/ERR143/030/ERR14393030/ERR14393030_2.fastq.gz,ftp://ftp.sra.ebi.ac.uk/vol1/fastq/ERR156/028/ERR15626928/ERR15626928_2.fastq.gz
RCN15274,Laos,AmpSeqV2,Resistant,Sensitive,Resistant,Resistant,Resistant,Resistant,Sensitive,Resistant,Resistant,Sensitive,ERR15626931,14146763.0,ERR14393037,59070.0,ERR14393038,50393.0,ERR14393039,2334.0,ftp://ftp.sra.ebi.ac.uk/vol1/fastq/ERR143/037/ERR14393037/ERR14393037_1.fastq.gz,ftp://ftp.sra.ebi.ac.uk/vol1/fastq/ERR143/038/ERR14393038/ERR14393038_1.fastq.gz,ftp://ftp.sra.ebi.ac.uk/vol1/fastq/ERR143/039/ERR14393039/ERR14393039_1.fastq.gz,ftp://ftp.sra.ebi.ac.uk/vol1/fastq/ERR156/031/ERR15626931/ERR15626931_1.fastq.gz,ftp://ftp.sra.ebi.ac.uk/vol1/fastq/ERR143/037/ERR14393037/ERR14393037_2.fastq.gz,ftp://ftp.sra.ebi.ac.uk/vol1/fastq/ERR143/038/ERR14393038/ERR14393038_2.fastq.gz,ftp://ftp.sra.ebi.ac.uk/vol1/fastq/ERR143/039/ERR14393039/ERR14393039_2.fastq.gz,ftp://ftp.sra.ebi.ac.uk/vol1/fastq/ERR156/031/ERR15626931/ERR15626931_2.fastq.gz
RCN15275,Laos,AmpSeqV2,Resistant,Resistant,Sensitive,Resistant,Resistant,Resistant,Resistant,Sensitive,Resistant,Undetermined,ERR15626932,19232745.0,ERR14393040,68158.0,ERR14393041,26438.0,ERR14393042,2940.0,ftp://ftp.sra.ebi.ac.uk/vol1/fastq/ERR143/040/ERR14393040/ERR14393040_1.fastq.gz,ftp://ftp.sra.ebi.ac.uk/vol1/fastq/ERR143/041/ERR14393041/ERR14393041_1.fastq.gz,ftp://ftp.sra.ebi.ac.uk/vol1/fastq/ERR143/042/ERR14393042/ERR14393042_1.fastq.gz,ftp://ftp.sra.ebi.ac.uk/vol1/fastq/ERR156/032/ERR15626932/ERR15626932_1.fastq.gz,ftp://ftp.sra.ebi.ac.uk/vol1/fastq/ERR143/040/ERR14393040/ERR14393040_2.fastq.gz,ftp://ftp.sra.ebi.ac.uk/vol1/fastq/ERR143/041/ERR14393041/ERR14393041_2.fastq.gz,ftp://ftp.sra.ebi.ac.uk/vol1/fastq/ERR143/042/ERR14393042/ERR14393042_2.fastq.gz,ftp://ftp.sra.ebi.ac.uk/vol1/fastq/ERR156/032/ERR15626932/ERR15626932_2.fastq.gz
RCN15276,Laos,AmpSeqV2,Resistant,Resistant,Sensitive,Resistant,Resistant,Resistant,Resistant,Sensitive,Resistant,Undetermined,ERR15626933,15039110.0,ERR14393043,55412.0,ERR14393044,46741.0,ERR14393045,3156.0,ftp://ftp.sra.ebi.ac.uk/vol1/fastq/ERR143/043/ERR14393043/ERR14393043_1.fastq.gz,ftp://ftp.sra.ebi.ac.uk/vol1/fastq/ERR143/044/ERR14393044/ERR14393044_1.fastq.gz,ftp://ftp.sra.ebi.ac.uk/vol1/fastq/ERR143/045/ERR14393045/ERR14393045_1.fastq.gz,ftp://ftp.sra.ebi.ac.uk/vol1/fastq/ERR156/033/ERR15626933/ERR15626933_1.fastq.gz,ftp://ftp.sra.ebi.ac.uk/vol1/fastq/ERR143/043/ERR14393043/ERR14393043_2.fastq.gz,ftp://ftp.sra.ebi.ac.uk/vol1/fastq/ERR143/044/ERR14393044/ERR14393044_2.fastq.gz,ftp://ftp.sra.ebi.ac.uk/vol1/fastq/ERR143/045/ERR14393045/ERR14393045_2.fastq.gz,ftp://ftp.sra.ebi.ac.uk/vol1/fastq/ERR156/033/ERR15626933/ERR15626933_2.fastq.gz
RCN15278,Laos,AmpSeqV2,Resistant,Resistant,Sensitive,Resistant,Resistant,Resistant,Resistant,Sensitive,Resistant,Undetermined,ERR15626935,15064569.0,ERR14393049,41534.0,ERR14393050,41791.0,ERR14393051,2186.0,ftp://ftp.sra.ebi.ac.uk/vol1/fastq/ERR143/049/ERR14393049/ERR14393049_1.fastq.gz,ftp://ftp.sra.ebi.ac.uk/vol1/fastq/ERR143/050/ERR14393050/ERR14393050_1.fastq.gz,ftp://ftp.sra.ebi.ac.uk/vol1/fastq/ERR143/051/ERR14393051/ERR14393051_1.fastq.gz,ftp://ftp.sra.ebi.ac.uk/vol1/fastq/ERR156/035/ERR15626935/ERR15626935_1.fastq.gz,ftp://ftp.sra.ebi.ac.uk/vol1/fastq/ERR143/049/ERR14393049/ERR14393049_2.fastq.gz,ftp://ftp.sra.ebi.ac.uk/vol1/fastq/ERR143/050/ERR14393050/ERR14393050_2.fastq.gz,ftp://ftp.sra.ebi.ac.uk/vol1/fastq/ERR143/051/ERR14393051/ERR14393051_2.fastq.gz,ftp://ftp.sra.ebi.ac.uk/vol1/fastq/ERR156/035/ERR15626935/ERR15626935_2.fastq.gz
RCN15279,Laos,AmpSeqV2,Resistant,Resistant,Sensitive,Resistant,Resistant,Resistant,Resistant,Sensitive,Resistant,Undetermined,ERR15626936,16251841.0,ERR14393052,48022.0,ERR14393053,45850.0,ERR14393054,2453.0,ftp://ftp.sra.ebi.ac.uk/vol1/fastq/ERR143/052/ERR14393052/ERR14393052_1.fastq.gz,ftp://ftp.sra.ebi.ac.uk/vol1/fastq/ERR143/053/ERR14393053/ERR14393053_1.fastq.gz,ftp://ftp.sra.ebi.ac.uk/vol1/fastq/ERR143/054/ERR14393054/ERR14393054_1.fastq.gz,ftp://ftp.sra.ebi.ac.uk/vol1/fastq/ERR156/036/ERR15626936/ERR15626936_1.fastq.gz,ftp://ftp.sra.ebi.ac.uk/vol1/fastq/ERR143/052/ERR14393052/ERR14393052_2.fastq.gz,ftp://ftp.sra.ebi.ac.uk/vol1/fastq/ERR143/053/ERR14393053/ERR14393053_2.fastq.gz,ftp://ftp.sra.ebi.ac.uk/vol1/fastq/ERR143/054/ERR14393054/ERR14393054_2.fastq.gz,ftp://ftp.sra.ebi.ac.uk/vol1/fastq/ERR156/036/ERR15626936/ERR15626936_2.fastq.gz
RCN15281,Laos,AmpSeqV2,Resistant,Sensitive,Sensitive,Resistant,Resistant,Resistant,Sensitive,Sensitive,Resistant,Undetermined,ERR15626938,17251347.0,ERR14393058,31889.0,ERR14393059,42088.0,ERR14393060,2358.0,ftp://ftp.sra.ebi.ac.uk/vol1/fastq/ERR143/058/ERR14393058/ERR14393058_1.fastq.gz,ftp://ftp.sra.ebi.ac.uk/vol1/fastq/ERR143/059/ERR14393059/ERR14393059_1.fastq.gz,ftp://ftp.sra.ebi.ac.uk/vol1/fastq/ERR143/060/ERR14393060/ERR14393060_1.fastq.gz,ftp://ftp.sra.ebi.ac.uk/vol1/fastq/ERR156/038/ERR15626938/ERR15626938_1.fastq.gz,ftp://ftp.sra.ebi.ac.uk/vol1/fastq/ERR143/058/ERR14393058/ERR14393058_2.fastq.gz,ftp://ftp.sra.ebi.ac.uk/vol1/fastq/ERR143/059/ERR14393059/ERR14393059_2.fastq.gz,ftp://ftp.sra.ebi.ac.uk/vol1/fastq/ERR143/060/ERR14393060/ERR14393060_2.fastq.gz,ftp://ftp.sra.ebi.ac.uk/vol1/fastq/ERR156/038/ERR15626938/ERR15626938_2.fastq.gz
RCN15282,Laos,AmpSeqV2,Resistant,Resistant,Sensitive,Resistant,Resistant,Resistant,Resistant,Sensitive,Resistant,Undetermined,ERR15626939,10562734.0,ERR14393061,30321.0,ERR14393062,55613.0,ERR14393063,924.0,ftp://ftp.sra.ebi.ac.uk/vol1/fastq/ERR143/061/ERR14393061/ERR14393061_1.fastq.gz,ftp://ftp.sra.ebi.ac.uk/vol1/fastq/ERR143/062/ERR14393062/ERR14393062_1.fastq.gz,ftp://ftp.sra.ebi.ac.uk/vol1/fastq/ERR143/063/ERR14393063/ERR14393063_1.fastq.gz,ftp://ftp.sra.ebi.ac.uk/vol1/fastq/ERR156/039/ERR15626939/ERR15626939_1.fastq.gz,ftp://ftp.sra.ebi.ac.uk/vol1/fastq/ERR143/061/ERR14393061/ERR14393061_2.fastq.gz,ftp://ftp.sra.ebi.ac.uk/vol1/fastq/ERR143/062/ERR14393062/ERR14393062_2.fastq.gz,ftp://ftp.sra.ebi.ac.uk/vol1/fastq/ERR143/063/ERR14393063/ERR14393063_2.fastq.gz,ftp://ftp.sra.ebi.ac.uk/vol1/fastq/ERR156/039/ERR15626939/ERR15626939_2.fastq.gz
RCN15283,Laos,AmpSeqV2,Resistant,Resistant,Sensitive,Resistant,Resistant,Resistant,Resistant,Sensitive,Resistant,Undetermined,ERR15626940,14956210.0,ERR14393064,59746.0,ERR14393065,48570.0,ERR14393066,2651.0,ftp://ftp.sra.ebi.ac.uk/vol1/fastq/ERR143/064/ERR14393064/ERR14393064_1.fastq.gz,ftp://ftp.sra.ebi.ac.uk/vol1/fastq/ERR143/065/ERR14393065/ERR14393065_1.fastq.gz,ftp://ftp.sra.ebi.ac.uk/vol1/fastq/ERR143/066/ERR14393066/ERR14393066_1.fastq.gz,ftp://ftp.sra.ebi.ac.uk/vol1/fastq/ERR156/040/ERR15626940/ERR15626940_1.fastq.gz,ftp://ftp.sra.ebi.ac.uk/vol1/fastq/ERR143/064/ERR14393064/ERR14393064_2.fastq.gz,ftp://ftp.sra.ebi.ac.uk/vol1/fastq/ERR143/065/ERR14393065/ERR14393065_2.fastq.gz,ftp://ftp.sra.ebi.ac.uk/vol1/fastq/ERR143/066/ERR14393066/ERR14393066_2.fastq.gz,ftp://ftp.sra.ebi.ac.uk/vol1/fastq/ERR156/040/ERR15626940/ERR15626940_2.fastq.gz
RCN15284,Laos,AmpSeqV2,Sensitive,Resistant,Sensitive,Resistant,Resistant,Resistant,Sensitive,Sensitive,Resistant,Undetermined,ERR15626941,16413424.0,ERR14393067,63182.0,ERR14393068,48533.0,ERR14393069,4218.0,ftp://ftp.sra.ebi.ac.uk/vol1/fastq/ERR143/067/ERR14393067/ERR14393067_1.fastq.gz,ftp://ftp.sra.ebi.ac.uk/vol1/fastq/ERR143/068/ERR14393068/ERR14393068_1.fastq.gz,ftp://ftp.sra.ebi.ac.uk/vol1/fastq/ERR143/069/ERR14393069/ERR14393069_1.fastq.gz,ftp://ftp.sra.ebi.ac.uk/vol1/fastq/ERR156/041/ERR15626941/ERR15626941_1.fastq.gz,ftp://ftp.sra.ebi.ac.uk/vol1/fastq/ERR143/067/ERR14393067/ERR14393067_2.fastq.gz,ftp://ftp.sra.ebi.ac.uk/vol1/fastq/ERR143/068/ERR14393068/ERR14393068_2.fastq.gz,ftp://ftp.sra.ebi.ac.uk/vol1/fastq/ERR143/069/ERR14393069/ERR14393069_2.fastq.gz,ftp://ftp.sra.ebi.ac.uk/vol1/fastq/ERR156/041/ERR15626941/ERR15626941_2.fastq.gz
RCN15288,Laos,AmpSeqV2,Sensitive,Sensitive,Sensitive,Resistant,Resistant,Resistant,Sensitive,Sensitive,Resistant,Sensitive,ERR15626944,14380954.0,ERR14393073,62932.0,ERR14393074,50365.0,ERR14393075,2244.0,ftp://ftp.sra.ebi.ac.uk/vol1/fastq/ERR143/073/ERR14393073/ERR14393073_1.fastq.gz,ftp://ftp.sra.ebi.ac.uk/vol1/fastq/ERR143/074/ERR14393074/ERR14393074_1.fastq.gz,ftp://ftp.sra.ebi.ac.uk/vol1/fastq/ERR143/075/ERR14393075/ERR14393075_1.fastq.gz,ftp://ftp.sra.ebi.ac.uk/vol1/fastq/ERR156/044/ERR15626944/ERR15626944_1.fastq.gz,ftp://ftp.sra.ebi.ac.uk/vol1/fastq/ERR143/073/ERR14393073/ERR14393073_2.fastq.gz,ftp://ftp.sra.ebi.ac.uk/vol1/fastq/ERR143/074/ERR14393074/ERR14393074_2.fastq.gz,ftp://ftp.sra.ebi.ac.uk/vol1/fastq/ERR143/075/ERR14393075/ERR14393075_2.fastq.gz,ftp://ftp.sra.ebi.ac.uk/vol1/fastq/ERR156/044/ERR15626944/ERR15626944_2.fastq.gz
RCN15292,Laos,AmpSeqV2,Sensitive,Sensitive,Sensitive,Resistant,Resistant,Resistant,Sensitive,Sensitive,Resistant,Sensitive,ERR15626948,15267573.0,ERR14393085,77093.0,ERR14393086,57834.0,ERR14393087,2076.0,ftp://ftp.sra.ebi.ac.uk/vol1/fastq/ERR143/085/ERR14393085/ERR14393085_1.fastq.gz,ftp://ftp.sra.ebi.ac.uk/vol1/fastq/ERR143/086/ERR14393086/ERR14393086_1.fastq.gz,ftp://ftp.sra.ebi.ac.uk/vol1/fastq/ERR143/087/ERR14393087/ERR14393087_1.fastq.gz,ftp://ftp.sra.ebi.ac.uk/vol1/fastq/ERR156/048/ERR15626948/ERR15626948_1.fastq.gz,ftp://ftp.sra.ebi.ac.uk/vol1/fastq/ERR143/085/ERR14393085/ERR14393085_2.fastq.gz,ftp://ftp.sra.ebi.ac.uk/vol1/fastq/ERR143/086/ERR14393086/ERR14393086_2.fastq.gz,ftp://ftp.sra.ebi.ac.uk/vol1/fastq/ERR143/087/ERR14393087/ERR14393087_2.fastq.gz,ftp://ftp.sra.ebi.ac.uk/vol1/fastq/ERR156/048/ERR15626948/ERR15626948_2.fastq.gz
RCN15293,Laos,AmpSeqV2,Sensitive,Sensitive,Sensitive,Resistant,Resistant,Resistant,Sensitive,Sensitive,Resistant,Sensitive,ERR15626949,11783647.0,ERR14393088,55880.0,ERR14393089,45169.0,ERR14393090,2073.0,ftp://ftp.sra.ebi.ac.uk/vol1/fastq/ERR143/088/ERR14393088/ERR14393088_1.fastq.gz,ftp://ftp.sra.ebi.ac.uk/vol1/fastq/ERR143/089/ERR14393089/ERR14393089_1.fastq.gz,ftp://ftp.sra.ebi.ac.uk/vol1/fastq/ERR143/090/ERR14393090/ERR14393090_1.fastq.gz,ftp://ftp.sra.ebi.ac.uk/vol1/fastq/ERR156/049/ERR15626949/ERR15626949_1.fastq.gz,ftp://ftp.sra.ebi.ac.uk/vol1/fastq/ERR143/088/ERR14393088/ERR14393088_2.fastq.gz,ftp://ftp.sra.ebi.ac.uk/vol1/fastq/ERR143/089/ERR14393089/ERR14393089_2.fastq.gz,ftp://ftp.sra.ebi.ac.uk/vol1/fastq/ERR143/090/ERR14393090/ERR14393090_2.fastq.gz,ftp://ftp.sra.ebi.ac.uk/vol1/fastq/ERR156/049/ERR15626949/ERR15626949_2.fastq.gz
RCN15294,Laos,AmpSeqV2,Sensitive,Sensitive,Sensitive,Resistant,Resistant,Resistant,Sensitive,Sensitive,Resistant,Sensitive,ERR15626950,11105675.0,ERR14393091,55347.0,ERR14393092,46028.0,ERR14393093,1005.0,ftp://ftp.sra.ebi.ac.uk/vol1/fastq/ERR143/091/ERR14393091/ERR14393091_1.fastq.gz,ftp://ftp.sra.ebi.ac.uk/vol1/fastq/ERR143/092/ERR14393092/ERR14393092_1.fastq.gz,ftp://ftp.sra.ebi.ac.uk/vol1/fastq/ERR143/093/ERR14393093/ERR14393093_1.fastq.gz,ftp://ftp.sra.ebi.ac.uk/vol1/fastq/ERR156/050/ERR15626950/ERR15626950_1.fastq.gz,ftp://ftp.sra.ebi.ac.uk/vol1/fastq/ERR143/091/ERR14393091/ERR14393091_2.fastq.gz,ftp://ftp.sra.ebi.ac.uk/vol1/fastq/ERR143/092/ERR14393092/ERR14393092_2.fastq.gz,ftp://ftp.sra.ebi.ac.uk/vol1/fastq/ERR143/093/ERR14393093/ERR14393093_2.fastq.gz,ftp://ftp.sra.ebi.ac.uk/vol1/fastq/ERR156/050/ERR15626950/ERR15626950_2.fastq.gz
RCN15295,Laos,AmpSeqV2,Resistant,Resistant,Sensitive,Resistant,Resistant,Resistant,Resistant,Sensitive,Resistant,Undetermined,ERR15626951,11482884.0,ERR14393094,42802.0,ERR14393095,47885.0,ERR14393096,1175.0,ftp://ftp.sra.ebi.ac.uk/vol1/fastq/ERR143/094/ERR14393094/ERR14393094_1.fastq.gz,ftp://ftp.sra.ebi.ac.uk/vol1/fastq/ERR143/095/ERR14393095/ERR14393095_1.fastq.gz,ftp://ftp.sra.ebi.ac.uk/vol1/fastq/ERR143/096/ERR14393096/ERR14393096_1.fastq.gz,ftp://ftp.sra.ebi.ac.uk/vol1/fastq/ERR156/051/ERR15626951/ERR15626951_1.fastq.gz,ftp://ftp.sra.ebi.ac.uk/vol1/fastq/ERR143/094/ERR14393094/ERR14393094_2.fastq.gz,ftp://ftp.sra.ebi.ac.uk/vol1/fastq/ERR143/095/ERR14393095/ERR14393095_2.fastq.gz,ftp://ftp.sra.ebi.ac.uk/vol1/fastq/ERR143/096/ERR14393096/ERR14393096_2.fastq.gz,ftp://ftp.sra.ebi.ac.uk/vol1/fastq/ERR156/051/ERR15626951/ERR15626951_2.fastq.gz
RCN15297,Laos,AmpSeqV2,Sensitive,Sensitive,Sensitive,Resistant,Resistant,Sensitive,Sensitive,Sensitive,Resistant,Sensitive,ERR15626953,12211120.0,ERR14393100,52920.0,ERR14393101,45595.0,ERR14393102,2485.0,ftp://ftp.sra.ebi.ac.uk/vol1/fastq/ERR143/000/ERR14393100/ERR14393100_1.fastq.gz,ftp://ftp.sra.ebi.ac.uk/vol1/fastq/ERR143/001/ERR14393101/ERR14393101_1.fastq.gz,ftp://ftp.sra.ebi.ac.uk/vol1/fastq/ERR143/002/ERR14393102/ERR14393102_1.fastq.gz,ftp://ftp.sra.ebi.ac.uk/vol1/fastq/ERR156/053/ERR15626953/ERR15626953_1.fastq.gz,ftp://ftp.sra.ebi.ac.uk/vol1/fastq/ERR143/000/ERR14393100/ERR14393100_2.fastq.gz,ftp://ftp.sra.ebi.ac.uk/vol1/fastq/ERR143/001/ERR14393101/ERR14393101_2.fastq.gz,ftp://ftp.sra.ebi.ac.uk/vol1/fastq/ERR143/002/ERR14393102/ERR14393102_2.fastq.gz,ftp://ftp.sra.ebi.ac.uk/vol1/fastq/ERR156/053/ERR15626953/ERR15626953_2.fastq.gz
RCN15298,Laos,AmpSeqV2,Sensitive,Sensitive,Sensitive,Resistant,Resistant,Sensitive,Sensitive,Sensitive,Resistant,Sensitive,ERR15626954,18204125.0,ERR14393103,40845.0,ERR14393104,36550.0,ERR14393105,925.0,ftp://ftp.sra.ebi.ac.uk/vol1/fastq/ERR143/003/ERR14393103/ERR14393103_1.fastq.gz,ftp://ftp.sra.ebi.ac.uk/vol1/fastq/ERR143/004/ERR14393104/ERR14393104_1.fastq.gz,ftp://ftp.sra.ebi.ac.uk/vol1/fastq/ERR143/005/ERR14393105/ERR14393105_1.fastq.gz,ftp://ftp.sra.ebi.ac.uk/vol1/fastq/ERR156/054/ERR15626954/ERR15626954_1.fastq.gz,ftp://ftp.sra.ebi.ac.uk/vol1/fastq/ERR143/003/ERR14393103/ERR14393103_2.fastq.gz,ftp://ftp.sra.ebi.ac.uk/vol1/fastq/ERR143/004/ERR14393104/ERR14393104_2.fastq.gz,ftp://ftp.sra.ebi.ac.uk/vol1/fastq/ERR143/005/ERR14393105/ERR14393105_2.fastq.gz,ftp://ftp.sra.ebi.ac.uk/vol1/fastq/ERR156/054/ERR15626954/ERR15626954_2.fastq.gz
RCN15299,Laos,AmpSeqV2,Sensitive,Sensitive,Sensitive,Resistant,Resistant,Resistant,Sensitive,Sensitive,Resistant,Sensitive,ERR15626955,17465692.0,ERR14393106,24070.0,ERR14393107,49324.0,ERR14393108,2181.0,ftp://ftp.sra.ebi.ac.uk/vol1/fastq/ERR143/006/ERR14393106/ERR14393106_1.fastq.gz,ftp://ftp.sra.ebi.ac.uk/vol1/fastq/ERR143/007/ERR14393107/ERR14393107_1.fastq.gz,ftp://ftp.sra.ebi.ac.uk/vol1/fastq/ERR143/008/ERR14393108/ERR14393108_1.fastq.gz,ftp://ftp.sra.ebi.ac.uk/vol1/fastq/ERR156/055/ERR15626955/ERR15626955_1.fastq.gz,ftp://ftp.sra.ebi.ac.uk/vol1/fastq/ERR143/006/ERR14393106/ERR14393106_2.fastq.gz,ftp://ftp.sra.ebi.ac.uk/vol1/fastq/ERR143/007/ERR14393107/ERR14393107_2.fastq.gz,ftp://ftp.sra.ebi.ac.uk/vol1/fastq/ERR143/008/ERR14393108/ERR14393108_2.fastq.gz,ftp://ftp.sra.ebi.ac.uk/vol1/fastq/ERR156/055/ERR15626955/ERR15626955_2.fastq.gz
RCN15301,Laos,AmpSeqV2,Sensitive,Sensitive,Sensitive,Resistant,Resistant,Sensitive,Sensitive,Sensitive,Resistant,Sensitive,ERR15626957,12793900.0,ERR14393112,58881.0,ERR14393113,45550.0,ERR14393114,360.0,ftp://ftp.sra.ebi.ac.uk/vol1/fastq/ERR143/012/ERR14393112/ERR14393112_1.fastq.gz,ftp://ftp.sra.ebi.ac.uk/vol1/fastq/ERR143/013/ERR14393113/ERR14393113_1.fastq.gz,ftp://ftp.sra.ebi.ac.uk/vol1/fastq/ERR143/014/ERR14393114/ERR14393114_1.fastq.gz,ftp://ftp.sra.ebi.ac.uk/vol1/fastq/ERR156/057/ERR15626957/ERR15626957_1.fastq.gz,ftp://ftp.sra.ebi.ac.uk/vol1/fastq/ERR143/012/ERR14393112/ERR14393112_2.fastq.gz,ftp://ftp.sra.ebi.ac.uk/vol1/fastq/ERR143/013/ERR14393113/ERR14393113_2.fastq.gz,ftp://ftp.sra.ebi.ac.uk/vol1/fastq/ERR143/014/ERR14393114/ERR14393114_2.fastq.gz,ftp://ftp.sra.ebi.ac.uk/vol1/fastq/ERR156/057/ERR15626957/ERR15626957_2.fastq.gz
RCN15302,Laos,AmpSeqV2,Sensitive,Sensitive,Sensitive,Resistant,Resistant,Resistant,Sensitive,Sensitive,Resistant,Sensitive,ERR15626958,12941039.0,ERR14393115,58588.0,ERR14393116,46369.0,ERR14393117,52.0,ftp://ftp.sra.ebi.ac.uk/vol1/fastq/ERR143/015/ERR14393115/ERR14393115_1.fastq.gz,ftp://ftp.sra.ebi.ac.uk/vol1/fastq/ERR143/016/ERR14393116/ERR14393116_1.fastq.gz,ftp://ftp.sra.ebi.ac.uk/vol1/fastq/ERR143/017/ERR14393117/ERR14393117_1.fastq.gz,ftp://ftp.sra.ebi.ac.uk/vol1/fastq/ERR156/058/ERR15626958/ERR15626958_1.fastq.gz,ftp://ftp.sra.ebi.ac.uk/vol1/fastq/ERR143/015/ERR14393115/ERR14393115_2.fastq.gz,ftp://ftp.sra.ebi.ac.uk/vol1/fastq/ERR143/016/ERR14393116/ERR14393116_2.fastq.gz,ftp://ftp.sra.ebi.ac.uk/vol1/fastq/ERR143/017/ERR14393117/ERR14393117_2.fastq.gz,ftp://ftp.sra.ebi.ac.uk/vol1/fastq/ERR156/058/ERR15626958/ERR15626958_2.fastq.gz
RCN15303,Laos,AmpSeqV2,Sensitive,Sensitive,Sensitive,Resistant,Resistant,Resistant,Sensitive,Sensitive,Resistant,Sensitive,ERR15626959,16198791.0,ERR14393118,33912.0,ERR14393119,38733.0,ERR14393120,2276.0,ftp://ftp.sra.ebi.ac.uk/vol1/fastq/ERR143/018/ERR14393118/ERR14393118_1.fastq.gz,ftp://ftp.sra.ebi.ac.uk/vol1/fastq/ERR143/019/ERR14393119/ERR14393119_1.fastq.gz,ftp://ftp.sra.ebi.ac.uk/vol1/fastq/ERR143/020/ERR14393120/ERR14393120_1.fastq.gz,ftp://ftp.sra.ebi.ac.uk/vol1/fastq/ERR156/059/ERR15626959/ERR15626959_1.fastq.gz,ftp://ftp.sra.ebi.ac.uk/vol1/fastq/ERR143/018/ERR14393118/ERR14393118_2.fastq.gz,ftp://ftp.sra.ebi.ac.uk/vol1/fastq/ERR143/019/ERR14393119/ERR14393119_2.fastq.gz,ftp://ftp.sra.ebi.ac.uk/vol1/fastq/ERR143/020/ERR14393120/ERR14393120_2.fastq.gz,ftp://ftp.sra.ebi.ac.uk/vol1/fastq/ERR156/059/ERR15626959/ERR15626959_2.fastq.gz
RCN15306,Laos,AmpSeqV2,Resistant,Sensitive,Resistant,Resistant,Resistant,Resistant,Sensitive,Resistant,Resistant,Sensitive,ERR15626962,15379526.0,ERR14393127,17736.0,ERR14393128,38967.0,ERR14393129,981.0,ftp://ftp.sra.ebi.ac.uk/vol1/fastq/ERR143/027/ERR14393127/ERR14393127_1.fastq.gz,ftp://ftp.sra.ebi.ac.uk/vol1/fastq/ERR143/028/ERR14393128/ERR14393128_1.fastq.gz,ftp://ftp.sra.ebi.ac.uk/vol1/fastq/ERR143/029/ERR14393129/ERR14393129_1.fastq.gz,ftp://ftp.sra.ebi.ac.uk/vol1/fastq/ERR156/062/ERR15626962/ERR15626962_1.fastq.gz,ftp://ftp.sra.ebi.ac.uk/vol1/fastq/ERR143/027/ERR14393127/ERR14393127_2.fastq.gz,ftp://ftp.sra.ebi.ac.uk/vol1/fastq/ERR143/028/ERR14393128/ERR14393128_2.fastq.gz,ftp://ftp.sra.ebi.ac.uk/vol1/fastq/ERR143/029/ERR14393129/ERR14393129_2.fastq.gz,ftp://ftp.sra.ebi.ac.uk/vol1/fastq/ERR156/062/ERR15626962/ERR15626962_2.fastq.gz
RCN15307,Laos,AmpSeqV2,Sensitive,Sensitive,Sensitive,Resistant,Resistant,Resistant,Sensitive,Sensitive,Resistant,Sensitive,ERR15626963,12960512.0,ERR14393130,46121.0,ERR14393131,39278.0,ERR14393132,1498.0,ftp://ftp.sra.ebi.ac.uk/vol1/fastq/ERR143/030/ERR14393130/ERR14393130_1.fastq.gz,ftp://ftp.sra.ebi.ac.uk/vol1/fastq/ERR143/031/ERR14393131/ERR14393131_1.fastq.gz,ftp://ftp.sra.ebi.ac.uk/vol1/fastq/ERR143/032/ERR14393132/ERR14393132_1.fastq.gz,ftp://ftp.sra.ebi.ac.uk/vol1/fastq/ERR156/063/ERR15626963/ERR15626963_1.fastq.gz,ftp://ftp.sra.ebi.ac.uk/vol1/fastq/ERR143/030/ERR14393130/ERR14393130_2.fastq.gz,ftp://ftp.sra.ebi.ac.uk/vol1/fastq/ERR143/031/ERR14393131/ERR14393131_2.fastq.gz,ftp://ftp.sra.ebi.ac.uk/vol1/fastq/ERR143/032/ERR14393132/ERR14393132_2.fastq.gz,ftp://ftp.sra.ebi.ac.uk/vol1/fastq/ERR156/063/ERR15626963/ERR15626963_2.fastq.gz
RCN15308,Laos,AmpSeqV2,Sensitive,Sensitive,Sensitive,Resistant,Resistant,Resistant,Sensitive,Sensitive,Resistant,Sensitive,ERR15626964,13087904.0,ERR14393133,38834.0,ERR14393134,30576.0,ERR14393135,777.0,ftp://ftp.sra.ebi.ac.uk/vol1/fastq/ERR143/033/ERR14393133/ERR14393133_1.fastq.gz,ftp://ftp.sra.ebi.ac.uk/vol1/fastq/ERR143/034/ERR14393134/ERR14393134_1.fastq.gz,ftp://ftp.sra.ebi.ac.uk/vol1/fastq/ERR143/035/ERR14393135/ERR14393135_1.fastq.gz,ftp://ftp.sra.ebi.ac.uk/vol1/fastq/ERR156/064/ERR15626964/ERR15626964_1.fastq.gz,ftp://ftp.sra.ebi.ac.uk/vol1/fastq/ERR143/033/ERR14393133/ERR14393133_2.fastq.gz,ftp://ftp.sra.ebi.ac.uk/vol1/fastq/ERR143/034/ERR14393134/ERR14393134_2.fastq.gz,ftp://ftp.sra.ebi.ac.uk/vol1/fastq/ERR143/035/ERR14393135/ERR14393135_2.fastq.gz,ftp://ftp.sra.ebi.ac.uk/vol1/fastq/ERR156/064/ERR15626964/ERR15626964_2.fastq.gz
RCN15311,Laos,AmpSeqV2,Sensitive,Sensitive,Sensitive,Resistant,Resistant,Resistant,Sensitive,Sensitive,Resistant,Sensitive,ERR15626967,15710157.0,ERR14393142,34782.0,ERR14393143,44238.0,ERR14393144,656.0,ftp://ftp.sra.ebi.ac.uk/vol1/fastq/ERR143/042/ERR14393142/ERR14393142_1.fastq.gz,ftp://ftp.sra.ebi.ac.uk/vol1/fastq/ERR143/043/ERR14393143/ERR14393143_1.fastq.gz,ftp://ftp.sra.ebi.ac.uk/vol1/fastq/ERR143/044/ERR14393144/ERR14393144_1.fastq.gz,ftp://ftp.sra.ebi.ac.uk/vol1/fastq/ERR156/067/ERR15626967/ERR15626967_1.fastq.gz,ftp://ftp.sra.ebi.ac.uk/vol1/fastq/ERR143/042/ERR14393142/ERR14393142_2.fastq.gz,ftp://ftp.sra.ebi.ac.uk/vol1/fastq/ERR143/043/ERR14393143/ERR14393143_2.fastq.gz,ftp://ftp.sra.ebi.ac.uk/vol1/fastq/ERR143/044/ERR14393144/ERR14393144_2.fastq.gz,ftp://ftp.sra.ebi.ac.uk/vol1/fastq/ERR156/067/ERR15626967/ERR15626967_2.fastq.gz
RCN15315,Laos,AmpSeqV2,Resistant,Resistant,Sensitive,Resistant,Resistant,Resistant,Resistant,Sensitive,Resistant,Undetermined,ERR15626971,16124174.0,ERR14393154,55333.0,ERR14393155,47033.0,ERR14393156,203.0,ftp://ftp.sra.ebi.ac.uk/vol1/fastq/ERR143/054/ERR14393154/ERR14393154_1.fastq.gz,ftp://ftp.sra.ebi.ac.uk/vol1/fastq/ERR143/055/ERR14393155/ERR14393155_1.fastq.gz,ftp://ftp.sra.ebi.ac.uk/vol1/fastq/ERR143/056/ERR14393156/ERR14393156_1.fastq.gz,ftp://ftp.sra.ebi.ac.uk/vol1/fastq/ERR156/071/ERR15626971/ERR15626971_1.fastq.gz,ftp://ftp.sra.ebi.ac.uk/vol1/fastq/ERR143/054/ERR14393154/ERR14393154_2.fastq.gz,ftp://ftp.sra.ebi.ac.uk/vol1/fastq/ERR143/055/ERR14393155/ERR14393155_2.fastq.gz,ftp://ftp.sra.ebi.ac.uk/vol1/fastq/ERR143/056/ERR14393156/ERR14393156_2.fastq.gz,ftp://ftp.sra.ebi.ac.uk/vol1/fastq/ERR156/071/ERR15626971/ERR15626971_2.fastq.gz
RCN15322,Laos,AmpSeqV2,Sensitive,Sensitive,Sensitive,Resistant,Resistant,Resistant,Sensitive,Sensitive,Resistant,Sensitive,ERR15626978,9234424.0,ERR14393175,43856.0,ERR14393176,37663.0,ERR14393177,1169.0,ftp://ftp.sra.ebi.ac.uk/vol1/fastq/ERR143/075/ERR14393175/ERR14393175_1.fastq.gz,ftp://ftp.sra.ebi.ac.uk/vol1/fastq/ERR143/076/ERR14393176/ERR14393176_1.fastq.gz,ftp://ftp.sra.ebi.ac.uk/vol1/fastq/ERR143/077/ERR14393177/ERR14393177_1.fastq.gz,ftp://ftp.sra.ebi.ac.uk/vol1/fastq/ERR156/078/ERR15626978/ERR15626978_1.fastq.gz,ftp://ftp.sra.ebi.ac.uk/vol1/fastq/ERR143/075/ERR14393175/ERR14393175_2.fastq.gz,ftp://ftp.sra.ebi.ac.uk/vol1/fastq/ERR143/076/ERR14393176/ERR14393176_2.fastq.gz,ftp://ftp.sra.ebi.ac.uk/vol1/fastq/ERR143/077/ERR14393177/ERR14393177_2.fastq.gz,ftp://ftp.sra.ebi.ac.uk/vol1/fastq/ERR156/078/ERR15626978/ERR15626978_2.fastq.gz
RCN15323,Laos,AmpSeqV2,Sensitive,Sensitive,Sensitive,Resistant,Resistant,Resistant,Sensitive,Sensitive,Resistant,Sensitive,ERR15626979,12717027.0,ERR14393178,64795.0,ERR14393179,51098.0,ERR14393180,2223.0,ftp://ftp.sra.ebi.ac.uk/vol1/fastq/ERR143/078/ERR14393178/ERR14393178_1.fastq.gz,ftp://ftp.sra.ebi.ac.uk/vol1/fastq/ERR143/079/ERR14393179/ERR14393179_1.fastq.gz,ftp://ftp.sra.ebi.ac.uk/vol1/fastq/ERR143/080/ERR14393180/ERR14393180_1.fastq.gz,ftp://ftp.sra.ebi.ac.uk/vol1/fastq/ERR156/079/ERR15626979/ERR15626979_1.fastq.gz,ftp://ftp.sra.ebi.ac.uk/vol1/fastq/ERR143/078/ERR14393178/ERR14393178_2.fastq.gz,ftp://ftp.sra.ebi.ac.uk/vol1/fastq/ERR143/079/ERR14393179/ERR14393179_2.fastq.gz,ftp://ftp.sra.ebi.ac.uk/vol1/fastq/ERR143/080/ERR14393180/ERR14393180_2.fastq.gz,ftp://ftp.sra.ebi.ac.uk/vol1/fastq/ERR156/079/ERR15626979/ERR15626979_2.fastq.gz
RCN15325,Laos,AmpSeqV2,Sensitive,Sensitive,Sensitive,Resistant,Resistant,Resistant,Sensitive,Sensitive,Resistant,Sensitive,ERR15626982,16944973.0,ERR14393184,54722.0,ERR14393185,44942.0,ERR14393186,1854.0,ftp://ftp.sra.ebi.ac.uk/vol1/fastq/ERR143/084/ERR14393184/ERR14393184_1.fastq.gz,ftp://ftp.sra.ebi.ac.uk/vol1/fastq/ERR143/085/ERR14393185/ERR14393185_1.fastq.gz,ftp://ftp.sra.ebi.ac.uk/vol1/fastq/ERR143/086/ERR14393186/ERR14393186_1.fastq.gz,ftp://ftp.sra.ebi.ac.uk/vol1/fastq/ERR156/082/ERR15626982/ERR15626982_1.fastq.gz,ftp://ftp.sra.ebi.ac.uk/vol1/fastq/ERR143/084/ERR14393184/ERR14393184_2.fastq.gz,ftp://ftp.sra.ebi.ac.uk/vol1/fastq/ERR143/085/ERR14393185/ERR14393185_2.fastq.gz,ftp://ftp.sra.ebi.ac.uk/vol1/fastq/ERR143/086/ERR14393186/ERR14393186_2.fastq.gz,ftp://ftp.sra.ebi.ac.uk/vol1/fastq/ERR156/082/ERR15626982/ERR15626982_2.fastq.gz
RCN15327,Laos,AmpSeqV2,Resistant,Resistant,Sensitive,Resistant,Resistant,Resistant,Resistant,Sensitive,Resistant,Undetermined,ERR15626983,13093999.0,ERR14393190,42916.0,ERR14393191,51689.0,ERR14393192,2155.0,ftp://ftp.sra.ebi.ac.uk/vol1/fastq/ERR143/090/ERR14393190/ERR14393190_1.fastq.gz,ftp://ftp.sra.ebi.ac.uk/vol1/fastq/ERR143/091/ERR14393191/ERR14393191_1.fastq.gz,ftp://ftp.sra.ebi.ac.uk/vol1/fastq/ERR143/092/ERR14393192/ERR14393192_1.fastq.gz,ftp://ftp.sra.ebi.ac.uk/vol1/fastq/ERR156/083/ERR15626983/ERR15626983_1.fastq.gz,ftp://ftp.sra.ebi.ac.uk/vol1/fastq/ERR143/090/ERR14393190/ERR14393190_2.fastq.gz,ftp://ftp.sra.ebi.ac.uk/vol1/fastq/ERR143/091/ERR14393191/ERR14393191_2.fastq.gz,ftp://ftp.sra.ebi.ac.uk/vol1/fastq/ERR143/092/ERR14393192/ERR14393192_2.fastq.gz,ftp://ftp.sra.ebi.ac.uk/vol1/fastq/ERR156/083/ERR15626983/ERR15626983_2.fastq.gz
RCN15328,Laos,AmpSeqV2,Resistant,Resistant,Sensitive,Resistant,Resistant,Resistant,Resistant,Sensitive,Resistant,Undetermined,ERR15626984,15880807.0,ERR14393193,40124.0,ERR14393194,40089.0,ERR14393195,1167.0,ftp://ftp.sra.ebi.ac.uk/vol1/fastq/ERR143/093/ERR14393193/ERR14393193_1.fastq.gz,ftp://ftp.sra.ebi.ac.uk/vol1/fastq/ERR143/094/ERR14393194/ERR14393194_1.fastq.gz,ftp://ftp.sra.ebi.ac.uk/vol1/fastq/ERR143/095/ERR14393195/ERR14393195_1.fastq.gz,ftp://ftp.sra.ebi.ac.uk/vol1/fastq/ERR156/084/ERR15626984/ERR15626984_1.fastq.gz,ftp://ftp.sra.ebi.ac.uk/vol1/fastq/ERR143/093/ERR14393193/ERR14393193_2.fastq.gz,ftp://ftp.sra.ebi.ac.uk/vol1/fastq/ERR143/094/ERR14393194/ERR14393194_2.fastq.gz,ftp://ftp.sra.ebi.ac.uk/vol1/fastq/ERR143/095/ERR14393195/ERR14393195_2.fastq.gz,ftp://ftp.sra.ebi.ac.uk/vol1/fastq/ERR156/084/ERR15626984/ERR15626984_2.fastq.gz
RCN15332,Laos,AmpSeqV2,Sensitive,Sensitive,Sensitive,Resistant,Resistant,Sensitive,Sensitive,Sensitive,Resistant,Sensitive,ERR15626988,8447810.0,ERR14393205,27888.0,ERR14393206,47069.0,ERR14393207,1773.0,ftp://ftp.sra.ebi.ac.uk/vol1/fastq/ERR143/005/ERR14393205/ERR14393205_1.fastq.gz,ftp://ftp.sra.ebi.ac.uk/vol1/fastq/ERR143/006/ERR14393206/ERR14393206_1.fastq.gz,ftp://ftp.sra.ebi.ac.uk/vol1/fastq/ERR143/007/ERR14393207/ERR14393207_1.fastq.gz,ftp://ftp.sra.ebi.ac.uk/vol1/fastq/ERR156/088/ERR15626988/ERR15626988_1.fastq.gz,ftp://ftp.sra.ebi.ac.uk/vol1/fastq/ERR143/005/ERR14393205/ERR14393205_2.fastq.gz,ftp://ftp.sra.ebi.ac.uk/vol1/fastq/ERR143/006/ERR14393206/ERR14393206_2.fastq.gz,ftp://ftp.sra.ebi.ac.uk/vol1/fastq/ERR143/007/ERR14393207/ERR14393207_2.fastq.gz,ftp://ftp.sra.ebi.ac.uk/vol1/fastq/ERR156/088/ERR15626988/ERR15626988_2.fastq.gz
RCN15333,Laos,AmpSeqV2,Resistant,Resistant,Sensitive,Resistant,Resistant,Resistant,Resistant,Sensitive,Resistant,Undetermined,ERR15626989,12681056.0,ERR14393208,23981.0,ERR14393209,37848.0,ERR14393210,2191.0,ftp://ftp.sra.ebi.ac.uk/vol1/fastq/ERR143/008/ERR14393208/ERR14393208_1.fastq.gz,ftp://ftp.sra.ebi.ac.uk/vol1/fastq/ERR143/009/ERR14393209/ERR14393209_1.fastq.gz,ftp://ftp.sra.ebi.ac.uk/vol1/fastq/ERR143/010/ERR14393210/ERR14393210_1.fastq.gz,ftp://ftp.sra.ebi.ac.uk/vol1/fastq/ERR156/089/ERR15626989/ERR15626989_1.fastq.gz,ftp://ftp.sra.ebi.ac.uk/vol1/fastq/ERR143/008/ERR14393208/ERR14393208_2.fastq.gz,ftp://ftp.sra.ebi.ac.uk/vol1/fastq/ERR143/009/ERR14393209/ERR14393209_2.fastq.gz,ftp://ftp.sra.ebi.ac.uk/vol1/fastq/ERR143/010/ERR14393210/ERR14393210_2.fastq.gz,ftp://ftp.sra.ebi.ac.uk/vol1/fastq/ERR156/089/ERR15626989/ERR15626989_2.fastq.gz
RCN15334,Laos,AmpSeqV2,Sensitive,Sensitive,Sensitive,Resistant,Resistant,Resistant,Sensitive,Sensitive,Resistant,Sensitive,ERR15626990,10153279.0,ERR14393211,53998.0,ERR14393212,44238.0,ERR14393213,1968.0,ftp://ftp.sra.ebi.ac.uk/vol1/fastq/ERR143/011/ERR14393211/ERR14393211_1.fastq.gz,ftp://ftp.sra.ebi.ac.uk/vol1/fastq/ERR143/012/ERR14393212/ERR14393212_1.fastq.gz,ftp://ftp.sra.ebi.ac.uk/vol1/fastq/ERR143/013/ERR14393213/ERR14393213_1.fastq.gz,ftp://ftp.sra.ebi.ac.uk/vol1/fastq/ERR156/090/ERR15626990/ERR15626990_1.fastq.gz,ftp://ftp.sra.ebi.ac.uk/vol1/fastq/ERR143/011/ERR14393211/ERR14393211_2.fastq.gz,ftp://ftp.sra.ebi.ac.uk/vol1/fastq/ERR143/012/ERR14393212/ERR14393212_2.fastq.gz,ftp://ftp.sra.ebi.ac.uk/vol1/fastq/ERR143/013/ERR14393213/ERR14393213_2.fastq.gz,ftp://ftp.sra.ebi.ac.uk/vol1/fastq/ERR156/090/ERR15626990/ERR15626990_2.fastq.gz
RCN15335,Laos,AmpSeqV2,Sensitive,Sensitive,Sensitive,Undetermined,Resistant,Sensitive,Sensitive,Sensitive,Sensitive,Sensitive,ERR15626991,13018192.0,ERR14393214,31601.0,ERR14393215,48793.0,ERR14393216,2195.0,ftp://ftp.sra.ebi.ac.uk/vol1/fastq/ERR143/014/ERR14393214/ERR14393214_1.fastq.gz,ftp://ftp.sra.ebi.ac.uk/vol1/fastq/ERR143/015/ERR14393215/ERR14393215_1.fastq.gz,ftp://ftp.sra.ebi.ac.uk/vol1/fastq/ERR143/016/ERR14393216/ERR14393216_1.fastq.gz,ftp://ftp.sra.ebi.ac.uk/vol1/fastq/ERR156/091/ERR15626991/ERR15626991_1.fastq.gz,ftp://ftp.sra.ebi.ac.uk/vol1/fastq/ERR143/014/ERR14393214/ERR14393214_2.fastq.gz,ftp://ftp.sra.ebi.ac.uk/vol1/fastq/ERR143/015/ERR14393215/ERR14393215_2.fastq.gz,ftp://ftp.sra.ebi.ac.uk/vol1/fastq/ERR143/016/ERR14393216/ERR14393216_2.fastq.gz,ftp://ftp.sra.ebi.ac.uk/vol1/fastq/ERR156/091/ERR15626991/ERR15626991_2.fastq.gz
RCN15341,Laos,AmpSeqV2,Sensitive,Sensitive,Sensitive,Resistant,Resistant,Sensitive,Sensitive,Sensitive,Resistant,Sensitive,ERR15626995,14719523.0,ERR14393226,41312.0,ERR14393227,50376.0,ERR14393228,2102.0,ftp://ftp.sra.ebi.ac.uk/vol1/fastq/ERR143/026/ERR14393226/ERR14393226_1.fastq.gz,ftp://ftp.sra.ebi.ac.uk/vol1/fastq/ERR143/027/ERR14393227/ERR14393227_1.fastq.gz,ftp://ftp.sra.ebi.ac.uk/vol1/fastq/ERR143/028/ERR14393228/ERR14393228_1.fastq.gz,ftp://ftp.sra.ebi.ac.uk/vol1/fastq/ERR156/095/ERR15626995/ERR15626995_1.fastq.gz,ftp://ftp.sra.ebi.ac.uk/vol1/fastq/ERR143/026/ERR14393226/ERR14393226_2.fastq.gz,ftp://ftp.sra.ebi.ac.uk/vol1/fastq/ERR143/027/ERR14393227/ERR14393227_2.fastq.gz,ftp://ftp.sra.ebi.ac.uk/vol1/fastq/ERR143/028/ERR14393228/ERR14393228_2.fastq.gz,ftp://ftp.sra.ebi.ac.uk/vol1/fastq/ERR156/095/ERR15626995/ERR15626995_2.fastq.gz
RCN15342,Laos,AmpSeqV2,Resistant,Resistant,Sensitive,Resistant,Resistant,Resistant,Resistant,Sensitive,Resistant,Undetermined,ERR15626996,14006937.0,ERR14393229,34354.0,ERR14393230,50214.0,ERR14393231,1775.0,ftp://ftp.sra.ebi.ac.uk/vol1/fastq/ERR143/029/ERR14393229/ERR14393229_1.fastq.gz,ftp://ftp.sra.ebi.ac.uk/vol1/fastq/ERR143/030/ERR14393230/ERR14393230_1.fastq.gz,ftp://ftp.sra.ebi.ac.uk/vol1/fastq/ERR143/031/ERR14393231/ERR14393231_1.fastq.gz,ftp://ftp.sra.ebi.ac.uk/vol1/fastq/ERR156/096/ERR15626996/ERR15626996_1.fastq.gz,ftp://ftp.sra.ebi.ac.uk/vol1/fastq/ERR143/029/ERR14393229/ERR14393229_2.fastq.gz,ftp://ftp.sra.ebi.ac.uk/vol1/fastq/ERR143/030/ERR14393230/ERR14393230_2.fastq.gz,ftp://ftp.sra.ebi.ac.uk/vol1/fastq/ERR143/031/ERR14393231/ERR14393231_2.fastq.gz,ftp://ftp.sra.ebi.ac.uk/vol1/fastq/ERR156/096/ERR15626996/ERR15626996_2.fastq.gz
RCN15345,Laos,AmpSeqV2,Sensitive,Sensitive,Sensitive,Resistant,Resistant,Sensitive,Sensitive,Sensitive,Resistant,Sensitive,ERR15626998,16261414.0,ERR14393235,38921.0,ERR14393236,46204.0,ERR14393237,2022.0,ftp://ftp.sra.ebi.ac.uk/vol1/fastq/ERR143/035/ERR14393235/ERR14393235_1.fastq.gz,ftp://ftp.sra.ebi.ac.uk/vol1/fastq/ERR143/036/ERR14393236/ERR14393236_1.fastq.gz,ftp://ftp.sra.ebi.ac.uk/vol1/fastq/ERR143/037/ERR14393237/ERR14393237_1.fastq.gz,ftp://ftp.sra.ebi.ac.uk/vol1/fastq/ERR156/098/ERR15626998/ERR15626998_1.fastq.gz,ftp://ftp.sra.ebi.ac.uk/vol1/fastq/ERR143/035/ERR14393235/ERR14393235_2.fastq.gz,ftp://ftp.sra.ebi.ac.uk/vol1/fastq/ERR143/036/ERR14393236/ERR14393236_2.fastq.gz,ftp://ftp.sra.ebi.ac.uk/vol1/fastq/ERR143/037/ERR14393237/ERR14393237_2.fastq.gz,ftp://ftp.sra.ebi.ac.uk/vol1/fastq/ERR156/098/ERR15626998/ERR15626998_2.fastq.gz
RCN15346,Laos,AmpSeqV2,Sensitive,Sensitive,Sensitive,Resistant,Resistant,Sensitive,Sensitive,Sensitive,Resistant,Sensitive,ERR15626999,17569545.0,ERR14393238,52202.0,ERR14393239,42977.0,ERR14393240,2118.0,ftp://ftp.sra.ebi.ac.uk/vol1/fastq/ERR143/038/ERR14393238/ERR14393238_1.fastq.gz,ftp://ftp.sra.ebi.ac.uk/vol1/fastq/ERR143/039/ERR14393239/ERR14393239_1.fastq.gz,ftp://ftp.sra.ebi.ac.uk/vol1/fastq/ERR143/040/ERR14393240/ERR14393240_1.fastq.gz,ftp://ftp.sra.ebi.ac.uk/vol1/fastq/ERR156/099/ERR15626999/ERR15626999_1.fastq.gz,ftp://ftp.sra.ebi.ac.uk/vol1/fastq/ERR143/038/ERR14393238/ERR14393238_2.fastq.gz,ftp://ftp.sra.ebi.ac.uk/vol1/fastq/ERR143/039/ERR14393239/ERR14393239_2.fastq.gz,ftp://ftp.sra.ebi.ac.uk/vol1/fastq/ERR143/040/ERR14393240/ERR14393240_2.fastq.gz,ftp://ftp.sra.ebi.ac.uk/vol1/fastq/ERR156/099/ERR15626999/ERR15626999_2.fastq.gz
RCN15347,Laos,AmpSeqV2,Resistant,Sensitive,Sensitive,Resistant,Resistant,Resistant,Sensitive,Sensitive,Resistant,Resistant,ERR15627000,12518698.0,ERR14393241,20529.0,ERR14393242,48962.0,ERR14393243,449.0,ftp://ftp.sra.ebi.ac.uk/vol1/fastq/ERR143/041/ERR14393241/ERR14393241_1.fastq.gz,ftp://ftp.sra.ebi.ac.uk/vol1/fastq/ERR143/042/ERR14393242/ERR14393242_1.fastq.gz,ftp://ftp.sra.ebi.ac.uk/vol1/fastq/ERR143/043/ERR14393243/ERR14393243_1.fastq.gz,ftp://ftp.sra.ebi.ac.uk/vol1/fastq/ERR156/000/ERR15627000/ERR15627000_1.fastq.gz,ftp://ftp.sra.ebi.ac.uk/vol1/fastq/ERR143/041/ERR14393241/ERR14393241_2.fastq.gz,ftp://ftp.sra.ebi.ac.uk/vol1/fastq/ERR143/042/ERR14393242/ERR14393242_2.fastq.gz,ftp://ftp.sra.ebi.ac.uk/vol1/fastq/ERR143/043/ERR14393243/ERR14393243_2.fastq.gz,ftp://ftp.sra.ebi.ac.uk/vol1/fastq/ERR156/000/ERR15627000/ERR15627000_2.fastq.gz
RCN15348,Laos,AmpSeqV2,Resistant,Sensitive,Sensitive,Resistant,Resistant,Resistant,Sensitive,Sensitive,Resistant,Resistant,ERR15627001,11768452.0,ERR14393244,36463.0,ERR14393245,50890.0,ERR14393246,2232.0,ftp://ftp.sra.ebi.ac.uk/vol1/fastq/ERR143/044/ERR14393244/ERR14393244_1.fastq.gz,ftp://ftp.sra.ebi.ac.uk/vol1/fastq/ERR143/045/ERR14393245/ERR14393245_1.fastq.gz,ftp://ftp.sra.ebi.ac.uk/vol1/fastq/ERR143/046/ERR14393246/ERR14393246_1.fastq.gz,ftp://ftp.sra.ebi.ac.uk/vol1/fastq/ERR156/001/ERR15627001/ERR15627001_1.fastq.gz,ftp://ftp.sra.ebi.ac.uk/vol1/fastq/ERR143/044/ERR14393244/ERR14393244_2.fastq.gz,ftp://ftp.sra.ebi.ac.uk/vol1/fastq/ERR143/045/ERR14393245/ERR14393245_2.fastq.gz,ftp://ftp.sra.ebi.ac.uk/vol1/fastq/ERR143/046/ERR14393246/ERR14393246_2.fastq.gz,ftp://ftp.sra.ebi.ac.uk/vol1/fastq/ERR156/001/ERR15627001/ERR15627001_2.fastq.gz
RCN15349,Laos,AmpSeqV2,Resistant,Sensitive,Sensitive,Resistant,Resistant,Resistant,Sensitive,Sensitive,Resistant,Resistant,ERR15627002,14541052.0,ERR14393247,27845.0,ERR14393248,45160.0,ERR14393249,1115.0,ftp://ftp.sra.ebi.ac.uk/vol1/fastq/ERR143/047/ERR14393247/ERR14393247_1.fastq.gz,ftp://ftp.sra.ebi.ac.uk/vol1/fastq/ERR143/048/ERR14393248/ERR14393248_1.fastq.gz,ftp://ftp.sra.ebi.ac.uk/vol1/fastq/ERR143/049/ERR14393249/ERR14393249_1.fastq.gz,ftp://ftp.sra.ebi.ac.uk/vol1/fastq/ERR156/002/ERR15627002/ERR15627002_1.fastq.gz,ftp://ftp.sra.ebi.ac.uk/vol1/fastq/ERR143/047/ERR14393247/ERR14393247_2.fastq.gz,ftp://ftp.sra.ebi.ac.uk/vol1/fastq/ERR143/048/ERR14393248/ERR14393248_2.fastq.gz,ftp://ftp.sra.ebi.ac.uk/vol1/fastq/ERR143/049/ERR14393249/ERR14393249_2.fastq.gz,ftp://ftp.sra.ebi.ac.uk/vol1/fastq/ERR156/002/ERR15627002/ERR15627002_2.fastq.gz
RCN15350,Laos,AmpSeqV2,Resistant,Sensitive,Sensitive,Resistant,Resistant,Resistant,Sensitive,Sensitive,Resistant,Resistant,ERR15627003,16708635.0,ERR14393250,35202.0,ERR14393251,19911.0,ERR14393252,1723.0,ftp://ftp.sra.ebi.ac.uk/vol1/fastq/ERR143/050/ERR14393250/ERR14393250_1.fastq.gz,ftp://ftp.sra.ebi.ac.uk/vol1/fastq/ERR143/051/ERR14393251/ERR14393251_1.fastq.gz,ftp://ftp.sra.ebi.ac.uk/vol1/fastq/ERR143/052/ERR14393252/ERR14393252_1.fastq.gz,ftp://ftp.sra.ebi.ac.uk/vol1/fastq/ERR156/003/ERR15627003/ERR15627003_1.fastq.gz,ftp://ftp.sra.ebi.ac.uk/vol1/fastq/ERR143/050/ERR14393250/ERR14393250_2.fastq.gz,ftp://ftp.sra.ebi.ac.uk/vol1/fastq/ERR143/051/ERR14393251/ERR14393251_2.fastq.gz,ftp://ftp.sra.ebi.ac.uk/vol1/fastq/ERR143/052/ERR14393252/ERR14393252_2.fastq.gz,ftp://ftp.sra.ebi.ac.uk/vol1/fastq/ERR156/003/ERR15627003/ERR15627003_2.fastq.gz
RCN15351,Laos,AmpSeqV2,Resistant,Resistant,Sensitive,Resistant,Resistant,Resistant,Resistant,Sensitive,Resistant,Resistant,ERR15627004,16219397.0,ERR14393253,27098.0,ERR14393254,47013.0,ERR14393255,1660.0,ftp://ftp.sra.ebi.ac.uk/vol1/fastq/ERR143/053/ERR14393253/ERR14393253_1.fastq.gz,ftp://ftp.sra.ebi.ac.uk/vol1/fastq/ERR143/054/ERR14393254/ERR14393254_1.fastq.gz,ftp://ftp.sra.ebi.ac.uk/vol1/fastq/ERR143/055/ERR14393255/ERR14393255_1.fastq.gz,ftp://ftp.sra.ebi.ac.uk/vol1/fastq/ERR156/004/ERR15627004/ERR15627004_1.fastq.gz,ftp://ftp.sra.ebi.ac.uk/vol1/fastq/ERR143/053/ERR14393253/ERR14393253_2.fastq.gz,ftp://ftp.sra.ebi.ac.uk/vol1/fastq/ERR143/054/ERR14393254/ERR14393254_2.fastq.gz,ftp://ftp.sra.ebi.ac.uk/vol1/fastq/ERR143/055/ERR14393255/ERR14393255_2.fastq.gz,ftp://ftp.sra.ebi.ac.uk/vol1/fastq/ERR156/004/ERR15627004/ERR15627004_2.fastq.gz
RCN15352,Laos,AmpSeqV2,Sensitive,Sensitive,Sensitive,Resistant,Resistant,Sensitive,Sensitive,Sensitive,Resistant,Sensitive,ERR15627005,11568468.0,ERR14393256,31446.0,ERR14393257,50994.0,ERR14393258,256.0,ftp://ftp.sra.ebi.ac.uk/vol1/fastq/ERR143/056/ERR14393256/ERR14393256_1.fastq.gz,ftp://ftp.sra.ebi.ac.uk/vol1/fastq/ERR143/057/ERR14393257/ERR14393257_1.fastq.gz,ftp://ftp.sra.ebi.ac.uk/vol1/fastq/ERR143/058/ERR14393258/ERR14393258_1.fastq.gz,ftp://ftp.sra.ebi.ac.uk/vol1/fastq/ERR156/005/ERR15627005/ERR15627005_1.fastq.gz,ftp://ftp.sra.ebi.ac.uk/vol1/fastq/ERR143/056/ERR14393256/ERR14393256_2.fastq.gz,ftp://ftp.sra.ebi.ac.uk/vol1/fastq/ERR143/057/ERR14393257/ERR14393257_2.fastq.gz,ftp://ftp.sra.ebi.ac.uk/vol1/fastq/ERR143/058/ERR14393258/ERR14393258_2.fastq.gz,ftp://ftp.sra.ebi.ac.uk/vol1/fastq/ERR156/005/ERR15627005/ERR15627005_2.fastq.gz
RCN15353,Laos,AmpSeqV2,Resistant,Sensitive,Sensitive,Resistant,Resistant,Resistant,Sensitive,Sensitive,Resistant,Resistant,ERR15627006,17790628.0,ERR14393259,42679.0,ERR14393260,41640.0,ERR14393261,1008.0,ftp://ftp.sra.ebi.ac.uk/vol1/fastq/ERR143/059/ERR14393259/ERR14393259_1.fastq.gz,ftp://ftp.sra.ebi.ac.uk/vol1/fastq/ERR143/060/ERR14393260/ERR14393260_1.fastq.gz,ftp://ftp.sra.ebi.ac.uk/vol1/fastq/ERR143/061/ERR14393261/ERR14393261_1.fastq.gz,ftp://ftp.sra.ebi.ac.uk/vol1/fastq/ERR156/006/ERR15627006/ERR15627006_1.fastq.gz,ftp://ftp.sra.ebi.ac.uk/vol1/fastq/ERR143/059/ERR14393259/ERR14393259_2.fastq.gz,ftp://ftp.sra.ebi.ac.uk/vol1/fastq/ERR143/060/ERR14393260/ERR14393260_2.fastq.gz,ftp://ftp.sra.ebi.ac.uk/vol1/fastq/ERR143/061/ERR14393261/ERR14393261_2.fastq.gz,ftp://ftp.sra.ebi.ac.uk/vol1/fastq/ERR156/006/ERR15627006/ERR15627006_2.fastq.gz
RCN15354,Laos,AmpSeqV2,Resistant,Resistant,Sensitive,Resistant,Resistant,Resistant,Resistant,Sensitive,Resistant,Undetermined,ERR15627007,12953718.0,ERR14393262,21210.0,ERR14393263,36880.0,ERR14393264,150.0,ftp://ftp.sra.ebi.ac.uk/vol1/fastq/ERR143/062/ERR14393262/ERR14393262_1.fastq.gz,ftp://ftp.sra.ebi.ac.uk/vol1/fastq/ERR143/063/ERR14393263/ERR14393263_1.fastq.gz,ftp://ftp.sra.ebi.ac.uk/vol1/fastq/ERR143/064/ERR14393264/ERR14393264_1.fastq.gz,ftp://ftp.sra.ebi.ac.uk/vol1/fastq/ERR156/007/ERR15627007/ERR15627007_1.fastq.gz,ftp://ftp.sra.ebi.ac.uk/vol1/fastq/ERR143/062/ERR14393262/ERR14393262_2.fastq.gz,ftp://ftp.sra.ebi.ac.uk/vol1/fastq/ERR143/063/ERR14393263/ERR14393263_2.fastq.gz,ftp://ftp.sra.ebi.ac.uk/vol1/fastq/ERR143/064/ERR14393264/ERR14393264_2.fastq.gz,ftp://ftp.sra.ebi.ac.uk/vol1/fastq/ERR156/007/ERR15627007/ERR15627007_2.fastq.gz
RCN15355,Laos,AmpSeqV2,Resistant,Sensitive,Sensitive,Resistant,Resistant,Resistant,Sensitive,Sensitive,Resistant,Resistant,ERR15627008,11612698.0,ERR14393265,30368.0,ERR14393266,48324.0,ERR14393267,942.0,ftp://ftp.sra.ebi.ac.uk/vol1/fastq/ERR143/065/ERR14393265/ERR14393265_1.fastq.gz,ftp://ftp.sra.ebi.ac.uk/vol1/fastq/ERR143/066/ERR14393266/ERR14393266_1.fastq.gz,ftp://ftp.sra.ebi.ac.uk/vol1/fastq/ERR143/067/ERR14393267/ERR14393267_1.fastq.gz,ftp://ftp.sra.ebi.ac.uk/vol1/fastq/ERR156/008/ERR15627008/ERR15627008_1.fastq.gz,ftp://ftp.sra.ebi.ac.uk/vol1/fastq/ERR143/065/ERR14393265/ERR14393265_2.fastq.gz,ftp://ftp.sra.ebi.ac.uk/vol1/fastq/ERR143/066/ERR14393266/ERR14393266_2.fastq.gz,ftp://ftp.sra.ebi.ac.uk/vol1/fastq/ERR143/067/ERR14393267/ERR14393267_2.fastq.gz,ftp://ftp.sra.ebi.ac.uk/vol1/fastq/ERR156/008/ERR15627008/ERR15627008_2.fastq.gz
RCN15356,Laos,AmpSeqV2,Sensitive,Sensitive,Sensitive,Resistant,Resistant,Sensitive,Sensitive,Sensitive,Resistant,Sensitive,ERR15627009,12405766.0,ERR14393268,14609.0,ERR14393269,28152.0,ERR14393270,463.0,ftp://ftp.sra.ebi.ac.uk/vol1/fastq/ERR143/068/ERR14393268/ERR14393268_1.fastq.gz,ftp://ftp.sra.ebi.ac.uk/vol1/fastq/ERR143/069/ERR14393269/ERR14393269_1.fastq.gz,ftp://ftp.sra.ebi.ac.uk/vol1/fastq/ERR143/070/ERR14393270/ERR14393270_1.fastq.gz,ftp://ftp.sra.ebi.ac.uk/vol1/fastq/ERR156/009/ERR15627009/ERR15627009_1.fastq.gz,ftp://ftp.sra.ebi.ac.uk/vol1/fastq/ERR143/068/ERR14393268/ERR14393268_2.fastq.gz,ftp://ftp.sra.ebi.ac.uk/vol1/fastq/ERR143/069/ERR14393269/ERR14393269_2.fastq.gz,ftp://ftp.sra.ebi.ac.uk/vol1/fastq/ERR143/070/ERR14393270/ERR14393270_2.fastq.gz,ftp://ftp.sra.ebi.ac.uk/vol1/fastq/ERR156/009/ERR15627009/ERR15627009_2.fastq.gz
RCN15357,Laos,AmpSeqV2,Sensitive,Sensitive,Sensitive,Resistant,Resistant,Resistant,Sensitive,Sensitive,Resistant,Sensitive,ERR15627010,12250565.0,ERR14393271,34075.0,ERR14393272,39735.0,ERR14393273,240.0,ftp://ftp.sra.ebi.ac.uk/vol1/fastq/ERR143/071/ERR14393271/ERR14393271_1.fastq.gz,ftp://ftp.sra.ebi.ac.uk/vol1/fastq/ERR143/072/ERR14393272/ERR14393272_1.fastq.gz,ftp://ftp.sra.ebi.ac.uk/vol1/fastq/ERR143/073/ERR14393273/ERR14393273_1.fastq.gz,ftp://ftp.sra.ebi.ac.uk/vol1/fastq/ERR156/010/ERR15627010/ERR15627010_1.fastq.gz,ftp://ftp.sra.ebi.ac.uk/vol1/fastq/ERR143/071/ERR14393271/ERR14393271_2.fastq.gz,ftp://ftp.sra.ebi.ac.uk/vol1/fastq/ERR143/072/ERR14393272/ERR14393272_2.fastq.gz,ftp://ftp.sra.ebi.ac.uk/vol1/fastq/ERR143/073/ERR14393273/ERR14393273_2.fastq.gz,ftp://ftp.sra.ebi.ac.uk/vol1/fastq/ERR156/010/ERR15627010/ERR15627010_2.fastq.gz
RCN15358,Laos,AmpSeqV2,Resistant,Resistant,Sensitive,Resistant,Resistant,Resistant,Resistant,Sensitive,Resistant,Undetermined,ERR15627011,10281339.0,ERR14393274,51768.0,ERR14393275,41711.0,ERR14393276,1763.0,ftp://ftp.sra.ebi.ac.uk/vol1/fastq/ERR143/074/ERR14393274/ERR14393274_1.fastq.gz,ftp://ftp.sra.ebi.ac.uk/vol1/fastq/ERR143/075/ERR14393275/ERR14393275_1.fastq.gz,ftp://ftp.sra.ebi.ac.uk/vol1/fastq/ERR143/076/ERR14393276/ERR14393276_1.fastq.gz,ftp://ftp.sra.ebi.ac.uk/vol1/fastq/ERR156/011/ERR15627011/ERR15627011_1.fastq.gz,ftp://ftp.sra.ebi.ac.uk/vol1/fastq/ERR143/074/ERR14393274/ERR14393274_2.fastq.gz,ftp://ftp.sra.ebi.ac.uk/vol1/fastq/ERR143/075/ERR14393275/ERR14393275_2.fastq.gz,ftp://ftp.sra.ebi.ac.uk/vol1/fastq/ERR143/076/ERR14393276/ERR14393276_2.fastq.gz,ftp://ftp.sra.ebi.ac.uk/vol1/fastq/ERR156/011/ERR15627011/ERR15627011_2.fastq.gz
RCN15362,Laos,AmpSeqV2,Sensitive,Sensitive,Sensitive,Resistant,Resistant,Sensitive,Sensitive,Sensitive,Resistant,Sensitive,ERR15627014,8758099.0,ERR14393283,28184.0,ERR14393284,40353.0,ERR14393285,2735.0,ftp://ftp.sra.ebi.ac.uk/vol1/fastq/ERR143/083/ERR14393283/ERR14393283_1.fastq.gz,ftp://ftp.sra.ebi.ac.uk/vol1/fastq/ERR143/084/ERR14393284/ERR14393284_1.fastq.gz,ftp://ftp.sra.ebi.ac.uk/vol1/fastq/ERR143/085/ERR14393285/ERR14393285_1.fastq.gz,ftp://ftp.sra.ebi.ac.uk/vol1/fastq/ERR156/014/ERR15627014/ERR15627014_1.fastq.gz,ftp://ftp.sra.ebi.ac.uk/vol1/fastq/ERR143/083/ERR14393283/ERR14393283_2.fastq.gz,ftp://ftp.sra.ebi.ac.uk/vol1/fastq/ERR143/084/ERR14393284/ERR14393284_2.fastq.gz,ftp://ftp.sra.ebi.ac.uk/vol1/fastq/ERR143/085/ERR14393285/ERR14393285_2.fastq.gz,ftp://ftp.sra.ebi.ac.uk/vol1/fastq/ERR156/014/ERR15627014/ERR15627014_2.fastq.gz
RCN15366,Laos,AmpSeqV2,Sensitive,Sensitive,Sensitive,Resistant,Resistant,Sensitive,Sensitive,Sensitive,Resistant,Sensitive,ERR15627018,15642664.0,ERR14393295,56699.0,ERR14393296,50823.0,ERR14393297,1303.0,ftp://ftp.sra.ebi.ac.uk/vol1/fastq/ERR143/095/ERR14393295/ERR14393295_1.fastq.gz,ftp://ftp.sra.ebi.ac.uk/vol1/fastq/ERR143/096/ERR14393296/ERR14393296_1.fastq.gz,ftp://ftp.sra.ebi.ac.uk/vol1/fastq/ERR143/097/ERR14393297/ERR14393297_1.fastq.gz,ftp://ftp.sra.ebi.ac.uk/vol1/fastq/ERR156/018/ERR15627018/ERR15627018_1.fastq.gz,ftp://ftp.sra.ebi.ac.uk/vol1/fastq/ERR143/095/ERR14393295/ERR14393295_2.fastq.gz,ftp://ftp.sra.ebi.ac.uk/vol1/fastq/ERR143/096/ERR14393296/ERR14393296_2.fastq.gz,ftp://ftp.sra.ebi.ac.uk/vol1/fastq/ERR143/097/ERR14393297/ERR14393297_2.fastq.gz,ftp://ftp.sra.ebi.ac.uk/vol1/fastq/ERR156/018/ERR15627018/ERR15627018_2.fastq.gz
RCN15369,Laos,AmpSeqV2,Sensitive,Sensitive,Sensitive,Resistant,Resistant,Sensitive,Sensitive,Sensitive,Resistant,Sensitive,ERR15627020,11417372.0,ERR14393301,41832.0,ERR14393302,46573.0,ERR14393303,2136.0,ftp://ftp.sra.ebi.ac.uk/vol1/fastq/ERR143/001/ERR14393301/ERR14393301_1.fastq.gz,ftp://ftp.sra.ebi.ac.uk/vol1/fastq/ERR143/002/ERR14393302/ERR14393302_1.fastq.gz,ftp://ftp.sra.ebi.ac.uk/vol1/fastq/ERR143/003/ERR14393303/ERR14393303_1.fastq.gz,ftp://ftp.sra.ebi.ac.uk/vol1/fastq/ERR156/020/ERR15627020/ERR15627020_1.fastq.gz,ftp://ftp.sra.ebi.ac.uk/vol1/fastq/ERR143/001/ERR14393301/ERR14393301_2.fastq.gz,ftp://ftp.sra.ebi.ac.uk/vol1/fastq/ERR143/002/ERR14393302/ERR14393302_2.fastq.gz,ftp://ftp.sra.ebi.ac.uk/vol1/fastq/ERR143/003/ERR14393303/ERR14393303_2.fastq.gz,ftp://ftp.sra.ebi.ac.uk/vol1/fastq/ERR156/020/ERR15627020/ERR15627020_2.fastq.gz
RCN15371,Laos,AmpSeqV2,Resistant,Resistant,Sensitive,Resistant,Resistant,Resistant,Resistant,Sensitive,Resistant,Undetermined,ERR15627022,13531916.0,ERR14393307,55926.0,ERR14393308,47729.0,ERR14393309,3127.0,ftp://ftp.sra.ebi.ac.uk/vol1/fastq/ERR143/007/ERR14393307/ERR14393307_1.fastq.gz,ftp://ftp.sra.ebi.ac.uk/vol1/fastq/ERR143/008/ERR14393308/ERR14393308_1.fastq.gz,ftp://ftp.sra.ebi.ac.uk/vol1/fastq/ERR143/009/ERR14393309/ERR14393309_1.fastq.gz,ftp://ftp.sra.ebi.ac.uk/vol1/fastq/ERR156/022/ERR15627022/ERR15627022_1.fastq.gz,ftp://ftp.sra.ebi.ac.uk/vol1/fastq/ERR143/007/ERR14393307/ERR14393307_2.fastq.gz,ftp://ftp.sra.ebi.ac.uk/vol1/fastq/ERR143/008/ERR14393308/ERR14393308_2.fastq.gz,ftp://ftp.sra.ebi.ac.uk/vol1/fastq/ERR143/009/ERR14393309/ERR14393309_2.fastq.gz,ftp://ftp.sra.ebi.ac.uk/vol1/fastq/ERR156/022/ERR15627022/ERR15627022_2.fastq.gz
RCN15372,Laos,AmpSeqV2,Sensitive,Sensitive,Sensitive,Resistant,Resistant,Sensitive,Sensitive,Sensitive,Resistant,Sensitive,ERR15627023,9323585.0,ERR14393310,45565.0,ERR14393311,42964.0,ERR14393312,1846.0,ftp://ftp.sra.ebi.ac.uk/vol1/fastq/ERR143/010/ERR14393310/ERR14393310_1.fastq.gz,ftp://ftp.sra.ebi.ac.uk/vol1/fastq/ERR143/011/ERR14393311/ERR14393311_1.fastq.gz,ftp://ftp.sra.ebi.ac.uk/vol1/fastq/ERR143/012/ERR14393312/ERR14393312_1.fastq.gz,ftp://ftp.sra.ebi.ac.uk/vol1/fastq/ERR156/023/ERR15627023/ERR15627023_1.fastq.gz,ftp://ftp.sra.ebi.ac.uk/vol1/fastq/ERR143/010/ERR14393310/ERR14393310_2.fastq.gz,ftp://ftp.sra.ebi.ac.uk/vol1/fastq/ERR143/011/ERR14393311/ERR14393311_2.fastq.gz,ftp://ftp.sra.ebi.ac.uk/vol1/fastq/ERR143/012/ERR14393312/ERR14393312_2.fastq.gz,ftp://ftp.sra.ebi.ac.uk/vol1/fastq/ERR156/023/ERR15627023/ERR15627023_2.fastq.gz
RCN15373,Laos,AmpSeqV2,Sensitive,Sensitive,Sensitive,Resistant,Resistant,Sensitive,Sensitive,Sensitive,Resistant,Sensitive,ERR15627024,7741267.0,ERR14393313,55802.0,ERR14393314,58758.0,ERR14393315,164.0,ftp://ftp.sra.ebi.ac.uk/vol1/fastq/ERR143/013/ERR14393313/ERR14393313_1.fastq.gz,ftp://ftp.sra.ebi.ac.uk/vol1/fastq/ERR143/014/ERR14393314/ERR14393314_1.fastq.gz,ftp://ftp.sra.ebi.ac.uk/vol1/fastq/ERR143/015/ERR14393315/ERR14393315_1.fastq.gz,ftp://ftp.sra.ebi.ac.uk/vol1/fastq/ERR156/024/ERR15627024/ERR15627024_1.fastq.gz,ftp://ftp.sra.ebi.ac.uk/vol1/fastq/ERR143/013/ERR14393313/ERR14393313_2.fastq.gz,ftp://ftp.sra.ebi.ac.uk/vol1/fastq/ERR143/014/ERR14393314/ERR14393314_2.fastq.gz,ftp://ftp.sra.ebi.ac.uk/vol1/fastq/ERR143/015/ERR14393315/ERR14393315_2.fastq.gz,ftp://ftp.sra.ebi.ac.uk/vol1/fastq/ERR156/024/ERR15627024/ERR15627024_2.fastq.gz
RCN15374,Laos,AmpSeqV2,Sensitive,Sensitive,Sensitive,Resistant,Resistant,Sensitive,Sensitive,Sensitive,Resistant,Sensitive,ERR15627025,14467062.0,ERR14393316,52432.0,ERR14393317,49094.0,ERR14393318,2936.0,ftp://ftp.sra.ebi.ac.uk/vol1/fastq/ERR143/016/ERR14393316/ERR14393316_1.fastq.gz,ftp://ftp.sra.ebi.ac.uk/vol1/fastq/ERR143/017/ERR14393317/ERR14393317_1.fastq.gz,ftp://ftp.sra.ebi.ac.uk/vol1/fastq/ERR143/018/ERR14393318/ERR14393318_1.fastq.gz,ftp://ftp.sra.ebi.ac.uk/vol1/fastq/ERR156/025/ERR15627025/ERR15627025_1.fastq.gz,ftp://ftp.sra.ebi.ac.uk/vol1/fastq/ERR143/016/ERR14393316/ERR14393316_2.fastq.gz,ftp://ftp.sra.ebi.ac.uk/vol1/fastq/ERR143/017/ERR14393317/ERR14393317_2.fastq.gz,ftp://ftp.sra.ebi.ac.uk/vol1/fastq/ERR143/018/ERR14393318/ERR14393318_2.fastq.gz,ftp://ftp.sra.ebi.ac.uk/vol1/fastq/ERR156/025/ERR15627025/ERR15627025_2.fastq.gz
RCN15376,Laos,AmpSeqV2,Sensitive,Sensitive,Sensitive,Resistant,Resistant,Resistant,Sensitive,Sensitive,Resistant,Sensitive,ERR15627027,12953358.0,ERR14393322,58225.0,ERR14393323,51737.0,ERR14393324,2543.0,ftp://ftp.sra.ebi.ac.uk/vol1/fastq/ERR143/022/ERR14393322/ERR14393322_1.fastq.gz,ftp://ftp.sra.ebi.ac.uk/vol1/fastq/ERR143/023/ERR14393323/ERR14393323_1.fastq.gz,ftp://ftp.sra.ebi.ac.uk/vol1/fastq/ERR143/024/ERR14393324/ERR14393324_1.fastq.gz,ftp://ftp.sra.ebi.ac.uk/vol1/fastq/ERR156/027/ERR15627027/ERR15627027_1.fastq.gz,ftp://ftp.sra.ebi.ac.uk/vol1/fastq/ERR143/022/ERR14393322/ERR14393322_2.fastq.gz,ftp://ftp.sra.ebi.ac.uk/vol1/fastq/ERR143/023/ERR14393323/ERR14393323_2.fastq.gz,ftp://ftp.sra.ebi.ac.uk/vol1/fastq/ERR143/024/ERR14393324/ERR14393324_2.fastq.gz,ftp://ftp.sra.ebi.ac.uk/vol1/fastq/ERR156/027/ERR15627027/ERR15627027_2.fastq.gz
RCN15377,Laos,AmpSeqV2,Sensitive,Sensitive,Sensitive,Resistant,Resistant,Resistant,Sensitive,Sensitive,Resistant,Sensitive,ERR15627028,10226496.0,ERR14393325,53793.0,ERR14393326,36857.0,ERR14393327,2705.0,ftp://ftp.sra.ebi.ac.uk/vol1/fastq/ERR143/025/ERR14393325/ERR14393325_1.fastq.gz,ftp://ftp.sra.ebi.ac.uk/vol1/fastq/ERR143/026/ERR14393326/ERR14393326_1.fastq.gz,ftp://ftp.sra.ebi.ac.uk/vol1/fastq/ERR143/027/ERR14393327/ERR14393327_1.fastq.gz,ftp://ftp.sra.ebi.ac.uk/vol1/fastq/ERR156/028/ERR15627028/ERR15627028_1.fastq.gz,ftp://ftp.sra.ebi.ac.uk/vol1/fastq/ERR143/025/ERR14393325/ERR14393325_2.fastq.gz,ftp://ftp.sra.ebi.ac.uk/vol1/fastq/ERR143/026/ERR14393326/ERR14393326_2.fastq.gz,ftp://ftp.sra.ebi.ac.uk/vol1/fastq/ERR143/027/ERR14393327/ERR14393327_2.fastq.gz,ftp://ftp.sra.ebi.ac.uk/vol1/fastq/ERR156/028/ERR15627028/ERR15627028_2.fastq.gz
RCN15381,Laos,AmpSeqV2,Sensitive,Sensitive,Sensitive,Resistant,Resistant,Sensitive,Sensitive,Sensitive,Resistant,Sensitive,ERR15627032,26414892.0,ERR14393328,57285.0,ERR14393329,49654.0,ERR14393330,2439.0,ftp://ftp.sra.ebi.ac.uk/vol1/fastq/ERR143/028/ERR14393328/ERR14393328_1.fastq.gz,ftp://ftp.sra.ebi.ac.uk/vol1/fastq/ERR143/029/ERR14393329/ERR14393329_1.fastq.gz,ftp://ftp.sra.ebi.ac.uk/vol1/fastq/ERR143/030/ERR14393330/ERR14393330_1.fastq.gz,ftp://ftp.sra.ebi.ac.uk/vol1/fastq/ERR156/032/ERR15627032/ERR15627032_1.fastq.gz,ftp://ftp.sra.ebi.ac.uk/vol1/fastq/ERR143/028/ERR14393328/ERR14393328_2.fastq.gz,ftp://ftp.sra.ebi.ac.uk/vol1/fastq/ERR143/029/ERR14393329/ERR14393329_2.fastq.gz,ftp://ftp.sra.ebi.ac.uk/vol1/fastq/ERR143/030/ERR14393330/ERR14393330_2.fastq.gz,ftp://ftp.sra.ebi.ac.uk/vol1/fastq/ERR156/032/ERR15627032/ERR15627032_2.fastq.gz
RCN15382,Laos,AmpSeqV2,Sensitive,Sensitive,Sensitive,Resistant,Resistant,Sensitive,Sensitive,Sensitive,Resistant,Sensitive,ERR15627033,15577021.0,ERR14393331,42666.0,ERR14393332,39163.0,ERR14393333,1409.0,ftp://ftp.sra.ebi.ac.uk/vol1/fastq/ERR143/031/ERR14393331/ERR14393331_1.fastq.gz,ftp://ftp.sra.ebi.ac.uk/vol1/fastq/ERR143/032/ERR14393332/ERR14393332_1.fastq.gz,ftp://ftp.sra.ebi.ac.uk/vol1/fastq/ERR143/033/ERR14393333/ERR14393333_1.fastq.gz,ftp://ftp.sra.ebi.ac.uk/vol1/fastq/ERR156/033/ERR15627033/ERR15627033_1.fastq.gz,ftp://ftp.sra.ebi.ac.uk/vol1/fastq/ERR143/031/ERR14393331/ERR14393331_2.fastq.gz,ftp://ftp.sra.ebi.ac.uk/vol1/fastq/ERR143/032/ERR14393332/ERR14393332_2.fastq.gz,ftp://ftp.sra.ebi.ac.uk/vol1/fastq/ERR143/033/ERR14393333/ERR14393333_2.fastq.gz,ftp://ftp.sra.ebi.ac.uk/vol1/fastq/ERR156/033/ERR15627033/ERR15627033_2.fastq.gz
RCN15387,Laos,AmpSeqV2,Sensitive,Sensitive,Sensitive,Resistant,Resistant,Sensitive,Sensitive,Sensitive,Resistant,Sensitive,ERR15627036,14727382.0,ERR14393334,50606.0,ERR14393335,45517.0,ERR14393336,2982.0,ftp://ftp.sra.ebi.ac.uk/vol1/fastq/ERR143/034/ERR14393334/ERR14393334_1.fastq.gz,ftp://ftp.sra.ebi.ac.uk/vol1/fastq/ERR143/035/ERR14393335/ERR14393335_1.fastq.gz,ftp://ftp.sra.ebi.ac.uk/vol1/fastq/ERR143/036/ERR14393336/ERR14393336_1.fastq.gz,ftp://ftp.sra.ebi.ac.uk/vol1/fastq/ERR156/036/ERR15627036/ERR15627036_1.fastq.gz,ftp://ftp.sra.ebi.ac.uk/vol1/fastq/ERR143/034/ERR14393334/ERR14393334_2.fastq.gz,ftp://ftp.sra.ebi.ac.uk/vol1/fastq/ERR143/035/ERR14393335/ERR14393335_2.fastq.gz,ftp://ftp.sra.ebi.ac.uk/vol1/fastq/ERR143/036/ERR14393336/ERR14393336_2.fastq.gz,ftp://ftp.sra.ebi.ac.uk/vol1/fastq/ERR156/036/ERR15627036/ERR15627036_2.fastq.gz
RCN15829,Vietnam,AmpSeqV2,Resistant,Resistant,Sensitive,Resistant,Resistant,Resistant,Resistant,Sensitive,Resistant,Undetermined,ERR15627096,15403712.0,ERR14393340,60197.0,ERR14393341,55801.0,ERR14393342,1664.0,ftp://ftp.sra.ebi.ac.uk/vol1/fastq/ERR143/040/ERR14393340/ERR14393340_1.fastq.gz,ftp://ftp.sra.ebi.ac.uk/vol1/fastq/ERR143/041/ERR14393341/ERR14393341_1.fastq.gz,ftp://ftp.sra.ebi.ac.uk/vol1/fastq/ERR143/042/ERR14393342/ERR14393342_1.fastq.gz,ftp://ftp.sra.ebi.ac.uk/vol1/fastq/ERR156/096/ERR15627096/ERR15627096_1.fastq.gz,ftp://ftp.sra.ebi.ac.uk/vol1/fastq/ERR143/040/ERR14393340/ERR14393340_2.fastq.gz,ftp://ftp.sra.ebi.ac.uk/vol1/fastq/ERR143/041/ERR14393341/ERR14393341_2.fastq.gz,ftp://ftp.sra.ebi.ac.uk/vol1/fastq/ERR143/042/ERR14393342/ERR14393342_2.fastq.gz,ftp://ftp.sra.ebi.ac.uk/vol1/fastq/ERR156/096/ERR15627096/ERR15627096_2.fastq.gz
RCN15845,Vietnam,AmpSeqV2,Resistant,Sensitive,Sensitive,Resistant,Resistant,Resistant,Sensitive,Sensitive,Resistant,Undetermined,ERR15627099,21063285.0,ERR14393379,59592.0,ERR14393380,46823.0,ERR14393381,2306.0,ftp://ftp.sra.ebi.ac.uk/vol1/fastq/ERR143/079/ERR14393379/ERR14393379_1.fastq.gz,ftp://ftp.sra.ebi.ac.uk/vol1/fastq/ERR143/080/ERR14393380/ERR14393380_1.fastq.gz,ftp://ftp.sra.ebi.ac.uk/vol1/fastq/ERR143/081/ERR14393381/ERR14393381_1.fastq.gz,ftp://ftp.sra.ebi.ac.uk/vol1/fastq/ERR156/099/ERR15627099/ERR15627099_1.fastq.gz,ftp://ftp.sra.ebi.ac.uk/vol1/fastq/ERR143/079/ERR14393379/ERR14393379_2.fastq.gz,ftp://ftp.sra.ebi.ac.uk/vol1/fastq/ERR143/080/ERR14393380/ERR14393380_2.fastq.gz,ftp://ftp.sra.ebi.ac.uk/vol1/fastq/ERR143/081/ERR14393381/ERR14393381_2.fastq.gz,ftp://ftp.sra.ebi.ac.uk/vol1/fastq/ERR156/099/ERR15627099/ERR15627099_2.fastq.gz
RCN15861,Vietnam,AmpSeqV2,Sensitive,Sensitive,Sensitive,Undetermined,Resistant,Sensitive,Sensitive,Sensitive,Undetermined,Sensitive,ERR15627102,15327129.0,ERR14393418,37571.0,ERR14393419,19027.0,ERR14393420,1237.0,ftp://ftp.sra.ebi.ac.uk/vol1/fastq/ERR143/018/ERR14393418/ERR14393418_1.fastq.gz,ftp://ftp.sra.ebi.ac.uk/vol1/fastq/ERR143/019/ERR14393419/ERR14393419_1.fastq.gz,ftp://ftp.sra.ebi.ac.uk/vol1/fastq/ERR143/020/ERR14393420/ERR14393420_1.fastq.gz,ftp://ftp.sra.ebi.ac.uk/vol1/fastq/ERR156/002/ERR15627102/ERR15627102_1.fastq.gz,ftp://ftp.sra.ebi.ac.uk/vol1/fastq/ERR143/018/ERR14393418/ERR14393418_2.fastq.gz,ftp://ftp.sra.ebi.ac.uk/vol1/fastq/ERR143/019/ERR14393419/ERR14393419_2.fastq.gz,ftp://ftp.sra.ebi.ac.uk/vol1/fastq/ERR143/020/ERR14393420/ERR14393420_2.fastq.gz,ftp://ftp.sra.ebi.ac.uk/vol1/fastq/ERR156/002/ERR15627102/ERR15627102_2.fastq.gz
RCN15869,Vietnam,AmpSeqV2,Resistant,Resistant,Sensitive,Resistant,Resistant,Resistant,Resistant,Sensitive,Resistant,Undetermined,ERR15627103,19363057.0,ERR14393439,48470.0,ERR14393440,38865.0,ERR14393441,167.0,ftp://ftp.sra.ebi.ac.uk/vol1/fastq/ERR143/039/ERR14393439/ERR14393439_1.fastq.gz,ftp://ftp.sra.ebi.ac.uk/vol1/fastq/ERR143/040/ERR14393440/ERR14393440_1.fastq.gz,ftp://ftp.sra.ebi.ac.uk/vol1/fastq/ERR143/041/ERR14393441/ERR14393441_1.fastq.gz,ftp://ftp.sra.ebi.ac.uk/vol1/fastq/ERR156/003/ERR15627103/ERR15627103_1.fastq.gz,ftp://ftp.sra.ebi.ac.uk/vol1/fastq/ERR143/039/ERR14393439/ERR14393439_2.fastq.gz,ftp://ftp.sra.ebi.ac.uk/vol1/fastq/ERR143/040/ERR14393440/ERR14393440_2.fastq.gz,ftp://ftp.sra.ebi.ac.uk/vol1/fastq/ERR143/041/ERR14393441/ERR14393441_2.fastq.gz,ftp://ftp.sra.ebi.ac.uk/vol1/fastq/ERR156/003/ERR15627103/ERR15627103_2.fastq.gz
RCN15877,Vietnam,AmpSeqV2,Sensitive,Sensitive,Sensitive,Resistant,Resistant,Sensitive,Sensitive,Sensitive,Sensitive,Sensitive,ERR15627106,13541402.0,ERR14393463,50234.0,ERR14393464,49530.0,ERR14393465,1318.0,ftp://ftp.sra.ebi.ac.uk/vol1/fastq/ERR143/063/ERR14393463/ERR14393463_1.fastq.gz,ftp://ftp.sra.ebi.ac.uk/vol1/fastq/ERR143/064/ERR14393464/ERR14393464_1.fastq.gz,ftp://ftp.sra.ebi.ac.uk/vol1/fastq/ERR143/065/ERR14393465/ERR14393465_1.fastq.gz,ftp://ftp.sra.ebi.ac.uk/vol1/fastq/ERR156/006/ERR15627106/ERR15627106_1.fastq.gz,ftp://ftp.sra.ebi.ac.uk/vol1/fastq/ERR143/063/ERR14393463/ERR14393463_2.fastq.gz,ftp://ftp.sra.ebi.ac.uk/vol1/fastq/ERR143/064/ERR14393464/ERR14393464_2.fastq.gz,ftp://ftp.sra.ebi.ac.uk/vol1/fastq/ERR143/065/ERR14393465/ERR14393465_2.fastq.gz,ftp://ftp.sra.ebi.ac.uk/vol1/fastq/ERR156/006/ERR15627106/ERR15627106_2.fastq.gz
RCN15885,Vietnam,AmpSeqV2,Resistant,Resistant,Sensitive,Resistant,Resistant,Resistant,Resistant,Sensitive,Resistant,Undetermined,ERR15627109,13398994.0,ERR14393487,24010.0,ERR14393488,14460.0,ERR14393489,989.0,ftp://ftp.sra.ebi.ac.uk/vol1/fastq/ERR143/087/ERR14393487/ERR14393487_1.fastq.gz,ftp://ftp.sra.ebi.ac.uk/vol1/fastq/ERR143/088/ERR14393488/ERR14393488_1.fastq.gz,ftp://ftp.sra.ebi.ac.uk/vol1/fastq/ERR143/089/ERR14393489/ERR14393489_1.fastq.gz,ftp://ftp.sra.ebi.ac.uk/vol1/fastq/ERR156/009/ERR15627109/ERR15627109_1.fastq.gz,ftp://ftp.sra.ebi.ac.uk/vol1/fastq/ERR143/087/ERR14393487/ERR14393487_2.fastq.gz,ftp://ftp.sra.ebi.ac.uk/vol1/fastq/ERR143/088/ERR14393488/ERR14393488_2.fastq.gz,ftp://ftp.sra.ebi.ac.uk/vol1/fastq/ERR143/089/ERR14393489/ERR14393489_2.fastq.gz,ftp://ftp.sra.ebi.ac.uk/vol1/fastq/ERR156/009/ERR15627109/ERR15627109_2.fastq.gz
RCN15887,Vietnam,AmpSeqV2,Resistant,Resistant,Sensitive,Resistant,Resistant,Resistant,Resistant,Sensitive,Resistant,Undetermined,ERR15627111,18090513.0,ERR14393493,47587.0,ERR14393494,44876.0,ERR14393495,2359.0,ftp://ftp.sra.ebi.ac.uk/vol1/fastq/ERR143/093/ERR14393493/ERR14393493_1.fastq.gz,ftp://ftp.sra.ebi.ac.uk/vol1/fastq/ERR143/094/ERR14393494/ERR14393494_1.fastq.gz,ftp://ftp.sra.ebi.ac.uk/vol1/fastq/ERR143/095/ERR14393495/ERR14393495_1.fastq.gz,ftp://ftp.sra.ebi.ac.uk/vol1/fastq/ERR156/011/ERR15627111/ERR15627111_1.fastq.gz,ftp://ftp.sra.ebi.ac.uk/vol1/fastq/ERR143/093/ERR14393493/ERR14393493_2.fastq.gz,ftp://ftp.sra.ebi.ac.uk/vol1/fastq/ERR143/094/ERR14393494/ERR14393494_2.fastq.gz,ftp://ftp.sra.ebi.ac.uk/vol1/fastq/ERR143/095/ERR14393495/ERR14393495_2.fastq.gz,ftp://ftp.sra.ebi.ac.uk/vol1/fastq/ERR156/011/ERR15627111/ERR15627111_2.fastq.gz
RCN15888,Vietnam,AmpSeqV2,Resistant,Resistant,Sensitive,Resistant,Resistant,Resistant,Resistant,Sensitive,Resistant,Undetermined,ERR15627112,12870603.0,ERR14393496,53839.0,ERR14393497,68803.0,ERR14393498,3736.0,ftp://ftp.sra.ebi.ac.uk/vol1/fastq/ERR143/096/ERR14393496/ERR14393496_1.fastq.gz,ftp://ftp.sra.ebi.ac.uk/vol1/fastq/ERR143/097/ERR14393497/ERR14393497_1.fastq.gz,ftp://ftp.sra.ebi.ac.uk/vol1/fastq/ERR143/098/ERR14393498/ERR14393498_1.fastq.gz,ftp://ftp.sra.ebi.ac.uk/vol1/fastq/ERR156/012/ERR15627112/ERR15627112_1.fastq.gz,ftp://ftp.sra.ebi.ac.uk/vol1/fastq/ERR143/096/ERR14393496/ERR14393496_2.fastq.gz,ftp://ftp.sra.ebi.ac.uk/vol1/fastq/ERR143/097/ERR14393497/ERR14393497_2.fastq.gz,ftp://ftp.sra.ebi.ac.uk/vol1/fastq/ERR143/098/ERR14393498/ERR14393498_2.fastq.gz,ftp://ftp.sra.ebi.ac.uk/vol1/fastq/ERR156/012/ERR15627112/ERR15627112_2.fastq.gz
RCN15893,Vietnam,AmpSeqV2,Resistant,Resistant,Sensitive,Resistant,Resistant,Resistant,Resistant,Sensitive,Resistant,Undetermined,ERR15627114,13670366.0,ERR14393511,12820.0,ERR14393512,7467.0,ERR14393513,614.0,ftp://ftp.sra.ebi.ac.uk/vol1/fastq/ERR143/011/ERR14393511/ERR14393511_1.fastq.gz,ftp://ftp.sra.ebi.ac.uk/vol1/fastq/ERR143/012/ERR14393512/ERR14393512_1.fastq.gz,ftp://ftp.sra.ebi.ac.uk/vol1/fastq/ERR143/013/ERR14393513/ERR14393513_1.fastq.gz,ftp://ftp.sra.ebi.ac.uk/vol1/fastq/ERR156/014/ERR15627114/ERR15627114_1.fastq.gz,ftp://ftp.sra.ebi.ac.uk/vol1/fastq/ERR143/011/ERR14393511/ERR14393511_2.fastq.gz,ftp://ftp.sra.ebi.ac.uk/vol1/fastq/ERR143/012/ERR14393512/ERR14393512_2.fastq.gz,ftp://ftp.sra.ebi.ac.uk/vol1/fastq/ERR143/013/ERR14393513/ERR14393513_2.fastq.gz,ftp://ftp.sra.ebi.ac.uk/vol1/fastq/ERR156/014/ERR15627114/ERR15627114_2.fastq.gz
RCN15894,Vietnam,AmpSeqV2,Resistant,Resistant,Sensitive,Resistant,Resistant,Resistant,Resistant,Sensitive,Resistant,Undetermined,ERR15627115,14945736.0,ERR14393514,44800.0,ERR14393515,42886.0,ERR14393516,314.0,ftp://ftp.sra.ebi.ac.uk/vol1/fastq/ERR143/014/ERR14393514/ERR14393514_1.fastq.gz,ftp://ftp.sra.ebi.ac.uk/vol1/fastq/ERR143/015/ERR14393515/ERR14393515_1.fastq.gz,ftp://ftp.sra.ebi.ac.uk/vol1/fastq/ERR143/016/ERR14393516/ERR14393516_1.fastq.gz,ftp://ftp.sra.ebi.ac.uk/vol1/fastq/ERR156/015/ERR15627115/ERR15627115_1.fastq.gz,ftp://ftp.sra.ebi.ac.uk/vol1/fastq/ERR143/014/ERR14393514/ERR14393514_2.fastq.gz,ftp://ftp.sra.ebi.ac.uk/vol1/fastq/ERR143/015/ERR14393515/ERR14393515_2.fastq.gz,ftp://ftp.sra.ebi.ac.uk/vol1/fastq/ERR143/016/ERR14393516/ERR14393516_2.fastq.gz,ftp://ftp.sra.ebi.ac.uk/vol1/fastq/ERR156/015/ERR15627115/ERR15627115_2.fastq.gz
RCN15895,Vietnam,AmpSeqV2,Resistant,Resistant,Sensitive,Resistant,Resistant,Resistant,Resistant,Sensitive,Resistant,Undetermined,ERR15627116,15037461.0,ERR14393517,45081.0,ERR14393518,47258.0,ERR14393519,1690.0,ftp://ftp.sra.ebi.ac.uk/vol1/fastq/ERR143/017/ERR14393517/ERR14393517_1.fastq.gz,ftp://ftp.sra.ebi.ac.uk/vol1/fastq/ERR143/018/ERR14393518/ERR14393518_1.fastq.gz,ftp://ftp.sra.ebi.ac.uk/vol1/fastq/ERR143/019/ERR14393519/ERR14393519_1.fastq.gz,ftp://ftp.sra.ebi.ac.uk/vol1/fastq/ERR156/016/ERR15627116/ERR15627116_1.fastq.gz,ftp://ftp.sra.ebi.ac.uk/vol1/fastq/ERR143/017/ERR14393517/ERR14393517_2.fastq.gz,ftp://ftp.sra.ebi.ac.uk/vol1/fastq/ERR143/018/ERR14393518/ERR14393518_2.fastq.gz,ftp://ftp.sra.ebi.ac.uk/vol1/fastq/ERR143/019/ERR14393519/ERR14393519_2.fastq.gz,ftp://ftp.sra.ebi.ac.uk/vol1/fastq/ERR156/016/ERR15627116/ERR15627116_2.fastq.gz
RCN15897,Vietnam,AmpSeqV2,Resistant,Sensitive,Sensitive,Resistant,Resistant,Resistant,Sensitive,Sensitive,Resistant,Undetermined,ERR15627118,15707031.0,ERR14393523,40444.0,ERR14393524,35513.0,ERR14393525,2059.0,ftp://ftp.sra.ebi.ac.uk/vol1/fastq/ERR143/023/ERR14393523/ERR14393523_1.fastq.gz,ftp://ftp.sra.ebi.ac.uk/vol1/fastq/ERR143/024/ERR14393524/ERR14393524_1.fastq.gz,ftp://ftp.sra.ebi.ac.uk/vol1/fastq/ERR143/025/ERR14393525/ERR14393525_1.fastq.gz,ftp://ftp.sra.ebi.ac.uk/vol1/fastq/ERR156/018/ERR15627118/ERR15627118_1.fastq.gz,ftp://ftp.sra.ebi.ac.uk/vol1/fastq/ERR143/023/ERR14393523/ERR14393523_2.fastq.gz,ftp://ftp.sra.ebi.ac.uk/vol1/fastq/ERR143/024/ERR14393524/ERR14393524_2.fastq.gz,ftp://ftp.sra.ebi.ac.uk/vol1/fastq/ERR143/025/ERR14393525/ERR14393525_2.fastq.gz,ftp://ftp.sra.ebi.ac.uk/vol1/fastq/ERR156/018/ERR15627118/ERR15627118_2.fastq.gz
RCN15903,Vietnam,AmpSeqV2,Resistant,Resistant,Sensitive,Resistant,Resistant,Resistant,Resistant,Sensitive,Resistant,Undetermined,ERR15627120,15694642.0,ERR14393538,58787.0,ERR14393539,63562.0,ERR14393540,3066.0,ftp://ftp.sra.ebi.ac.uk/vol1/fastq/ERR143/038/ERR14393538/ERR14393538_1.fastq.gz,ftp://ftp.sra.ebi.ac.uk/vol1/fastq/ERR143/039/ERR14393539/ERR14393539_1.fastq.gz,ftp://ftp.sra.ebi.ac.uk/vol1/fastq/ERR143/040/ERR14393540/ERR14393540_1.fastq.gz,ftp://ftp.sra.ebi.ac.uk/vol1/fastq/ERR156/020/ERR15627120/ERR15627120_1.fastq.gz,ftp://ftp.sra.ebi.ac.uk/vol1/fastq/ERR143/038/ERR14393538/ERR14393538_2.fastq.gz,ftp://ftp.sra.ebi.ac.uk/vol1/fastq/ERR143/039/ERR14393539/ERR14393539_2.fastq.gz,ftp://ftp.sra.ebi.ac.uk/vol1/fastq/ERR143/040/ERR14393540/ERR14393540_2.fastq.gz,ftp://ftp.sra.ebi.ac.uk/vol1/fastq/ERR156/020/ERR15627120/ERR15627120_2.fastq.gz
RCN15904,Vietnam,AmpSeqV2,Sensitive,Sensitive,Sensitive,Resistant,Resistant,Sensitive,Sensitive,Sensitive,Resistant,Sensitive,ERR15627121,15478213.0,ERR14393541,47486.0,ERR14393542,42507.0,ERR14393543,1326.0,ftp://ftp.sra.ebi.ac.uk/vol1/fastq/ERR143/041/ERR14393541/ERR14393541_1.fastq.gz,ftp://ftp.sra.ebi.ac.uk/vol1/fastq/ERR143/042/ERR14393542/ERR14393542_1.fastq.gz,ftp://ftp.sra.ebi.ac.uk/vol1/fastq/ERR143/043/ERR14393543/ERR14393543_1.fastq.gz,ftp://ftp.sra.ebi.ac.uk/vol1/fastq/ERR156/021/ERR15627121/ERR15627121_1.fastq.gz,ftp://ftp.sra.ebi.ac.uk/vol1/fastq/ERR143/041/ERR14393541/ERR14393541_2.fastq.gz,ftp://ftp.sra.ebi.ac.uk/vol1/fastq/ERR143/042/ERR14393542/ERR14393542_2.fastq.gz,ftp://ftp.sra.ebi.ac.uk/vol1/fastq/ERR143/043/ERR14393543/ERR14393543_2.fastq.gz,ftp://ftp.sra.ebi.ac.uk/vol1/fastq/ERR156/021/ERR15627121/ERR15627121_2.fastq.gz
RCN15905,Vietnam,AmpSeqV2,Resistant,Resistant,Sensitive,Resistant,Resistant,Resistant,Resistant,Sensitive,Resistant,Undetermined,ERR15627122,11298005.0,ERR14393544,28647.0,ERR14393545,24797.0,ERR14393546,2148.0,ftp://ftp.sra.ebi.ac.uk/vol1/fastq/ERR143/044/ERR14393544/ERR14393544_1.fastq.gz,ftp://ftp.sra.ebi.ac.uk/vol1/fastq/ERR143/045/ERR14393545/ERR14393545_1.fastq.gz,ftp://ftp.sra.ebi.ac.uk/vol1/fastq/ERR143/046/ERR14393546/ERR14393546_1.fastq.gz,ftp://ftp.sra.ebi.ac.uk/vol1/fastq/ERR156/022/ERR15627122/ERR15627122_1.fastq.gz,ftp://ftp.sra.ebi.ac.uk/vol1/fastq/ERR143/044/ERR14393544/ERR14393544_2.fastq.gz,ftp://ftp.sra.ebi.ac.uk/vol1/fastq/ERR143/045/ERR14393545/ERR14393545_2.fastq.gz,ftp://ftp.sra.ebi.ac.uk/vol1/fastq/ERR143/046/ERR14393546/ERR14393546_2.fastq.gz,ftp://ftp.sra.ebi.ac.uk/vol1/fastq/ERR156/022/ERR15627122/ERR15627122_2.fastq.gz
RCN15908,Vietnam,AmpSeqV2,Resistant,Resistant,Sensitive,Resistant,Resistant,Resistant,Resistant,Sensitive,Resistant,Undetermined,ERR15627123,17833699.0,ERR14393553,26909.0,ERR14393554,32380.0,ERR14393555,1327.0,ftp://ftp.sra.ebi.ac.uk/vol1/fastq/ERR143/053/ERR14393553/ERR14393553_1.fastq.gz,ftp://ftp.sra.ebi.ac.uk/vol1/fastq/ERR143/054/ERR14393554/ERR14393554_1.fastq.gz,ftp://ftp.sra.ebi.ac.uk/vol1/fastq/ERR143/055/ERR14393555/ERR14393555_1.fastq.gz,ftp://ftp.sra.ebi.ac.uk/vol1/fastq/ERR156/023/ERR15627123/ERR15627123_1.fastq.gz,ftp://ftp.sra.ebi.ac.uk/vol1/fastq/ERR143/053/ERR14393553/ERR14393553_2.fastq.gz,ftp://ftp.sra.ebi.ac.uk/vol1/fastq/ERR143/054/ERR14393554/ERR14393554_2.fastq.gz,ftp://ftp.sra.ebi.ac.uk/vol1/fastq/ERR143/055/ERR14393555/ERR14393555_2.fastq.gz,ftp://ftp.sra.ebi.ac.uk/vol1/fastq/ERR156/023/ERR15627123/ERR15627123_2.fastq.gz
RCN15911,Vietnam,AmpSeqV2,Resistant,Resistant,Sensitive,Resistant,Resistant,Resistant,Resistant,Sensitive,Resistant,Undetermined,ERR15627124,11256518.0,ERR14393562,32970.0,ERR14393563,41803.0,ERR14393564,1851.0,ftp://ftp.sra.ebi.ac.uk/vol1/fastq/ERR143/062/ERR14393562/ERR14393562_1.fastq.gz,ftp://ftp.sra.ebi.ac.uk/vol1/fastq/ERR143/063/ERR14393563/ERR14393563_1.fastq.gz,ftp://ftp.sra.ebi.ac.uk/vol1/fastq/ERR143/064/ERR14393564/ERR14393564_1.fastq.gz,ftp://ftp.sra.ebi.ac.uk/vol1/fastq/ERR156/024/ERR15627124/ERR15627124_1.fastq.gz,ftp://ftp.sra.ebi.ac.uk/vol1/fastq/ERR143/062/ERR14393562/ERR14393562_2.fastq.gz,ftp://ftp.sra.ebi.ac.uk/vol1/fastq/ERR143/063/ERR14393563/ERR14393563_2.fastq.gz,ftp://ftp.sra.ebi.ac.uk/vol1/fastq/ERR143/064/ERR14393564/ERR14393564_2.fastq.gz,ftp://ftp.sra.ebi.ac.uk/vol1/fastq/ERR156/024/ERR15627124/ERR15627124_2.fastq.gz
RCN15912,Vietnam,AmpSeqV2,Resistant,Resistant,Sensitive,Resistant,Resistant,Resistant,Resistant,Sensitive,Resistant,Undetermined,ERR15627125,14554212.0,ERR14393565,48028.0,ERR14393566,49280.0,ERR14393567,1898.0,ftp://ftp.sra.ebi.ac.uk/vol1/fastq/ERR143/065/ERR14393565/ERR14393565_1.fastq.gz,ftp://ftp.sra.ebi.ac.uk/vol1/fastq/ERR143/066/ERR14393566/ERR14393566_1.fastq.gz,ftp://ftp.sra.ebi.ac.uk/vol1/fastq/ERR143/067/ERR14393567/ERR14393567_1.fastq.gz,ftp://ftp.sra.ebi.ac.uk/vol1/fastq/ERR156/025/ERR15627125/ERR15627125_1.fastq.gz,ftp://ftp.sra.ebi.ac.uk/vol1/fastq/ERR143/065/ERR14393565/ERR14393565_2.fastq.gz,ftp://ftp.sra.ebi.ac.uk/vol1/fastq/ERR143/066/ERR14393566/ERR14393566_2.fastq.gz,ftp://ftp.sra.ebi.ac.uk/vol1/fastq/ERR143/067/ERR14393567/ERR14393567_2.fastq.gz,ftp://ftp.sra.ebi.ac.uk/vol1/fastq/ERR156/025/ERR15627125/ERR15627125_2.fastq.gz
RCN15913,Vietnam,AmpSeqV2,Resistant,Resistant,Sensitive,Resistant,Resistant,Resistant,Resistant,Sensitive,Resistant,Undetermined,ERR15627126,13855803.0,ERR14393568,31321.0,ERR14393569,49152.0,ERR14393570,1926.0,ftp://ftp.sra.ebi.ac.uk/vol1/fastq/ERR143/068/ERR14393568/ERR14393568_1.fastq.gz,ftp://ftp.sra.ebi.ac.uk/vol1/fastq/ERR143/069/ERR14393569/ERR14393569_1.fastq.gz,ftp://ftp.sra.ebi.ac.uk/vol1/fastq/ERR143/070/ERR14393570/ERR14393570_1.fastq.gz,ftp://ftp.sra.ebi.ac.uk/vol1/fastq/ERR156/026/ERR15627126/ERR15627126_1.fastq.gz,ftp://ftp.sra.ebi.ac.uk/vol1/fastq/ERR143/068/ERR14393568/ERR14393568_2.fastq.gz,ftp://ftp.sra.ebi.ac.uk/vol1/fastq/ERR143/069/ERR14393569/ERR14393569_2.fastq.gz,ftp://ftp.sra.ebi.ac.uk/vol1/fastq/ERR143/070/ERR14393570/ERR14393570_2.fastq.gz,ftp://ftp.sra.ebi.ac.uk/vol1/fastq/ERR156/026/ERR15627126/ERR15627126_2.fastq.gz
RCN15926,Vietnam,AmpSeqV2,Resistant,Resistant,Sensitive,Resistant,Resistant,Resistant,Resistant,Sensitive,Resistant,Undetermined,ERR15627130,12381285.0,ERR14393607,43138.0,ERR14393608,41152.0,ERR14393609,1240.0,ftp://ftp.sra.ebi.ac.uk/vol1/fastq/ERR143/007/ERR14393607/ERR14393607_1.fastq.gz,ftp://ftp.sra.ebi.ac.uk/vol1/fastq/ERR143/008/ERR14393608/ERR14393608_1.fastq.gz,ftp://ftp.sra.ebi.ac.uk/vol1/fastq/ERR143/009/ERR14393609/ERR14393609_1.fastq.gz,ftp://ftp.sra.ebi.ac.uk/vol1/fastq/ERR156/030/ERR15627130/ERR15627130_1.fastq.gz,ftp://ftp.sra.ebi.ac.uk/vol1/fastq/ERR143/007/ERR14393607/ERR14393607_2.fastq.gz,ftp://ftp.sra.ebi.ac.uk/vol1/fastq/ERR143/008/ERR14393608/ERR14393608_2.fastq.gz,ftp://ftp.sra.ebi.ac.uk/vol1/fastq/ERR143/009/ERR14393609/ERR14393609_2.fastq.gz,ftp://ftp.sra.ebi.ac.uk/vol1/fastq/ERR156/030/ERR15627130/ERR15627130_2.fastq.gz
RCN15927,Vietnam,AmpSeqV2,Resistant,Resistant,Sensitive,Resistant,Resistant,Resistant,Resistant,Sensitive,Resistant,Undetermined,ERR15627131,16308148.0,ERR14393610,44128.0,ERR14393611,38971.0,ERR14393612,1762.0,ftp://ftp.sra.ebi.ac.uk/vol1/fastq/ERR143/010/ERR14393610/ERR14393610_1.fastq.gz,ftp://ftp.sra.ebi.ac.uk/vol1/fastq/ERR143/011/ERR14393611/ERR14393611_1.fastq.gz,ftp://ftp.sra.ebi.ac.uk/vol1/fastq/ERR143/012/ERR14393612/ERR14393612_1.fastq.gz,ftp://ftp.sra.ebi.ac.uk/vol1/fastq/ERR156/031/ERR15627131/ERR15627131_1.fastq.gz,ftp://ftp.sra.ebi.ac.uk/vol1/fastq/ERR143/010/ERR14393610/ERR14393610_2.fastq.gz,ftp://ftp.sra.ebi.ac.uk/vol1/fastq/ERR143/011/ERR14393611/ERR14393611_2.fastq.gz,ftp://ftp.sra.ebi.ac.uk/vol1/fastq/ERR143/012/ERR14393612/ERR14393612_2.fastq.gz,ftp://ftp.sra.ebi.ac.uk/vol1/fastq/ERR156/031/ERR15627131/ERR15627131_2.fastq.gz
RCN15928,Vietnam,AmpSeqV2,Resistant,Resistant,Sensitive,Resistant,Resistant,Resistant,Resistant,Sensitive,Resistant,Undetermined,ERR15627132,16902027.0,ERR14393613,46676.0,ERR14393614,45292.0,ERR14393615,2810.0,ftp://ftp.sra.ebi.ac.uk/vol1/fastq/ERR143/013/ERR14393613/ERR14393613_1.fastq.gz,ftp://ftp.sra.ebi.ac.uk/vol1/fastq/ERR143/014/ERR14393614/ERR14393614_1.fastq.gz,ftp://ftp.sra.ebi.ac.uk/vol1/fastq/ERR143/015/ERR14393615/ERR14393615_1.fastq.gz,ftp://ftp.sra.ebi.ac.uk/vol1/fastq/ERR156/032/ERR15627132/ERR15627132_1.fastq.gz,ftp://ftp.sra.ebi.ac.uk/vol1/fastq/ERR143/013/ERR14393613/ERR14393613_2.fastq.gz,ftp://ftp.sra.ebi.ac.uk/vol1/fastq/ERR143/014/ERR14393614/ERR14393614_2.fastq.gz,ftp://ftp.sra.ebi.ac.uk/vol1/fastq/ERR143/015/ERR14393615/ERR14393615_2.fastq.gz,ftp://ftp.sra.ebi.ac.uk/vol1/fastq/ERR156/032/ERR15627132/ERR15627132_2.fastq.gz
RCN15930,Vietnam,AmpSeqV2,Resistant,Resistant,Sensitive,Resistant,Resistant,Resistant,Resistant,Sensitive,Resistant,Undetermined,ERR15627133,13569924.0,ERR14393619,19758.0,ERR14393620,36779.0,ERR14393621,1359.0,ftp://ftp.sra.ebi.ac.uk/vol1/fastq/ERR143/019/ERR14393619/ERR14393619_1.fastq.gz,ftp://ftp.sra.ebi.ac.uk/vol1/fastq/ERR143/020/ERR14393620/ERR14393620_1.fastq.gz,ftp://ftp.sra.ebi.ac.uk/vol1/fastq/ERR143/021/ERR14393621/ERR14393621_1.fastq.gz,ftp://ftp.sra.ebi.ac.uk/vol1/fastq/ERR156/033/ERR15627133/ERR15627133_1.fastq.gz,ftp://ftp.sra.ebi.ac.uk/vol1/fastq/ERR143/019/ERR14393619/ERR14393619_2.fastq.gz,ftp://ftp.sra.ebi.ac.uk/vol1/fastq/ERR143/020/ERR14393620/ERR14393620_2.fastq.gz,ftp://ftp.sra.ebi.ac.uk/vol1/fastq/ERR143/021/ERR14393621/ERR14393621_2.fastq.gz,ftp://ftp.sra.ebi.ac.uk/vol1/fastq/ERR156/033/ERR15627133/ERR15627133_2.fastq.gz
RCN15932,Vietnam,AmpSeqV2,Resistant,Resistant,Sensitive,Resistant,Resistant,Resistant,Resistant,Sensitive,Resistant,Undetermined,ERR15627134,16030626.0,ERR14393625,16429.0,ERR14393626,32200.0,ERR14393627,719.0,ftp://ftp.sra.ebi.ac.uk/vol1/fastq/ERR143/025/ERR14393625/ERR14393625_1.fastq.gz,ftp://ftp.sra.ebi.ac.uk/vol1/fastq/ERR143/026/ERR14393626/ERR14393626_1.fastq.gz,ftp://ftp.sra.ebi.ac.uk/vol1/fastq/ERR143/027/ERR14393627/ERR14393627_1.fastq.gz,ftp://ftp.sra.ebi.ac.uk/vol1/fastq/ERR156/034/ERR15627134/ERR15627134_1.fastq.gz,ftp://ftp.sra.ebi.ac.uk/vol1/fastq/ERR143/025/ERR14393625/ERR14393625_2.fastq.gz,ftp://ftp.sra.ebi.ac.uk/vol1/fastq/ERR143/026/ERR14393626/ERR14393626_2.fastq.gz,ftp://ftp.sra.ebi.ac.uk/vol1/fastq/ERR143/027/ERR14393627/ERR14393627_2.fastq.gz,ftp://ftp.sra.ebi.ac.uk/vol1/fastq/ERR156/034/ERR15627134/ERR15627134_2.fastq.gz
RCN15934,Vietnam,AmpSeqV2,Resistant,Sensitive,Sensitive,Resistant,Resistant,Resistant,Sensitive,Sensitive,Resistant,Undetermined,ERR15627135,13469549.0,ERR14393631,48631.0,ERR14393632,47016.0,ERR14393633,2587.0,ftp://ftp.sra.ebi.ac.uk/vol1/fastq/ERR143/031/ERR14393631/ERR14393631_1.fastq.gz,ftp://ftp.sra.ebi.ac.uk/vol1/fastq/ERR143/032/ERR14393632/ERR14393632_1.fastq.gz,ftp://ftp.sra.ebi.ac.uk/vol1/fastq/ERR143/033/ERR14393633/ERR14393633_1.fastq.gz,ftp://ftp.sra.ebi.ac.uk/vol1/fastq/ERR156/035/ERR15627135/ERR15627135_1.fastq.gz,ftp://ftp.sra.ebi.ac.uk/vol1/fastq/ERR143/031/ERR14393631/ERR14393631_2.fastq.gz,ftp://ftp.sra.ebi.ac.uk/vol1/fastq/ERR143/032/ERR14393632/ERR14393632_2.fastq.gz,ftp://ftp.sra.ebi.ac.uk/vol1/fastq/ERR143/033/ERR14393633/ERR14393633_2.fastq.gz,ftp://ftp.sra.ebi.ac.uk/vol1/fastq/ERR156/035/ERR15627135/ERR15627135_2.fastq.gz
RCN15936,Vietnam,AmpSeqV2,Resistant,Resistant,Sensitive,Resistant,Resistant,Resistant,Resistant,Sensitive,Resistant,Undetermined,ERR15627136,16076645.0,ERR14393637,36014.0,ERR14393638,42911.0,ERR14393639,974.0,ftp://ftp.sra.ebi.ac.uk/vol1/fastq/ERR143/037/ERR14393637/ERR14393637_1.fastq.gz,ftp://ftp.sra.ebi.ac.uk/vol1/fastq/ERR143/038/ERR14393638/ERR14393638_1.fastq.gz,ftp://ftp.sra.ebi.ac.uk/vol1/fastq/ERR143/039/ERR14393639/ERR14393639_1.fastq.gz,ftp://ftp.sra.ebi.ac.uk/vol1/fastq/ERR156/036/ERR15627136/ERR15627136_1.fastq.gz,ftp://ftp.sra.ebi.ac.uk/vol1/fastq/ERR143/037/ERR14393637/ERR14393637_2.fastq.gz,ftp://ftp.sra.ebi.ac.uk/vol1/fastq/ERR143/038/ERR14393638/ERR14393638_2.fastq.gz,ftp://ftp.sra.ebi.ac.uk/vol1/fastq/ERR143/039/ERR14393639/ERR14393639_2.fastq.gz,ftp://ftp.sra.ebi.ac.uk/vol1/fastq/ERR156/036/ERR15627136/ERR15627136_2.fastq.gz
RCN15937,Vietnam,AmpSeqV2,Resistant,Resistant,Sensitive,Resistant,Resistant,Resistant,Resistant,Sensitive,Resistant,Undetermined,ERR15627137,15243466.0,ERR14393640,25536.0,ERR14393641,41025.0,ERR14393642,1134.0,ftp://ftp.sra.ebi.ac.uk/vol1/fastq/ERR143/040/ERR14393640/ERR14393640_1.fastq.gz,ftp://ftp.sra.ebi.ac.uk/vol1/fastq/ERR143/041/ERR14393641/ERR14393641_1.fastq.gz,ftp://ftp.sra.ebi.ac.uk/vol1/fastq/ERR143/042/ERR14393642/ERR14393642_1.fastq.gz,ftp://ftp.sra.ebi.ac.uk/vol1/fastq/ERR156/037/ERR15627137/ERR15627137_1.fastq.gz,ftp://ftp.sra.ebi.ac.uk/vol1/fastq/ERR143/040/ERR14393640/ERR14393640_2.fastq.gz,ftp://ftp.sra.ebi.ac.uk/vol1/fastq/ERR143/041/ERR14393641/ERR14393641_2.fastq.gz,ftp://ftp.sra.ebi.ac.uk/vol1/fastq/ERR143/042/ERR14393642/ERR14393642_2.fastq.gz,ftp://ftp.sra.ebi.ac.uk/vol1/fastq/ERR156/037/ERR15627137/ERR15627137_2.fastq.gz
RCN15942,Vietnam,AmpSeqV2,Resistant,Resistant,Sensitive,Resistant,Resistant,Resistant,Resistant,Sensitive,Resistant,Undetermined,ERR15627138,18235742.0,ERR14393655,36227.0,ERR14393656,39862.0,ERR14393657,1397.0,ftp://ftp.sra.ebi.ac.uk/vol1/fastq/ERR143/055/ERR14393655/ERR14393655_1.fastq.gz,ftp://ftp.sra.ebi.ac.uk/vol1/fastq/ERR143/056/ERR14393656/ERR14393656_1.fastq.gz,ftp://ftp.sra.ebi.ac.uk/vol1/fastq/ERR143/057/ERR14393657/ERR14393657_1.fastq.gz,ftp://ftp.sra.ebi.ac.uk/vol1/fastq/ERR156/038/ERR15627138/ERR15627138_1.fastq.gz,ftp://ftp.sra.ebi.ac.uk/vol1/fastq/ERR143/055/ERR14393655/ERR14393655_2.fastq.gz,ftp://ftp.sra.ebi.ac.uk/vol1/fastq/ERR143/056/ERR14393656/ERR14393656_2.fastq.gz,ftp://ftp.sra.ebi.ac.uk/vol1/fastq/ERR143/057/ERR14393657/ERR14393657_2.fastq.gz,ftp://ftp.sra.ebi.ac.uk/vol1/fastq/ERR156/038/ERR15627138/ERR15627138_2.fastq.gz
RCN15944,Vietnam,AmpSeqV2,Resistant,Resistant,Sensitive,Resistant,Resistant,Resistant,Resistant,Sensitive,Resistant,Undetermined,ERR15627140,16261117.0,ERR14393661,37505.0,ERR14393662,32519.0,ERR14393663,303.0,ftp://ftp.sra.ebi.ac.uk/vol1/fastq/ERR143/061/ERR14393661/ERR14393661_1.fastq.gz,ftp://ftp.sra.ebi.ac.uk/vol1/fastq/ERR143/062/ERR14393662/ERR14393662_1.fastq.gz,ftp://ftp.sra.ebi.ac.uk/vol1/fastq/ERR143/063/ERR14393663/ERR14393663_1.fastq.gz,ftp://ftp.sra.ebi.ac.uk/vol1/fastq/ERR156/040/ERR15627140/ERR15627140_1.fastq.gz,ftp://ftp.sra.ebi.ac.uk/vol1/fastq/ERR143/061/ERR14393661/ERR14393661_2.fastq.gz,ftp://ftp.sra.ebi.ac.uk/vol1/fastq/ERR143/062/ERR14393662/ERR14393662_2.fastq.gz,ftp://ftp.sra.ebi.ac.uk/vol1/fastq/ERR143/063/ERR14393663/ERR14393663_2.fastq.gz,ftp://ftp.sra.ebi.ac.uk/vol1/fastq/ERR156/040/ERR15627140/ERR15627140_2.fastq.gz
RCN15946,Vietnam,AmpSeqV2,Resistant,Resistant,Sensitive,Resistant,Resistant,Resistant,Resistant,Sensitive,Resistant,Undetermined,ERR15627141,17119221.0,ERR14393667,26052.0,ERR14393668,36286.0,ERR14393669,1776.0,ftp://ftp.sra.ebi.ac.uk/vol1/fastq/ERR143/067/ERR14393667/ERR14393667_1.fastq.gz,ftp://ftp.sra.ebi.ac.uk/vol1/fastq/ERR143/068/ERR14393668/ERR14393668_1.fastq.gz,ftp://ftp.sra.ebi.ac.uk/vol1/fastq/ERR143/069/ERR14393669/ERR14393669_1.fastq.gz,ftp://ftp.sra.ebi.ac.uk/vol1/fastq/ERR156/041/ERR15627141/ERR15627141_1.fastq.gz,ftp://ftp.sra.ebi.ac.uk/vol1/fastq/ERR143/067/ERR14393667/ERR14393667_2.fastq.gz,ftp://ftp.sra.ebi.ac.uk/vol1/fastq/ERR143/068/ERR14393668/ERR14393668_2.fastq.gz,ftp://ftp.sra.ebi.ac.uk/vol1/fastq/ERR143/069/ERR14393669/ERR14393669_2.fastq.gz,ftp://ftp.sra.ebi.ac.uk/vol1/fastq/ERR156/041/ERR15627141/ERR15627141_2.fastq.gz
RCN15949,Vietnam,AmpSeqV2,Resistant,Resistant,Sensitive,Resistant,Resistant,Resistant,Resistant,Sensitive,Resistant,Undetermined,ERR15627143,12725162.0,ERR14393676,10869.0,ERR14393677,6884.0,ERR14393678,663.0,ftp://ftp.sra.ebi.ac.uk/vol1/fastq/ERR143/076/ERR14393676/ERR14393676_1.fastq.gz,ftp://ftp.sra.ebi.ac.uk/vol1/fastq/ERR143/077/ERR14393677/ERR14393677_1.fastq.gz,ftp://ftp.sra.ebi.ac.uk/vol1/fastq/ERR143/078/ERR14393678/ERR14393678_1.fastq.gz,ftp://ftp.sra.ebi.ac.uk/vol1/fastq/ERR156/043/ERR15627143/ERR15627143_1.fastq.gz,ftp://ftp.sra.ebi.ac.uk/vol1/fastq/ERR143/076/ERR14393676/ERR14393676_2.fastq.gz,ftp://ftp.sra.ebi.ac.uk/vol1/fastq/ERR143/077/ERR14393677/ERR14393677_2.fastq.gz,ftp://ftp.sra.ebi.ac.uk/vol1/fastq/ERR143/078/ERR14393678/ERR14393678_2.fastq.gz,ftp://ftp.sra.ebi.ac.uk/vol1/fastq/ERR156/043/ERR15627143/ERR15627143_2.fastq.gz
RCN15950,Vietnam,AmpSeqV2,Resistant,Resistant,Sensitive,Resistant,Resistant,Resistant,Resistant,Sensitive,Resistant,Undetermined,ERR15627144,13295489.0,ERR14393679,42142.0,ERR14393680,53518.0,ERR14393681,1447.0,ftp://ftp.sra.ebi.ac.uk/vol1/fastq/ERR143/079/ERR14393679/ERR14393679_1.fastq.gz,ftp://ftp.sra.ebi.ac.uk/vol1/fastq/ERR143/080/ERR14393680/ERR14393680_1.fastq.gz,ftp://ftp.sra.ebi.ac.uk/vol1/fastq/ERR143/081/ERR14393681/ERR14393681_1.fastq.gz,ftp://ftp.sra.ebi.ac.uk/vol1/fastq/ERR156/044/ERR15627144/ERR15627144_1.fastq.gz,ftp://ftp.sra.ebi.ac.uk/vol1/fastq/ERR143/079/ERR14393679/ERR14393679_2.fastq.gz,ftp://ftp.sra.ebi.ac.uk/vol1/fastq/ERR143/080/ERR14393680/ERR14393680_2.fastq.gz,ftp://ftp.sra.ebi.ac.uk/vol1/fastq/ERR143/081/ERR14393681/ERR14393681_2.fastq.gz,ftp://ftp.sra.ebi.ac.uk/vol1/fastq/ERR156/044/ERR15627144/ERR15627144_2.fastq.gz
RCN15958,Vietnam,AmpSeqV2,Resistant,Resistant,Sensitive,Resistant,Resistant,Resistant,Resistant,Sensitive,Resistant,Undetermined,ERR15627145,9494053.0,ERR14393700,26691.0,ERR14393701,49894.0,ERR14393702,1386.0,ftp://ftp.sra.ebi.ac.uk/vol1/fastq/ERR143/000/ERR14393700/ERR14393700_1.fastq.gz,ftp://ftp.sra.ebi.ac.uk/vol1/fastq/ERR143/001/ERR14393701/ERR14393701_1.fastq.gz,ftp://ftp.sra.ebi.ac.uk/vol1/fastq/ERR143/002/ERR14393702/ERR14393702_1.fastq.gz,ftp://ftp.sra.ebi.ac.uk/vol1/fastq/ERR156/045/ERR15627145/ERR15627145_1.fastq.gz,ftp://ftp.sra.ebi.ac.uk/vol1/fastq/ERR143/000/ERR14393700/ERR14393700_2.fastq.gz,ftp://ftp.sra.ebi.ac.uk/vol1/fastq/ERR143/001/ERR14393701/ERR14393701_2.fastq.gz,ftp://ftp.sra.ebi.ac.uk/vol1/fastq/ERR143/002/ERR14393702/ERR14393702_2.fastq.gz,ftp://ftp.sra.ebi.ac.uk/vol1/fastq/ERR156/045/ERR15627145/ERR15627145_2.fastq.gz
RCN15961,Vietnam,AmpSeqV2,Resistant,Resistant,Sensitive,Resistant,Resistant,Resistant,Resistant,Sensitive,Resistant,Undetermined,ERR15627148,18085978.0,ERR14393709,18376.0,ERR14393710,10715.0,ERR14393711,1319.0,ftp://ftp.sra.ebi.ac.uk/vol1/fastq/ERR143/009/ERR14393709/ERR14393709_1.fastq.gz,ftp://ftp.sra.ebi.ac.uk/vol1/fastq/ERR143/010/ERR14393710/ERR14393710_1.fastq.gz,ftp://ftp.sra.ebi.ac.uk/vol1/fastq/ERR143/011/ERR14393711/ERR14393711_1.fastq.gz,ftp://ftp.sra.ebi.ac.uk/vol1/fastq/ERR156/048/ERR15627148/ERR15627148_1.fastq.gz,ftp://ftp.sra.ebi.ac.uk/vol1/fastq/ERR143/009/ERR14393709/ERR14393709_2.fastq.gz,ftp://ftp.sra.ebi.ac.uk/vol1/fastq/ERR143/010/ERR14393710/ERR14393710_2.fastq.gz,ftp://ftp.sra.ebi.ac.uk/vol1/fastq/ERR143/011/ERR14393711/ERR14393711_2.fastq.gz,ftp://ftp.sra.ebi.ac.uk/vol1/fastq/ERR156/048/ERR15627148/ERR15627148_2.fastq.gz
RCN15966,Vietnam,AmpSeqV2,Resistant,Resistant,Sensitive,Resistant,Resistant,Resistant,Resistant,Sensitive,Resistant,Undetermined,ERR15627149,14291305.0,ERR14393724,30777.0,ERR14393725,49761.0,ERR14393726,2101.0,ftp://ftp.sra.ebi.ac.uk/vol1/fastq/ERR143/024/ERR14393724/ERR14393724_1.fastq.gz,ftp://ftp.sra.ebi.ac.uk/vol1/fastq/ERR143/025/ERR14393725/ERR14393725_1.fastq.gz,ftp://ftp.sra.ebi.ac.uk/vol1/fastq/ERR143/026/ERR14393726/ERR14393726_1.fastq.gz,ftp://ftp.sra.ebi.ac.uk/vol1/fastq/ERR156/049/ERR15627149/ERR15627149_1.fastq.gz,ftp://ftp.sra.ebi.ac.uk/vol1/fastq/ERR143/024/ERR14393724/ERR14393724_2.fastq.gz,ftp://ftp.sra.ebi.ac.uk/vol1/fastq/ERR143/025/ERR14393725/ERR14393725_2.fastq.gz,ftp://ftp.sra.ebi.ac.uk/vol1/fastq/ERR143/026/ERR14393726/ERR14393726_2.fastq.gz,ftp://ftp.sra.ebi.ac.uk/vol1/fastq/ERR156/049/ERR15627149/ERR15627149_2.fastq.gz
RCN15967,Vietnam,AmpSeqV2,Resistant,Resistant,Sensitive,Resistant,Resistant,Resistant,Resistant,Sensitive,Resistant,Undetermined,ERR15627150,15667196.0,ERR14393727,24698.0,ERR14393728,23785.0,ERR14393729,700.0,ftp://ftp.sra.ebi.ac.uk/vol1/fastq/ERR143/027/ERR14393727/ERR14393727_1.fastq.gz,ftp://ftp.sra.ebi.ac.uk/vol1/fastq/ERR143/028/ERR14393728/ERR14393728_1.fastq.gz,ftp://ftp.sra.ebi.ac.uk/vol1/fastq/ERR143/029/ERR14393729/ERR14393729_1.fastq.gz,ftp://ftp.sra.ebi.ac.uk/vol1/fastq/ERR156/050/ERR15627150/ERR15627150_1.fastq.gz,ftp://ftp.sra.ebi.ac.uk/vol1/fastq/ERR143/027/ERR14393727/ERR14393727_2.fastq.gz,ftp://ftp.sra.ebi.ac.uk/vol1/fastq/ERR143/028/ERR14393728/ERR14393728_2.fastq.gz,ftp://ftp.sra.ebi.ac.uk/vol1/fastq/ERR143/029/ERR14393729/ERR14393729_2.fastq.gz,ftp://ftp.sra.ebi.ac.uk/vol1/fastq/ERR156/050/ERR15627150/ERR15627150_2.fastq.gz
RCN15968,Vietnam,AmpSeqV2,Resistant,Resistant,Sensitive,Resistant,Resistant,Resistant,Resistant,Sensitive,Resistant,Undetermined,ERR15627151,11233979.0,ERR14393730,15705.0,ERR14393731,46808.0,ERR14393732,748.0,ftp://ftp.sra.ebi.ac.uk/vol1/fastq/ERR143/030/ERR14393730/ERR14393730_1.fastq.gz,ftp://ftp.sra.ebi.ac.uk/vol1/fastq/ERR143/031/ERR14393731/ERR14393731_1.fastq.gz,ftp://ftp.sra.ebi.ac.uk/vol1/fastq/ERR143/032/ERR14393732/ERR14393732_1.fastq.gz,ftp://ftp.sra.ebi.ac.uk/vol1/fastq/ERR156/051/ERR15627151/ERR15627151_1.fastq.gz,ftp://ftp.sra.ebi.ac.uk/vol1/fastq/ERR143/030/ERR14393730/ERR14393730_2.fastq.gz,ftp://ftp.sra.ebi.ac.uk/vol1/fastq/ERR143/031/ERR14393731/ERR14393731_2.fastq.gz,ftp://ftp.sra.ebi.ac.uk/vol1/fastq/ERR143/032/ERR14393732/ERR14393732_2.fastq.gz,ftp://ftp.sra.ebi.ac.uk/vol1/fastq/ERR156/051/ERR15627151/ERR15627151_2.fastq.gz
RCN15975,Vietnam,AmpSeqV2,Resistant,Resistant,Sensitive,Resistant,Resistant,Resistant,Resistant,Sensitive,Resistant,Undetermined,ERR15627156,15718875.0,ERR14393751,37841.0,ERR14393752,47397.0,ERR14393753,1776.0,ftp://ftp.sra.ebi.ac.uk/vol1/fastq/ERR143/051/ERR14393751/ERR14393751_1.fastq.gz,ftp://ftp.sra.ebi.ac.uk/vol1/fastq/ERR143/052/ERR14393752/ERR14393752_1.fastq.gz,ftp://ftp.sra.ebi.ac.uk/vol1/fastq/ERR143/053/ERR14393753/ERR14393753_1.fastq.gz,ftp://ftp.sra.ebi.ac.uk/vol1/fastq/ERR156/056/ERR15627156/ERR15627156_1.fastq.gz,ftp://ftp.sra.ebi.ac.uk/vol1/fastq/ERR143/051/ERR14393751/ERR14393751_2.fastq.gz,ftp://ftp.sra.ebi.ac.uk/vol1/fastq/ERR143/052/ERR14393752/ERR14393752_2.fastq.gz,ftp://ftp.sra.ebi.ac.uk/vol1/fastq/ERR143/053/ERR14393753/ERR14393753_2.fastq.gz,ftp://ftp.sra.ebi.ac.uk/vol1/fastq/ERR156/056/ERR15627156/ERR15627156_2.fastq.gz
RCN15978,Vietnam,AmpSeqV2,Resistant,Resistant,Sensitive,Resistant,Resistant,Resistant,Resistant,Sensitive,Resistant,Undetermined,ERR15627157,14308839.0,ERR14393760,27739.0,ERR14393761,24902.0,ERR14393762,444.0,ftp://ftp.sra.ebi.ac.uk/vol1/fastq/ERR143/060/ERR14393760/ERR14393760_1.fastq.gz,ftp://ftp.sra.ebi.ac.uk/vol1/fastq/ERR143/061/ERR14393761/ERR14393761_1.fastq.gz,ftp://ftp.sra.ebi.ac.uk/vol1/fastq/ERR143/062/ERR14393762/ERR14393762_1.fastq.gz,ftp://ftp.sra.ebi.ac.uk/vol1/fastq/ERR156/057/ERR15627157/ERR15627157_1.fastq.gz,ftp://ftp.sra.ebi.ac.uk/vol1/fastq/ERR143/060/ERR14393760/ERR14393760_2.fastq.gz,ftp://ftp.sra.ebi.ac.uk/vol1/fastq/ERR143/061/ERR14393761/ERR14393761_2.fastq.gz,ftp://ftp.sra.ebi.ac.uk/vol1/fastq/ERR143/062/ERR14393762/ERR14393762_2.fastq.gz,ftp://ftp.sra.ebi.ac.uk/vol1/fastq/ERR156/057/ERR15627157/ERR15627157_2.fastq.gz
RCN15979,Vietnam,AmpSeqV2,Resistant,Resistant,Sensitive,Resistant,Resistant,Resistant,Resistant,Sensitive,Resistant,Undetermined,ERR15627158,14186264.0,ERR14393763,30381.0,ERR14393764,44211.0,ERR14393765,1084.0,ftp://ftp.sra.ebi.ac.uk/vol1/fastq/ERR143/063/ERR14393763/ERR14393763_1.fastq.gz,ftp://ftp.sra.ebi.ac.uk/vol1/fastq/ERR143/064/ERR14393764/ERR14393764_1.fastq.gz,ftp://ftp.sra.ebi.ac.uk/vol1/fastq/ERR143/065/ERR14393765/ERR14393765_1.fastq.gz,ftp://ftp.sra.ebi.ac.uk/vol1/fastq/ERR156/058/ERR15627158/ERR15627158_1.fastq.gz,ftp://ftp.sra.ebi.ac.uk/vol1/fastq/ERR143/063/ERR14393763/ERR14393763_2.fastq.gz,ftp://ftp.sra.ebi.ac.uk/vol1/fastq/ERR143/064/ERR14393764/ERR14393764_2.fastq.gz,ftp://ftp.sra.ebi.ac.uk/vol1/fastq/ERR143/065/ERR14393765/ERR14393765_2.fastq.gz,ftp://ftp.sra.ebi.ac.uk/vol1/fastq/ERR156/058/ERR15627158/ERR15627158_2.fastq.gz
RCN15980,Vietnam,AmpSeqV2,Resistant,Resistant,Sensitive,Resistant,Resistant,Resistant,Resistant,Sensitive,Resistant,Undetermined,ERR15627159,13309964.0,ERR14393766,54283.0,ERR14393767,47641.0,ERR14393768,1133.0,ftp://ftp.sra.ebi.ac.uk/vol1/fastq/ERR143/066/ERR14393766/ERR14393766_1.fastq.gz,ftp://ftp.sra.ebi.ac.uk/vol1/fastq/ERR143/067/ERR14393767/ERR14393767_1.fastq.gz,ftp://ftp.sra.ebi.ac.uk/vol1/fastq/ERR143/068/ERR14393768/ERR14393768_1.fastq.gz,ftp://ftp.sra.ebi.ac.uk/vol1/fastq/ERR156/059/ERR15627159/ERR15627159_1.fastq.gz,ftp://ftp.sra.ebi.ac.uk/vol1/fastq/ERR143/066/ERR14393766/ERR14393766_2.fastq.gz,ftp://ftp.sra.ebi.ac.uk/vol1/fastq/ERR143/067/ERR14393767/ERR14393767_2.fastq.gz,ftp://ftp.sra.ebi.ac.uk/vol1/fastq/ERR143/068/ERR14393768/ERR14393768_2.fastq.gz,ftp://ftp.sra.ebi.ac.uk/vol1/fastq/ERR156/059/ERR15627159/ERR15627159_2.fastq.gz
RCN15982,Vietnam,AmpSeqV2,Resistant,Resistant,Sensitive,Resistant,Resistant,Resistant,Resistant,Sensitive,Resistant,Undetermined,ERR15627160,10739600.0,ERR14393772,54663.0,ERR14393773,78617.0,ERR14393774,4230.0,ftp://ftp.sra.ebi.ac.uk/vol1/fastq/ERR143/072/ERR14393772/ERR14393772_1.fastq.gz,ftp://ftp.sra.ebi.ac.uk/vol1/fastq/ERR143/073/ERR14393773/ERR14393773_1.fastq.gz,ftp://ftp.sra.ebi.ac.uk/vol1/fastq/ERR143/074/ERR14393774/ERR14393774_1.fastq.gz,ftp://ftp.sra.ebi.ac.uk/vol1/fastq/ERR156/060/ERR15627160/ERR15627160_1.fastq.gz,ftp://ftp.sra.ebi.ac.uk/vol1/fastq/ERR143/072/ERR14393772/ERR14393772_2.fastq.gz,ftp://ftp.sra.ebi.ac.uk/vol1/fastq/ERR143/073/ERR14393773/ERR14393773_2.fastq.gz,ftp://ftp.sra.ebi.ac.uk/vol1/fastq/ERR143/074/ERR14393774/ERR14393774_2.fastq.gz,ftp://ftp.sra.ebi.ac.uk/vol1/fastq/ERR156/060/ERR15627160/ERR15627160_2.fastq.gz
RCN15983,Vietnam,AmpSeqV2,Resistant,Resistant,Sensitive,Resistant,Resistant,Resistant,Resistant,Sensitive,Resistant,Undetermined,ERR15627161,14871723.0,ERR14393775,29859.0,ERR14393776,47239.0,ERR14393777,1590.0,ftp://ftp.sra.ebi.ac.uk/vol1/fastq/ERR143/075/ERR14393775/ERR14393775_1.fastq.gz,ftp://ftp.sra.ebi.ac.uk/vol1/fastq/ERR143/076/ERR14393776/ERR14393776_1.fastq.gz,ftp://ftp.sra.ebi.ac.uk/vol1/fastq/ERR143/077/ERR14393777/ERR14393777_1.fastq.gz,ftp://ftp.sra.ebi.ac.uk/vol1/fastq/ERR156/061/ERR15627161/ERR15627161_1.fastq.gz,ftp://ftp.sra.ebi.ac.uk/vol1/fastq/ERR143/075/ERR14393775/ERR14393775_2.fastq.gz,ftp://ftp.sra.ebi.ac.uk/vol1/fastq/ERR143/076/ERR14393776/ERR14393776_2.fastq.gz,ftp://ftp.sra.ebi.ac.uk/vol1/fastq/ERR143/077/ERR14393777/ERR14393777_2.fastq.gz,ftp://ftp.sra.ebi.ac.uk/vol1/fastq/ERR156/061/ERR15627161/ERR15627161_2.fastq.gz
RCN15987,Vietnam,AmpSeqV2,Resistant,Resistant,Sensitive,Resistant,Resistant,Resistant,Resistant,Sensitive,Resistant,Undetermined,ERR15627163,17910766.0,ERR14393787,42170.0,ERR14393788,50531.0,ERR14393789,960.0,ftp://ftp.sra.ebi.ac.uk/vol1/fastq/ERR143/087/ERR14393787/ERR14393787_1.fastq.gz,ftp://ftp.sra.ebi.ac.uk/vol1/fastq/ERR143/088/ERR14393788/ERR14393788_1.fastq.gz,ftp://ftp.sra.ebi.ac.uk/vol1/fastq/ERR143/089/ERR14393789/ERR14393789_1.fastq.gz,ftp://ftp.sra.ebi.ac.uk/vol1/fastq/ERR156/063/ERR15627163/ERR15627163_1.fastq.gz,ftp://ftp.sra.ebi.ac.uk/vol1/fastq/ERR143/087/ERR14393787/ERR14393787_2.fastq.gz,ftp://ftp.sra.ebi.ac.uk/vol1/fastq/ERR143/088/ERR14393788/ERR14393788_2.fastq.gz,ftp://ftp.sra.ebi.ac.uk/vol1/fastq/ERR143/089/ERR14393789/ERR14393789_2.fastq.gz,ftp://ftp.sra.ebi.ac.uk/vol1/fastq/ERR156/063/ERR15627163/ERR15627163_2.fastq.gz
RCN15988,Vietnam,AmpSeqV2,Resistant,Resistant,Sensitive,Resistant,Resistant,Resistant,Resistant,Sensitive,Resistant,Undetermined,ERR15627164,14722521.0,ERR14393790,48965.0,ERR14393791,50017.0,ERR14393792,1825.0,ftp://ftp.sra.ebi.ac.uk/vol1/fastq/ERR143/090/ERR14393790/ERR14393790_1.fastq.gz,ftp://ftp.sra.ebi.ac.uk/vol1/fastq/ERR143/091/ERR14393791/ERR14393791_1.fastq.gz,ftp://ftp.sra.ebi.ac.uk/vol1/fastq/ERR143/092/ERR14393792/ERR14393792_1.fastq.gz,ftp://ftp.sra.ebi.ac.uk/vol1/fastq/ERR156/064/ERR15627164/ERR15627164_1.fastq.gz,ftp://ftp.sra.ebi.ac.uk/vol1/fastq/ERR143/090/ERR14393790/ERR14393790_2.fastq.gz,ftp://ftp.sra.ebi.ac.uk/vol1/fastq/ERR143/091/ERR14393791/ERR14393791_2.fastq.gz,ftp://ftp.sra.ebi.ac.uk/vol1/fastq/ERR143/092/ERR14393792/ERR14393792_2.fastq.gz,ftp://ftp.sra.ebi.ac.uk/vol1/fastq/ERR156/064/ERR15627164/ERR15627164_2.fastq.gz
RCN15989,Vietnam,AmpSeqV2,Resistant,Resistant,Sensitive,Resistant,Resistant,Resistant,Resistant,Sensitive,Resistant,Undetermined,ERR15627165,17485921.0,ERR14393793,33119.0,ERR14393794,55576.0,ERR14393795,2202.0,ftp://ftp.sra.ebi.ac.uk/vol1/fastq/ERR143/093/ERR14393793/ERR14393793_1.fastq.gz,ftp://ftp.sra.ebi.ac.uk/vol1/fastq/ERR143/094/ERR14393794/ERR14393794_1.fastq.gz,ftp://ftp.sra.ebi.ac.uk/vol1/fastq/ERR143/095/ERR14393795/ERR14393795_1.fastq.gz,ftp://ftp.sra.ebi.ac.uk/vol1/fastq/ERR156/065/ERR15627165/ERR15627165_1.fastq.gz,ftp://ftp.sra.ebi.ac.uk/vol1/fastq/ERR143/093/ERR14393793/ERR14393793_2.fastq.gz,ftp://ftp.sra.ebi.ac.uk/vol1/fastq/ERR143/094/ERR14393794/ERR14393794_2.fastq.gz,ftp://ftp.sra.ebi.ac.uk/vol1/fastq/ERR143/095/ERR14393795/ERR14393795_2.fastq.gz,ftp://ftp.sra.ebi.ac.uk/vol1/fastq/ERR156/065/ERR15627165/ERR15627165_2.fastq.gz
RCN15990,Vietnam,AmpSeqV2,Resistant,Resistant,Sensitive,Resistant,Resistant,Resistant,Resistant,Sensitive,Resistant,Undetermined,ERR15627166,14677019.0,ERR14393796,55435.0,ERR14393797,54524.0,ERR14393798,2101.0,ftp://ftp.sra.ebi.ac.uk/vol1/fastq/ERR143/096/ERR14393796/ERR14393796_1.fastq.gz,ftp://ftp.sra.ebi.ac.uk/vol1/fastq/ERR143/097/ERR14393797/ERR14393797_1.fastq.gz,ftp://ftp.sra.ebi.ac.uk/vol1/fastq/ERR143/098/ERR14393798/ERR14393798_1.fastq.gz,ftp://ftp.sra.ebi.ac.uk/vol1/fastq/ERR156/066/ERR15627166/ERR15627166_1.fastq.gz,ftp://ftp.sra.ebi.ac.uk/vol1/fastq/ERR143/096/ERR14393796/ERR14393796_2.fastq.gz,ftp://ftp.sra.ebi.ac.uk/vol1/fastq/ERR143/097/ERR14393797/ERR14393797_2.fastq.gz,ftp://ftp.sra.ebi.ac.uk/vol1/fastq/ERR143/098/ERR14393798/ERR14393798_2.fastq.gz,ftp://ftp.sra.ebi.ac.uk/vol1/fastq/ERR156/066/ERR15627166/ERR15627166_2.fastq.gz
RCN15991,Vietnam,AmpSeqV2,Resistant,Resistant,Sensitive,Resistant,Resistant,Resistant,Resistant,Sensitive,Resistant,Undetermined,ERR15627167,13123171.0,ERR14393799,47334.0,ERR14393800,38584.0,ERR14393801,1678.0,ftp://ftp.sra.ebi.ac.uk/vol1/fastq/ERR143/099/ERR14393799/ERR14393799_1.fastq.gz,ftp://ftp.sra.ebi.ac.uk/vol1/fastq/ERR143/000/ERR14393800/ERR14393800_1.fastq.gz,ftp://ftp.sra.ebi.ac.uk/vol1/fastq/ERR143/001/ERR14393801/ERR14393801_1.fastq.gz,ftp://ftp.sra.ebi.ac.uk/vol1/fastq/ERR156/067/ERR15627167/ERR15627167_1.fastq.gz,ftp://ftp.sra.ebi.ac.uk/vol1/fastq/ERR143/099/ERR14393799/ERR14393799_2.fastq.gz,ftp://ftp.sra.ebi.ac.uk/vol1/fastq/ERR143/000/ERR14393800/ERR14393800_2.fastq.gz,ftp://ftp.sra.ebi.ac.uk/vol1/fastq/ERR143/001/ERR14393801/ERR14393801_2.fastq.gz,ftp://ftp.sra.ebi.ac.uk/vol1/fastq/ERR156/067/ERR15627167/ERR15627167_2.fastq.gz
RCN15995,Vietnam,AmpSeqV2,Resistant,Resistant,Sensitive,Resistant,Resistant,Resistant,Resistant,Sensitive,Resistant,Undetermined,ERR15627169,13437250.0,ERR14393808,37580.0,ERR14393809,39476.0,ERR14393810,1470.0,ftp://ftp.sra.ebi.ac.uk/vol1/fastq/ERR143/008/ERR14393808/ERR14393808_1.fastq.gz,ftp://ftp.sra.ebi.ac.uk/vol1/fastq/ERR143/009/ERR14393809/ERR14393809_1.fastq.gz,ftp://ftp.sra.ebi.ac.uk/vol1/fastq/ERR143/010/ERR14393810/ERR14393810_1.fastq.gz,ftp://ftp.sra.ebi.ac.uk/vol1/fastq/ERR156/069/ERR15627169/ERR15627169_1.fastq.gz,ftp://ftp.sra.ebi.ac.uk/vol1/fastq/ERR143/008/ERR14393808/ERR14393808_2.fastq.gz,ftp://ftp.sra.ebi.ac.uk/vol1/fastq/ERR143/009/ERR14393809/ERR14393809_2.fastq.gz,ftp://ftp.sra.ebi.ac.uk/vol1/fastq/ERR143/010/ERR14393810/ERR14393810_2.fastq.gz,ftp://ftp.sra.ebi.ac.uk/vol1/fastq/ERR156/069/ERR15627169/ERR15627169_2.fastq.gz
RCN15997,Vietnam,AmpSeqV2,Resistant,Resistant,Sensitive,Resistant,Resistant,Resistant,Resistant,Sensitive,Resistant,Undetermined,ERR15627171,17692485.0,ERR14393814,68315.0,ERR14393815,66319.0,ERR14393816,3083.0,ftp://ftp.sra.ebi.ac.uk/vol1/fastq/ERR143/014/ERR14393814/ERR14393814_1.fastq.gz,ftp://ftp.sra.ebi.ac.uk/vol1/fastq/ERR143/015/ERR14393815/ERR14393815_1.fastq.gz,ftp://ftp.sra.ebi.ac.uk/vol1/fastq/ERR143/016/ERR14393816/ERR14393816_1.fastq.gz,ftp://ftp.sra.ebi.ac.uk/vol1/fastq/ERR156/071/ERR15627171/ERR15627171_1.fastq.gz,ftp://ftp.sra.ebi.ac.uk/vol1/fastq/ERR143/014/ERR14393814/ERR14393814_2.fastq.gz,ftp://ftp.sra.ebi.ac.uk/vol1/fastq/ERR143/015/ERR14393815/ERR14393815_2.fastq.gz,ftp://ftp.sra.ebi.ac.uk/vol1/fastq/ERR143/016/ERR14393816/ERR14393816_2.fastq.gz,ftp://ftp.sra.ebi.ac.uk/vol1/fastq/ERR156/071/ERR15627171/ERR15627171_2.fastq.gz
RCN15999,Vietnam,AmpSeqV2,Resistant,Resistant,Sensitive,Resistant,Resistant,Resistant,Resistant,Sensitive,Resistant,Undetermined,ERR15627173,12558954.0,ERR14393820,53476.0,ERR14393821,49914.0,ERR14393822,2228.0,ftp://ftp.sra.ebi.ac.uk/vol1/fastq/ERR143/020/ERR14393820/ERR14393820_1.fastq.gz,ftp://ftp.sra.ebi.ac.uk/vol1/fastq/ERR143/021/ERR14393821/ERR14393821_1.fastq.gz,ftp://ftp.sra.ebi.ac.uk/vol1/fastq/ERR143/022/ERR14393822/ERR14393822_1.fastq.gz,ftp://ftp.sra.ebi.ac.uk/vol1/fastq/ERR156/073/ERR15627173/ERR15627173_1.fastq.gz,ftp://ftp.sra.ebi.ac.uk/vol1/fastq/ERR143/020/ERR14393820/ERR14393820_2.fastq.gz,ftp://ftp.sra.ebi.ac.uk/vol1/fastq/ERR143/021/ERR14393821/ERR14393821_2.fastq.gz,ftp://ftp.sra.ebi.ac.uk/vol1/fastq/ERR143/022/ERR14393822/ERR14393822_2.fastq.gz,ftp://ftp.sra.ebi.ac.uk/vol1/fastq/ERR156/073/ERR15627173/ERR15627173_2.fastq.gz
RCN16004,Vietnam,AmpSeqV2,Resistant,Resistant,Sensitive,Resistant,Resistant,Resistant,Resistant,Sensitive,Resistant,Undetermined,ERR15627176,14190958.0,ERR14393835,44608.0,ERR14393836,52513.0,ERR14393837,2121.0,ftp://ftp.sra.ebi.ac.uk/vol1/fastq/ERR143/035/ERR14393835/ERR14393835_1.fastq.gz,ftp://ftp.sra.ebi.ac.uk/vol1/fastq/ERR143/036/ERR14393836/ERR14393836_1.fastq.gz,ftp://ftp.sra.ebi.ac.uk/vol1/fastq/ERR143/037/ERR14393837/ERR14393837_1.fastq.gz,ftp://ftp.sra.ebi.ac.uk/vol1/fastq/ERR156/076/ERR15627176/ERR15627176_1.fastq.gz,ftp://ftp.sra.ebi.ac.uk/vol1/fastq/ERR143/035/ERR14393835/ERR14393835_2.fastq.gz,ftp://ftp.sra.ebi.ac.uk/vol1/fastq/ERR143/036/ERR14393836/ERR14393836_2.fastq.gz,ftp://ftp.sra.ebi.ac.uk/vol1/fastq/ERR143/037/ERR14393837/ERR14393837_2.fastq.gz,ftp://ftp.sra.ebi.ac.uk/vol1/fastq/ERR156/076/ERR15627176/ERR15627176_2.fastq.gz
RCN16005,Vietnam,AmpSeqV2,Resistant,Resistant,Sensitive,Resistant,Resistant,Resistant,Resistant,Sensitive,Resistant,Undetermined,ERR15627177,10881168.0,ERR14393838,46065.0,ERR14393839,19367.0,ERR14393840,1707.0,ftp://ftp.sra.ebi.ac.uk/vol1/fastq/ERR143/038/ERR14393838/ERR14393838_1.fastq.gz,ftp://ftp.sra.ebi.ac.uk/vol1/fastq/ERR143/039/ERR14393839/ERR14393839_1.fastq.gz,ftp://ftp.sra.ebi.ac.uk/vol1/fastq/ERR143/040/ERR14393840/ERR14393840_1.fastq.gz,ftp://ftp.sra.ebi.ac.uk/vol1/fastq/ERR156/077/ERR15627177/ERR15627177_1.fastq.gz,ftp://ftp.sra.ebi.ac.uk/vol1/fastq/ERR143/038/ERR14393838/ERR14393838_2.fastq.gz,ftp://ftp.sra.ebi.ac.uk/vol1/fastq/ERR143/039/ERR14393839/ERR14393839_2.fastq.gz,ftp://ftp.sra.ebi.ac.uk/vol1/fastq/ERR143/040/ERR14393840/ERR14393840_2.fastq.gz,ftp://ftp.sra.ebi.ac.uk/vol1/fastq/ERR156/077/ERR15627177/ERR15627177_2.fastq.gz
RCN16006,Vietnam,AmpSeqV2,Resistant,Resistant,Sensitive,Resistant,Resistant,Resistant,Resistant,Sensitive,Resistant,Undetermined,ERR15627178,15375077.0,ERR14393841,30314.0,ERR14393842,55821.0,ERR14393843,2473.0,ftp://ftp.sra.ebi.ac.uk/vol1/fastq/ERR143/041/ERR14393841/ERR14393841_1.fastq.gz,ftp://ftp.sra.ebi.ac.uk/vol1/fastq/ERR143/042/ERR14393842/ERR14393842_1.fastq.gz,ftp://ftp.sra.ebi.ac.uk/vol1/fastq/ERR143/043/ERR14393843/ERR14393843_1.fastq.gz,ftp://ftp.sra.ebi.ac.uk/vol1/fastq/ERR156/078/ERR15627178/ERR15627178_1.fastq.gz,ftp://ftp.sra.ebi.ac.uk/vol1/fastq/ERR143/041/ERR14393841/ERR14393841_2.fastq.gz,ftp://ftp.sra.ebi.ac.uk/vol1/fastq/ERR143/042/ERR14393842/ERR14393842_2.fastq.gz,ftp://ftp.sra.ebi.ac.uk/vol1/fastq/ERR143/043/ERR14393843/ERR14393843_2.fastq.gz,ftp://ftp.sra.ebi.ac.uk/vol1/fastq/ERR156/078/ERR15627178/ERR15627178_2.fastq.gz
RCN16011,Vietnam,AmpSeqV2,Resistant,Sensitive,Sensitive,Resistant,Resistant,Resistant,Sensitive,Sensitive,Resistant,Undetermined,ERR15627181,17193383.0,ERR14393856,32631.0,ERR14393857,31085.0,ERR14393858,1217.0,ftp://ftp.sra.ebi.ac.uk/vol1/fastq/ERR143/056/ERR14393856/ERR14393856_1.fastq.gz,ftp://ftp.sra.ebi.ac.uk/vol1/fastq/ERR143/057/ERR14393857/ERR14393857_1.fastq.gz,ftp://ftp.sra.ebi.ac.uk/vol1/fastq/ERR143/058/ERR14393858/ERR14393858_1.fastq.gz,ftp://ftp.sra.ebi.ac.uk/vol1/fastq/ERR156/081/ERR15627181/ERR15627181_1.fastq.gz,ftp://ftp.sra.ebi.ac.uk/vol1/fastq/ERR143/056/ERR14393856/ERR14393856_2.fastq.gz,ftp://ftp.sra.ebi.ac.uk/vol1/fastq/ERR143/057/ERR14393857/ERR14393857_2.fastq.gz,ftp://ftp.sra.ebi.ac.uk/vol1/fastq/ERR143/058/ERR14393858/ERR14393858_2.fastq.gz,ftp://ftp.sra.ebi.ac.uk/vol1/fastq/ERR156/081/ERR15627181/ERR15627181_2.fastq.gz
RCN16012,Vietnam,AmpSeqV2,Resistant,Resistant,Sensitive,Resistant,Resistant,Resistant,Resistant,Sensitive,Resistant,Undetermined,ERR15627182,19412141.0,ERR14393859,41481.0,ERR14393860,37192.0,ERR14393861,1391.0,ftp://ftp.sra.ebi.ac.uk/vol1/fastq/ERR143/059/ERR14393859/ERR14393859_1.fastq.gz,ftp://ftp.sra.ebi.ac.uk/vol1/fastq/ERR143/060/ERR14393860/ERR14393860_1.fastq.gz,ftp://ftp.sra.ebi.ac.uk/vol1/fastq/ERR143/061/ERR14393861/ERR14393861_1.fastq.gz,ftp://ftp.sra.ebi.ac.uk/vol1/fastq/ERR156/082/ERR15627182/ERR15627182_1.fastq.gz,ftp://ftp.sra.ebi.ac.uk/vol1/fastq/ERR143/059/ERR14393859/ERR14393859_2.fastq.gz,ftp://ftp.sra.ebi.ac.uk/vol1/fastq/ERR143/060/ERR14393860/ERR14393860_2.fastq.gz,ftp://ftp.sra.ebi.ac.uk/vol1/fastq/ERR143/061/ERR14393861/ERR14393861_2.fastq.gz,ftp://ftp.sra.ebi.ac.uk/vol1/fastq/ERR156/082/ERR15627182/ERR15627182_2.fastq.gz
RCN16014,Vietnam,AmpSeqV2,Sensitive,Sensitive,Sensitive,Resistant,Resistant,Resistant,Sensitive,Sensitive,Resistant,Sensitive,ERR15627183,17205651.0,ERR14393865,68399.0,ERR14393866,58719.0,ERR14393867,1448.0,ftp://ftp.sra.ebi.ac.uk/vol1/fastq/ERR143/065/ERR14393865/ERR14393865_1.fastq.gz,ftp://ftp.sra.ebi.ac.uk/vol1/fastq/ERR143/066/ERR14393866/ERR14393866_1.fastq.gz,ftp://ftp.sra.ebi.ac.uk/vol1/fastq/ERR143/067/ERR14393867/ERR14393867_1.fastq.gz,ftp://ftp.sra.ebi.ac.uk/vol1/fastq/ERR156/083/ERR15627183/ERR15627183_1.fastq.gz,ftp://ftp.sra.ebi.ac.uk/vol1/fastq/ERR143/065/ERR14393865/ERR14393865_2.fastq.gz,ftp://ftp.sra.ebi.ac.uk/vol1/fastq/ERR143/066/ERR14393866/ERR14393866_2.fastq.gz,ftp://ftp.sra.ebi.ac.uk/vol1/fastq/ERR143/067/ERR14393867/ERR14393867_2.fastq.gz,ftp://ftp.sra.ebi.ac.uk/vol1/fastq/ERR156/083/ERR15627183/ERR15627183_2.fastq.gz
RCN16015,Vietnam,AmpSeqV2,Sensitive,Sensitive,Sensitive,Resistant,Resistant,Resistant,Sensitive,Sensitive,Resistant,Sensitive,ERR15627184,20652454.0,ERR14393868,60346.0,ERR14393869,57651.0,ERR14393870,2276.0,ftp://ftp.sra.ebi.ac.uk/vol1/fastq/ERR143/068/ERR14393868/ERR14393868_1.fastq.gz,ftp://ftp.sra.ebi.ac.uk/vol1/fastq/ERR143/069/ERR14393869/ERR14393869_1.fastq.gz,ftp://ftp.sra.ebi.ac.uk/vol1/fastq/ERR143/070/ERR14393870/ERR14393870_1.fastq.gz,ftp://ftp.sra.ebi.ac.uk/vol1/fastq/ERR156/084/ERR15627184/ERR15627184_1.fastq.gz,ftp://ftp.sra.ebi.ac.uk/vol1/fastq/ERR143/068/ERR14393868/ERR14393868_2.fastq.gz,ftp://ftp.sra.ebi.ac.uk/vol1/fastq/ERR143/069/ERR14393869/ERR14393869_2.fastq.gz,ftp://ftp.sra.ebi.ac.uk/vol1/fastq/ERR143/070/ERR14393870/ERR14393870_2.fastq.gz,ftp://ftp.sra.ebi.ac.uk/vol1/fastq/ERR156/084/ERR15627184/ERR15627184_2.fastq.gz
RCN16019,Vietnam,AmpSeqV2,Resistant,Resistant,Sensitive,Resistant,Resistant,Resistant,Resistant,Sensitive,Resistant,Undetermined,ERR15627185,12419977.0,ERR14393874,35753.0,ERR14393875,37419.0,ERR14393876,1183.0,ftp://ftp.sra.ebi.ac.uk/vol1/fastq/ERR143/074/ERR14393874/ERR14393874_1.fastq.gz,ftp://ftp.sra.ebi.ac.uk/vol1/fastq/ERR143/075/ERR14393875/ERR14393875_1.fastq.gz,ftp://ftp.sra.ebi.ac.uk/vol1/fastq/ERR143/076/ERR14393876/ERR14393876_1.fastq.gz,ftp://ftp.sra.ebi.ac.uk/vol1/fastq/ERR156/085/ERR15627185/ERR15627185_1.fastq.gz,ftp://ftp.sra.ebi.ac.uk/vol1/fastq/ERR143/074/ERR14393874/ERR14393874_2.fastq.gz,ftp://ftp.sra.ebi.ac.uk/vol1/fastq/ERR143/075/ERR14393875/ERR14393875_2.fastq.gz,ftp://ftp.sra.ebi.ac.uk/vol1/fastq/ERR143/076/ERR14393876/ERR14393876_2.fastq.gz,ftp://ftp.sra.ebi.ac.uk/vol1/fastq/ERR156/085/ERR15627185/ERR15627185_2.fastq.gz
RCN16020,Vietnam,AmpSeqV2,Sensitive,Sensitive,Sensitive,Resistant,Resistant,Resistant,Sensitive,Sensitive,Resistant,Sensitive,ERR15627186,12369669.0,ERR14393877,49450.0,ERR14393878,42376.0,ERR14393879,1404.0,ftp://ftp.sra.ebi.ac.uk/vol1/fastq/ERR143/077/ERR14393877/ERR14393877_1.fastq.gz,ftp://ftp.sra.ebi.ac.uk/vol1/fastq/ERR143/078/ERR14393878/ERR14393878_1.fastq.gz,ftp://ftp.sra.ebi.ac.uk/vol1/fastq/ERR143/079/ERR14393879/ERR14393879_1.fastq.gz,ftp://ftp.sra.ebi.ac.uk/vol1/fastq/ERR156/086/ERR15627186/ERR15627186_1.fastq.gz,ftp://ftp.sra.ebi.ac.uk/vol1/fastq/ERR143/077/ERR14393877/ERR14393877_2.fastq.gz,ftp://ftp.sra.ebi.ac.uk/vol1/fastq/ERR143/078/ERR14393878/ERR14393878_2.fastq.gz,ftp://ftp.sra.ebi.ac.uk/vol1/fastq/ERR143/079/ERR14393879/ERR14393879_2.fastq.gz,ftp://ftp.sra.ebi.ac.uk/vol1/fastq/ERR156/086/ERR15627186/ERR15627186_2.fastq.gz
RCN16022,Vietnam,AmpSeqV2,Resistant,Resistant,Sensitive,Resistant,Resistant,Resistant,Resistant,Sensitive,Resistant,Undetermined,ERR15627188,14927105.0,ERR14393883,58489.0,ERR14393884,44089.0,ERR14393885,2021.0,ftp://ftp.sra.ebi.ac.uk/vol1/fastq/ERR143/083/ERR14393883/ERR14393883_1.fastq.gz,ftp://ftp.sra.ebi.ac.uk/vol1/fastq/ERR143/084/ERR14393884/ERR14393884_1.fastq.gz,ftp://ftp.sra.ebi.ac.uk/vol1/fastq/ERR143/085/ERR14393885/ERR14393885_1.fastq.gz,ftp://ftp.sra.ebi.ac.uk/vol1/fastq/ERR156/088/ERR15627188/ERR15627188_1.fastq.gz,ftp://ftp.sra.ebi.ac.uk/vol1/fastq/ERR143/083/ERR14393883/ERR14393883_2.fastq.gz,ftp://ftp.sra.ebi.ac.uk/vol1/fastq/ERR143/084/ERR14393884/ERR14393884_2.fastq.gz,ftp://ftp.sra.ebi.ac.uk/vol1/fastq/ERR143/085/ERR14393885/ERR14393885_2.fastq.gz,ftp://ftp.sra.ebi.ac.uk/vol1/fastq/ERR156/088/ERR15627188/ERR15627188_2.fastq.gz
RCN16023,Vietnam,AmpSeqV2,Sensitive,Sensitive,Sensitive,Resistant,Resistant,Resistant,Sensitive,Sensitive,Resistant,Sensitive,ERR15627189,12862572.0,ERR14393886,45693.0,ERR14393887,40141.0,ERR14393888,2032.0,ftp://ftp.sra.ebi.ac.uk/vol1/fastq/ERR143/086/ERR14393886/ERR14393886_1.fastq.gz,ftp://ftp.sra.ebi.ac.uk/vol1/fastq/ERR143/087/ERR14393887/ERR14393887_1.fastq.gz,ftp://ftp.sra.ebi.ac.uk/vol1/fastq/ERR143/088/ERR14393888/ERR14393888_1.fastq.gz,ftp://ftp.sra.ebi.ac.uk/vol1/fastq/ERR156/089/ERR15627189/ERR15627189_1.fastq.gz,ftp://ftp.sra.ebi.ac.uk/vol1/fastq/ERR143/086/ERR14393886/ERR14393886_2.fastq.gz,ftp://ftp.sra.ebi.ac.uk/vol1/fastq/ERR143/087/ERR14393887/ERR14393887_2.fastq.gz,ftp://ftp.sra.ebi.ac.uk/vol1/fastq/ERR143/088/ERR14393888/ERR14393888_2.fastq.gz,ftp://ftp.sra.ebi.ac.uk/vol1/fastq/ERR156/089/ERR15627189/ERR15627189_2.fastq.gz
RCN16026,Vietnam,AmpSeqV2,Resistant,Resistant,Sensitive,Resistant,Resistant,Resistant,Resistant,Sensitive,Resistant,Undetermined,ERR15627190,11781727.0,ERR14393892,32695.0,ERR14393893,33908.0,ERR14393894,1082.0,ftp://ftp.sra.ebi.ac.uk/vol1/fastq/ERR143/092/ERR14393892/ERR14393892_1.fastq.gz,ftp://ftp.sra.ebi.ac.uk/vol1/fastq/ERR143/093/ERR14393893/ERR14393893_1.fastq.gz,ftp://ftp.sra.ebi.ac.uk/vol1/fastq/ERR143/094/ERR14393894/ERR14393894_1.fastq.gz,ftp://ftp.sra.ebi.ac.uk/vol1/fastq/ERR156/090/ERR15627190/ERR15627190_1.fastq.gz,ftp://ftp.sra.ebi.ac.uk/vol1/fastq/ERR143/092/ERR14393892/ERR14393892_2.fastq.gz,ftp://ftp.sra.ebi.ac.uk/vol1/fastq/ERR143/093/ERR14393893/ERR14393893_2.fastq.gz,ftp://ftp.sra.ebi.ac.uk/vol1/fastq/ERR143/094/ERR14393894/ERR14393894_2.fastq.gz,ftp://ftp.sra.ebi.ac.uk/vol1/fastq/ERR156/090/ERR15627190/ERR15627190_2.fastq.gz
RCN16027,Vietnam,AmpSeqV2,Resistant,Resistant,Sensitive,Resistant,Resistant,Resistant,Resistant,Sensitive,Resistant,Undetermined,ERR15627191,12052828.0,ERR14393895,36872.0,ERR14393896,31415.0,ERR14393897,1849.0,ftp://ftp.sra.ebi.ac.uk/vol1/fastq/ERR143/095/ERR14393895/ERR14393895_1.fastq.gz,ftp://ftp.sra.ebi.ac.uk/vol1/fastq/ERR143/096/ERR14393896/ERR14393896_1.fastq.gz,ftp://ftp.sra.ebi.ac.uk/vol1/fastq/ERR143/097/ERR14393897/ERR14393897_1.fastq.gz,ftp://ftp.sra.ebi.ac.uk/vol1/fastq/ERR156/091/ERR15627191/ERR15627191_1.fastq.gz,ftp://ftp.sra.ebi.ac.uk/vol1/fastq/ERR143/095/ERR14393895/ERR14393895_2.fastq.gz,ftp://ftp.sra.ebi.ac.uk/vol1/fastq/ERR143/096/ERR14393896/ERR14393896_2.fastq.gz,ftp://ftp.sra.ebi.ac.uk/vol1/fastq/ERR143/097/ERR14393897/ERR14393897_2.fastq.gz,ftp://ftp.sra.ebi.ac.uk/vol1/fastq/ERR156/091/ERR15627191/ERR15627191_2.fastq.gz
RCN16029,Vietnam,AmpSeqV2,Resistant,Resistant,Sensitive,Resistant,Resistant,Resistant,Resistant,Sensitive,Resistant,Undetermined,ERR15627192,9728637.0,ERR14393898,35301.0,ERR14393899,48478.0,ERR14393900,2411.0,ftp://ftp.sra.ebi.ac.uk/vol1/fastq/ERR143/098/ERR14393898/ERR14393898_1.fastq.gz,ftp://ftp.sra.ebi.ac.uk/vol1/fastq/ERR143/099/ERR14393899/ERR14393899_1.fastq.gz,ftp://ftp.sra.ebi.ac.uk/vol1/fastq/ERR143/000/ERR14393900/ERR14393900_1.fastq.gz,ftp://ftp.sra.ebi.ac.uk/vol1/fastq/ERR156/092/ERR15627192/ERR15627192_1.fastq.gz,ftp://ftp.sra.ebi.ac.uk/vol1/fastq/ERR143/098/ERR14393898/ERR14393898_2.fastq.gz,ftp://ftp.sra.ebi.ac.uk/vol1/fastq/ERR143/099/ERR14393899/ERR14393899_2.fastq.gz,ftp://ftp.sra.ebi.ac.uk/vol1/fastq/ERR143/000/ERR14393900/ERR14393900_2.fastq.gz,ftp://ftp.sra.ebi.ac.uk/vol1/fastq/ERR156/092/ERR15627192/ERR15627192_2.fastq.gz
RCN16036,Vietnam,AmpSeqV2,Resistant,Resistant,Sensitive,Resistant,Resistant,Resistant,Resistant,Sensitive,Resistant,Undetermined,ERR15627194,14117433.0,ERR14393916,38567.0,ERR14393917,39959.0,ERR14393918,1588.0,ftp://ftp.sra.ebi.ac.uk/vol1/fastq/ERR143/016/ERR14393916/ERR14393916_1.fastq.gz,ftp://ftp.sra.ebi.ac.uk/vol1/fastq/ERR143/017/ERR14393917/ERR14393917_1.fastq.gz,ftp://ftp.sra.ebi.ac.uk/vol1/fastq/ERR143/018/ERR14393918/ERR14393918_1.fastq.gz,ftp://ftp.sra.ebi.ac.uk/vol1/fastq/ERR156/094/ERR15627194/ERR15627194_1.fastq.gz,ftp://ftp.sra.ebi.ac.uk/vol1/fastq/ERR143/016/ERR14393916/ERR14393916_2.fastq.gz,ftp://ftp.sra.ebi.ac.uk/vol1/fastq/ERR143/017/ERR14393917/ERR14393917_2.fastq.gz,ftp://ftp.sra.ebi.ac.uk/vol1/fastq/ERR143/018/ERR14393918/ERR14393918_2.fastq.gz,ftp://ftp.sra.ebi.ac.uk/vol1/fastq/ERR156/094/ERR15627194/ERR15627194_2.fastq.gz
RCN16042,Vietnam,AmpSeqV2,Sensitive,Sensitive,Sensitive,Resistant,Resistant,Resistant,Sensitive,Sensitive,Resistant,Sensitive,ERR15627198,14064603.0,ERR14393925,33042.0,ERR14393926,28185.0,ERR14393927,1054.0,ftp://ftp.sra.ebi.ac.uk/vol1/fastq/ERR143/025/ERR14393925/ERR14393925_1.fastq.gz,ftp://ftp.sra.ebi.ac.uk/vol1/fastq/ERR143/026/ERR14393926/ERR14393926_1.fastq.gz,ftp://ftp.sra.ebi.ac.uk/vol1/fastq/ERR143/027/ERR14393927/ERR14393927_1.fastq.gz,ftp://ftp.sra.ebi.ac.uk/vol1/fastq/ERR156/098/ERR15627198/ERR15627198_1.fastq.gz,ftp://ftp.sra.ebi.ac.uk/vol1/fastq/ERR143/025/ERR14393925/ERR14393925_2.fastq.gz,ftp://ftp.sra.ebi.ac.uk/vol1/fastq/ERR143/026/ERR14393926/ERR14393926_2.fastq.gz,ftp://ftp.sra.ebi.ac.uk/vol1/fastq/ERR143/027/ERR14393927/ERR14393927_2.fastq.gz,ftp://ftp.sra.ebi.ac.uk/vol1/fastq/ERR156/098/ERR15627198/ERR15627198_2.fastq.gz
RCN16043,Vietnam,AmpSeqV2,Sensitive,Sensitive,Sensitive,Resistant,Resistant,Resistant,Sensitive,Sensitive,Resistant,Sensitive,ERR15627199,13112763.0,ERR14393928,43502.0,ERR14393929,29833.0,ERR14393930,1175.0,ftp://ftp.sra.ebi.ac.uk/vol1/fastq/ERR143/028/ERR14393928/ERR14393928_1.fastq.gz,ftp://ftp.sra.ebi.ac.uk/vol1/fastq/ERR143/029/ERR14393929/ERR14393929_1.fastq.gz,ftp://ftp.sra.ebi.ac.uk/vol1/fastq/ERR143/030/ERR14393930/ERR14393930_1.fastq.gz,ftp://ftp.sra.ebi.ac.uk/vol1/fastq/ERR156/099/ERR15627199/ERR15627199_1.fastq.gz,ftp://ftp.sra.ebi.ac.uk/vol1/fastq/ERR143/028/ERR14393928/ERR14393928_2.fastq.gz,ftp://ftp.sra.ebi.ac.uk/vol1/fastq/ERR143/029/ERR14393929/ERR14393929_2.fastq.gz,ftp://ftp.sra.ebi.ac.uk/vol1/fastq/ERR143/030/ERR14393930/ERR14393930_2.fastq.gz,ftp://ftp.sra.ebi.ac.uk/vol1/fastq/ERR156/099/ERR15627199/ERR15627199_2.fastq.gz
RCN16045,Vietnam,AmpSeqV2,Resistant,Resistant,Sensitive,Resistant,Resistant,Resistant,Resistant,Sensitive,Resistant,Undetermined,ERR15627200,14514642.0,ERR14393934,49163.0,ERR14393935,39340.0,ERR14393936,1785.0,ftp://ftp.sra.ebi.ac.uk/vol1/fastq/ERR143/034/ERR14393934/ERR14393934_1.fastq.gz,ftp://ftp.sra.ebi.ac.uk/vol1/fastq/ERR143/035/ERR14393935/ERR14393935_1.fastq.gz,ftp://ftp.sra.ebi.ac.uk/vol1/fastq/ERR143/036/ERR14393936/ERR14393936_1.fastq.gz,ftp://ftp.sra.ebi.ac.uk/vol1/fastq/ERR156/000/ERR15627200/ERR15627200_1.fastq.gz,ftp://ftp.sra.ebi.ac.uk/vol1/fastq/ERR143/034/ERR14393934/ERR14393934_2.fastq.gz,ftp://ftp.sra.ebi.ac.uk/vol1/fastq/ERR143/035/ERR14393935/ERR14393935_2.fastq.gz,ftp://ftp.sra.ebi.ac.uk/vol1/fastq/ERR143/036/ERR14393936/ERR14393936_2.fastq.gz,ftp://ftp.sra.ebi.ac.uk/vol1/fastq/ERR156/000/ERR15627200/ERR15627200_2.fastq.gz
RCN16046,Vietnam,AmpSeqV2,Resistant,Resistant,Sensitive,Resistant,Resistant,Resistant,Resistant,Sensitive,Resistant,Undetermined,ERR15627201,16613603.0,ERR14393937,49195.0,ERR14393938,46432.0,ERR14393939,1652.0,ftp://ftp.sra.ebi.ac.uk/vol1/fastq/ERR143/037/ERR14393937/ERR14393937_1.fastq.gz,ftp://ftp.sra.ebi.ac.uk/vol1/fastq/ERR143/038/ERR14393938/ERR14393938_1.fastq.gz,ftp://ftp.sra.ebi.ac.uk/vol1/fastq/ERR143/039/ERR14393939/ERR14393939_1.fastq.gz,ftp://ftp.sra.ebi.ac.uk/vol1/fastq/ERR156/001/ERR15627201/ERR15627201_1.fastq.gz,ftp://ftp.sra.ebi.ac.uk/vol1/fastq/ERR143/037/ERR14393937/ERR14393937_2.fastq.gz,ftp://ftp.sra.ebi.ac.uk/vol1/fastq/ERR143/038/ERR14393938/ERR14393938_2.fastq.gz,ftp://ftp.sra.ebi.ac.uk/vol1/fastq/ERR143/039/ERR14393939/ERR14393939_2.fastq.gz,ftp://ftp.sra.ebi.ac.uk/vol1/fastq/ERR156/001/ERR15627201/ERR15627201_2.fastq.gz
RCN16047,Vietnam,AmpSeqV2,Resistant,Resistant,Sensitive,Resistant,Resistant,Resistant,Resistant,Sensitive,Resistant,Undetermined,ERR15627202,10076384.0,ERR14393940,40667.0,ERR14393941,40651.0,ERR14393942,1049.0,ftp://ftp.sra.ebi.ac.uk/vol1/fastq/ERR143/040/ERR14393940/ERR14393940_1.fastq.gz,ftp://ftp.sra.ebi.ac.uk/vol1/fastq/ERR143/041/ERR14393941/ERR14393941_1.fastq.gz,ftp://ftp.sra.ebi.ac.uk/vol1/fastq/ERR143/042/ERR14393942/ERR14393942_1.fastq.gz,ftp://ftp.sra.ebi.ac.uk/vol1/fastq/ERR156/002/ERR15627202/ERR15627202_1.fastq.gz,ftp://ftp.sra.ebi.ac.uk/vol1/fastq/ERR143/040/ERR14393940/ERR14393940_2.fastq.gz,ftp://ftp.sra.ebi.ac.uk/vol1/fastq/ERR143/041/ERR14393941/ERR14393941_2.fastq.gz,ftp://ftp.sra.ebi.ac.uk/vol1/fastq/ERR143/042/ERR14393942/ERR14393942_2.fastq.gz,ftp://ftp.sra.ebi.ac.uk/vol1/fastq/ERR156/002/ERR15627202/ERR15627202_2.fastq.gz
RCN16049,Vietnam,AmpSeqV2,Resistant,Resistant,Sensitive,Resistant,Resistant,Resistant,Resistant,Sensitive,Resistant,Undetermined,ERR15627204,17450874.0,ERR14393946,26497.0,ERR14393947,29669.0,ERR14393948,817.0,ftp://ftp.sra.ebi.ac.uk/vol1/fastq/ERR143/046/ERR14393946/ERR14393946_1.fastq.gz,ftp://ftp.sra.ebi.ac.uk/vol1/fastq/ERR143/047/ERR14393947/ERR14393947_1.fastq.gz,ftp://ftp.sra.ebi.ac.uk/vol1/fastq/ERR143/048/ERR14393948/ERR14393948_1.fastq.gz,ftp://ftp.sra.ebi.ac.uk/vol1/fastq/ERR156/004/ERR15627204/ERR15627204_1.fastq.gz,ftp://ftp.sra.ebi.ac.uk/vol1/fastq/ERR143/046/ERR14393946/ERR14393946_2.fastq.gz,ftp://ftp.sra.ebi.ac.uk/vol1/fastq/ERR143/047/ERR14393947/ERR14393947_2.fastq.gz,ftp://ftp.sra.ebi.ac.uk/vol1/fastq/ERR143/048/ERR14393948/ERR14393948_2.fastq.gz,ftp://ftp.sra.ebi.ac.uk/vol1/fastq/ERR156/004/ERR15627204/ERR15627204_2.fastq.gz
RCN16050,Vietnam,AmpSeqV2,Resistant,Resistant,Sensitive,Resistant,Resistant,Resistant,Resistant,Sensitive,Resistant,Undetermined,ERR15627205,11256845.0,ERR14393949,30820.0,ERR14393950,34941.0,ERR14393951,1450.0,ftp://ftp.sra.ebi.ac.uk/vol1/fastq/ERR143/049/ERR14393949/ERR14393949_1.fastq.gz,ftp://ftp.sra.ebi.ac.uk/vol1/fastq/ERR143/050/ERR14393950/ERR14393950_1.fastq.gz,ftp://ftp.sra.ebi.ac.uk/vol1/fastq/ERR143/051/ERR14393951/ERR14393951_1.fastq.gz,ftp://ftp.sra.ebi.ac.uk/vol1/fastq/ERR156/005/ERR15627205/ERR15627205_1.fastq.gz,ftp://ftp.sra.ebi.ac.uk/vol1/fastq/ERR143/049/ERR14393949/ERR14393949_2.fastq.gz,ftp://ftp.sra.ebi.ac.uk/vol1/fastq/ERR143/050/ERR14393950/ERR14393950_2.fastq.gz,ftp://ftp.sra.ebi.ac.uk/vol1/fastq/ERR143/051/ERR14393951/ERR14393951_2.fastq.gz,ftp://ftp.sra.ebi.ac.uk/vol1/fastq/ERR156/005/ERR15627205/ERR15627205_2.fastq.gz
RCN18470,Vietnam,AmpSeqV2,Resistant,Resistant,Sensitive,Resistant,Resistant,Resistant,Resistant,Sensitive,Resistant,Undetermined,ERR15627257,5083483.0,ERR14393952,30086.0,ERR14393953,7396.0,ERR14393954,1990.0,ftp://ftp.sra.ebi.ac.uk/vol1/fastq/ERR143/052/ERR14393952/ERR14393952_1.fastq.gz,ftp://ftp.sra.ebi.ac.uk/vol1/fastq/ERR143/053/ERR14393953/ERR14393953_1.fastq.gz,ftp://ftp.sra.ebi.ac.uk/vol1/fastq/ERR143/054/ERR14393954/ERR14393954_1.fastq.gz,ftp://ftp.sra.ebi.ac.uk/vol1/fastq/ERR156/057/ERR15627257/ERR15627257_1.fastq.gz,ftp://ftp.sra.ebi.ac.uk/vol1/fastq/ERR143/052/ERR14393952/ERR14393952_2.fastq.gz,ftp://ftp.sra.ebi.ac.uk/vol1/fastq/ERR143/053/ERR14393953/ERR14393953_2.fastq.gz,ftp://ftp.sra.ebi.ac.uk/vol1/fastq/ERR143/054/ERR14393954/ERR14393954_2.fastq.gz,ftp://ftp.sra.ebi.ac.uk/vol1/fastq/ERR156/057/ERR15627257/ERR15627257_2.fastq.gz
RCN18481,Vietnam,AmpSeqV2,Resistant,Resistant,Sensitive,Resistant,Resistant,Resistant,Resistant,Sensitive,Resistant,Undetermined,ERR15627265,3440488.0,ERR14393982,17286.0,ERR14393983,40335.0,ERR14393984,1623.0,ftp://ftp.sra.ebi.ac.uk/vol1/fastq/ERR143/082/ERR14393982/ERR14393982_1.fastq.gz,ftp://ftp.sra.ebi.ac.uk/vol1/fastq/ERR143/083/ERR14393983/ERR14393983_1.fastq.gz,ftp://ftp.sra.ebi.ac.uk/vol1/fastq/ERR143/084/ERR14393984/ERR14393984_1.fastq.gz,ftp://ftp.sra.ebi.ac.uk/vol1/fastq/ERR156/065/ERR15627265/ERR15627265_1.fastq.gz,ftp://ftp.sra.ebi.ac.uk/vol1/fastq/ERR143/082/ERR14393982/ERR14393982_2.fastq.gz,ftp://ftp.sra.ebi.ac.uk/vol1/fastq/ERR143/083/ERR14393983/ERR14393983_2.fastq.gz,ftp://ftp.sra.ebi.ac.uk/vol1/fastq/ERR143/084/ERR14393984/ERR14393984_2.fastq.gz,ftp://ftp.sra.ebi.ac.uk/vol1/fastq/ERR156/065/ERR15627265/ERR15627265_2.fastq.gz
RCN18485,Vietnam,AmpSeqV2,Resistant,Resistant,Sensitive,Resistant,Resistant,Resistant,Resistant,Sensitive,Resistant,Undetermined,ERR15627269,11652978.0,ERR14393991,39534.0,ERR14393992,55999.0,ERR14393993,653.0,ftp://ftp.sra.ebi.ac.uk/vol1/fastq/ERR143/091/ERR14393991/ERR14393991_1.fastq.gz,ftp://ftp.sra.ebi.ac.uk/vol1/fastq/ERR143/092/ERR14393992/ERR14393992_1.fastq.gz,ftp://ftp.sra.ebi.ac.uk/vol1/fastq/ERR143/093/ERR14393993/ERR14393993_1.fastq.gz,ftp://ftp.sra.ebi.ac.uk/vol1/fastq/ERR156/069/ERR15627269/ERR15627269_1.fastq.gz,ftp://ftp.sra.ebi.ac.uk/vol1/fastq/ERR143/091/ERR14393991/ERR14393991_2.fastq.gz,ftp://ftp.sra.ebi.ac.uk/vol1/fastq/ERR143/092/ERR14393992/ERR14393992_2.fastq.gz,ftp://ftp.sra.ebi.ac.uk/vol1/fastq/ERR143/093/ERR14393993/ERR14393993_2.fastq.gz,ftp://ftp.sra.ebi.ac.uk/vol1/fastq/ERR156/069/ERR15627269/ERR15627269_2.fastq.gz
RCN18488,Vietnam,AmpSeqV2,Resistant,Resistant,Sensitive,Resistant,Resistant,Resistant,Resistant,Sensitive,Resistant,Undetermined,ERR15627272,13498729.0,ERR14394000,55427.0,ERR14394001,57725.0,ERR14394002,2201.0,ftp://ftp.sra.ebi.ac.uk/vol1/fastq/ERR143/000/ERR14394000/ERR14394000_1.fastq.gz,ftp://ftp.sra.ebi.ac.uk/vol1/fastq/ERR143/001/ERR14394001/ERR14394001_1.fastq.gz,ftp://ftp.sra.ebi.ac.uk/vol1/fastq/ERR143/002/ERR14394002/ERR14394002_1.fastq.gz,ftp://ftp.sra.ebi.ac.uk/vol1/fastq/ERR156/072/ERR15627272/ERR15627272_1.fastq.gz,ftp://ftp.sra.ebi.ac.uk/vol1/fastq/ERR143/000/ERR14394000/ERR14394000_2.fastq.gz,ftp://ftp.sra.ebi.ac.uk/vol1/fastq/ERR143/001/ERR14394001/ERR14394001_2.fastq.gz,ftp://ftp.sra.ebi.ac.uk/vol1/fastq/ERR143/002/ERR14394002/ERR14394002_2.fastq.gz,ftp://ftp.sra.ebi.ac.uk/vol1/fastq/ERR156/072/ERR15627272/ERR15627272_2.fastq.gz
RCN18489,Vietnam,AmpSeqV2,Resistant,Resistant,Sensitive,Resistant,Resistant,Resistant,Resistant,Sensitive,Resistant,Undetermined,ERR15627273,16909778.0,ERR14394003,33753.0,ERR14394004,45202.0,ERR14394005,2275.0,ftp://ftp.sra.ebi.ac.uk/vol1/fastq/ERR143/003/ERR14394003/ERR14394003_1.fastq.gz,ftp://ftp.sra.ebi.ac.uk/vol1/fastq/ERR143/004/ERR14394004/ERR14394004_1.fastq.gz,ftp://ftp.sra.ebi.ac.uk/vol1/fastq/ERR143/005/ERR14394005/ERR14394005_1.fastq.gz,ftp://ftp.sra.ebi.ac.uk/vol1/fastq/ERR156/073/ERR15627273/ERR15627273_1.fastq.gz,ftp://ftp.sra.ebi.ac.uk/vol1/fastq/ERR143/003/ERR14394003/ERR14394003_2.fastq.gz,ftp://ftp.sra.ebi.ac.uk/vol1/fastq/ERR143/004/ERR14394004/ERR14394004_2.fastq.gz,ftp://ftp.sra.ebi.ac.uk/vol1/fastq/ERR143/005/ERR14394005/ERR14394005_2.fastq.gz,ftp://ftp.sra.ebi.ac.uk/vol1/fastq/ERR156/073/ERR15627273/ERR15627273_2.fastq.gz
RCN18492,Vietnam,AmpSeqV2,Resistant,Resistant,Sensitive,Resistant,Resistant,Resistant,Resistant,Sensitive,Resistant,Undetermined,ERR15627274,3306688.0,ERR14394009,38520.0,ERR14394010,43755.0,ERR14394011,1308.0,ftp://ftp.sra.ebi.ac.uk/vol1/fastq/ERR143/009/ERR14394009/ERR14394009_1.fastq.gz,ftp://ftp.sra.ebi.ac.uk/vol1/fastq/ERR143/010/ERR14394010/ERR14394010_1.fastq.gz,ftp://ftp.sra.ebi.ac.uk/vol1/fastq/ERR143/011/ERR14394011/ERR14394011_1.fastq.gz,ftp://ftp.sra.ebi.ac.uk/vol1/fastq/ERR156/074/ERR15627274/ERR15627274_1.fastq.gz,ftp://ftp.sra.ebi.ac.uk/vol1/fastq/ERR143/009/ERR14394009/ERR14394009_2.fastq.gz,ftp://ftp.sra.ebi.ac.uk/vol1/fastq/ERR143/010/ERR14394010/ERR14394010_2.fastq.gz,ftp://ftp.sra.ebi.ac.uk/vol1/fastq/ERR143/011/ERR14394011/ERR14394011_2.fastq.gz,ftp://ftp.sra.ebi.ac.uk/vol1/fastq/ERR156/074/ERR15627274/ERR15627274_2.fastq.gz
RCN18493,Vietnam,AmpSeqV2,Resistant,Resistant,Sensitive,Resistant,Resistant,Resistant,Resistant,Sensitive,Resistant,Undetermined,ERR15627275,7617396.0,ERR14394012,12671.0,ERR14394013,53731.0,ERR14394014,1628.0,ftp://ftp.sra.ebi.ac.uk/vol1/fastq/ERR143/012/ERR14394012/ERR14394012_1.fastq.gz,ftp://ftp.sra.ebi.ac.uk/vol1/fastq/ERR143/013/ERR14394013/ERR14394013_1.fastq.gz,ftp://ftp.sra.ebi.ac.uk/vol1/fastq/ERR143/014/ERR14394014/ERR14394014_1.fastq.gz,ftp://ftp.sra.ebi.ac.uk/vol1/fastq/ERR156/075/ERR15627275/ERR15627275_1.fastq.gz,ftp://ftp.sra.ebi.ac.uk/vol1/fastq/ERR143/012/ERR14394012/ERR14394012_2.fastq.gz,ftp://ftp.sra.ebi.ac.uk/vol1/fastq/ERR143/013/ERR14394013/ERR14394013_2.fastq.gz,ftp://ftp.sra.ebi.ac.uk/vol1/fastq/ERR143/014/ERR14394014/ERR14394014_2.fastq.gz,ftp://ftp.sra.ebi.ac.uk/vol1/fastq/ERR156/075/ERR15627275/ERR15627275_2.fastq.gz
RCN18494,Vietnam,AmpSeqV2,Resistant,Resistant,Sensitive,Resistant,Resistant,Resistant,Resistant,Sensitive,Resistant,Undetermined,ERR15627276,16526602.0,ERR14394015,13861.0,ERR14394016,36472.0,ERR14394017,1398.0,ftp://ftp.sra.ebi.ac.uk/vol1/fastq/ERR143/015/ERR14394015/ERR14394015_1.fastq.gz,ftp://ftp.sra.ebi.ac.uk/vol1/fastq/ERR143/016/ERR14394016/ERR14394016_1.fastq.gz,ftp://ftp.sra.ebi.ac.uk/vol1/fastq/ERR143/017/ERR14394017/ERR14394017_1.fastq.gz,ftp://ftp.sra.ebi.ac.uk/vol1/fastq/ERR156/076/ERR15627276/ERR15627276_1.fastq.gz,ftp://ftp.sra.ebi.ac.uk/vol1/fastq/ERR143/015/ERR14394015/ERR14394015_2.fastq.gz,ftp://ftp.sra.ebi.ac.uk/vol1/fastq/ERR143/016/ERR14394016/ERR14394016_2.fastq.gz,ftp://ftp.sra.ebi.ac.uk/vol1/fastq/ERR143/017/ERR14394017/ERR14394017_2.fastq.gz,ftp://ftp.sra.ebi.ac.uk/vol1/fastq/ERR156/076/ERR15627276/ERR15627276_2.fastq.gz
RCN18496,Vietnam,AmpSeqV2,Resistant,Resistant,Sensitive,Resistant,Resistant,Resistant,Resistant,Sensitive,Resistant,Undetermined,ERR15627277,11161154.0,ERR14394021,50096.0,ERR14394022,45177.0,ERR14394023,1065.0,ftp://ftp.sra.ebi.ac.uk/vol1/fastq/ERR143/021/ERR14394021/ERR14394021_1.fastq.gz,ftp://ftp.sra.ebi.ac.uk/vol1/fastq/ERR143/022/ERR14394022/ERR14394022_1.fastq.gz,ftp://ftp.sra.ebi.ac.uk/vol1/fastq/ERR143/023/ERR14394023/ERR14394023_1.fastq.gz,ftp://ftp.sra.ebi.ac.uk/vol1/fastq/ERR156/077/ERR15627277/ERR15627277_1.fastq.gz,ftp://ftp.sra.ebi.ac.uk/vol1/fastq/ERR143/021/ERR14394021/ERR14394021_2.fastq.gz,ftp://ftp.sra.ebi.ac.uk/vol1/fastq/ERR143/022/ERR14394022/ERR14394022_2.fastq.gz,ftp://ftp.sra.ebi.ac.uk/vol1/fastq/ERR143/023/ERR14394023/ERR14394023_2.fastq.gz,ftp://ftp.sra.ebi.ac.uk/vol1/fastq/ERR156/077/ERR15627277/ERR15627277_2.fastq.gz
RCN18500,Vietnam,AmpSeqV2,Resistant,Resistant,Sensitive,Resistant,Resistant,Resistant,Resistant,Sensitive,Resistant,Undetermined,ERR15627280,12222628.0,ERR14394033,32933.0,ERR14394034,48475.0,ERR14394035,1029.0,ftp://ftp.sra.ebi.ac.uk/vol1/fastq/ERR143/033/ERR14394033/ERR14394033_1.fastq.gz,ftp://ftp.sra.ebi.ac.uk/vol1/fastq/ERR143/034/ERR14394034/ERR14394034_1.fastq.gz,ftp://ftp.sra.ebi.ac.uk/vol1/fastq/ERR143/035/ERR14394035/ERR14394035_1.fastq.gz,ftp://ftp.sra.ebi.ac.uk/vol1/fastq/ERR156/080/ERR15627280/ERR15627280_1.fastq.gz,ftp://ftp.sra.ebi.ac.uk/vol1/fastq/ERR143/033/ERR14394033/ERR14394033_2.fastq.gz,ftp://ftp.sra.ebi.ac.uk/vol1/fastq/ERR143/034/ERR14394034/ERR14394034_2.fastq.gz,ftp://ftp.sra.ebi.ac.uk/vol1/fastq/ERR143/035/ERR14394035/ERR14394035_2.fastq.gz,ftp://ftp.sra.ebi.ac.uk/vol1/fastq/ERR156/080/ERR15627280/ERR15627280_2.fastq.gz
RCN18503,Vietnam,AmpSeqV2,Resistant,Resistant,Sensitive,Resistant,Resistant,Resistant,Resistant,Sensitive,Resistant,Undetermined,ERR15627282,13436800.0,ERR14394042,35717.0,ERR14394043,3139.0,ERR14394044,1015.0,ftp://ftp.sra.ebi.ac.uk/vol1/fastq/ERR143/042/ERR14394042/ERR14394042_1.fastq.gz,ftp://ftp.sra.ebi.ac.uk/vol1/fastq/ERR143/043/ERR14394043/ERR14394043_1.fastq.gz,ftp://ftp.sra.ebi.ac.uk/vol1/fastq/ERR143/044/ERR14394044/ERR14394044_1.fastq.gz,ftp://ftp.sra.ebi.ac.uk/vol1/fastq/ERR156/082/ERR15627282/ERR15627282_1.fastq.gz,ftp://ftp.sra.ebi.ac.uk/vol1/fastq/ERR143/042/ERR14394042/ERR14394042_2.fastq.gz,ftp://ftp.sra.ebi.ac.uk/vol1/fastq/ERR143/043/ERR14394043/ERR14394043_2.fastq.gz,ftp://ftp.sra.ebi.ac.uk/vol1/fastq/ERR143/044/ERR14394044/ERR14394044_2.fastq.gz,ftp://ftp.sra.ebi.ac.uk/vol1/fastq/ERR156/082/ERR15627282/ERR15627282_2.fastq.gz
RCN18504,Vietnam,AmpSeqV2,Resistant,Resistant,Sensitive,Resistant,Resistant,Resistant,Resistant,Sensitive,Resistant,Undetermined,ERR15627283,15471451.0,ERR14394045,49647.0,ERR14394046,44181.0,ERR14394047,1089.0,ftp://ftp.sra.ebi.ac.uk/vol1/fastq/ERR143/045/ERR14394045/ERR14394045_1.fastq.gz,ftp://ftp.sra.ebi.ac.uk/vol1/fastq/ERR143/046/ERR14394046/ERR14394046_1.fastq.gz,ftp://ftp.sra.ebi.ac.uk/vol1/fastq/ERR143/047/ERR14394047/ERR14394047_1.fastq.gz,ftp://ftp.sra.ebi.ac.uk/vol1/fastq/ERR156/083/ERR15627283/ERR15627283_1.fastq.gz,ftp://ftp.sra.ebi.ac.uk/vol1/fastq/ERR143/045/ERR14394045/ERR14394045_2.fastq.gz,ftp://ftp.sra.ebi.ac.uk/vol1/fastq/ERR143/046/ERR14394046/ERR14394046_2.fastq.gz,ftp://ftp.sra.ebi.ac.uk/vol1/fastq/ERR143/047/ERR14394047/ERR14394047_2.fastq.gz,ftp://ftp.sra.ebi.ac.uk/vol1/fastq/ERR156/083/ERR15627283/ERR15627283_2.fastq.gz
RCN18511,Vietnam,AmpSeqV2,Resistant,Resistant,Sensitive,Resistant,Resistant,Resistant,Resistant,Sensitive,Resistant,Undetermined,ERR15627288,10206441.0,ERR14394060,36787.0,ERR14394061,19814.0,ERR14394062,1042.0,ftp://ftp.sra.ebi.ac.uk/vol1/fastq/ERR143/060/ERR14394060/ERR14394060_1.fastq.gz,ftp://ftp.sra.ebi.ac.uk/vol1/fastq/ERR143/061/ERR14394061/ERR14394061_1.fastq.gz,ftp://ftp.sra.ebi.ac.uk/vol1/fastq/ERR143/062/ERR14394062/ERR14394062_1.fastq.gz,ftp://ftp.sra.ebi.ac.uk/vol1/fastq/ERR156/088/ERR15627288/ERR15627288_1.fastq.gz,ftp://ftp.sra.ebi.ac.uk/vol1/fastq/ERR143/060/ERR14394060/ERR14394060_2.fastq.gz,ftp://ftp.sra.ebi.ac.uk/vol1/fastq/ERR143/061/ERR14394061/ERR14394061_2.fastq.gz,ftp://ftp.sra.ebi.ac.uk/vol1/fastq/ERR143/062/ERR14394062/ERR14394062_2.fastq.gz,ftp://ftp.sra.ebi.ac.uk/vol1/fastq/ERR156/088/ERR15627288/ERR15627288_2.fastq.gz
RCN18512,Vietnam,AmpSeqV2,Resistant,Resistant,Sensitive,Resistant,Resistant,Resistant,Resistant,Sensitive,Resistant,Undetermined,ERR15627289,9806569.0,ERR14394063,50778.0,ERR14394064,58564.0,ERR14394065,1383.0,ftp://ftp.sra.ebi.ac.uk/vol1/fastq/ERR143/063/ERR14394063/ERR14394063_1.fastq.gz,ftp://ftp.sra.ebi.ac.uk/vol1/fastq/ERR143/064/ERR14394064/ERR14394064_1.fastq.gz,ftp://ftp.sra.ebi.ac.uk/vol1/fastq/ERR143/065/ERR14394065/ERR14394065_1.fastq.gz,ftp://ftp.sra.ebi.ac.uk/vol1/fastq/ERR156/089/ERR15627289/ERR15627289_1.fastq.gz,ftp://ftp.sra.ebi.ac.uk/vol1/fastq/ERR143/063/ERR14394063/ERR14394063_2.fastq.gz,ftp://ftp.sra.ebi.ac.uk/vol1/fastq/ERR143/064/ERR14394064/ERR14394064_2.fastq.gz,ftp://ftp.sra.ebi.ac.uk/vol1/fastq/ERR143/065/ERR14394065/ERR14394065_2.fastq.gz,ftp://ftp.sra.ebi.ac.uk/vol1/fastq/ERR156/089/ERR15627289/ERR15627289_2.fastq.gz
RCN18513,Vietnam,AmpSeqV2,Resistant,Resistant,Sensitive,Resistant,Resistant,Resistant,Resistant,Sensitive,Resistant,Undetermined,ERR15627290,14941410.0,ERR14394066,53351.0,ERR14394067,61381.0,ERR14394068,1674.0,ftp://ftp.sra.ebi.ac.uk/vol1/fastq/ERR143/066/ERR14394066/ERR14394066_1.fastq.gz,ftp://ftp.sra.ebi.ac.uk/vol1/fastq/ERR143/067/ERR14394067/ERR14394067_1.fastq.gz,ftp://ftp.sra.ebi.ac.uk/vol1/fastq/ERR143/068/ERR14394068/ERR14394068_1.fastq.gz,ftp://ftp.sra.ebi.ac.uk/vol1/fastq/ERR156/090/ERR15627290/ERR15627290_1.fastq.gz,ftp://ftp.sra.ebi.ac.uk/vol1/fastq/ERR143/066/ERR14394066/ERR14394066_2.fastq.gz,ftp://ftp.sra.ebi.ac.uk/vol1/fastq/ERR143/067/ERR14394067/ERR14394067_2.fastq.gz,ftp://ftp.sra.ebi.ac.uk/vol1/fastq/ERR143/068/ERR14394068/ERR14394068_2.fastq.gz,ftp://ftp.sra.ebi.ac.uk/vol1/fastq/ERR156/090/ERR15627290/ERR15627290_2.fastq.gz
RCN18518,Vietnam,AmpSeqV2,Resistant,Resistant,Sensitive,Resistant,Resistant,Resistant,Resistant,Sensitive,Resistant,Undetermined,ERR15627292,14003847.0,ERR14394078,37634.0,ERR14394079,39964.0,ERR14394080,993.0,ftp://ftp.sra.ebi.ac.uk/vol1/fastq/ERR143/078/ERR14394078/ERR14394078_1.fastq.gz,ftp://ftp.sra.ebi.ac.uk/vol1/fastq/ERR143/079/ERR14394079/ERR14394079_1.fastq.gz,ftp://ftp.sra.ebi.ac.uk/vol1/fastq/ERR143/080/ERR14394080/ERR14394080_1.fastq.gz,ftp://ftp.sra.ebi.ac.uk/vol1/fastq/ERR156/092/ERR15627292/ERR15627292_1.fastq.gz,ftp://ftp.sra.ebi.ac.uk/vol1/fastq/ERR143/078/ERR14394078/ERR14394078_2.fastq.gz,ftp://ftp.sra.ebi.ac.uk/vol1/fastq/ERR143/079/ERR14394079/ERR14394079_2.fastq.gz,ftp://ftp.sra.ebi.ac.uk/vol1/fastq/ERR143/080/ERR14394080/ERR14394080_2.fastq.gz,ftp://ftp.sra.ebi.ac.uk/vol1/fastq/ERR156/092/ERR15627292/ERR15627292_2.fastq.gz
RCN18519,Vietnam,AmpSeqV2,Resistant,Resistant,Sensitive,Resistant,Resistant,Resistant,Resistant,Sensitive,Resistant,Undetermined,ERR15627293,9469935.0,ERR14394081,38509.0,ERR14394082,35623.0,ERR14394083,833.0,ftp://ftp.sra.ebi.ac.uk/vol1/fastq/ERR143/081/ERR14394081/ERR14394081_1.fastq.gz,ftp://ftp.sra.ebi.ac.uk/vol1/fastq/ERR143/082/ERR14394082/ERR14394082_1.fastq.gz,ftp://ftp.sra.ebi.ac.uk/vol1/fastq/ERR143/083/ERR14394083/ERR14394083_1.fastq.gz,ftp://ftp.sra.ebi.ac.uk/vol1/fastq/ERR156/093/ERR15627293/ERR15627293_1.fastq.gz,ftp://ftp.sra.ebi.ac.uk/vol1/fastq/ERR143/081/ERR14394081/ERR14394081_2.fastq.gz,ftp://ftp.sra.ebi.ac.uk/vol1/fastq/ERR143/082/ERR14394082/ERR14394082_2.fastq.gz,ftp://ftp.sra.ebi.ac.uk/vol1/fastq/ERR143/083/ERR14394083/ERR14394083_2.fastq.gz,ftp://ftp.sra.ebi.ac.uk/vol1/fastq/ERR156/093/ERR15627293/ERR15627293_2.fastq.gz
RCN18534,Vietnam,AmpSeqV2,Resistant,Resistant,Sensitive,Resistant,Resistant,Resistant,Resistant,Sensitive,Resistant,Undetermined,ERR15627303,12459317.0,ERR14394123,27965.0,ERR14394124,31759.0,ERR14394125,195.0,ftp://ftp.sra.ebi.ac.uk/vol1/fastq/ERR143/023/ERR14394123/ERR14394123_1.fastq.gz,ftp://ftp.sra.ebi.ac.uk/vol1/fastq/ERR143/024/ERR14394124/ERR14394124_1.fastq.gz,ftp://ftp.sra.ebi.ac.uk/vol1/fastq/ERR143/025/ERR14394125/ERR14394125_1.fastq.gz,ftp://ftp.sra.ebi.ac.uk/vol1/fastq/ERR156/003/ERR15627303/ERR15627303_1.fastq.gz,ftp://ftp.sra.ebi.ac.uk/vol1/fastq/ERR143/023/ERR14394123/ERR14394123_2.fastq.gz,ftp://ftp.sra.ebi.ac.uk/vol1/fastq/ERR143/024/ERR14394124/ERR14394124_2.fastq.gz,ftp://ftp.sra.ebi.ac.uk/vol1/fastq/ERR143/025/ERR14394125/ERR14394125_2.fastq.gz,ftp://ftp.sra.ebi.ac.uk/vol1/fastq/ERR156/003/ERR15627303/ERR15627303_2.fastq.gz
RCN18536,Vietnam,AmpSeqV2,Resistant,Resistant,Sensitive,Resistant,Resistant,Resistant,Resistant,Sensitive,Resistant,Undetermined,ERR15627304,17706238.0,ERR14394129,27316.0,ERR14394130,31122.0,ERR14394131,643.0,ftp://ftp.sra.ebi.ac.uk/vol1/fastq/ERR143/029/ERR14394129/ERR14394129_1.fastq.gz,ftp://ftp.sra.ebi.ac.uk/vol1/fastq/ERR143/030/ERR14394130/ERR14394130_1.fastq.gz,ftp://ftp.sra.ebi.ac.uk/vol1/fastq/ERR143/031/ERR14394131/ERR14394131_1.fastq.gz,ftp://ftp.sra.ebi.ac.uk/vol1/fastq/ERR156/004/ERR15627304/ERR15627304_1.fastq.gz,ftp://ftp.sra.ebi.ac.uk/vol1/fastq/ERR143/029/ERR14394129/ERR14394129_2.fastq.gz,ftp://ftp.sra.ebi.ac.uk/vol1/fastq/ERR143/030/ERR14394130/ERR14394130_2.fastq.gz,ftp://ftp.sra.ebi.ac.uk/vol1/fastq/ERR143/031/ERR14394131/ERR14394131_2.fastq.gz,ftp://ftp.sra.ebi.ac.uk/vol1/fastq/ERR156/004/ERR15627304/ERR15627304_2.fastq.gz
RCN18540,Vietnam,AmpSeqV2,Resistant,Resistant,Sensitive,Resistant,Resistant,Resistant,Resistant,Sensitive,Resistant,Undetermined,ERR15627305,15234102.0,ERR14394138,36251.0,ERR14394139,5487.0,ERR14394140,1260.0,ftp://ftp.sra.ebi.ac.uk/vol1/fastq/ERR143/038/ERR14394138/ERR14394138_1.fastq.gz,ftp://ftp.sra.ebi.ac.uk/vol1/fastq/ERR143/039/ERR14394139/ERR14394139_1.fastq.gz,ftp://ftp.sra.ebi.ac.uk/vol1/fastq/ERR143/040/ERR14394140/ERR14394140_1.fastq.gz,ftp://ftp.sra.ebi.ac.uk/vol1/fastq/ERR156/005/ERR15627305/ERR15627305_1.fastq.gz,ftp://ftp.sra.ebi.ac.uk/vol1/fastq/ERR143/038/ERR14394138/ERR14394138_2.fastq.gz,ftp://ftp.sra.ebi.ac.uk/vol1/fastq/ERR143/039/ERR14394139/ERR14394139_2.fastq.gz,ftp://ftp.sra.ebi.ac.uk/vol1/fastq/ERR143/040/ERR14394140/ERR14394140_2.fastq.gz,ftp://ftp.sra.ebi.ac.uk/vol1/fastq/ERR156/005/ERR15627305/ERR15627305_2.fastq.gz
RCN18542,Vietnam,AmpSeqV2,Resistant,Resistant,Sensitive,Resistant,Resistant,Resistant,Resistant,Sensitive,Resistant,Undetermined,ERR15627306,17660595.0,ERR14394144,12933.0,ERR14394145,4595.0,ERR14394146,1709.0,ftp://ftp.sra.ebi.ac.uk/vol1/fastq/ERR143/044/ERR14394144/ERR14394144_1.fastq.gz,ftp://ftp.sra.ebi.ac.uk/vol1/fastq/ERR143/045/ERR14394145/ERR14394145_1.fastq.gz,ftp://ftp.sra.ebi.ac.uk/vol1/fastq/ERR143/046/ERR14394146/ERR14394146_1.fastq.gz,ftp://ftp.sra.ebi.ac.uk/vol1/fastq/ERR156/006/ERR15627306/ERR15627306_1.fastq.gz,ftp://ftp.sra.ebi.ac.uk/vol1/fastq/ERR143/044/ERR14394144/ERR14394144_2.fastq.gz,ftp://ftp.sra.ebi.ac.uk/vol1/fastq/ERR143/045/ERR14394145/ERR14394145_2.fastq.gz,ftp://ftp.sra.ebi.ac.uk/vol1/fastq/ERR143/046/ERR14394146/ERR14394146_2.fastq.gz,ftp://ftp.sra.ebi.ac.uk/vol1/fastq/ERR156/006/ERR15627306/ERR15627306_2.fastq.gz
RCN18543,Vietnam,AmpSeqV2,Resistant,Resistant,Sensitive,Resistant,Resistant,Resistant,Resistant,Sensitive,Resistant,Undetermined,ERR15627307,13399023.0,ERR14394147,35969.0,ERR14394148,57193.0,ERR14394149,1329.0,ftp://ftp.sra.ebi.ac.uk/vol1/fastq/ERR143/047/ERR14394147/ERR14394147_1.fastq.gz,ftp://ftp.sra.ebi.ac.uk/vol1/fastq/ERR143/048/ERR14394148/ERR14394148_1.fastq.gz,ftp://ftp.sra.ebi.ac.uk/vol1/fastq/ERR143/049/ERR14394149/ERR14394149_1.fastq.gz,ftp://ftp.sra.ebi.ac.uk/vol1/fastq/ERR156/007/ERR15627307/ERR15627307_1.fastq.gz,ftp://ftp.sra.ebi.ac.uk/vol1/fastq/ERR143/047/ERR14394147/ERR14394147_2.fastq.gz,ftp://ftp.sra.ebi.ac.uk/vol1/fastq/ERR143/048/ERR14394148/ERR14394148_2.fastq.gz,ftp://ftp.sra.ebi.ac.uk/vol1/fastq/ERR143/049/ERR14394149/ERR14394149_2.fastq.gz,ftp://ftp.sra.ebi.ac.uk/vol1/fastq/ERR156/007/ERR15627307/ERR15627307_2.fastq.gz
RCN18549,Vietnam,AmpSeqV2,Resistant,Resistant,Sensitive,Resistant,Resistant,Resistant,Resistant,Sensitive,Resistant,Undetermined,ERR15627310,10522720.0,ERR14394165,34838.0,ERR14394166,41949.0,ERR14394167,320.0,ftp://ftp.sra.ebi.ac.uk/vol1/fastq/ERR143/065/ERR14394165/ERR14394165_1.fastq.gz,ftp://ftp.sra.ebi.ac.uk/vol1/fastq/ERR143/066/ERR14394166/ERR14394166_1.fastq.gz,ftp://ftp.sra.ebi.ac.uk/vol1/fastq/ERR143/067/ERR14394167/ERR14394167_1.fastq.gz,ftp://ftp.sra.ebi.ac.uk/vol1/fastq/ERR156/010/ERR15627310/ERR15627310_1.fastq.gz,ftp://ftp.sra.ebi.ac.uk/vol1/fastq/ERR143/065/ERR14394165/ERR14394165_2.fastq.gz,ftp://ftp.sra.ebi.ac.uk/vol1/fastq/ERR143/066/ERR14394166/ERR14394166_2.fastq.gz,ftp://ftp.sra.ebi.ac.uk/vol1/fastq/ERR143/067/ERR14394167/ERR14394167_2.fastq.gz,ftp://ftp.sra.ebi.ac.uk/vol1/fastq/ERR156/010/ERR15627310/ERR15627310_2.fastq.gz
RCN18550,Vietnam,AmpSeqV2,Resistant,Resistant,Sensitive,Resistant,Resistant,Resistant,Resistant,Sensitive,Resistant,Undetermined,ERR15627311,16010868.0,ERR14394168,10171.0,ERR14394169,41626.0,ERR14394170,1588.0,ftp://ftp.sra.ebi.ac.uk/vol1/fastq/ERR143/068/ERR14394168/ERR14394168_1.fastq.gz,ftp://ftp.sra.ebi.ac.uk/vol1/fastq/ERR143/069/ERR14394169/ERR14394169_1.fastq.gz,ftp://ftp.sra.ebi.ac.uk/vol1/fastq/ERR143/070/ERR14394170/ERR14394170_1.fastq.gz,ftp://ftp.sra.ebi.ac.uk/vol1/fastq/ERR156/011/ERR15627311/ERR15627311_1.fastq.gz,ftp://ftp.sra.ebi.ac.uk/vol1/fastq/ERR143/068/ERR14394168/ERR14394168_2.fastq.gz,ftp://ftp.sra.ebi.ac.uk/vol1/fastq/ERR143/069/ERR14394169/ERR14394169_2.fastq.gz,ftp://ftp.sra.ebi.ac.uk/vol1/fastq/ERR143/070/ERR14394170/ERR14394170_2.fastq.gz,ftp://ftp.sra.ebi.ac.uk/vol1/fastq/ERR156/011/ERR15627311/ERR15627311_2.fastq.gz
RCN18551,Vietnam,AmpSeqV2,Resistant,Resistant,Sensitive,Resistant,Resistant,Resistant,Resistant,Sensitive,Resistant,Undetermined,ERR15627312,11445593.0,ERR14394171,23659.0,ERR14394172,36407.0,ERR14394173,1576.0,ftp://ftp.sra.ebi.ac.uk/vol1/fastq/ERR143/071/ERR14394171/ERR14394171_1.fastq.gz,ftp://ftp.sra.ebi.ac.uk/vol1/fastq/ERR143/072/ERR14394172/ERR14394172_1.fastq.gz,ftp://ftp.sra.ebi.ac.uk/vol1/fastq/ERR143/073/ERR14394173/ERR14394173_1.fastq.gz,ftp://ftp.sra.ebi.ac.uk/vol1/fastq/ERR156/012/ERR15627312/ERR15627312_1.fastq.gz,ftp://ftp.sra.ebi.ac.uk/vol1/fastq/ERR143/071/ERR14394171/ERR14394171_2.fastq.gz,ftp://ftp.sra.ebi.ac.uk/vol1/fastq/ERR143/072/ERR14394172/ERR14394172_2.fastq.gz,ftp://ftp.sra.ebi.ac.uk/vol1/fastq/ERR143/073/ERR14394173/ERR14394173_2.fastq.gz,ftp://ftp.sra.ebi.ac.uk/vol1/fastq/ERR156/012/ERR15627312/ERR15627312_2.fastq.gz
RCN18560,Vietnam,AmpSeqV2,Resistant,Resistant,Sensitive,Resistant,Resistant,Resistant,Resistant,Sensitive,Resistant,Undetermined,ERR15627315,13634084.0,ERR14394195,17891.0,ERR14394196,37707.0,ERR14394197,1499.0,ftp://ftp.sra.ebi.ac.uk/vol1/fastq/ERR143/095/ERR14394195/ERR14394195_1.fastq.gz,ftp://ftp.sra.ebi.ac.uk/vol1/fastq/ERR143/096/ERR14394196/ERR14394196_1.fastq.gz,ftp://ftp.sra.ebi.ac.uk/vol1/fastq/ERR143/097/ERR14394197/ERR14394197_1.fastq.gz,ftp://ftp.sra.ebi.ac.uk/vol1/fastq/ERR156/015/ERR15627315/ERR15627315_1.fastq.gz,ftp://ftp.sra.ebi.ac.uk/vol1/fastq/ERR143/095/ERR14394195/ERR14394195_2.fastq.gz,ftp://ftp.sra.ebi.ac.uk/vol1/fastq/ERR143/096/ERR14394196/ERR14394196_2.fastq.gz,ftp://ftp.sra.ebi.ac.uk/vol1/fastq/ERR143/097/ERR14394197/ERR14394197_2.fastq.gz,ftp://ftp.sra.ebi.ac.uk/vol1/fastq/ERR156/015/ERR15627315/ERR15627315_2.fastq.gz
RCN18565,Vietnam,AmpSeqV2,Resistant,Sensitive,Sensitive,Resistant,Resistant,Resistant,Sensitive,Sensitive,Resistant,Undetermined,ERR15627317,17432798.0,ERR14394210,72940.0,ERR14394211,53846.0,ERR14394212,920.0,ftp://ftp.sra.ebi.ac.uk/vol1/fastq/ERR143/010/ERR14394210/ERR14394210_1.fastq.gz,ftp://ftp.sra.ebi.ac.uk/vol1/fastq/ERR143/011/ERR14394211/ERR14394211_1.fastq.gz,ftp://ftp.sra.ebi.ac.uk/vol1/fastq/ERR143/012/ERR14394212/ERR14394212_1.fastq.gz,ftp://ftp.sra.ebi.ac.uk/vol1/fastq/ERR156/017/ERR15627317/ERR15627317_1.fastq.gz,ftp://ftp.sra.ebi.ac.uk/vol1/fastq/ERR143/010/ERR14394210/ERR14394210_2.fastq.gz,ftp://ftp.sra.ebi.ac.uk/vol1/fastq/ERR143/011/ERR14394211/ERR14394211_2.fastq.gz,ftp://ftp.sra.ebi.ac.uk/vol1/fastq/ERR143/012/ERR14394212/ERR14394212_2.fastq.gz,ftp://ftp.sra.ebi.ac.uk/vol1/fastq/ERR156/017/ERR15627317/ERR15627317_2.fastq.gz
RCN18572,Vietnam,AmpSeqV2,Resistant,Resistant,Sensitive,Resistant,Resistant,Resistant,Resistant,Sensitive,Resistant,Undetermined,ERR15627320,12105974.0,ERR14394231,63430.0,ERR14394232,51350.0,ERR14394233,1443.0,ftp://ftp.sra.ebi.ac.uk/vol1/fastq/ERR143/031/ERR14394231/ERR14394231_1.fastq.gz,ftp://ftp.sra.ebi.ac.uk/vol1/fastq/ERR143/032/ERR14394232/ERR14394232_1.fastq.gz,ftp://ftp.sra.ebi.ac.uk/vol1/fastq/ERR143/033/ERR14394233/ERR14394233_1.fastq.gz,ftp://ftp.sra.ebi.ac.uk/vol1/fastq/ERR156/020/ERR15627320/ERR15627320_1.fastq.gz,ftp://ftp.sra.ebi.ac.uk/vol1/fastq/ERR143/031/ERR14394231/ERR14394231_2.fastq.gz,ftp://ftp.sra.ebi.ac.uk/vol1/fastq/ERR143/032/ERR14394232/ERR14394232_2.fastq.gz,ftp://ftp.sra.ebi.ac.uk/vol1/fastq/ERR143/033/ERR14394233/ERR14394233_2.fastq.gz,ftp://ftp.sra.ebi.ac.uk/vol1/fastq/ERR156/020/ERR15627320/ERR15627320_2.fastq.gz
RCN18573,Vietnam,AmpSeqV2,Resistant,Resistant,Sensitive,Resistant,Resistant,Resistant,Resistant,Sensitive,Resistant,Undetermined,ERR15627321,7937420.0,ERR14394234,48666.0,ERR14394235,46691.0,ERR14394236,873.0,ftp://ftp.sra.ebi.ac.uk/vol1/fastq/ERR143/034/ERR14394234/ERR14394234_1.fastq.gz,ftp://ftp.sra.ebi.ac.uk/vol1/fastq/ERR143/035/ERR14394235/ERR14394235_1.fastq.gz,ftp://ftp.sra.ebi.ac.uk/vol1/fastq/ERR143/036/ERR14394236/ERR14394236_1.fastq.gz,ftp://ftp.sra.ebi.ac.uk/vol1/fastq/ERR156/021/ERR15627321/ERR15627321_1.fastq.gz,ftp://ftp.sra.ebi.ac.uk/vol1/fastq/ERR143/034/ERR14394234/ERR14394234_2.fastq.gz,ftp://ftp.sra.ebi.ac.uk/vol1/fastq/ERR143/035/ERR14394235/ERR14394235_2.fastq.gz,ftp://ftp.sra.ebi.ac.uk/vol1/fastq/ERR143/036/ERR14394236/ERR14394236_2.fastq.gz,ftp://ftp.sra.ebi.ac.uk/vol1/fastq/ERR156/021/ERR15627321/ERR15627321_2.fastq.gz
RCN18575,Vietnam,AmpSeqV2,Resistant,Sensitive,Sensitive,Resistant,Resistant,Resistant,Sensitive,Sensitive,Resistant,Undetermined,ERR15627323,12389604.0,ERR14394240,17643.0,ERR14394241,48063.0,ERR14394242,1304.0,ftp://ftp.sra.ebi.ac.uk/vol1/fastq/ERR143/040/ERR14394240/ERR14394240_1.fastq.gz,ftp://ftp.sra.ebi.ac.uk/vol1/fastq/ERR143/041/ERR14394241/ERR14394241_1.fastq.gz,ftp://ftp.sra.ebi.ac.uk/vol1/fastq/ERR143/042/ERR14394242/ERR14394242_1.fastq.gz,ftp://ftp.sra.ebi.ac.uk/vol1/fastq/ERR156/023/ERR15627323/ERR15627323_1.fastq.gz,ftp://ftp.sra.ebi.ac.uk/vol1/fastq/ERR143/040/ERR14394240/ERR14394240_2.fastq.gz,ftp://ftp.sra.ebi.ac.uk/vol1/fastq/ERR143/041/ERR14394241/ERR14394241_2.fastq.gz,ftp://ftp.sra.ebi.ac.uk/vol1/fastq/ERR143/042/ERR14394242/ERR14394242_2.fastq.gz,ftp://ftp.sra.ebi.ac.uk/vol1/fastq/ERR156/023/ERR15627323/ERR15627323_2.fastq.gz
RCN18581,Vietnam,AmpSeqV2,Sensitive,Sensitive,Sensitive,Resistant,Resistant,Resistant,Sensitive,Sensitive,Resistant,Sensitive,ERR15627325,17392057.0,ERR14394258,66736.0,ERR14394259,47832.0,ERR14394260,1919.0,ftp://ftp.sra.ebi.ac.uk/vol1/fastq/ERR143/058/ERR14394258/ERR14394258_1.fastq.gz,ftp://ftp.sra.ebi.ac.uk/vol1/fastq/ERR143/059/ERR14394259/ERR14394259_1.fastq.gz,ftp://ftp.sra.ebi.ac.uk/vol1/fastq/ERR143/060/ERR14394260/ERR14394260_1.fastq.gz,ftp://ftp.sra.ebi.ac.uk/vol1/fastq/ERR156/025/ERR15627325/ERR15627325_1.fastq.gz,ftp://ftp.sra.ebi.ac.uk/vol1/fastq/ERR143/058/ERR14394258/ERR14394258_2.fastq.gz,ftp://ftp.sra.ebi.ac.uk/vol1/fastq/ERR143/059/ERR14394259/ERR14394259_2.fastq.gz,ftp://ftp.sra.ebi.ac.uk/vol1/fastq/ERR143/060/ERR14394260/ERR14394260_2.fastq.gz,ftp://ftp.sra.ebi.ac.uk/vol1/fastq/ERR156/025/ERR15627325/ERR15627325_2.fastq.gz
RCN18586,Vietnam,AmpSeqV2,Resistant,Resistant,Sensitive,Resistant,Resistant,Resistant,Resistant,Sensitive,Resistant,Undetermined,ERR15627328,16444304.0,ERR14394273,48761.0,ERR14394274,45057.0,ERR14394275,2090.0,ftp://ftp.sra.ebi.ac.uk/vol1/fastq/ERR143/073/ERR14394273/ERR14394273_1.fastq.gz,ftp://ftp.sra.ebi.ac.uk/vol1/fastq/ERR143/074/ERR14394274/ERR14394274_1.fastq.gz,ftp://ftp.sra.ebi.ac.uk/vol1/fastq/ERR143/075/ERR14394275/ERR14394275_1.fastq.gz,ftp://ftp.sra.ebi.ac.uk/vol1/fastq/ERR156/028/ERR15627328/ERR15627328_1.fastq.gz,ftp://ftp.sra.ebi.ac.uk/vol1/fastq/ERR143/073/ERR14394273/ERR14394273_2.fastq.gz,ftp://ftp.sra.ebi.ac.uk/vol1/fastq/ERR143/074/ERR14394274/ERR14394274_2.fastq.gz,ftp://ftp.sra.ebi.ac.uk/vol1/fastq/ERR143/075/ERR14394275/ERR14394275_2.fastq.gz,ftp://ftp.sra.ebi.ac.uk/vol1/fastq/ERR156/028/ERR15627328/ERR15627328_2.fastq.gz
RCN18587,Vietnam,AmpSeqV2,Resistant,Resistant,Sensitive,Resistant,Resistant,Resistant,Resistant,Sensitive,Resistant,Undetermined,ERR15627329,14417433.0,ERR14394276,35635.0,ERR14394277,48302.0,ERR14394278,1629.0,ftp://ftp.sra.ebi.ac.uk/vol1/fastq/ERR143/076/ERR14394276/ERR14394276_1.fastq.gz,ftp://ftp.sra.ebi.ac.uk/vol1/fastq/ERR143/077/ERR14394277/ERR14394277_1.fastq.gz,ftp://ftp.sra.ebi.ac.uk/vol1/fastq/ERR143/078/ERR14394278/ERR14394278_1.fastq.gz,ftp://ftp.sra.ebi.ac.uk/vol1/fastq/ERR156/029/ERR15627329/ERR15627329_1.fastq.gz,ftp://ftp.sra.ebi.ac.uk/vol1/fastq/ERR143/076/ERR14394276/ERR14394276_2.fastq.gz,ftp://ftp.sra.ebi.ac.uk/vol1/fastq/ERR143/077/ERR14394277/ERR14394277_2.fastq.gz,ftp://ftp.sra.ebi.ac.uk/vol1/fastq/ERR143/078/ERR14394278/ERR14394278_2.fastq.gz,ftp://ftp.sra.ebi.ac.uk/vol1/fastq/ERR156/029/ERR15627329/ERR15627329_2.fastq.gz
RCN18588,Vietnam,AmpSeqV2,Resistant,Resistant,Sensitive,Resistant,Resistant,Resistant,Resistant,Sensitive,Resistant,Undetermined,ERR15627330,12412240.0,ERR14394279,16310.0,ERR14394280,32765.0,ERR14394281,934.0,ftp://ftp.sra.ebi.ac.uk/vol1/fastq/ERR143/079/ERR14394279/ERR14394279_1.fastq.gz,ftp://ftp.sra.ebi.ac.uk/vol1/fastq/ERR143/080/ERR14394280/ERR14394280_1.fastq.gz,ftp://ftp.sra.ebi.ac.uk/vol1/fastq/ERR143/081/ERR14394281/ERR14394281_1.fastq.gz,ftp://ftp.sra.ebi.ac.uk/vol1/fastq/ERR156/030/ERR15627330/ERR15627330_1.fastq.gz,ftp://ftp.sra.ebi.ac.uk/vol1/fastq/ERR143/079/ERR14394279/ERR14394279_2.fastq.gz,ftp://ftp.sra.ebi.ac.uk/vol1/fastq/ERR143/080/ERR14394280/ERR14394280_2.fastq.gz,ftp://ftp.sra.ebi.ac.uk/vol1/fastq/ERR143/081/ERR14394281/ERR14394281_2.fastq.gz,ftp://ftp.sra.ebi.ac.uk/vol1/fastq/ERR156/030/ERR15627330/ERR15627330_2.fastq.gz
RCN18589,Vietnam,AmpSeqV2,Resistant,Resistant,Sensitive,Resistant,Resistant,Resistant,Resistant,Sensitive,Resistant,Undetermined,ERR15627331,16003631.0,ERR14394282,87747.0,ERR14394283,51752.0,ERR14394284,2017.0,ftp://ftp.sra.ebi.ac.uk/vol1/fastq/ERR143/082/ERR14394282/ERR14394282_1.fastq.gz,ftp://ftp.sra.ebi.ac.uk/vol1/fastq/ERR143/083/ERR14394283/ERR14394283_1.fastq.gz,ftp://ftp.sra.ebi.ac.uk/vol1/fastq/ERR143/084/ERR14394284/ERR14394284_1.fastq.gz,ftp://ftp.sra.ebi.ac.uk/vol1/fastq/ERR156/031/ERR15627331/ERR15627331_1.fastq.gz,ftp://ftp.sra.ebi.ac.uk/vol1/fastq/ERR143/082/ERR14394282/ERR14394282_2.fastq.gz,ftp://ftp.sra.ebi.ac.uk/vol1/fastq/ERR143/083/ERR14394283/ERR14394283_2.fastq.gz,ftp://ftp.sra.ebi.ac.uk/vol1/fastq/ERR143/084/ERR14394284/ERR14394284_2.fastq.gz,ftp://ftp.sra.ebi.ac.uk/vol1/fastq/ERR156/031/ERR15627331/ERR15627331_2.fastq.gz
RCN18590,Vietnam,AmpSeqV2,Resistant,Sensitive,Sensitive,Resistant,Resistant,Resistant,Sensitive,Sensitive,Resistant,Undetermined,ERR15627332,19705867.0,ERR14394285,38162.0,ERR14394286,39754.0,ERR14394287,88.0,ftp://ftp.sra.ebi.ac.uk/vol1/fastq/ERR143/085/ERR14394285/ERR14394285_1.fastq.gz,ftp://ftp.sra.ebi.ac.uk/vol1/fastq/ERR143/086/ERR14394286/ERR14394286_1.fastq.gz,ftp://ftp.sra.ebi.ac.uk/vol1/fastq/ERR143/087/ERR14394287/ERR14394287_1.fastq.gz,ftp://ftp.sra.ebi.ac.uk/vol1/fastq/ERR156/032/ERR15627332/ERR15627332_1.fastq.gz,ftp://ftp.sra.ebi.ac.uk/vol1/fastq/ERR143/085/ERR14394285/ERR14394285_2.fastq.gz,ftp://ftp.sra.ebi.ac.uk/vol1/fastq/ERR143/086/ERR14394286/ERR14394286_2.fastq.gz,ftp://ftp.sra.ebi.ac.uk/vol1/fastq/ERR143/087/ERR14394287/ERR14394287_2.fastq.gz,ftp://ftp.sra.ebi.ac.uk/vol1/fastq/ERR156/032/ERR15627332/ERR15627332_2.fastq.gz
RCN18591,Vietnam,AmpSeqV2,Resistant,Sensitive,Sensitive,Resistant,Resistant,Resistant,Sensitive,Sensitive,Resistant,Undetermined,ERR15627333,18139854.0,ERR14394288,66248.0,ERR14394289,39246.0,ERR14394290,108.0,ftp://ftp.sra.ebi.ac.uk/vol1/fastq/ERR143/088/ERR14394288/ERR14394288_1.fastq.gz,ftp://ftp.sra.ebi.ac.uk/vol1/fastq/ERR143/089/ERR14394289/ERR14394289_1.fastq.gz,ftp://ftp.sra.ebi.ac.uk/vol1/fastq/ERR143/090/ERR14394290/ERR14394290_1.fastq.gz,ftp://ftp.sra.ebi.ac.uk/vol1/fastq/ERR156/033/ERR15627333/ERR15627333_1.fastq.gz,ftp://ftp.sra.ebi.ac.uk/vol1/fastq/ERR143/088/ERR14394288/ERR14394288_2.fastq.gz,ftp://ftp.sra.ebi.ac.uk/vol1/fastq/ERR143/089/ERR14394289/ERR14394289_2.fastq.gz,ftp://ftp.sra.ebi.ac.uk/vol1/fastq/ERR143/090/ERR14394290/ERR14394290_2.fastq.gz,ftp://ftp.sra.ebi.ac.uk/vol1/fastq/ERR156/033/ERR15627333/ERR15627333_2.fastq.gz
RCN18593,Vietnam,AmpSeqV2,Resistant,Resistant,Sensitive,Resistant,Resistant,Resistant,Resistant,Sensitive,Resistant,Undetermined,ERR15627334,6284234.0,ERR14394294,39819.0,ERR14394295,34630.0,ERR14394296,1774.0,ftp://ftp.sra.ebi.ac.uk/vol1/fastq/ERR143/094/ERR14394294/ERR14394294_1.fastq.gz,ftp://ftp.sra.ebi.ac.uk/vol1/fastq/ERR143/095/ERR14394295/ERR14394295_1.fastq.gz,ftp://ftp.sra.ebi.ac.uk/vol1/fastq/ERR143/096/ERR14394296/ERR14394296_1.fastq.gz,ftp://ftp.sra.ebi.ac.uk/vol1/fastq/ERR156/034/ERR15627334/ERR15627334_1.fastq.gz,ftp://ftp.sra.ebi.ac.uk/vol1/fastq/ERR143/094/ERR14394294/ERR14394294_2.fastq.gz,ftp://ftp.sra.ebi.ac.uk/vol1/fastq/ERR143/095/ERR14394295/ERR14394295_2.fastq.gz,ftp://ftp.sra.ebi.ac.uk/vol1/fastq/ERR143/096/ERR14394296/ERR14394296_2.fastq.gz,ftp://ftp.sra.ebi.ac.uk/vol1/fastq/ERR156/034/ERR15627334/ERR15627334_2.fastq.gz
RCN18594,Vietnam,AmpSeqV2,Resistant,Resistant,Sensitive,Resistant,Resistant,Resistant,Resistant,Sensitive,Resistant,Undetermined,ERR15627335,12458104.0,ERR14394297,44739.0,ERR14394298,34818.0,ERR14394299,1188.0,ftp://ftp.sra.ebi.ac.uk/vol1/fastq/ERR143/097/ERR14394297/ERR14394297_1.fastq.gz,ftp://ftp.sra.ebi.ac.uk/vol1/fastq/ERR143/098/ERR14394298/ERR14394298_1.fastq.gz,ftp://ftp.sra.ebi.ac.uk/vol1/fastq/ERR143/099/ERR14394299/ERR14394299_1.fastq.gz,ftp://ftp.sra.ebi.ac.uk/vol1/fastq/ERR156/035/ERR15627335/ERR15627335_1.fastq.gz,ftp://ftp.sra.ebi.ac.uk/vol1/fastq/ERR143/097/ERR14394297/ERR14394297_2.fastq.gz,ftp://ftp.sra.ebi.ac.uk/vol1/fastq/ERR143/098/ERR14394298/ERR14394298_2.fastq.gz,ftp://ftp.sra.ebi.ac.uk/vol1/fastq/ERR143/099/ERR14394299/ERR14394299_2.fastq.gz,ftp://ftp.sra.ebi.ac.uk/vol1/fastq/ERR156/035/ERR15627335/ERR15627335_2.fastq.gz
RCN18603,Vietnam,AmpSeqV2,Resistant,Resistant,Sensitive,Resistant,Resistant,Resistant,Resistant,Sensitive,Resistant,Undetermined,ERR15627336,18848234.0,ERR14394303,4717.0,ERR14394304,23457.0,ERR14394305,91.0,ftp://ftp.sra.ebi.ac.uk/vol1/fastq/ERR143/003/ERR14394303/ERR14394303_1.fastq.gz,ftp://ftp.sra.ebi.ac.uk/vol1/fastq/ERR143/004/ERR14394304/ERR14394304_1.fastq.gz,ftp://ftp.sra.ebi.ac.uk/vol1/fastq/ERR143/005/ERR14394305/ERR14394305_1.fastq.gz,ftp://ftp.sra.ebi.ac.uk/vol1/fastq/ERR156/036/ERR15627336/ERR15627336_1.fastq.gz,ftp://ftp.sra.ebi.ac.uk/vol1/fastq/ERR143/003/ERR14394303/ERR14394303_2.fastq.gz,ftp://ftp.sra.ebi.ac.uk/vol1/fastq/ERR143/004/ERR14394304/ERR14394304_2.fastq.gz,ftp://ftp.sra.ebi.ac.uk/vol1/fastq/ERR143/005/ERR14394305/ERR14394305_2.fastq.gz,ftp://ftp.sra.ebi.ac.uk/vol1/fastq/ERR156/036/ERR15627336/ERR15627336_2.fastq.gz
RCN18607,Vietnam,AmpSeqV2,Resistant,Resistant,Sensitive,Resistant,Resistant,Resistant,Resistant,Sensitive,Resistant,Undetermined,ERR15627339,13776408.0,ERR14394315,85217.0,ERR14394316,65037.0,ERR14394317,1858.0,ftp://ftp.sra.ebi.ac.uk/vol1/fastq/ERR143/015/ERR14394315/ERR14394315_1.fastq.gz,ftp://ftp.sra.ebi.ac.uk/vol1/fastq/ERR143/016/ERR14394316/ERR14394316_1.fastq.gz,ftp://ftp.sra.ebi.ac.uk/vol1/fastq/ERR143/017/ERR14394317/ERR14394317_1.fastq.gz,ftp://ftp.sra.ebi.ac.uk/vol1/fastq/ERR156/039/ERR15627339/ERR15627339_1.fastq.gz,ftp://ftp.sra.ebi.ac.uk/vol1/fastq/ERR143/015/ERR14394315/ERR14394315_2.fastq.gz,ftp://ftp.sra.ebi.ac.uk/vol1/fastq/ERR143/016/ERR14394316/ERR14394316_2.fastq.gz,ftp://ftp.sra.ebi.ac.uk/vol1/fastq/ERR143/017/ERR14394317/ERR14394317_2.fastq.gz,ftp://ftp.sra.ebi.ac.uk/vol1/fastq/ERR156/039/ERR15627339/ERR15627339_2.fastq.gz
RCN18611,Vietnam,AmpSeqV2,Resistant,Resistant,Sensitive,Resistant,Resistant,Resistant,Resistant,Sensitive,Resistant,Undetermined,ERR15627341,12608049.0,ERR14394327,52520.0,ERR14394328,38819.0,ERR14394329,2194.0,ftp://ftp.sra.ebi.ac.uk/vol1/fastq/ERR143/027/ERR14394327/ERR14394327_1.fastq.gz,ftp://ftp.sra.ebi.ac.uk/vol1/fastq/ERR143/028/ERR14394328/ERR14394328_1.fastq.gz,ftp://ftp.sra.ebi.ac.uk/vol1/fastq/ERR143/029/ERR14394329/ERR14394329_1.fastq.gz,ftp://ftp.sra.ebi.ac.uk/vol1/fastq/ERR156/041/ERR15627341/ERR15627341_1.fastq.gz,ftp://ftp.sra.ebi.ac.uk/vol1/fastq/ERR143/027/ERR14394327/ERR14394327_2.fastq.gz,ftp://ftp.sra.ebi.ac.uk/vol1/fastq/ERR143/028/ERR14394328/ERR14394328_2.fastq.gz,ftp://ftp.sra.ebi.ac.uk/vol1/fastq/ERR143/029/ERR14394329/ERR14394329_2.fastq.gz,ftp://ftp.sra.ebi.ac.uk/vol1/fastq/ERR156/041/ERR15627341/ERR15627341_2.fastq.gz
RCN18612,Vietnam,AmpSeqV2,Resistant,Resistant,Sensitive,Resistant,Resistant,Resistant,Resistant,Sensitive,Resistant,Undetermined,ERR15627342,18588580.0,ERR14394330,47201.0,ERR14394331,44360.0,ERR14394332,304.0,ftp://ftp.sra.ebi.ac.uk/vol1/fastq/ERR143/030/ERR14394330/ERR14394330_1.fastq.gz,ftp://ftp.sra.ebi.ac.uk/vol1/fastq/ERR143/031/ERR14394331/ERR14394331_1.fastq.gz,ftp://ftp.sra.ebi.ac.uk/vol1/fastq/ERR143/032/ERR14394332/ERR14394332_1.fastq.gz,ftp://ftp.sra.ebi.ac.uk/vol1/fastq/ERR156/042/ERR15627342/ERR15627342_1.fastq.gz,ftp://ftp.sra.ebi.ac.uk/vol1/fastq/ERR143/030/ERR14394330/ERR14394330_2.fastq.gz,ftp://ftp.sra.ebi.ac.uk/vol1/fastq/ERR143/031/ERR14394331/ERR14394331_2.fastq.gz,ftp://ftp.sra.ebi.ac.uk/vol1/fastq/ERR143/032/ERR14394332/ERR14394332_2.fastq.gz,ftp://ftp.sra.ebi.ac.uk/vol1/fastq/ERR156/042/ERR15627342/ERR15627342_2.fastq.gz
RCN18613,Vietnam,AmpSeqV2,Resistant,Resistant,Sensitive,Resistant,Resistant,Resistant,Resistant,Sensitive,Resistant,Undetermined,ERR15627343,13863475.0,ERR14394333,51150.0,ERR14394334,37619.0,ERR14394335,603.0,ftp://ftp.sra.ebi.ac.uk/vol1/fastq/ERR143/033/ERR14394333/ERR14394333_1.fastq.gz,ftp://ftp.sra.ebi.ac.uk/vol1/fastq/ERR143/034/ERR14394334/ERR14394334_1.fastq.gz,ftp://ftp.sra.ebi.ac.uk/vol1/fastq/ERR143/035/ERR14394335/ERR14394335_1.fastq.gz,ftp://ftp.sra.ebi.ac.uk/vol1/fastq/ERR156/043/ERR15627343/ERR15627343_1.fastq.gz,ftp://ftp.sra.ebi.ac.uk/vol1/fastq/ERR143/033/ERR14394333/ERR14394333_2.fastq.gz,ftp://ftp.sra.ebi.ac.uk/vol1/fastq/ERR143/034/ERR14394334/ERR14394334_2.fastq.gz,ftp://ftp.sra.ebi.ac.uk/vol1/fastq/ERR143/035/ERR14394335/ERR14394335_2.fastq.gz,ftp://ftp.sra.ebi.ac.uk/vol1/fastq/ERR156/043/ERR15627343/ERR15627343_2.fastq.gz
RCN18614,Vietnam,AmpSeqV2,Resistant,Resistant,Sensitive,Resistant,Resistant,Resistant,Resistant,Sensitive,Resistant,Undetermined,ERR15627344,21290926.0,ERR14394336,63470.0,ERR14394337,39193.0,ERR14394338,789.0,ftp://ftp.sra.ebi.ac.uk/vol1/fastq/ERR143/036/ERR14394336/ERR14394336_1.fastq.gz,ftp://ftp.sra.ebi.ac.uk/vol1/fastq/ERR143/037/ERR14394337/ERR14394337_1.fastq.gz,ftp://ftp.sra.ebi.ac.uk/vol1/fastq/ERR143/038/ERR14394338/ERR14394338_1.fastq.gz,ftp://ftp.sra.ebi.ac.uk/vol1/fastq/ERR156/044/ERR15627344/ERR15627344_1.fastq.gz,ftp://ftp.sra.ebi.ac.uk/vol1/fastq/ERR143/036/ERR14394336/ERR14394336_2.fastq.gz,ftp://ftp.sra.ebi.ac.uk/vol1/fastq/ERR143/037/ERR14394337/ERR14394337_2.fastq.gz,ftp://ftp.sra.ebi.ac.uk/vol1/fastq/ERR143/038/ERR14394338/ERR14394338_2.fastq.gz,ftp://ftp.sra.ebi.ac.uk/vol1/fastq/ERR156/044/ERR15627344/ERR15627344_2.fastq.gz
RCN18615,Vietnam,AmpSeqV2,Resistant,Resistant,Sensitive,Resistant,Resistant,Resistant,Resistant,Sensitive,Resistant,Undetermined,ERR15627345,18200577.0,ERR14394339,67308.0,ERR14394340,40344.0,ERR14394341,775.0,ftp://ftp.sra.ebi.ac.uk/vol1/fastq/ERR143/039/ERR14394339/ERR14394339_1.fastq.gz,ftp://ftp.sra.ebi.ac.uk/vol1/fastq/ERR143/040/ERR14394340/ERR14394340_1.fastq.gz,ftp://ftp.sra.ebi.ac.uk/vol1/fastq/ERR143/041/ERR14394341/ERR14394341_1.fastq.gz,ftp://ftp.sra.ebi.ac.uk/vol1/fastq/ERR156/045/ERR15627345/ERR15627345_1.fastq.gz,ftp://ftp.sra.ebi.ac.uk/vol1/fastq/ERR143/039/ERR14394339/ERR14394339_2.fastq.gz,ftp://ftp.sra.ebi.ac.uk/vol1/fastq/ERR143/040/ERR14394340/ERR14394340_2.fastq.gz,ftp://ftp.sra.ebi.ac.uk/vol1/fastq/ERR143/041/ERR14394341/ERR14394341_2.fastq.gz,ftp://ftp.sra.ebi.ac.uk/vol1/fastq/ERR156/045/ERR15627345/ERR15627345_2.fastq.gz
RCN18618,Vietnam,AmpSeqV2,Resistant,Resistant,Sensitive,Resistant,Resistant,Resistant,Resistant,Sensitive,Resistant,Undetermined,ERR15627346,10299085.0,ERR14394348,61786.0,ERR14394349,38256.0,ERR14394350,825.0,ftp://ftp.sra.ebi.ac.uk/vol1/fastq/ERR143/048/ERR14394348/ERR14394348_1.fastq.gz,ftp://ftp.sra.ebi.ac.uk/vol1/fastq/ERR143/049/ERR14394349/ERR14394349_1.fastq.gz,ftp://ftp.sra.ebi.ac.uk/vol1/fastq/ERR143/050/ERR14394350/ERR14394350_1.fastq.gz,ftp://ftp.sra.ebi.ac.uk/vol1/fastq/ERR156/046/ERR15627346/ERR15627346_1.fastq.gz,ftp://ftp.sra.ebi.ac.uk/vol1/fastq/ERR143/048/ERR14394348/ERR14394348_2.fastq.gz,ftp://ftp.sra.ebi.ac.uk/vol1/fastq/ERR143/049/ERR14394349/ERR14394349_2.fastq.gz,ftp://ftp.sra.ebi.ac.uk/vol1/fastq/ERR143/050/ERR14394350/ERR14394350_2.fastq.gz,ftp://ftp.sra.ebi.ac.uk/vol1/fastq/ERR156/046/ERR15627346/ERR15627346_2.fastq.gz
RCN18619,Vietnam,AmpSeqV2,Resistant,Resistant,Sensitive,Resistant,Resistant,Resistant,Resistant,Sensitive,Resistant,Undetermined,ERR15627347,9337498.0,ERR14394351,46389.0,ERR14394352,29359.0,ERR14394353,266.0,ftp://ftp.sra.ebi.ac.uk/vol1/fastq/ERR143/051/ERR14394351/ERR14394351_1.fastq.gz,ftp://ftp.sra.ebi.ac.uk/vol1/fastq/ERR143/052/ERR14394352/ERR14394352_1.fastq.gz,ftp://ftp.sra.ebi.ac.uk/vol1/fastq/ERR143/053/ERR14394353/ERR14394353_1.fastq.gz,ftp://ftp.sra.ebi.ac.uk/vol1/fastq/ERR156/047/ERR15627347/ERR15627347_1.fastq.gz,ftp://ftp.sra.ebi.ac.uk/vol1/fastq/ERR143/051/ERR14394351/ERR14394351_2.fastq.gz,ftp://ftp.sra.ebi.ac.uk/vol1/fastq/ERR143/052/ERR14394352/ERR14394352_2.fastq.gz,ftp://ftp.sra.ebi.ac.uk/vol1/fastq/ERR143/053/ERR14394353/ERR14394353_2.fastq.gz,ftp://ftp.sra.ebi.ac.uk/vol1/fastq/ERR156/047/ERR15627347/ERR15627347_2.fastq.gz
RCN18621,Vietnam,AmpSeqV2,Resistant,Resistant,Sensitive,Resistant,Resistant,Resistant,Resistant,Sensitive,Resistant,Undetermined,ERR15627349,11107757.0,ERR14394357,51345.0,ERR14394358,42471.0,ERR14394359,1150.0,ftp://ftp.sra.ebi.ac.uk/vol1/fastq/ERR143/057/ERR14394357/ERR14394357_1.fastq.gz,ftp://ftp.sra.ebi.ac.uk/vol1/fastq/ERR143/058/ERR14394358/ERR14394358_1.fastq.gz,ftp://ftp.sra.ebi.ac.uk/vol1/fastq/ERR143/059/ERR14394359/ERR14394359_1.fastq.gz,ftp://ftp.sra.ebi.ac.uk/vol1/fastq/ERR156/049/ERR15627349/ERR15627349_1.fastq.gz,ftp://ftp.sra.ebi.ac.uk/vol1/fastq/ERR143/057/ERR14394357/ERR14394357_2.fastq.gz,ftp://ftp.sra.ebi.ac.uk/vol1/fastq/ERR143/058/ERR14394358/ERR14394358_2.fastq.gz,ftp://ftp.sra.ebi.ac.uk/vol1/fastq/ERR143/059/ERR14394359/ERR14394359_2.fastq.gz,ftp://ftp.sra.ebi.ac.uk/vol1/fastq/ERR156/049/ERR15627349/ERR15627349_2.fastq.gz
RCN18622,Vietnam,AmpSeqV2,Resistant,Resistant,Sensitive,Resistant,Resistant,Resistant,Resistant,Sensitive,Resistant,Undetermined,ERR15627350,11760101.0,ERR14394360,34780.0,ERR14394361,46982.0,ERR14394362,1365.0,ftp://ftp.sra.ebi.ac.uk/vol1/fastq/ERR143/060/ERR14394360/ERR14394360_1.fastq.gz,ftp://ftp.sra.ebi.ac.uk/vol1/fastq/ERR143/061/ERR14394361/ERR14394361_1.fastq.gz,ftp://ftp.sra.ebi.ac.uk/vol1/fastq/ERR143/062/ERR14394362/ERR14394362_1.fastq.gz,ftp://ftp.sra.ebi.ac.uk/vol1/fastq/ERR156/050/ERR15627350/ERR15627350_1.fastq.gz,ftp://ftp.sra.ebi.ac.uk/vol1/fastq/ERR143/060/ERR14394360/ERR14394360_2.fastq.gz,ftp://ftp.sra.ebi.ac.uk/vol1/fastq/ERR143/061/ERR14394361/ERR14394361_2.fastq.gz,ftp://ftp.sra.ebi.ac.uk/vol1/fastq/ERR143/062/ERR14394362/ERR14394362_2.fastq.gz,ftp://ftp.sra.ebi.ac.uk/vol1/fastq/ERR156/050/ERR15627350/ERR15627350_2.fastq.gz
RCN18627,Vietnam,AmpSeqV2,Resistant,Resistant,Sensitive,Resistant,Resistant,Resistant,Resistant,Sensitive,Resistant,Undetermined,ERR15627352,15587744.0,ERR14394372,44493.0,ERR14394373,29099.0,ERR14394374,343.0,ftp://ftp.sra.ebi.ac.uk/vol1/fastq/ERR143/072/ERR14394372/ERR14394372_1.fastq.gz,ftp://ftp.sra.ebi.ac.uk/vol1/fastq/ERR143/073/ERR14394373/ERR14394373_1.fastq.gz,ftp://ftp.sra.ebi.ac.uk/vol1/fastq/ERR143/074/ERR14394374/ERR14394374_1.fastq.gz,ftp://ftp.sra.ebi.ac.uk/vol1/fastq/ERR156/052/ERR15627352/ERR15627352_1.fastq.gz,ftp://ftp.sra.ebi.ac.uk/vol1/fastq/ERR143/072/ERR14394372/ERR14394372_2.fastq.gz,ftp://ftp.sra.ebi.ac.uk/vol1/fastq/ERR143/073/ERR14394373/ERR14394373_2.fastq.gz,ftp://ftp.sra.ebi.ac.uk/vol1/fastq/ERR143/074/ERR14394374/ERR14394374_2.fastq.gz,ftp://ftp.sra.ebi.ac.uk/vol1/fastq/ERR156/052/ERR15627352/ERR15627352_2.fastq.gz
RCN18630,Vietnam,AmpSeqV2,Resistant,Resistant,Sensitive,Resistant,Resistant,Resistant,Resistant,Sensitive,Resistant,Undetermined,ERR15627354,19865962.0,ERR14394381,17187.0,ERR14394382,30818.0,ERR14394383,696.0,ftp://ftp.sra.ebi.ac.uk/vol1/fastq/ERR143/081/ERR14394381/ERR14394381_1.fastq.gz,ftp://ftp.sra.ebi.ac.uk/vol1/fastq/ERR143/082/ERR14394382/ERR14394382_1.fastq.gz,ftp://ftp.sra.ebi.ac.uk/vol1/fastq/ERR143/083/ERR14394383/ERR14394383_1.fastq.gz,ftp://ftp.sra.ebi.ac.uk/vol1/fastq/ERR156/054/ERR15627354/ERR15627354_1.fastq.gz,ftp://ftp.sra.ebi.ac.uk/vol1/fastq/ERR143/081/ERR14394381/ERR14394381_2.fastq.gz,ftp://ftp.sra.ebi.ac.uk/vol1/fastq/ERR143/082/ERR14394382/ERR14394382_2.fastq.gz,ftp://ftp.sra.ebi.ac.uk/vol1/fastq/ERR143/083/ERR14394383/ERR14394383_2.fastq.gz,ftp://ftp.sra.ebi.ac.uk/vol1/fastq/ERR156/054/ERR15627354/ERR15627354_2.fastq.gz
RCN18631,Vietnam,AmpSeqV2,Resistant,Resistant,Sensitive,Resistant,Resistant,Resistant,Resistant,Sensitive,Resistant,Undetermined,ERR15627355,12325891.0,ERR14394384,37948.0,ERR14394385,43947.0,ERR14394386,1743.0,ftp://ftp.sra.ebi.ac.uk/vol1/fastq/ERR143/084/ERR14394384/ERR14394384_1.fastq.gz,ftp://ftp.sra.ebi.ac.uk/vol1/fastq/ERR143/085/ERR14394385/ERR14394385_1.fastq.gz,ftp://ftp.sra.ebi.ac.uk/vol1/fastq/ERR143/086/ERR14394386/ERR14394386_1.fastq.gz,ftp://ftp.sra.ebi.ac.uk/vol1/fastq/ERR156/055/ERR15627355/ERR15627355_1.fastq.gz,ftp://ftp.sra.ebi.ac.uk/vol1/fastq/ERR143/084/ERR14394384/ERR14394384_2.fastq.gz,ftp://ftp.sra.ebi.ac.uk/vol1/fastq/ERR143/085/ERR14394385/ERR14394385_2.fastq.gz,ftp://ftp.sra.ebi.ac.uk/vol1/fastq/ERR143/086/ERR14394386/ERR14394386_2.fastq.gz,ftp://ftp.sra.ebi.ac.uk/vol1/fastq/ERR156/055/ERR15627355/ERR15627355_2.fastq.gz
RCN18633,Vietnam,AmpSeqV2,Resistant,Resistant,Sensitive,Resistant,Resistant,Resistant,Resistant,Sensitive,Resistant,Undetermined,ERR15627356,11558657.0,ERR14394390,20177.0,ERR14394391,34065.0,ERR14394392,238.0,ftp://ftp.sra.ebi.ac.uk/vol1/fastq/ERR143/090/ERR14394390/ERR14394390_1.fastq.gz,ftp://ftp.sra.ebi.ac.uk/vol1/fastq/ERR143/091/ERR14394391/ERR14394391_1.fastq.gz,ftp://ftp.sra.ebi.ac.uk/vol1/fastq/ERR143/092/ERR14394392/ERR14394392_1.fastq.gz,ftp://ftp.sra.ebi.ac.uk/vol1/fastq/ERR156/056/ERR15627356/ERR15627356_1.fastq.gz,ftp://ftp.sra.ebi.ac.uk/vol1/fastq/ERR143/090/ERR14394390/ERR14394390_2.fastq.gz,ftp://ftp.sra.ebi.ac.uk/vol1/fastq/ERR143/091/ERR14394391/ERR14394391_2.fastq.gz,ftp://ftp.sra.ebi.ac.uk/vol1/fastq/ERR143/092/ERR14394392/ERR14394392_2.fastq.gz,ftp://ftp.sra.ebi.ac.uk/vol1/fastq/ERR156/056/ERR15627356/ERR15627356_2.fastq.gz
RCN18634,Vietnam,AmpSeqV2,Resistant,Resistant,Sensitive,Resistant,Resistant,Resistant,Resistant,Sensitive,Resistant,Undetermined,ERR15627357,17396259.0,ERR14394393,33115.0,ERR14394394,28421.0,ERR14394395,1336.0,ftp://ftp.sra.ebi.ac.uk/vol1/fastq/ERR143/093/ERR14394393/ERR14394393_1.fastq.gz,ftp://ftp.sra.ebi.ac.uk/vol1/fastq/ERR143/094/ERR14394394/ERR14394394_1.fastq.gz,ftp://ftp.sra.ebi.ac.uk/vol1/fastq/ERR143/095/ERR14394395/ERR14394395_1.fastq.gz,ftp://ftp.sra.ebi.ac.uk/vol1/fastq/ERR156/057/ERR15627357/ERR15627357_1.fastq.gz,ftp://ftp.sra.ebi.ac.uk/vol1/fastq/ERR143/093/ERR14394393/ERR14394393_2.fastq.gz,ftp://ftp.sra.ebi.ac.uk/vol1/fastq/ERR143/094/ERR14394394/ERR14394394_2.fastq.gz,ftp://ftp.sra.ebi.ac.uk/vol1/fastq/ERR143/095/ERR14394395/ERR14394395_2.fastq.gz,ftp://ftp.sra.ebi.ac.uk/vol1/fastq/ERR156/057/ERR15627357/ERR15627357_2.fastq.gz
RCN18635,Vietnam,AmpSeqV2,Resistant,Resistant,Sensitive,Resistant,Resistant,Resistant,Resistant,Sensitive,Resistant,Undetermined,ERR15627358,15361845.0,ERR14394396,39918.0,ERR14394397,33651.0,ERR14394398,693.0,ftp://ftp.sra.ebi.ac.uk/vol1/fastq/ERR143/096/ERR14394396/ERR14394396_1.fastq.gz,ftp://ftp.sra.ebi.ac.uk/vol1/fastq/ERR143/097/ERR14394397/ERR14394397_1.fastq.gz,ftp://ftp.sra.ebi.ac.uk/vol1/fastq/ERR143/098/ERR14394398/ERR14394398_1.fastq.gz,ftp://ftp.sra.ebi.ac.uk/vol1/fastq/ERR156/058/ERR15627358/ERR15627358_1.fastq.gz,ftp://ftp.sra.ebi.ac.uk/vol1/fastq/ERR143/096/ERR14394396/ERR14394396_2.fastq.gz,ftp://ftp.sra.ebi.ac.uk/vol1/fastq/ERR143/097/ERR14394397/ERR14394397_2.fastq.gz,ftp://ftp.sra.ebi.ac.uk/vol1/fastq/ERR143/098/ERR14394398/ERR14394398_2.fastq.gz,ftp://ftp.sra.ebi.ac.uk/vol1/fastq/ERR156/058/ERR15627358/ERR15627358_2.fastq.gz
RCN18636,Vietnam,AmpSeqV2,Resistant,Resistant,Sensitive,Resistant,Resistant,Resistant,Resistant,Sensitive,Resistant,Undetermined,ERR15627359,12993783.0,ERR14394399,16771.0,ERR14394400,41509.0,ERR14394401,1525.0,ftp://ftp.sra.ebi.ac.uk/vol1/fastq/ERR143/099/ERR14394399/ERR14394399_1.fastq.gz,ftp://ftp.sra.ebi.ac.uk/vol1/fastq/ERR143/000/ERR14394400/ERR14394400_1.fastq.gz,ftp://ftp.sra.ebi.ac.uk/vol1/fastq/ERR143/001/ERR14394401/ERR14394401_1.fastq.gz,ftp://ftp.sra.ebi.ac.uk/vol1/fastq/ERR156/059/ERR15627359/ERR15627359_1.fastq.gz,ftp://ftp.sra.ebi.ac.uk/vol1/fastq/ERR143/099/ERR14394399/ERR14394399_2.fastq.gz,ftp://ftp.sra.ebi.ac.uk/vol1/fastq/ERR143/000/ERR14394400/ERR14394400_2.fastq.gz,ftp://ftp.sra.ebi.ac.uk/vol1/fastq/ERR143/001/ERR14394401/ERR14394401_2.fastq.gz,ftp://ftp.sra.ebi.ac.uk/vol1/fastq/ERR156/059/ERR15627359/ERR15627359_2.fastq.gz
RCN18637,Vietnam,AmpSeqV2,Resistant,Resistant,Sensitive,Resistant,Resistant,Resistant,Resistant,Sensitive,Resistant,Undetermined,ERR15627360,7835620.0,ERR14394402,62320.0,ERR14394403,43124.0,ERR14394404,1415.0,ftp://ftp.sra.ebi.ac.uk/vol1/fastq/ERR143/002/ERR14394402/ERR14394402_1.fastq.gz,ftp://ftp.sra.ebi.ac.uk/vol1/fastq/ERR143/003/ERR14394403/ERR14394403_1.fastq.gz,ftp://ftp.sra.ebi.ac.uk/vol1/fastq/ERR143/004/ERR14394404/ERR14394404_1.fastq.gz,ftp://ftp.sra.ebi.ac.uk/vol1/fastq/ERR156/060/ERR15627360/ERR15627360_1.fastq.gz,ftp://ftp.sra.ebi.ac.uk/vol1/fastq/ERR143/002/ERR14394402/ERR14394402_2.fastq.gz,ftp://ftp.sra.ebi.ac.uk/vol1/fastq/ERR143/003/ERR14394403/ERR14394403_2.fastq.gz,ftp://ftp.sra.ebi.ac.uk/vol1/fastq/ERR143/004/ERR14394404/ERR14394404_2.fastq.gz,ftp://ftp.sra.ebi.ac.uk/vol1/fastq/ERR156/060/ERR15627360/ERR15627360_2.fastq.gz
RCN18638,Vietnam,AmpSeqV2,Resistant,Resistant,Sensitive,Resistant,Resistant,Resistant,Resistant,Sensitive,Resistant,Undetermined,ERR15627361,13717445.0,ERR14394405,46483.0,ERR14394406,52176.0,ERR14394407,1453.0,ftp://ftp.sra.ebi.ac.uk/vol1/fastq/ERR143/005/ERR14394405/ERR14394405_1.fastq.gz,ftp://ftp.sra.ebi.ac.uk/vol1/fastq/ERR143/006/ERR14394406/ERR14394406_1.fastq.gz,ftp://ftp.sra.ebi.ac.uk/vol1/fastq/ERR143/007/ERR14394407/ERR14394407_1.fastq.gz,ftp://ftp.sra.ebi.ac.uk/vol1/fastq/ERR156/061/ERR15627361/ERR15627361_1.fastq.gz,ftp://ftp.sra.ebi.ac.uk/vol1/fastq/ERR143/005/ERR14394405/ERR14394405_2.fastq.gz,ftp://ftp.sra.ebi.ac.uk/vol1/fastq/ERR143/006/ERR14394406/ERR14394406_2.fastq.gz,ftp://ftp.sra.ebi.ac.uk/vol1/fastq/ERR143/007/ERR14394407/ERR14394407_2.fastq.gz,ftp://ftp.sra.ebi.ac.uk/vol1/fastq/ERR156/061/ERR15627361/ERR15627361_2.fastq.gz
RCN18639,Vietnam,AmpSeqV2,Resistant,Resistant,Sensitive,Resistant,Resistant,Resistant,Resistant,Sensitive,Resistant,Undetermined,ERR15627362,10479381.0,ERR14394408,19177.0,ERR14394409,45746.0,ERR14394410,1196.0,ftp://ftp.sra.ebi.ac.uk/vol1/fastq/ERR143/008/ERR14394408/ERR14394408_1.fastq.gz,ftp://ftp.sra.ebi.ac.uk/vol1/fastq/ERR143/009/ERR14394409/ERR14394409_1.fastq.gz,ftp://ftp.sra.ebi.ac.uk/vol1/fastq/ERR143/010/ERR14394410/ERR14394410_1.fastq.gz,ftp://ftp.sra.ebi.ac.uk/vol1/fastq/ERR156/062/ERR15627362/ERR15627362_1.fastq.gz,ftp://ftp.sra.ebi.ac.uk/vol1/fastq/ERR143/008/ERR14394408/ERR14394408_2.fastq.gz,ftp://ftp.sra.ebi.ac.uk/vol1/fastq/ERR143/009/ERR14394409/ERR14394409_2.fastq.gz,ftp://ftp.sra.ebi.ac.uk/vol1/fastq/ERR143/010/ERR14394410/ERR14394410_2.fastq.gz,ftp://ftp.sra.ebi.ac.uk/vol1/fastq/ERR156/062/ERR15627362/ERR15627362_2.fastq.gz
RCN18641,Vietnam,AmpSeqV2,Resistant,Resistant,Sensitive,Resistant,Resistant,Resistant,Resistant,Sensitive,Resistant,Undetermined,ERR15627364,14722903.0,ERR14394414,23620.0,ERR14394415,41542.0,ERR14394416,896.0,ftp://ftp.sra.ebi.ac.uk/vol1/fastq/ERR143/014/ERR14394414/ERR14394414_1.fastq.gz,ftp://ftp.sra.ebi.ac.uk/vol1/fastq/ERR143/015/ERR14394415/ERR14394415_1.fastq.gz,ftp://ftp.sra.ebi.ac.uk/vol1/fastq/ERR143/016/ERR14394416/ERR14394416_1.fastq.gz,ftp://ftp.sra.ebi.ac.uk/vol1/fastq/ERR156/064/ERR15627364/ERR15627364_1.fastq.gz,ftp://ftp.sra.ebi.ac.uk/vol1/fastq/ERR143/014/ERR14394414/ERR14394414_2.fastq.gz,ftp://ftp.sra.ebi.ac.uk/vol1/fastq/ERR143/015/ERR14394415/ERR14394415_2.fastq.gz,ftp://ftp.sra.ebi.ac.uk/vol1/fastq/ERR143/016/ERR14394416/ERR14394416_2.fastq.gz,ftp://ftp.sra.ebi.ac.uk/vol1/fastq/ERR156/064/ERR15627364/ERR15627364_2.fastq.gz
RCN18644,Vietnam,AmpSeqV2,Resistant,Resistant,Sensitive,Resistant,Resistant,Resistant,Resistant,Sensitive,Resistant,Undetermined,ERR15627363,12169174.0,ERR14394423,15946.0,ERR14394424,40107.0,ERR14394425,1676.0,ftp://ftp.sra.ebi.ac.uk/vol1/fastq/ERR143/023/ERR14394423/ERR14394423_1.fastq.gz,ftp://ftp.sra.ebi.ac.uk/vol1/fastq/ERR143/024/ERR14394424/ERR14394424_1.fastq.gz,ftp://ftp.sra.ebi.ac.uk/vol1/fastq/ERR143/025/ERR14394425/ERR14394425_1.fastq.gz,ftp://ftp.sra.ebi.ac.uk/vol1/fastq/ERR156/063/ERR15627363/ERR15627363_1.fastq.gz,ftp://ftp.sra.ebi.ac.uk/vol1/fastq/ERR143/023/ERR14394423/ERR14394423_2.fastq.gz,ftp://ftp.sra.ebi.ac.uk/vol1/fastq/ERR143/024/ERR14394424/ERR14394424_2.fastq.gz,ftp://ftp.sra.ebi.ac.uk/vol1/fastq/ERR143/025/ERR14394425/ERR14394425_2.fastq.gz,ftp://ftp.sra.ebi.ac.uk/vol1/fastq/ERR156/063/ERR15627363/ERR15627363_2.fastq.gz
RCN18646,Vietnam,AmpSeqV2,Resistant,Resistant,Sensitive,Resistant,Resistant,Resistant,Resistant,Sensitive,Resistant,Undetermined,ERR15627365,11398481.0,ERR14394426,55389.0,ERR14394427,45849.0,ERR14394428,1955.0,ftp://ftp.sra.ebi.ac.uk/vol1/fastq/ERR143/026/ERR14394426/ERR14394426_1.fastq.gz,ftp://ftp.sra.ebi.ac.uk/vol1/fastq/ERR143/027/ERR14394427/ERR14394427_1.fastq.gz,ftp://ftp.sra.ebi.ac.uk/vol1/fastq/ERR143/028/ERR14394428/ERR14394428_1.fastq.gz,ftp://ftp.sra.ebi.ac.uk/vol1/fastq/ERR156/065/ERR15627365/ERR15627365_1.fastq.gz,ftp://ftp.sra.ebi.ac.uk/vol1/fastq/ERR143/026/ERR14394426/ERR14394426_2.fastq.gz,ftp://ftp.sra.ebi.ac.uk/vol1/fastq/ERR143/027/ERR14394427/ERR14394427_2.fastq.gz,ftp://ftp.sra.ebi.ac.uk/vol1/fastq/ERR143/028/ERR14394428/ERR14394428_2.fastq.gz,ftp://ftp.sra.ebi.ac.uk/vol1/fastq/ERR156/065/ERR15627365/ERR15627365_2.fastq.gz
RCN18647,Vietnam,AmpSeqV2,Resistant,Resistant,Sensitive,Resistant,Resistant,Resistant,Resistant,Sensitive,Resistant,Undetermined,ERR15627366,14612824.0,ERR14394429,35064.0,ERR14394430,10167.0,ERR14394431,1927.0,ftp://ftp.sra.ebi.ac.uk/vol1/fastq/ERR143/029/ERR14394429/ERR14394429_1.fastq.gz,ftp://ftp.sra.ebi.ac.uk/vol1/fastq/ERR143/030/ERR14394430/ERR14394430_1.fastq.gz,ftp://ftp.sra.ebi.ac.uk/vol1/fastq/ERR143/031/ERR14394431/ERR14394431_1.fastq.gz,ftp://ftp.sra.ebi.ac.uk/vol1/fastq/ERR156/066/ERR15627366/ERR15627366_1.fastq.gz,ftp://ftp.sra.ebi.ac.uk/vol1/fastq/ERR143/029/ERR14394429/ERR14394429_2.fastq.gz,ftp://ftp.sra.ebi.ac.uk/vol1/fastq/ERR143/030/ERR14394430/ERR14394430_2.fastq.gz,ftp://ftp.sra.ebi.ac.uk/vol1/fastq/ERR143/031/ERR14394431/ERR14394431_2.fastq.gz,ftp://ftp.sra.ebi.ac.uk/vol1/fastq/ERR156/066/ERR15627366/ERR15627366_2.fastq.gz
RCN18651,Vietnam,AmpSeqV2,Resistant,Resistant,Sensitive,Resistant,Resistant,Resistant,Resistant,Sensitive,Resistant,Undetermined,ERR15627368,11514632.0,ERR14394441,8744.0,ERR14394442,36008.0,ERR14394443,792.0,ftp://ftp.sra.ebi.ac.uk/vol1/fastq/ERR143/041/ERR14394441/ERR14394441_1.fastq.gz,ftp://ftp.sra.ebi.ac.uk/vol1/fastq/ERR143/042/ERR14394442/ERR14394442_1.fastq.gz,ftp://ftp.sra.ebi.ac.uk/vol1/fastq/ERR143/043/ERR14394443/ERR14394443_1.fastq.gz,ftp://ftp.sra.ebi.ac.uk/vol1/fastq/ERR156/068/ERR15627368/ERR15627368_1.fastq.gz,ftp://ftp.sra.ebi.ac.uk/vol1/fastq/ERR143/041/ERR14394441/ERR14394441_2.fastq.gz,ftp://ftp.sra.ebi.ac.uk/vol1/fastq/ERR143/042/ERR14394442/ERR14394442_2.fastq.gz,ftp://ftp.sra.ebi.ac.uk/vol1/fastq/ERR143/043/ERR14394443/ERR14394443_2.fastq.gz,ftp://ftp.sra.ebi.ac.uk/vol1/fastq/ERR156/068/ERR15627368/ERR15627368_2.fastq.gz
RCN18654,Vietnam,AmpSeqV2,Resistant,Resistant,Sensitive,Resistant,Resistant,Resistant,Resistant,Sensitive,Resistant,Undetermined,ERR15627369,13203618.0,ERR14394450,29625.0,ERR14394451,37851.0,ERR14394452,1135.0,ftp://ftp.sra.ebi.ac.uk/vol1/fastq/ERR143/050/ERR14394450/ERR14394450_1.fastq.gz,ftp://ftp.sra.ebi.ac.uk/vol1/fastq/ERR143/051/ERR14394451/ERR14394451_1.fastq.gz,ftp://ftp.sra.ebi.ac.uk/vol1/fastq/ERR143/052/ERR14394452/ERR14394452_1.fastq.gz,ftp://ftp.sra.ebi.ac.uk/vol1/fastq/ERR156/069/ERR15627369/ERR15627369_1.fastq.gz,ftp://ftp.sra.ebi.ac.uk/vol1/fastq/ERR143/050/ERR14394450/ERR14394450_2.fastq.gz,ftp://ftp.sra.ebi.ac.uk/vol1/fastq/ERR143/051/ERR14394451/ERR14394451_2.fastq.gz,ftp://ftp.sra.ebi.ac.uk/vol1/fastq/ERR143/052/ERR14394452/ERR14394452_2.fastq.gz,ftp://ftp.sra.ebi.ac.uk/vol1/fastq/ERR156/069/ERR15627369/ERR15627369_2.fastq.gz
RCN18655,Vietnam,AmpSeqV2,Resistant,Resistant,Sensitive,Resistant,Resistant,Resistant,Resistant,Sensitive,Resistant,Undetermined,ERR15627370,17409707.0,ERR14394453,17054.0,ERR14394454,35788.0,ERR14394455,448.0,ftp://ftp.sra.ebi.ac.uk/vol1/fastq/ERR143/053/ERR14394453/ERR14394453_1.fastq.gz,ftp://ftp.sra.ebi.ac.uk/vol1/fastq/ERR143/054/ERR14394454/ERR14394454_1.fastq.gz,ftp://ftp.sra.ebi.ac.uk/vol1/fastq/ERR143/055/ERR14394455/ERR14394455_1.fastq.gz,ftp://ftp.sra.ebi.ac.uk/vol1/fastq/ERR156/070/ERR15627370/ERR15627370_1.fastq.gz,ftp://ftp.sra.ebi.ac.uk/vol1/fastq/ERR143/053/ERR14394453/ERR14394453_2.fastq.gz,ftp://ftp.sra.ebi.ac.uk/vol1/fastq/ERR143/054/ERR14394454/ERR14394454_2.fastq.gz,ftp://ftp.sra.ebi.ac.uk/vol1/fastq/ERR143/055/ERR14394455/ERR14394455_2.fastq.gz,ftp://ftp.sra.ebi.ac.uk/vol1/fastq/ERR156/070/ERR15627370/ERR15627370_2.fastq.gz
RCN18658,Vietnam,AmpSeqV2,Resistant,Resistant,Sensitive,Resistant,Resistant,Resistant,Resistant,Sensitive,Resistant,Undetermined,ERR15627371,15985711.0,ERR14394462,46628.0,ERR14394463,35998.0,ERR14394464,460.0,ftp://ftp.sra.ebi.ac.uk/vol1/fastq/ERR143/062/ERR14394462/ERR14394462_1.fastq.gz,ftp://ftp.sra.ebi.ac.uk/vol1/fastq/ERR143/063/ERR14394463/ERR14394463_1.fastq.gz,ftp://ftp.sra.ebi.ac.uk/vol1/fastq/ERR143/064/ERR14394464/ERR14394464_1.fastq.gz,ftp://ftp.sra.ebi.ac.uk/vol1/fastq/ERR156/071/ERR15627371/ERR15627371_1.fastq.gz,ftp://ftp.sra.ebi.ac.uk/vol1/fastq/ERR143/062/ERR14394462/ERR14394462_2.fastq.gz,ftp://ftp.sra.ebi.ac.uk/vol1/fastq/ERR143/063/ERR14394463/ERR14394463_2.fastq.gz,ftp://ftp.sra.ebi.ac.uk/vol1/fastq/ERR143/064/ERR14394464/ERR14394464_2.fastq.gz,ftp://ftp.sra.ebi.ac.uk/vol1/fastq/ERR156/071/ERR15627371/ERR15627371_2.fastq.gz
RCN18659,Vietnam,AmpSeqV2,Resistant,Resistant,Sensitive,Resistant,Resistant,Resistant,Resistant,Sensitive,Resistant,Undetermined,ERR15627372,13110397.0,ERR14394465,65797.0,ERR14394466,57636.0,ERR14394467,632.0,ftp://ftp.sra.ebi.ac.uk/vol1/fastq/ERR143/065/ERR14394465/ERR14394465_1.fastq.gz,ftp://ftp.sra.ebi.ac.uk/vol1/fastq/ERR143/066/ERR14394466/ERR14394466_1.fastq.gz,ftp://ftp.sra.ebi.ac.uk/vol1/fastq/ERR143/067/ERR14394467/ERR14394467_1.fastq.gz,ftp://ftp.sra.ebi.ac.uk/vol1/fastq/ERR156/072/ERR15627372/ERR15627372_1.fastq.gz,ftp://ftp.sra.ebi.ac.uk/vol1/fastq/ERR143/065/ERR14394465/ERR14394465_2.fastq.gz,ftp://ftp.sra.ebi.ac.uk/vol1/fastq/ERR143/066/ERR14394466/ERR14394466_2.fastq.gz,ftp://ftp.sra.ebi.ac.uk/vol1/fastq/ERR143/067/ERR14394467/ERR14394467_2.fastq.gz,ftp://ftp.sra.ebi.ac.uk/vol1/fastq/ERR156/072/ERR15627372/ERR15627372_2.fastq.gz
RCN18660,Vietnam,AmpSeqV2,Resistant,Resistant,Sensitive,Resistant,Resistant,Resistant,Resistant,Sensitive,Resistant,Undetermined,ERR15627373,17399923.0,ERR14394468,14697.0,ERR14394469,36169.0,ERR14394470,300.0,ftp://ftp.sra.ebi.ac.uk/vol1/fastq/ERR143/068/ERR14394468/ERR14394468_1.fastq.gz,ftp://ftp.sra.ebi.ac.uk/vol1/fastq/ERR143/069/ERR14394469/ERR14394469_1.fastq.gz,ftp://ftp.sra.ebi.ac.uk/vol1/fastq/ERR143/070/ERR14394470/ERR14394470_1.fastq.gz,ftp://ftp.sra.ebi.ac.uk/vol1/fastq/ERR156/073/ERR15627373/ERR15627373_1.fastq.gz,ftp://ftp.sra.ebi.ac.uk/vol1/fastq/ERR143/068/ERR14394468/ERR14394468_2.fastq.gz,ftp://ftp.sra.ebi.ac.uk/vol1/fastq/ERR143/069/ERR14394469/ERR14394469_2.fastq.gz,ftp://ftp.sra.ebi.ac.uk/vol1/fastq/ERR143/070/ERR14394470/ERR14394470_2.fastq.gz,ftp://ftp.sra.ebi.ac.uk/vol1/fastq/ERR156/073/ERR15627373/ERR15627373_2.fastq.gz
RCN18664,Vietnam,AmpSeqV2,Resistant,Resistant,Sensitive,Resistant,Resistant,Resistant,Resistant,Sensitive,Resistant,Undetermined,ERR15627375,16820893.0,ERR14394477,6328.0,ERR14394478,18815.0,ERR14394479,21.0,ftp://ftp.sra.ebi.ac.uk/vol1/fastq/ERR143/077/ERR14394477/ERR14394477_1.fastq.gz,ftp://ftp.sra.ebi.ac.uk/vol1/fastq/ERR143/078/ERR14394478/ERR14394478_1.fastq.gz,ftp://ftp.sra.ebi.ac.uk/vol1/fastq/ERR143/079/ERR14394479/ERR14394479_1.fastq.gz,ftp://ftp.sra.ebi.ac.uk/vol1/fastq/ERR156/075/ERR15627375/ERR15627375_1.fastq.gz,ftp://ftp.sra.ebi.ac.uk/vol1/fastq/ERR143/077/ERR14394477/ERR14394477_2.fastq.gz,ftp://ftp.sra.ebi.ac.uk/vol1/fastq/ERR143/078/ERR14394478/ERR14394478_2.fastq.gz,ftp://ftp.sra.ebi.ac.uk/vol1/fastq/ERR143/079/ERR14394479/ERR14394479_2.fastq.gz,ftp://ftp.sra.ebi.ac.uk/vol1/fastq/ERR156/075/ERR15627375/ERR15627375_2.fastq.gz
RCN18665,Vietnam,AmpSeqV2,Resistant,Resistant,Sensitive,Resistant,Resistant,Resistant,Resistant,Sensitive,Resistant,Undetermined,ERR15627376,13413728.0,ERR14394480,5375.0,ERR14394481,7600.0,ERR14394482,914.0,ftp://ftp.sra.ebi.ac.uk/vol1/fastq/ERR143/080/ERR14394480/ERR14394480_1.fastq.gz,ftp://ftp.sra.ebi.ac.uk/vol1/fastq/ERR143/081/ERR14394481/ERR14394481_1.fastq.gz,ftp://ftp.sra.ebi.ac.uk/vol1/fastq/ERR143/082/ERR14394482/ERR14394482_1.fastq.gz,ftp://ftp.sra.ebi.ac.uk/vol1/fastq/ERR156/076/ERR15627376/ERR15627376_1.fastq.gz,ftp://ftp.sra.ebi.ac.uk/vol1/fastq/ERR143/080/ERR14394480/ERR14394480_2.fastq.gz,ftp://ftp.sra.ebi.ac.uk/vol1/fastq/ERR143/081/ERR14394481/ERR14394481_2.fastq.gz,ftp://ftp.sra.ebi.ac.uk/vol1/fastq/ERR143/082/ERR14394482/ERR14394482_2.fastq.gz,ftp://ftp.sra.ebi.ac.uk/vol1/fastq/ERR156/076/ERR15627376/ERR15627376_2.fastq.gz
RCN18667,Vietnam,AmpSeqV2,Resistant,Resistant,Sensitive,Resistant,Resistant,Resistant,Resistant,Sensitive,Resistant,Undetermined,ERR15627378,14842303.0,ERR14394486,60548.0,ERR14394487,49774.0,ERR14394488,545.0,ftp://ftp.sra.ebi.ac.uk/vol1/fastq/ERR143/086/ERR14394486/ERR14394486_1.fastq.gz,ftp://ftp.sra.ebi.ac.uk/vol1/fastq/ERR143/087/ERR14394487/ERR14394487_1.fastq.gz,ftp://ftp.sra.ebi.ac.uk/vol1/fastq/ERR143/088/ERR14394488/ERR14394488_1.fastq.gz,ftp://ftp.sra.ebi.ac.uk/vol1/fastq/ERR156/078/ERR15627378/ERR15627378_1.fastq.gz,ftp://ftp.sra.ebi.ac.uk/vol1/fastq/ERR143/086/ERR14394486/ERR14394486_2.fastq.gz,ftp://ftp.sra.ebi.ac.uk/vol1/fastq/ERR143/087/ERR14394487/ERR14394487_2.fastq.gz,ftp://ftp.sra.ebi.ac.uk/vol1/fastq/ERR143/088/ERR14394488/ERR14394488_2.fastq.gz,ftp://ftp.sra.ebi.ac.uk/vol1/fastq/ERR156/078/ERR15627378/ERR15627378_2.fastq.gz
RCN18669,Vietnam,AmpSeqV2,Resistant,Resistant,Sensitive,Resistant,Resistant,Resistant,Resistant,Sensitive,Resistant,Undetermined,ERR15627380,13111560.0,ERR14394492,10939.0,ERR14394493,33875.0,ERR14394494,520.0,ftp://ftp.sra.ebi.ac.uk/vol1/fastq/ERR143/092/ERR14394492/ERR14394492_1.fastq.gz,ftp://ftp.sra.ebi.ac.uk/vol1/fastq/ERR143/093/ERR14394493/ERR14394493_1.fastq.gz,ftp://ftp.sra.ebi.ac.uk/vol1/fastq/ERR143/094/ERR14394494/ERR14394494_1.fastq.gz,ftp://ftp.sra.ebi.ac.uk/vol1/fastq/ERR156/080/ERR15627380/ERR15627380_1.fastq.gz,ftp://ftp.sra.ebi.ac.uk/vol1/fastq/ERR143/092/ERR14394492/ERR14394492_2.fastq.gz,ftp://ftp.sra.ebi.ac.uk/vol1/fastq/ERR143/093/ERR14394493/ERR14394493_2.fastq.gz,ftp://ftp.sra.ebi.ac.uk/vol1/fastq/ERR143/094/ERR14394494/ERR14394494_2.fastq.gz,ftp://ftp.sra.ebi.ac.uk/vol1/fastq/ERR156/080/ERR15627380/ERR15627380_2.fastq.gz
RCN18671,Vietnam,AmpSeqV2,Resistant,Resistant,Sensitive,Resistant,Resistant,Resistant,Resistant,Sensitive,Resistant,Undetermined,ERR15627381,14804434.0,ERR14394498,17044.0,ERR14394499,33176.0,ERR14394500,1588.0,ftp://ftp.sra.ebi.ac.uk/vol1/fastq/ERR143/098/ERR14394498/ERR14394498_1.fastq.gz,ftp://ftp.sra.ebi.ac.uk/vol1/fastq/ERR143/099/ERR14394499/ERR14394499_1.fastq.gz,ftp://ftp.sra.ebi.ac.uk/vol1/fastq/ERR143/000/ERR14394500/ERR14394500_1.fastq.gz,ftp://ftp.sra.ebi.ac.uk/vol1/fastq/ERR156/081/ERR15627381/ERR15627381_1.fastq.gz,ftp://ftp.sra.ebi.ac.uk/vol1/fastq/ERR143/098/ERR14394498/ERR14394498_2.fastq.gz,ftp://ftp.sra.ebi.ac.uk/vol1/fastq/ERR143/099/ERR14394499/ERR14394499_2.fastq.gz,ftp://ftp.sra.ebi.ac.uk/vol1/fastq/ERR143/000/ERR14394500/ERR14394500_2.fastq.gz,ftp://ftp.sra.ebi.ac.uk/vol1/fastq/ERR156/081/ERR15627381/ERR15627381_2.fastq.gz
RCN18672,Vietnam,AmpSeqV2,Resistant,Resistant,Sensitive,Resistant,Resistant,Resistant,Resistant,Sensitive,Resistant,Undetermined,ERR15627382,15862603.0,ERR14394501,11234.0,ERR14394502,34753.0,ERR14394503,723.0,ftp://ftp.sra.ebi.ac.uk/vol1/fastq/ERR143/001/ERR14394501/ERR14394501_1.fastq.gz,ftp://ftp.sra.ebi.ac.uk/vol1/fastq/ERR143/002/ERR14394502/ERR14394502_1.fastq.gz,ftp://ftp.sra.ebi.ac.uk/vol1/fastq/ERR143/003/ERR14394503/ERR14394503_1.fastq.gz,ftp://ftp.sra.ebi.ac.uk/vol1/fastq/ERR156/082/ERR15627382/ERR15627382_1.fastq.gz,ftp://ftp.sra.ebi.ac.uk/vol1/fastq/ERR143/001/ERR14394501/ERR14394501_2.fastq.gz,ftp://ftp.sra.ebi.ac.uk/vol1/fastq/ERR143/002/ERR14394502/ERR14394502_2.fastq.gz,ftp://ftp.sra.ebi.ac.uk/vol1/fastq/ERR143/003/ERR14394503/ERR14394503_2.fastq.gz,ftp://ftp.sra.ebi.ac.uk/vol1/fastq/ERR156/082/ERR15627382/ERR15627382_2.fastq.gz
RCN18673,Vietnam,AmpSeqV2,Resistant,Resistant,Sensitive,Resistant,Resistant,Resistant,Resistant,Sensitive,Resistant,Undetermined,ERR15627383,16767564.0,ERR14394504,6466.0,ERR14394505,5681.0,ERR14394506,1033.0,ftp://ftp.sra.ebi.ac.uk/vol1/fastq/ERR143/004/ERR14394504/ERR14394504_1.fastq.gz,ftp://ftp.sra.ebi.ac.uk/vol1/fastq/ERR143/005/ERR14394505/ERR14394505_1.fastq.gz,ftp://ftp.sra.ebi.ac.uk/vol1/fastq/ERR143/006/ERR14394506/ERR14394506_1.fastq.gz,ftp://ftp.sra.ebi.ac.uk/vol1/fastq/ERR156/083/ERR15627383/ERR15627383_1.fastq.gz,ftp://ftp.sra.ebi.ac.uk/vol1/fastq/ERR143/004/ERR14394504/ERR14394504_2.fastq.gz,ftp://ftp.sra.ebi.ac.uk/vol1/fastq/ERR143/005/ERR14394505/ERR14394505_2.fastq.gz,ftp://ftp.sra.ebi.ac.uk/vol1/fastq/ERR143/006/ERR14394506/ERR14394506_2.fastq.gz,ftp://ftp.sra.ebi.ac.uk/vol1/fastq/ERR156/083/ERR15627383/ERR15627383_2.fastq.gz
RCN18675,Vietnam,AmpSeqV2,Resistant,Resistant,Sensitive,Resistant,Resistant,Resistant,Resistant,Sensitive,Resistant,Undetermined,ERR15627384,14156768.0,ERR14394510,65978.0,ERR14394511,49968.0,ERR14394512,1987.0,ftp://ftp.sra.ebi.ac.uk/vol1/fastq/ERR143/010/ERR14394510/ERR14394510_1.fastq.gz,ftp://ftp.sra.ebi.ac.uk/vol1/fastq/ERR143/011/ERR14394511/ERR14394511_1.fastq.gz,ftp://ftp.sra.ebi.ac.uk/vol1/fastq/ERR143/012/ERR14394512/ERR14394512_1.fastq.gz,ftp://ftp.sra.ebi.ac.uk/vol1/fastq/ERR156/084/ERR15627384/ERR15627384_1.fastq.gz,ftp://ftp.sra.ebi.ac.uk/vol1/fastq/ERR143/010/ERR14394510/ERR14394510_2.fastq.gz,ftp://ftp.sra.ebi.ac.uk/vol1/fastq/ERR143/011/ERR14394511/ERR14394511_2.fastq.gz,ftp://ftp.sra.ebi.ac.uk/vol1/fastq/ERR143/012/ERR14394512/ERR14394512_2.fastq.gz,ftp://ftp.sra.ebi.ac.uk/vol1/fastq/ERR156/084/ERR15627384/ERR15627384_2.fastq.gz
RCN18676,Vietnam,AmpSeqV2,Resistant,Resistant,Sensitive,Resistant,Resistant,Resistant,Resistant,Sensitive,Resistant,Undetermined,ERR15627385,16397797.0,ERR14394513,73192.0,ERR14394514,42058.0,ERR14394515,1207.0,ftp://ftp.sra.ebi.ac.uk/vol1/fastq/ERR143/013/ERR14394513/ERR14394513_1.fastq.gz,ftp://ftp.sra.ebi.ac.uk/vol1/fastq/ERR143/014/ERR14394514/ERR14394514_1.fastq.gz,ftp://ftp.sra.ebi.ac.uk/vol1/fastq/ERR143/015/ERR14394515/ERR14394515_1.fastq.gz,ftp://ftp.sra.ebi.ac.uk/vol1/fastq/ERR156/085/ERR15627385/ERR15627385_1.fastq.gz,ftp://ftp.sra.ebi.ac.uk/vol1/fastq/ERR143/013/ERR14394513/ERR14394513_2.fastq.gz,ftp://ftp.sra.ebi.ac.uk/vol1/fastq/ERR143/014/ERR14394514/ERR14394514_2.fastq.gz,ftp://ftp.sra.ebi.ac.uk/vol1/fastq/ERR143/015/ERR14394515/ERR14394515_2.fastq.gz,ftp://ftp.sra.ebi.ac.uk/vol1/fastq/ERR156/085/ERR15627385/ERR15627385_2.fastq.gz
RCN18677,Vietnam,AmpSeqV2,Resistant,Resistant,Sensitive,Resistant,Resistant,Resistant,Resistant,Sensitive,Resistant,Undetermined,ERR15627386,11354356.0,ERR14394516,15933.0,ERR14394517,36124.0,ERR14394518,484.0,ftp://ftp.sra.ebi.ac.uk/vol1/fastq/ERR143/016/ERR14394516/ERR14394516_1.fastq.gz,ftp://ftp.sra.ebi.ac.uk/vol1/fastq/ERR143/017/ERR14394517/ERR14394517_1.fastq.gz,ftp://ftp.sra.ebi.ac.uk/vol1/fastq/ERR143/018/ERR14394518/ERR14394518_1.fastq.gz,ftp://ftp.sra.ebi.ac.uk/vol1/fastq/ERR156/086/ERR15627386/ERR15627386_1.fastq.gz,ftp://ftp.sra.ebi.ac.uk/vol1/fastq/ERR143/016/ERR14394516/ERR14394516_2.fastq.gz,ftp://ftp.sra.ebi.ac.uk/vol1/fastq/ERR143/017/ERR14394517/ERR14394517_2.fastq.gz,ftp://ftp.sra.ebi.ac.uk/vol1/fastq/ERR143/018/ERR14394518/ERR14394518_2.fastq.gz,ftp://ftp.sra.ebi.ac.uk/vol1/fastq/ERR156/086/ERR15627386/ERR15627386_2.fastq.gz
RCN18680,Vietnam,AmpSeqV2,Resistant,Sensitive,Sensitive,Resistant,Resistant,Resistant,Sensitive,Sensitive,Resistant,Undetermined,ERR15627387,12798721.0,ERR14394522,58744.0,ERR14394523,42040.0,ERR14394524,1567.0,ftp://ftp.sra.ebi.ac.uk/vol1/fastq/ERR143/022/ERR14394522/ERR14394522_1.fastq.gz,ftp://ftp.sra.ebi.ac.uk/vol1/fastq/ERR143/023/ERR14394523/ERR14394523_1.fastq.gz,ftp://ftp.sra.ebi.ac.uk/vol1/fastq/ERR143/024/ERR14394524/ERR14394524_1.fastq.gz,ftp://ftp.sra.ebi.ac.uk/vol1/fastq/ERR156/087/ERR15627387/ERR15627387_1.fastq.gz,ftp://ftp.sra.ebi.ac.uk/vol1/fastq/ERR143/022/ERR14394522/ERR14394522_2.fastq.gz,ftp://ftp.sra.ebi.ac.uk/vol1/fastq/ERR143/023/ERR14394523/ERR14394523_2.fastq.gz,ftp://ftp.sra.ebi.ac.uk/vol1/fastq/ERR143/024/ERR14394524/ERR14394524_2.fastq.gz,ftp://ftp.sra.ebi.ac.uk/vol1/fastq/ERR156/087/ERR15627387/ERR15627387_2.fastq.gz
RCN18681,Vietnam,AmpSeqV2,Resistant,Resistant,Sensitive,Resistant,Resistant,Resistant,Resistant,Sensitive,Resistant,Undetermined,ERR15627388,12580991.0,ERR14394525,6156.0,ERR14394526,7311.0,ERR14394527,364.0,ftp://ftp.sra.ebi.ac.uk/vol1/fastq/ERR143/025/ERR14394525/ERR14394525_1.fastq.gz,ftp://ftp.sra.ebi.ac.uk/vol1/fastq/ERR143/026/ERR14394526/ERR14394526_1.fastq.gz,ftp://ftp.sra.ebi.ac.uk/vol1/fastq/ERR143/027/ERR14394527/ERR14394527_1.fastq.gz,ftp://ftp.sra.ebi.ac.uk/vol1/fastq/ERR156/088/ERR15627388/ERR15627388_1.fastq.gz,ftp://ftp.sra.ebi.ac.uk/vol1/fastq/ERR143/025/ERR14394525/ERR14394525_2.fastq.gz,ftp://ftp.sra.ebi.ac.uk/vol1/fastq/ERR143/026/ERR14394526/ERR14394526_2.fastq.gz,ftp://ftp.sra.ebi.ac.uk/vol1/fastq/ERR143/027/ERR14394527/ERR14394527_2.fastq.gz,ftp://ftp.sra.ebi.ac.uk/vol1/fastq/ERR156/088/ERR15627388/ERR15627388_2.fastq.gz
RCN18682,Vietnam,AmpSeqV2,Resistant,Resistant,Sensitive,Resistant,Resistant,Resistant,Resistant,Sensitive,Resistant,Undetermined,ERR15627389,16264153.0,ERR14394528,10774.0,ERR14394529,28445.0,ERR14394530,449.0,ftp://ftp.sra.ebi.ac.uk/vol1/fastq/ERR143/028/ERR14394528/ERR14394528_1.fastq.gz,ftp://ftp.sra.ebi.ac.uk/vol1/fastq/ERR143/029/ERR14394529/ERR14394529_1.fastq.gz,ftp://ftp.sra.ebi.ac.uk/vol1/fastq/ERR143/030/ERR14394530/ERR14394530_1.fastq.gz,ftp://ftp.sra.ebi.ac.uk/vol1/fastq/ERR156/089/ERR15627389/ERR15627389_1.fastq.gz,ftp://ftp.sra.ebi.ac.uk/vol1/fastq/ERR143/028/ERR14394528/ERR14394528_2.fastq.gz,ftp://ftp.sra.ebi.ac.uk/vol1/fastq/ERR143/029/ERR14394529/ERR14394529_2.fastq.gz,ftp://ftp.sra.ebi.ac.uk/vol1/fastq/ERR143/030/ERR14394530/ERR14394530_2.fastq.gz,ftp://ftp.sra.ebi.ac.uk/vol1/fastq/ERR156/089/ERR15627389/ERR15627389_2.fastq.gz
RCN18683,Vietnam,AmpSeqV2,Resistant,Resistant,Sensitive,Resistant,Resistant,Resistant,Resistant,Sensitive,Resistant,Undetermined,ERR15627390,14488844.0,ERR14394531,96442.0,ERR14394532,60984.0,ERR14394533,2168.0,ftp://ftp.sra.ebi.ac.uk/vol1/fastq/ERR143/031/ERR14394531/ERR14394531_1.fastq.gz,ftp://ftp.sra.ebi.ac.uk/vol1/fastq/ERR143/032/ERR14394532/ERR14394532_1.fastq.gz,ftp://ftp.sra.ebi.ac.uk/vol1/fastq/ERR143/033/ERR14394533/ERR14394533_1.fastq.gz,ftp://ftp.sra.ebi.ac.uk/vol1/fastq/ERR156/090/ERR15627390/ERR15627390_1.fastq.gz,ftp://ftp.sra.ebi.ac.uk/vol1/fastq/ERR143/031/ERR14394531/ERR14394531_2.fastq.gz,ftp://ftp.sra.ebi.ac.uk/vol1/fastq/ERR143/032/ERR14394532/ERR14394532_2.fastq.gz,ftp://ftp.sra.ebi.ac.uk/vol1/fastq/ERR143/033/ERR14394533/ERR14394533_2.fastq.gz,ftp://ftp.sra.ebi.ac.uk/vol1/fastq/ERR156/090/ERR15627390/ERR15627390_2.fastq.gz
RCN18684,Vietnam,AmpSeqV2,Resistant,Resistant,Sensitive,Resistant,Resistant,Resistant,Resistant,Sensitive,Resistant,Undetermined,ERR15627391,13801557.0,ERR14394534,66280.0,ERR14394535,41166.0,ERR14394536,1317.0,ftp://ftp.sra.ebi.ac.uk/vol1/fastq/ERR143/034/ERR14394534/ERR14394534_1.fastq.gz,ftp://ftp.sra.ebi.ac.uk/vol1/fastq/ERR143/035/ERR14394535/ERR14394535_1.fastq.gz,ftp://ftp.sra.ebi.ac.uk/vol1/fastq/ERR143/036/ERR14394536/ERR14394536_1.fastq.gz,ftp://ftp.sra.ebi.ac.uk/vol1/fastq/ERR156/091/ERR15627391/ERR15627391_1.fastq.gz,ftp://ftp.sra.ebi.ac.uk/vol1/fastq/ERR143/034/ERR14394534/ERR14394534_2.fastq.gz,ftp://ftp.sra.ebi.ac.uk/vol1/fastq/ERR143/035/ERR14394535/ERR14394535_2.fastq.gz,ftp://ftp.sra.ebi.ac.uk/vol1/fastq/ERR143/036/ERR14394536/ERR14394536_2.fastq.gz,ftp://ftp.sra.ebi.ac.uk/vol1/fastq/ERR156/091/ERR15627391/ERR15627391_2.fastq.gz
RCN18685,Vietnam,AmpSeqV2,Resistant,Resistant,Sensitive,Resistant,Resistant,Resistant,Resistant,Sensitive,Resistant,Undetermined,ERR15627392,13413163.0,ERR14394537,44064.0,ERR14394538,49097.0,ERR14394539,915.0,ftp://ftp.sra.ebi.ac.uk/vol1/fastq/ERR143/037/ERR14394537/ERR14394537_1.fastq.gz,ftp://ftp.sra.ebi.ac.uk/vol1/fastq/ERR143/038/ERR14394538/ERR14394538_1.fastq.gz,ftp://ftp.sra.ebi.ac.uk/vol1/fastq/ERR143/039/ERR14394539/ERR14394539_1.fastq.gz,ftp://ftp.sra.ebi.ac.uk/vol1/fastq/ERR156/092/ERR15627392/ERR15627392_1.fastq.gz,ftp://ftp.sra.ebi.ac.uk/vol1/fastq/ERR143/037/ERR14394537/ERR14394537_2.fastq.gz,ftp://ftp.sra.ebi.ac.uk/vol1/fastq/ERR143/038/ERR14394538/ERR14394538_2.fastq.gz,ftp://ftp.sra.ebi.ac.uk/vol1/fastq/ERR143/039/ERR14394539/ERR14394539_2.fastq.gz,ftp://ftp.sra.ebi.ac.uk/vol1/fastq/ERR156/092/ERR15627392/ERR15627392_2.fastq.gz
RCN18688,Vietnam,AmpSeqV2,Resistant,Resistant,Sensitive,Resistant,Resistant,Resistant,Resistant,Sensitive,Resistant,Undetermined,ERR15627394,14755147.0,ERR14394546,45364.0,ERR14394547,30767.0,ERR14394548,1298.0,ftp://ftp.sra.ebi.ac.uk/vol1/fastq/ERR143/046/ERR14394546/ERR14394546_1.fastq.gz,ftp://ftp.sra.ebi.ac.uk/vol1/fastq/ERR143/047/ERR14394547/ERR14394547_1.fastq.gz,ftp://ftp.sra.ebi.ac.uk/vol1/fastq/ERR143/048/ERR14394548/ERR14394548_1.fastq.gz,ftp://ftp.sra.ebi.ac.uk/vol1/fastq/ERR156/094/ERR15627394/ERR15627394_1.fastq.gz,ftp://ftp.sra.ebi.ac.uk/vol1/fastq/ERR143/046/ERR14394546/ERR14394546_2.fastq.gz,ftp://ftp.sra.ebi.ac.uk/vol1/fastq/ERR143/047/ERR14394547/ERR14394547_2.fastq.gz,ftp://ftp.sra.ebi.ac.uk/vol1/fastq/ERR143/048/ERR14394548/ERR14394548_2.fastq.gz,ftp://ftp.sra.ebi.ac.uk/vol1/fastq/ERR156/094/ERR15627394/ERR15627394_2.fastq.gz
RCN18689,Vietnam,AmpSeqV2,Resistant,Resistant,Sensitive,Resistant,Resistant,Resistant,Resistant,Sensitive,Resistant,Undetermined,ERR15627395,14758816.0,ERR14394549,8388.0,ERR14394550,3260.0,ERR14394551,296.0,ftp://ftp.sra.ebi.ac.uk/vol1/fastq/ERR143/049/ERR14394549/ERR14394549_1.fastq.gz,ftp://ftp.sra.ebi.ac.uk/vol1/fastq/ERR143/050/ERR14394550/ERR14394550_1.fastq.gz,ftp://ftp.sra.ebi.ac.uk/vol1/fastq/ERR143/051/ERR14394551/ERR14394551_1.fastq.gz,ftp://ftp.sra.ebi.ac.uk/vol1/fastq/ERR156/095/ERR15627395/ERR15627395_1.fastq.gz,ftp://ftp.sra.ebi.ac.uk/vol1/fastq/ERR143/049/ERR14394549/ERR14394549_2.fastq.gz,ftp://ftp.sra.ebi.ac.uk/vol1/fastq/ERR143/050/ERR14394550/ERR14394550_2.fastq.gz,ftp://ftp.sra.ebi.ac.uk/vol1/fastq/ERR143/051/ERR14394551/ERR14394551_2.fastq.gz,ftp://ftp.sra.ebi.ac.uk/vol1/fastq/ERR156/095/ERR15627395/ERR15627395_2.fastq.gz
RCN18691,Vietnam,AmpSeqV2,Resistant,Resistant,Sensitive,Resistant,Resistant,Resistant,Resistant,Sensitive,Resistant,Undetermined,ERR15627397,13859462.0,ERR14394555,36649.0,ERR14394556,19487.0,ERR14394557,1264.0,ftp://ftp.sra.ebi.ac.uk/vol1/fastq/ERR143/055/ERR14394555/ERR14394555_1.fastq.gz,ftp://ftp.sra.ebi.ac.uk/vol1/fastq/ERR143/056/ERR14394556/ERR14394556_1.fastq.gz,ftp://ftp.sra.ebi.ac.uk/vol1/fastq/ERR143/057/ERR14394557/ERR14394557_1.fastq.gz,ftp://ftp.sra.ebi.ac.uk/vol1/fastq/ERR156/097/ERR15627397/ERR15627397_1.fastq.gz,ftp://ftp.sra.ebi.ac.uk/vol1/fastq/ERR143/055/ERR14394555/ERR14394555_2.fastq.gz,ftp://ftp.sra.ebi.ac.uk/vol1/fastq/ERR143/056/ERR14394556/ERR14394556_2.fastq.gz,ftp://ftp.sra.ebi.ac.uk/vol1/fastq/ERR143/057/ERR14394557/ERR14394557_2.fastq.gz,ftp://ftp.sra.ebi.ac.uk/vol1/fastq/ERR156/097/ERR15627397/ERR15627397_2.fastq.gz
RCN18692,Vietnam,AmpSeqV2,Resistant,Resistant,Sensitive,Resistant,Resistant,Resistant,Resistant,Sensitive,Resistant,Undetermined,ERR15627398,16430868.0,ERR14394558,36671.0,ERR14394559,44939.0,ERR14394560,1433.0,ftp://ftp.sra.ebi.ac.uk/vol1/fastq/ERR143/058/ERR14394558/ERR14394558_1.fastq.gz,ftp://ftp.sra.ebi.ac.uk/vol1/fastq/ERR143/059/ERR14394559/ERR14394559_1.fastq.gz,ftp://ftp.sra.ebi.ac.uk/vol1/fastq/ERR143/060/ERR14394560/ERR14394560_1.fastq.gz,ftp://ftp.sra.ebi.ac.uk/vol1/fastq/ERR156/098/ERR15627398/ERR15627398_1.fastq.gz,ftp://ftp.sra.ebi.ac.uk/vol1/fastq/ERR143/058/ERR14394558/ERR14394558_2.fastq.gz,ftp://ftp.sra.ebi.ac.uk/vol1/fastq/ERR143/059/ERR14394559/ERR14394559_2.fastq.gz,ftp://ftp.sra.ebi.ac.uk/vol1/fastq/ERR143/060/ERR14394560/ERR14394560_2.fastq.gz,ftp://ftp.sra.ebi.ac.uk/vol1/fastq/ERR156/098/ERR15627398/ERR15627398_2.fastq.gz
RCN18693,Vietnam,AmpSeqV2,Resistant,Resistant,Sensitive,Resistant,Resistant,Resistant,Resistant,Sensitive,Resistant,Undetermined,ERR15627399,13427468.0,ERR14394561,34884.0,ERR14394562,46064.0,ERR14394563,684.0,ftp://ftp.sra.ebi.ac.uk/vol1/fastq/ERR143/061/ERR14394561/ERR14394561_1.fastq.gz,ftp://ftp.sra.ebi.ac.uk/vol1/fastq/ERR143/062/ERR14394562/ERR14394562_1.fastq.gz,ftp://ftp.sra.ebi.ac.uk/vol1/fastq/ERR143/063/ERR14394563/ERR14394563_1.fastq.gz,ftp://ftp.sra.ebi.ac.uk/vol1/fastq/ERR156/099/ERR15627399/ERR15627399_1.fastq.gz,ftp://ftp.sra.ebi.ac.uk/vol1/fastq/ERR143/061/ERR14394561/ERR14394561_2.fastq.gz,ftp://ftp.sra.ebi.ac.uk/vol1/fastq/ERR143/062/ERR14394562/ERR14394562_2.fastq.gz,ftp://ftp.sra.ebi.ac.uk/vol1/fastq/ERR143/063/ERR14394563/ERR14394563_2.fastq.gz,ftp://ftp.sra.ebi.ac.uk/vol1/fastq/ERR156/099/ERR15627399/ERR15627399_2.fastq.gz
RCN18695,Vietnam,AmpSeqV2,Resistant,Resistant,Sensitive,Resistant,Resistant,Resistant,Resistant,Sensitive,Resistant,Undetermined,ERR15627400,15555356.0,ERR14394567,35715.0,ERR14394568,37046.0,ERR14394569,754.0,ftp://ftp.sra.ebi.ac.uk/vol1/fastq/ERR143/067/ERR14394567/ERR14394567_1.fastq.gz,ftp://ftp.sra.ebi.ac.uk/vol1/fastq/ERR143/068/ERR14394568/ERR14394568_1.fastq.gz,ftp://ftp.sra.ebi.ac.uk/vol1/fastq/ERR143/069/ERR14394569/ERR14394569_1.fastq.gz,ftp://ftp.sra.ebi.ac.uk/vol1/fastq/ERR156/000/ERR15627400/ERR15627400_1.fastq.gz,ftp://ftp.sra.ebi.ac.uk/vol1/fastq/ERR143/067/ERR14394567/ERR14394567_2.fastq.gz,ftp://ftp.sra.ebi.ac.uk/vol1/fastq/ERR143/068/ERR14394568/ERR14394568_2.fastq.gz,ftp://ftp.sra.ebi.ac.uk/vol1/fastq/ERR143/069/ERR14394569/ERR14394569_2.fastq.gz,ftp://ftp.sra.ebi.ac.uk/vol1/fastq/ERR156/000/ERR15627400/ERR15627400_2.fastq.gz
RCN18696,Vietnam,AmpSeqV2,Resistant,Resistant,Sensitive,Resistant,Resistant,Resistant,Resistant,Sensitive,Resistant,Undetermined,ERR15627401,12818994.0,ERR14394570,30146.0,ERR14394571,33693.0,ERR14394572,996.0,ftp://ftp.sra.ebi.ac.uk/vol1/fastq/ERR143/070/ERR14394570/ERR14394570_1.fastq.gz,ftp://ftp.sra.ebi.ac.uk/vol1/fastq/ERR143/071/ERR14394571/ERR14394571_1.fastq.gz,ftp://ftp.sra.ebi.ac.uk/vol1/fastq/ERR143/072/ERR14394572/ERR14394572_1.fastq.gz,ftp://ftp.sra.ebi.ac.uk/vol1/fastq/ERR156/001/ERR15627401/ERR15627401_1.fastq.gz,ftp://ftp.sra.ebi.ac.uk/vol1/fastq/ERR143/070/ERR14394570/ERR14394570_2.fastq.gz,ftp://ftp.sra.ebi.ac.uk/vol1/fastq/ERR143/071/ERR14394571/ERR14394571_2.fastq.gz,ftp://ftp.sra.ebi.ac.uk/vol1/fastq/ERR143/072/ERR14394572/ERR14394572_2.fastq.gz,ftp://ftp.sra.ebi.ac.uk/vol1/fastq/ERR156/001/ERR15627401/ERR15627401_2.fastq.gz
RCN18697,Vietnam,AmpSeqV2,Resistant,Resistant,Sensitive,Resistant,Resistant,Resistant,Resistant,Sensitive,Resistant,Undetermined,ERR15627402,12867190.0,ERR14394573,6512.0,ERR14394574,3222.0,ERR14394575,656.0,ftp://ftp.sra.ebi.ac.uk/vol1/fastq/ERR143/073/ERR14394573/ERR14394573_1.fastq.gz,ftp://ftp.sra.ebi.ac.uk/vol1/fastq/ERR143/074/ERR14394574/ERR14394574_1.fastq.gz,ftp://ftp.sra.ebi.ac.uk/vol1/fastq/ERR143/075/ERR14394575/ERR14394575_1.fastq.gz,ftp://ftp.sra.ebi.ac.uk/vol1/fastq/ERR156/002/ERR15627402/ERR15627402_1.fastq.gz,ftp://ftp.sra.ebi.ac.uk/vol1/fastq/ERR143/073/ERR14394573/ERR14394573_2.fastq.gz,ftp://ftp.sra.ebi.ac.uk/vol1/fastq/ERR143/074/ERR14394574/ERR14394574_2.fastq.gz,ftp://ftp.sra.ebi.ac.uk/vol1/fastq/ERR143/075/ERR14394575/ERR14394575_2.fastq.gz,ftp://ftp.sra.ebi.ac.uk/vol1/fastq/ERR156/002/ERR15627402/ERR15627402_2.fastq.gz
RCN18698,Vietnam,AmpSeqV2,Resistant,Resistant,Sensitive,Resistant,Resistant,Resistant,Resistant,Sensitive,Resistant,Undetermined,ERR15627403,15530055.0,ERR14394576,19413.0,ERR14394577,38488.0,ERR14394578,583.0,ftp://ftp.sra.ebi.ac.uk/vol1/fastq/ERR143/076/ERR14394576/ERR14394576_1.fastq.gz,ftp://ftp.sra.ebi.ac.uk/vol1/fastq/ERR143/077/ERR14394577/ERR14394577_1.fastq.gz,ftp://ftp.sra.ebi.ac.uk/vol1/fastq/ERR143/078/ERR14394578/ERR14394578_1.fastq.gz,ftp://ftp.sra.ebi.ac.uk/vol1/fastq/ERR156/003/ERR15627403/ERR15627403_1.fastq.gz,ftp://ftp.sra.ebi.ac.uk/vol1/fastq/ERR143/076/ERR14394576/ERR14394576_2.fastq.gz,ftp://ftp.sra.ebi.ac.uk/vol1/fastq/ERR143/077/ERR14394577/ERR14394577_2.fastq.gz,ftp://ftp.sra.ebi.ac.uk/vol1/fastq/ERR143/078/ERR14394578/ERR14394578_2.fastq.gz,ftp://ftp.sra.ebi.ac.uk/vol1/fastq/ERR156/003/ERR15627403/ERR15627403_2.fastq.gz
RCN18699,Vietnam,AmpSeqV2,Resistant,Resistant,Sensitive,Resistant,Resistant,Resistant,Resistant,Sensitive,Resistant,Undetermined,ERR15627404,17174929.0,ERR14394579,59588.0,ERR14394580,39213.0,ERR14394581,1898.0,ftp://ftp.sra.ebi.ac.uk/vol1/fastq/ERR143/079/ERR14394579/ERR14394579_1.fastq.gz,ftp://ftp.sra.ebi.ac.uk/vol1/fastq/ERR143/080/ERR14394580/ERR14394580_1.fastq.gz,ftp://ftp.sra.ebi.ac.uk/vol1/fastq/ERR143/081/ERR14394581/ERR14394581_1.fastq.gz,ftp://ftp.sra.ebi.ac.uk/vol1/fastq/ERR156/004/ERR15627404/ERR15627404_1.fastq.gz,ftp://ftp.sra.ebi.ac.uk/vol1/fastq/ERR143/079/ERR14394579/ERR14394579_2.fastq.gz,ftp://ftp.sra.ebi.ac.uk/vol1/fastq/ERR143/080/ERR14394580/ERR14394580_2.fastq.gz,ftp://ftp.sra.ebi.ac.uk/vol1/fastq/ERR143/081/ERR14394581/ERR14394581_2.fastq.gz,ftp://ftp.sra.ebi.ac.uk/vol1/fastq/ERR156/004/ERR15627404/ERR15627404_2.fastq.gz
RCN18700,Vietnam,AmpSeqV2,Resistant,Resistant,Sensitive,Resistant,Resistant,Resistant,Resistant,Sensitive,Resistant,Undetermined,ERR15627405,11602914.0,ERR14394582,81470.0,ERR14394583,55439.0,ERR14394584,1696.0,ftp://ftp.sra.ebi.ac.uk/vol1/fastq/ERR143/082/ERR14394582/ERR14394582_1.fastq.gz,ftp://ftp.sra.ebi.ac.uk/vol1/fastq/ERR143/083/ERR14394583/ERR14394583_1.fastq.gz,ftp://ftp.sra.ebi.ac.uk/vol1/fastq/ERR143/084/ERR14394584/ERR14394584_1.fastq.gz,ftp://ftp.sra.ebi.ac.uk/vol1/fastq/ERR156/005/ERR15627405/ERR15627405_1.fastq.gz,ftp://ftp.sra.ebi.ac.uk/vol1/fastq/ERR143/082/ERR14394582/ERR14394582_2.fastq.gz,ftp://ftp.sra.ebi.ac.uk/vol1/fastq/ERR143/083/ERR14394583/ERR14394583_2.fastq.gz,ftp://ftp.sra.ebi.ac.uk/vol1/fastq/ERR143/084/ERR14394584/ERR14394584_2.fastq.gz,ftp://ftp.sra.ebi.ac.uk/vol1/fastq/ERR156/005/ERR15627405/ERR15627405_2.fastq.gz
RCN18704,Vietnam,AmpSeqV2,Resistant,Resistant,Sensitive,Resistant,Resistant,Resistant,Resistant,Sensitive,Resistant,Undetermined,ERR15627407,16531785.0,ERR14394591,50555.0,ERR14394592,36475.0,ERR14394593,1727.0,ftp://ftp.sra.ebi.ac.uk/vol1/fastq/ERR143/091/ERR14394591/ERR14394591_1.fastq.gz,ftp://ftp.sra.ebi.ac.uk/vol1/fastq/ERR143/092/ERR14394592/ERR14394592_1.fastq.gz,ftp://ftp.sra.ebi.ac.uk/vol1/fastq/ERR143/093/ERR14394593/ERR14394593_1.fastq.gz,ftp://ftp.sra.ebi.ac.uk/vol1/fastq/ERR156/007/ERR15627407/ERR15627407_1.fastq.gz,ftp://ftp.sra.ebi.ac.uk/vol1/fastq/ERR143/091/ERR14394591/ERR14394591_2.fastq.gz,ftp://ftp.sra.ebi.ac.uk/vol1/fastq/ERR143/092/ERR14394592/ERR14394592_2.fastq.gz,ftp://ftp.sra.ebi.ac.uk/vol1/fastq/ERR143/093/ERR14394593/ERR14394593_2.fastq.gz,ftp://ftp.sra.ebi.ac.uk/vol1/fastq/ERR156/007/ERR15627407/ERR15627407_2.fastq.gz
RCN18705,Vietnam,AmpSeqV2,Resistant,Resistant,Sensitive,Resistant,Resistant,Resistant,Resistant,Sensitive,Resistant,Undetermined,ERR15627408,15749412.0,ERR14394594,10884.0,ERR14394595,6920.0,ERR14394596,660.0,ftp://ftp.sra.ebi.ac.uk/vol1/fastq/ERR143/094/ERR14394594/ERR14394594_1.fastq.gz,ftp://ftp.sra.ebi.ac.uk/vol1/fastq/ERR143/095/ERR14394595/ERR14394595_1.fastq.gz,ftp://ftp.sra.ebi.ac.uk/vol1/fastq/ERR143/096/ERR14394596/ERR14394596_1.fastq.gz,ftp://ftp.sra.ebi.ac.uk/vol1/fastq/ERR156/008/ERR15627408/ERR15627408_1.fastq.gz,ftp://ftp.sra.ebi.ac.uk/vol1/fastq/ERR143/094/ERR14394594/ERR14394594_2.fastq.gz,ftp://ftp.sra.ebi.ac.uk/vol1/fastq/ERR143/095/ERR14394595/ERR14394595_2.fastq.gz,ftp://ftp.sra.ebi.ac.uk/vol1/fastq/ERR143/096/ERR14394596/ERR14394596_2.fastq.gz,ftp://ftp.sra.ebi.ac.uk/vol1/fastq/ERR156/008/ERR15627408/ERR15627408_2.fastq.gz
RCN18706,Vietnam,AmpSeqV2,Resistant,Resistant,Sensitive,Resistant,Resistant,Resistant,Resistant,Sensitive,Resistant,Undetermined,ERR15627409,15912073.0,ERR14394597,64709.0,ERR14394598,49622.0,ERR14394599,1414.0,ftp://ftp.sra.ebi.ac.uk/vol1/fastq/ERR143/097/ERR14394597/ERR14394597_1.fastq.gz,ftp://ftp.sra.ebi.ac.uk/vol1/fastq/ERR143/098/ERR14394598/ERR14394598_1.fastq.gz,ftp://ftp.sra.ebi.ac.uk/vol1/fastq/ERR143/099/ERR14394599/ERR14394599_1.fastq.gz,ftp://ftp.sra.ebi.ac.uk/vol1/fastq/ERR156/009/ERR15627409/ERR15627409_1.fastq.gz,ftp://ftp.sra.ebi.ac.uk/vol1/fastq/ERR143/097/ERR14394597/ERR14394597_2.fastq.gz,ftp://ftp.sra.ebi.ac.uk/vol1/fastq/ERR143/098/ERR14394598/ERR14394598_2.fastq.gz,ftp://ftp.sra.ebi.ac.uk/vol1/fastq/ERR143/099/ERR14394599/ERR14394599_2.fastq.gz,ftp://ftp.sra.ebi.ac.uk/vol1/fastq/ERR156/009/ERR15627409/ERR15627409_2.fastq.gz
RCN18707,Vietnam,AmpSeqV2,Resistant,Resistant,Sensitive,Resistant,Resistant,Resistant,Resistant,Sensitive,Resistant,Undetermined,ERR15627410,14538246.0,ERR14394600,58671.0,ERR14394601,40109.0,ERR14394602,1037.0,ftp://ftp.sra.ebi.ac.uk/vol1/fastq/ERR143/000/ERR14394600/ERR14394600_1.fastq.gz,ftp://ftp.sra.ebi.ac.uk/vol1/fastq/ERR143/001/ERR14394601/ERR14394601_1.fastq.gz,ftp://ftp.sra.ebi.ac.uk/vol1/fastq/ERR143/002/ERR14394602/ERR14394602_1.fastq.gz,ftp://ftp.sra.ebi.ac.uk/vol1/fastq/ERR156/010/ERR15627410/ERR15627410_1.fastq.gz,ftp://ftp.sra.ebi.ac.uk/vol1/fastq/ERR143/000/ERR14394600/ERR14394600_2.fastq.gz,ftp://ftp.sra.ebi.ac.uk/vol1/fastq/ERR143/001/ERR14394601/ERR14394601_2.fastq.gz,ftp://ftp.sra.ebi.ac.uk/vol1/fastq/ERR143/002/ERR14394602/ERR14394602_2.fastq.gz,ftp://ftp.sra.ebi.ac.uk/vol1/fastq/ERR156/010/ERR15627410/ERR15627410_2.fastq.gz
RCN18708,Vietnam,AmpSeqV2,Resistant,Resistant,Sensitive,Resistant,Resistant,Resistant,Resistant,Sensitive,Resistant,Undetermined,ERR15627411,17089265.0,ERR14394603,69083.0,ERR14394604,48358.0,ERR14394605,1457.0,ftp://ftp.sra.ebi.ac.uk/vol1/fastq/ERR143/003/ERR14394603/ERR14394603_1.fastq.gz,ftp://ftp.sra.ebi.ac.uk/vol1/fastq/ERR143/004/ERR14394604/ERR14394604_1.fastq.gz,ftp://ftp.sra.ebi.ac.uk/vol1/fastq/ERR143/005/ERR14394605/ERR14394605_1.fastq.gz,ftp://ftp.sra.ebi.ac.uk/vol1/fastq/ERR156/011/ERR15627411/ERR15627411_1.fastq.gz,ftp://ftp.sra.ebi.ac.uk/vol1/fastq/ERR143/003/ERR14394603/ERR14394603_2.fastq.gz,ftp://ftp.sra.ebi.ac.uk/vol1/fastq/ERR143/004/ERR14394604/ERR14394604_2.fastq.gz,ftp://ftp.sra.ebi.ac.uk/vol1/fastq/ERR143/005/ERR14394605/ERR14394605_2.fastq.gz,ftp://ftp.sra.ebi.ac.uk/vol1/fastq/ERR156/011/ERR15627411/ERR15627411_2.fastq.gz
RCN18709,Vietnam,AmpSeqV2,Resistant,Resistant,Sensitive,Resistant,Resistant,Resistant,Resistant,Sensitive,Resistant,Undetermined,ERR15627412,17930834.0,ERR14394606,34442.0,ERR14394607,38393.0,ERR14394608,105.0,ftp://ftp.sra.ebi.ac.uk/vol1/fastq/ERR143/006/ERR14394606/ERR14394606_1.fastq.gz,ftp://ftp.sra.ebi.ac.uk/vol1/fastq/ERR143/007/ERR14394607/ERR14394607_1.fastq.gz,ftp://ftp.sra.ebi.ac.uk/vol1/fastq/ERR143/008/ERR14394608/ERR14394608_1.fastq.gz,ftp://ftp.sra.ebi.ac.uk/vol1/fastq/ERR156/012/ERR15627412/ERR15627412_1.fastq.gz,ftp://ftp.sra.ebi.ac.uk/vol1/fastq/ERR143/006/ERR14394606/ERR14394606_2.fastq.gz,ftp://ftp.sra.ebi.ac.uk/vol1/fastq/ERR143/007/ERR14394607/ERR14394607_2.fastq.gz,ftp://ftp.sra.ebi.ac.uk/vol1/fastq/ERR143/008/ERR14394608/ERR14394608_2.fastq.gz,ftp://ftp.sra.ebi.ac.uk/vol1/fastq/ERR156/012/ERR15627412/ERR15627412_2.fastq.gz
RCN18712,Vietnam,AmpSeqV2,Resistant,Resistant,Sensitive,Resistant,Resistant,Resistant,Resistant,Sensitive,Resistant,Undetermined,ERR15627413,19969538.0,ERR14394615,56484.0,ERR14394616,27282.0,ERR14394617,22.0,ftp://ftp.sra.ebi.ac.uk/vol1/fastq/ERR143/015/ERR14394615/ERR14394615_1.fastq.gz,ftp://ftp.sra.ebi.ac.uk/vol1/fastq/ERR143/016/ERR14394616/ERR14394616_1.fastq.gz,ftp://ftp.sra.ebi.ac.uk/vol1/fastq/ERR143/017/ERR14394617/ERR14394617_1.fastq.gz,ftp://ftp.sra.ebi.ac.uk/vol1/fastq/ERR156/013/ERR15627413/ERR15627413_1.fastq.gz,ftp://ftp.sra.ebi.ac.uk/vol1/fastq/ERR143/015/ERR14394615/ERR14394615_2.fastq.gz,ftp://ftp.sra.ebi.ac.uk/vol1/fastq/ERR143/016/ERR14394616/ERR14394616_2.fastq.gz,ftp://ftp.sra.ebi.ac.uk/vol1/fastq/ERR143/017/ERR14394617/ERR14394617_2.fastq.gz,ftp://ftp.sra.ebi.ac.uk/vol1/fastq/ERR156/013/ERR15627413/ERR15627413_2.fastq.gz
RCN18713,Vietnam,AmpSeqV2,Resistant,Resistant,Sensitive,Resistant,Resistant,Resistant,Resistant,Sensitive,Resistant,Undetermined,ERR15627414,18597838.0,ERR14394618,10703.0,ERR14394619,9887.0,ERR14394620,191.0,ftp://ftp.sra.ebi.ac.uk/vol1/fastq/ERR143/018/ERR14394618/ERR14394618_1.fastq.gz,ftp://ftp.sra.ebi.ac.uk/vol1/fastq/ERR143/019/ERR14394619/ERR14394619_1.fastq.gz,ftp://ftp.sra.ebi.ac.uk/vol1/fastq/ERR143/020/ERR14394620/ERR14394620_1.fastq.gz,ftp://ftp.sra.ebi.ac.uk/vol1/fastq/ERR156/014/ERR15627414/ERR15627414_1.fastq.gz,ftp://ftp.sra.ebi.ac.uk/vol1/fastq/ERR143/018/ERR14394618/ERR14394618_2.fastq.gz,ftp://ftp.sra.ebi.ac.uk/vol1/fastq/ERR143/019/ERR14394619/ERR14394619_2.fastq.gz,ftp://ftp.sra.ebi.ac.uk/vol1/fastq/ERR143/020/ERR14394620/ERR14394620_2.fastq.gz,ftp://ftp.sra.ebi.ac.uk/vol1/fastq/ERR156/014/ERR15627414/ERR15627414_2.fastq.gz
RCN18714,Vietnam,AmpSeqV2,Sensitive,Sensitive,Sensitive,Sensitive,Resistant,Resistant,Sensitive,Sensitive,Resistant,Sensitive,ERR15627415,14228661.0,ERR14394621,64228.0,ERR14394622,49519.0,ERR14394623,1320.0,ftp://ftp.sra.ebi.ac.uk/vol1/fastq/ERR143/021/ERR14394621/ERR14394621_1.fastq.gz,ftp://ftp.sra.ebi.ac.uk/vol1/fastq/ERR143/022/ERR14394622/ERR14394622_1.fastq.gz,ftp://ftp.sra.ebi.ac.uk/vol1/fastq/ERR143/023/ERR14394623/ERR14394623_1.fastq.gz,ftp://ftp.sra.ebi.ac.uk/vol1/fastq/ERR156/015/ERR15627415/ERR15627415_1.fastq.gz,ftp://ftp.sra.ebi.ac.uk/vol1/fastq/ERR143/021/ERR14394621/ERR14394621_2.fastq.gz,ftp://ftp.sra.ebi.ac.uk/vol1/fastq/ERR143/022/ERR14394622/ERR14394622_2.fastq.gz,ftp://ftp.sra.ebi.ac.uk/vol1/fastq/ERR143/023/ERR14394623/ERR14394623_2.fastq.gz,ftp://ftp.sra.ebi.ac.uk/vol1/fastq/ERR156/015/ERR15627415/ERR15627415_2.fastq.gz
RCN18715,Vietnam,AmpSeqV2,Sensitive,Sensitive,Sensitive,Sensitive,Resistant,Resistant,Sensitive,Sensitive,Resistant,Sensitive,ERR15627416,13921582.0,ERR14394624,66378.0,ERR14394625,34489.0,ERR14394626,1127.0,ftp://ftp.sra.ebi.ac.uk/vol1/fastq/ERR143/024/ERR14394624/ERR14394624_1.fastq.gz,ftp://ftp.sra.ebi.ac.uk/vol1/fastq/ERR143/025/ERR14394625/ERR14394625_1.fastq.gz,ftp://ftp.sra.ebi.ac.uk/vol1/fastq/ERR143/026/ERR14394626/ERR14394626_1.fastq.gz,ftp://ftp.sra.ebi.ac.uk/vol1/fastq/ERR156/016/ERR15627416/ERR15627416_1.fastq.gz,ftp://ftp.sra.ebi.ac.uk/vol1/fastq/ERR143/024/ERR14394624/ERR14394624_2.fastq.gz,ftp://ftp.sra.ebi.ac.uk/vol1/fastq/ERR143/025/ERR14394625/ERR14394625_2.fastq.gz,ftp://ftp.sra.ebi.ac.uk/vol1/fastq/ERR143/026/ERR14394626/ERR14394626_2.fastq.gz,ftp://ftp.sra.ebi.ac.uk/vol1/fastq/ERR156/016/ERR15627416/ERR15627416_2.fastq.gz
RCN18717,Vietnam,AmpSeqV2,Sensitive,Sensitive,Sensitive,Sensitive,Resistant,Resistant,Sensitive,Sensitive,Resistant,Sensitive,ERR15627418,21053964.0,ERR14394630,33970.0,ERR14394631,39674.0,ERR14394632,733.0,ftp://ftp.sra.ebi.ac.uk/vol1/fastq/ERR143/030/ERR14394630/ERR14394630_1.fastq.gz,ftp://ftp.sra.ebi.ac.uk/vol1/fastq/ERR143/031/ERR14394631/ERR14394631_1.fastq.gz,ftp://ftp.sra.ebi.ac.uk/vol1/fastq/ERR143/032/ERR14394632/ERR14394632_1.fastq.gz,ftp://ftp.sra.ebi.ac.uk/vol1/fastq/ERR156/018/ERR15627418/ERR15627418_1.fastq.gz,ftp://ftp.sra.ebi.ac.uk/vol1/fastq/ERR143/030/ERR14394630/ERR14394630_2.fastq.gz,ftp://ftp.sra.ebi.ac.uk/vol1/fastq/ERR143/031/ERR14394631/ERR14394631_2.fastq.gz,ftp://ftp.sra.ebi.ac.uk/vol1/fastq/ERR143/032/ERR14394632/ERR14394632_2.fastq.gz,ftp://ftp.sra.ebi.ac.uk/vol1/fastq/ERR156/018/ERR15627418/ERR15627418_2.fastq.gz
RCN18718,Vietnam,AmpSeqV2,Sensitive,Sensitive,Sensitive,Sensitive,Resistant,Resistant,Sensitive,Sensitive,Resistant,Sensitive,ERR15627419,9975745.0,ERR14394633,37606.0,ERR14394634,30234.0,ERR14394635,972.0,ftp://ftp.sra.ebi.ac.uk/vol1/fastq/ERR143/033/ERR14394633/ERR14394633_1.fastq.gz,ftp://ftp.sra.ebi.ac.uk/vol1/fastq/ERR143/034/ERR14394634/ERR14394634_1.fastq.gz,ftp://ftp.sra.ebi.ac.uk/vol1/fastq/ERR143/035/ERR14394635/ERR14394635_1.fastq.gz,ftp://ftp.sra.ebi.ac.uk/vol1/fastq/ERR156/019/ERR15627419/ERR15627419_1.fastq.gz,ftp://ftp.sra.ebi.ac.uk/vol1/fastq/ERR143/033/ERR14394633/ERR14394633_2.fastq.gz,ftp://ftp.sra.ebi.ac.uk/vol1/fastq/ERR143/034/ERR14394634/ERR14394634_2.fastq.gz,ftp://ftp.sra.ebi.ac.uk/vol1/fastq/ERR143/035/ERR14394635/ERR14394635_2.fastq.gz,ftp://ftp.sra.ebi.ac.uk/vol1/fastq/ERR156/019/ERR15627419/ERR15627419_2.fastq.gz
RCN18720,Vietnam,AmpSeqV2,Sensitive,Sensitive,Sensitive,Sensitive,Resistant,Resistant,Sensitive,Sensitive,Resistant,Sensitive,ERR15627421,12893295.0,ERR14394639,38098.0,ERR14394640,21692.0,ERR14394641,1002.0,ftp://ftp.sra.ebi.ac.uk/vol1/fastq/ERR143/039/ERR14394639/ERR14394639_1.fastq.gz,ftp://ftp.sra.ebi.ac.uk/vol1/fastq/ERR143/040/ERR14394640/ERR14394640_1.fastq.gz,ftp://ftp.sra.ebi.ac.uk/vol1/fastq/ERR143/041/ERR14394641/ERR14394641_1.fastq.gz,ftp://ftp.sra.ebi.ac.uk/vol1/fastq/ERR156/021/ERR15627421/ERR15627421_1.fastq.gz,ftp://ftp.sra.ebi.ac.uk/vol1/fastq/ERR143/039/ERR14394639/ERR14394639_2.fastq.gz,ftp://ftp.sra.ebi.ac.uk/vol1/fastq/ERR143/040/ERR14394640/ERR14394640_2.fastq.gz,ftp://ftp.sra.ebi.ac.uk/vol1/fastq/ERR143/041/ERR14394641/ERR14394641_2.fastq.gz,ftp://ftp.sra.ebi.ac.uk/vol1/fastq/ERR156/021/ERR15627421/ERR15627421_2.fastq.gz
RCN18723,Vietnam,AmpSeqV2,Sensitive,Sensitive,Sensitive,Resistant,Resistant,Resistant,Sensitive,Sensitive,Resistant,Sensitive,ERR15627423,16255379.0,ERR14394645,44922.0,ERR14394646,35110.0,ERR14394647,1628.0,ftp://ftp.sra.ebi.ac.uk/vol1/fastq/ERR143/045/ERR14394645/ERR14394645_1.fastq.gz,ftp://ftp.sra.ebi.ac.uk/vol1/fastq/ERR143/046/ERR14394646/ERR14394646_1.fastq.gz,ftp://ftp.sra.ebi.ac.uk/vol1/fastq/ERR143/047/ERR14394647/ERR14394647_1.fastq.gz,ftp://ftp.sra.ebi.ac.uk/vol1/fastq/ERR156/023/ERR15627423/ERR15627423_1.fastq.gz,ftp://ftp.sra.ebi.ac.uk/vol1/fastq/ERR143/045/ERR14394645/ERR14394645_2.fastq.gz,ftp://ftp.sra.ebi.ac.uk/vol1/fastq/ERR143/046/ERR14394646/ERR14394646_2.fastq.gz,ftp://ftp.sra.ebi.ac.uk/vol1/fastq/ERR143/047/ERR14394647/ERR14394647_2.fastq.gz,ftp://ftp.sra.ebi.ac.uk/vol1/fastq/ERR156/023/ERR15627423/ERR15627423_2.fastq.gz
RCN18724,Vietnam,AmpSeqV2,Sensitive,Sensitive,Sensitive,Resistant,Resistant,Resistant,Sensitive,Sensitive,Resistant,Sensitive,ERR15627424,14595290.0,ERR14394648,29668.0,ERR14394649,33562.0,ERR14394650,1258.0,ftp://ftp.sra.ebi.ac.uk/vol1/fastq/ERR143/048/ERR14394648/ERR14394648_1.fastq.gz,ftp://ftp.sra.ebi.ac.uk/vol1/fastq/ERR143/049/ERR14394649/ERR14394649_1.fastq.gz,ftp://ftp.sra.ebi.ac.uk/vol1/fastq/ERR143/050/ERR14394650/ERR14394650_1.fastq.gz,ftp://ftp.sra.ebi.ac.uk/vol1/fastq/ERR156/024/ERR15627424/ERR15627424_1.fastq.gz,ftp://ftp.sra.ebi.ac.uk/vol1/fastq/ERR143/048/ERR14394648/ERR14394648_2.fastq.gz,ftp://ftp.sra.ebi.ac.uk/vol1/fastq/ERR143/049/ERR14394649/ERR14394649_2.fastq.gz,ftp://ftp.sra.ebi.ac.uk/vol1/fastq/ERR143/050/ERR14394650/ERR14394650_2.fastq.gz,ftp://ftp.sra.ebi.ac.uk/vol1/fastq/ERR156/024/ERR15627424/ERR15627424_2.fastq.gz
RCN18725,Vietnam,AmpSeqV2,Resistant,Resistant,Sensitive,Resistant,Resistant,Resistant,Resistant,Sensitive,Resistant,Undetermined,ERR15627425,12938295.0,ERR14394651,12944.0,ERR14394652,41498.0,ERR14394653,1049.0,ftp://ftp.sra.ebi.ac.uk/vol1/fastq/ERR143/051/ERR14394651/ERR14394651_1.fastq.gz,ftp://ftp.sra.ebi.ac.uk/vol1/fastq/ERR143/052/ERR14394652/ERR14394652_1.fastq.gz,ftp://ftp.sra.ebi.ac.uk/vol1/fastq/ERR143/053/ERR14394653/ERR14394653_1.fastq.gz,ftp://ftp.sra.ebi.ac.uk/vol1/fastq/ERR156/025/ERR15627425/ERR15627425_1.fastq.gz,ftp://ftp.sra.ebi.ac.uk/vol1/fastq/ERR143/051/ERR14394651/ERR14394651_2.fastq.gz,ftp://ftp.sra.ebi.ac.uk/vol1/fastq/ERR143/052/ERR14394652/ERR14394652_2.fastq.gz,ftp://ftp.sra.ebi.ac.uk/vol1/fastq/ERR143/053/ERR14394653/ERR14394653_2.fastq.gz,ftp://ftp.sra.ebi.ac.uk/vol1/fastq/ERR156/025/ERR15627425/ERR15627425_2.fastq.gz
RCN18728,Vietnam,AmpSeqV2,Resistant,Resistant,Sensitive,Resistant,Resistant,Resistant,Resistant,Sensitive,Resistant,Undetermined,ERR15627426,14884969.0,ERR14394660,40897.0,ERR14394661,26943.0,ERR14394662,1297.0,ftp://ftp.sra.ebi.ac.uk/vol1/fastq/ERR143/060/ERR14394660/ERR14394660_1.fastq.gz,ftp://ftp.sra.ebi.ac.uk/vol1/fastq/ERR143/061/ERR14394661/ERR14394661_1.fastq.gz,ftp://ftp.sra.ebi.ac.uk/vol1/fastq/ERR143/062/ERR14394662/ERR14394662_1.fastq.gz,ftp://ftp.sra.ebi.ac.uk/vol1/fastq/ERR156/026/ERR15627426/ERR15627426_1.fastq.gz,ftp://ftp.sra.ebi.ac.uk/vol1/fastq/ERR143/060/ERR14394660/ERR14394660_2.fastq.gz,ftp://ftp.sra.ebi.ac.uk/vol1/fastq/ERR143/061/ERR14394661/ERR14394661_2.fastq.gz,ftp://ftp.sra.ebi.ac.uk/vol1/fastq/ERR143/062/ERR14394662/ERR14394662_2.fastq.gz,ftp://ftp.sra.ebi.ac.uk/vol1/fastq/ERR156/026/ERR15627426/ERR15627426_2.fastq.gz
RCN18729,Vietnam,AmpSeqV2,Resistant,Resistant,Sensitive,Resistant,Resistant,Resistant,Resistant,Sensitive,Resistant,Undetermined,ERR15627427,14824784.0,ERR14394663,7432.0,ERR14394664,32193.0,ERR14394665,499.0,ftp://ftp.sra.ebi.ac.uk/vol1/fastq/ERR143/063/ERR14394663/ERR14394663_1.fastq.gz,ftp://ftp.sra.ebi.ac.uk/vol1/fastq/ERR143/064/ERR14394664/ERR14394664_1.fastq.gz,ftp://ftp.sra.ebi.ac.uk/vol1/fastq/ERR143/065/ERR14394665/ERR14394665_1.fastq.gz,ftp://ftp.sra.ebi.ac.uk/vol1/fastq/ERR156/027/ERR15627427/ERR15627427_1.fastq.gz,ftp://ftp.sra.ebi.ac.uk/vol1/fastq/ERR143/063/ERR14394663/ERR14394663_2.fastq.gz,ftp://ftp.sra.ebi.ac.uk/vol1/fastq/ERR143/064/ERR14394664/ERR14394664_2.fastq.gz,ftp://ftp.sra.ebi.ac.uk/vol1/fastq/ERR143/065/ERR14394665/ERR14394665_2.fastq.gz,ftp://ftp.sra.ebi.ac.uk/vol1/fastq/ERR156/027/ERR15627427/ERR15627427_2.fastq.gz
RCN18730,Vietnam,AmpSeqV2,Resistant,Resistant,Sensitive,Resistant,Resistant,Resistant,Resistant,Sensitive,Resistant,Undetermined,ERR15627428,14347628.0,ERR14394666,17521.0,ERR14394667,25395.0,ERR14394668,1033.0,ftp://ftp.sra.ebi.ac.uk/vol1/fastq/ERR143/066/ERR14394666/ERR14394666_1.fastq.gz,ftp://ftp.sra.ebi.ac.uk/vol1/fastq/ERR143/067/ERR14394667/ERR14394667_1.fastq.gz,ftp://ftp.sra.ebi.ac.uk/vol1/fastq/ERR143/068/ERR14394668/ERR14394668_1.fastq.gz,ftp://ftp.sra.ebi.ac.uk/vol1/fastq/ERR156/028/ERR15627428/ERR15627428_1.fastq.gz,ftp://ftp.sra.ebi.ac.uk/vol1/fastq/ERR143/066/ERR14394666/ERR14394666_2.fastq.gz,ftp://ftp.sra.ebi.ac.uk/vol1/fastq/ERR143/067/ERR14394667/ERR14394667_2.fastq.gz,ftp://ftp.sra.ebi.ac.uk/vol1/fastq/ERR143/068/ERR14394668/ERR14394668_2.fastq.gz,ftp://ftp.sra.ebi.ac.uk/vol1/fastq/ERR156/028/ERR15627428/ERR15627428_2.fastq.gz
RCN18731,Vietnam,AmpSeqV2,Resistant,Resistant,Sensitive,Resistant,Resistant,Resistant,Resistant,Sensitive,Resistant,Undetermined,ERR15627429,16208654.0,ERR14394669,49229.0,ERR14394670,52503.0,ERR14394671,1991.0,ftp://ftp.sra.ebi.ac.uk/vol1/fastq/ERR143/069/ERR14394669/ERR14394669_1.fastq.gz,ftp://ftp.sra.ebi.ac.uk/vol1/fastq/ERR143/070/ERR14394670/ERR14394670_1.fastq.gz,ftp://ftp.sra.ebi.ac.uk/vol1/fastq/ERR143/071/ERR14394671/ERR14394671_1.fastq.gz,ftp://ftp.sra.ebi.ac.uk/vol1/fastq/ERR156/029/ERR15627429/ERR15627429_1.fastq.gz,ftp://ftp.sra.ebi.ac.uk/vol1/fastq/ERR143/069/ERR14394669/ERR14394669_2.fastq.gz,ftp://ftp.sra.ebi.ac.uk/vol1/fastq/ERR143/070/ERR14394670/ERR14394670_2.fastq.gz,ftp://ftp.sra.ebi.ac.uk/vol1/fastq/ERR143/071/ERR14394671/ERR14394671_2.fastq.gz,ftp://ftp.sra.ebi.ac.uk/vol1/fastq/ERR156/029/ERR15627429/ERR15627429_2.fastq.gz
RCN18732,Vietnam,AmpSeqV2,Resistant,Resistant,Sensitive,Resistant,Resistant,Resistant,Resistant,Sensitive,Resistant,Undetermined,ERR15627430,16761856.0,ERR14394672,35431.0,ERR14394673,25277.0,ERR14394674,726.0,ftp://ftp.sra.ebi.ac.uk/vol1/fastq/ERR143/072/ERR14394672/ERR14394672_1.fastq.gz,ftp://ftp.sra.ebi.ac.uk/vol1/fastq/ERR143/073/ERR14394673/ERR14394673_1.fastq.gz,ftp://ftp.sra.ebi.ac.uk/vol1/fastq/ERR143/074/ERR14394674/ERR14394674_1.fastq.gz,ftp://ftp.sra.ebi.ac.uk/vol1/fastq/ERR156/030/ERR15627430/ERR15627430_1.fastq.gz,ftp://ftp.sra.ebi.ac.uk/vol1/fastq/ERR143/072/ERR14394672/ERR14394672_2.fastq.gz,ftp://ftp.sra.ebi.ac.uk/vol1/fastq/ERR143/073/ERR14394673/ERR14394673_2.fastq.gz,ftp://ftp.sra.ebi.ac.uk/vol1/fastq/ERR143/074/ERR14394674/ERR14394674_2.fastq.gz,ftp://ftp.sra.ebi.ac.uk/vol1/fastq/ERR156/030/ERR15627430/ERR15627430_2.fastq.gz
RCN18733,Vietnam,AmpSeqV2,Resistant,Resistant,Sensitive,Resistant,Resistant,Resistant,Resistant,Sensitive,Resistant,Undetermined,ERR15627431,8098228.0,ERR14394675,20892.0,ERR14394676,19019.0,ERR14394677,19.0,ftp://ftp.sra.ebi.ac.uk/vol1/fastq/ERR143/075/ERR14394675/ERR14394675_1.fastq.gz,ftp://ftp.sra.ebi.ac.uk/vol1/fastq/ERR143/076/ERR14394676/ERR14394676_1.fastq.gz,ftp://ftp.sra.ebi.ac.uk/vol1/fastq/ERR143/077/ERR14394677/ERR14394677_1.fastq.gz,ftp://ftp.sra.ebi.ac.uk/vol1/fastq/ERR156/031/ERR15627431/ERR15627431_1.fastq.gz,ftp://ftp.sra.ebi.ac.uk/vol1/fastq/ERR143/075/ERR14394675/ERR14394675_2.fastq.gz,ftp://ftp.sra.ebi.ac.uk/vol1/fastq/ERR143/076/ERR14394676/ERR14394676_2.fastq.gz,ftp://ftp.sra.ebi.ac.uk/vol1/fastq/ERR143/077/ERR14394677/ERR14394677_2.fastq.gz,ftp://ftp.sra.ebi.ac.uk/vol1/fastq/ERR156/031/ERR15627431/ERR15627431_2.fastq.gz
RCN18734,Vietnam,AmpSeqV2,Resistant,Resistant,Sensitive,Resistant,Resistant,Resistant,Resistant,Sensitive,Resistant,Undetermined,ERR15627432,9650232.0,ERR14394678,6841.0,ERR14394679,10637.0,ERR14394680,665.0,ftp://ftp.sra.ebi.ac.uk/vol1/fastq/ERR143/078/ERR14394678/ERR14394678_1.fastq.gz,ftp://ftp.sra.ebi.ac.uk/vol1/fastq/ERR143/079/ERR14394679/ERR14394679_1.fastq.gz,ftp://ftp.sra.ebi.ac.uk/vol1/fastq/ERR143/080/ERR14394680/ERR14394680_1.fastq.gz,ftp://ftp.sra.ebi.ac.uk/vol1/fastq/ERR156/032/ERR15627432/ERR15627432_1.fastq.gz,ftp://ftp.sra.ebi.ac.uk/vol1/fastq/ERR143/078/ERR14394678/ERR14394678_2.fastq.gz,ftp://ftp.sra.ebi.ac.uk/vol1/fastq/ERR143/079/ERR14394679/ERR14394679_2.fastq.gz,ftp://ftp.sra.ebi.ac.uk/vol1/fastq/ERR143/080/ERR14394680/ERR14394680_2.fastq.gz,ftp://ftp.sra.ebi.ac.uk/vol1/fastq/ERR156/032/ERR15627432/ERR15627432_2.fastq.gz
RCN18735,Vietnam,AmpSeqV2,Resistant,Resistant,Sensitive,Resistant,Resistant,Resistant,Resistant,Sensitive,Resistant,Undetermined,ERR15627433,13274859.0,ERR14394681,41031.0,ERR14394682,26267.0,ERR14394683,1075.0,ftp://ftp.sra.ebi.ac.uk/vol1/fastq/ERR143/081/ERR14394681/ERR14394681_1.fastq.gz,ftp://ftp.sra.ebi.ac.uk/vol1/fastq/ERR143/082/ERR14394682/ERR14394682_1.fastq.gz,ftp://ftp.sra.ebi.ac.uk/vol1/fastq/ERR143/083/ERR14394683/ERR14394683_1.fastq.gz,ftp://ftp.sra.ebi.ac.uk/vol1/fastq/ERR156/033/ERR15627433/ERR15627433_1.fastq.gz,ftp://ftp.sra.ebi.ac.uk/vol1/fastq/ERR143/081/ERR14394681/ERR14394681_2.fastq.gz,ftp://ftp.sra.ebi.ac.uk/vol1/fastq/ERR143/082/ERR14394682/ERR14394682_2.fastq.gz,ftp://ftp.sra.ebi.ac.uk/vol1/fastq/ERR143/083/ERR14394683/ERR14394683_2.fastq.gz,ftp://ftp.sra.ebi.ac.uk/vol1/fastq/ERR156/033/ERR15627433/ERR15627433_2.fastq.gz
RCN18736,Vietnam,AmpSeqV2,Resistant,Resistant,Sensitive,Resistant,Resistant,Resistant,Resistant,Sensitive,Resistant,Undetermined,ERR15627434,14429531.0,ERR14394684,26209.0,ERR14394685,29077.0,ERR14394686,1268.0,ftp://ftp.sra.ebi.ac.uk/vol1/fastq/ERR143/084/ERR14394684/ERR14394684_1.fastq.gz,ftp://ftp.sra.ebi.ac.uk/vol1/fastq/ERR143/085/ERR14394685/ERR14394685_1.fastq.gz,ftp://ftp.sra.ebi.ac.uk/vol1/fastq/ERR143/086/ERR14394686/ERR14394686_1.fastq.gz,ftp://ftp.sra.ebi.ac.uk/vol1/fastq/ERR156/034/ERR15627434/ERR15627434_1.fastq.gz,ftp://ftp.sra.ebi.ac.uk/vol1/fastq/ERR143/084/ERR14394684/ERR14394684_2.fastq.gz,ftp://ftp.sra.ebi.ac.uk/vol1/fastq/ERR143/085/ERR14394685/ERR14394685_2.fastq.gz,ftp://ftp.sra.ebi.ac.uk/vol1/fastq/ERR143/086/ERR14394686/ERR14394686_2.fastq.gz,ftp://ftp.sra.ebi.ac.uk/vol1/fastq/ERR156/034/ERR15627434/ERR15627434_2.fastq.gz
RCN18737,Vietnam,AmpSeqV2,Resistant,Resistant,Sensitive,Resistant,Resistant,Resistant,Resistant,Sensitive,Resistant,Undetermined,ERR15627435,13109389.0,ERR14394687,13241.0,ERR14394688,32797.0,ERR14394689,1029.0,ftp://ftp.sra.ebi.ac.uk/vol1/fastq/ERR143/087/ERR14394687/ERR14394687_1.fastq.gz,ftp://ftp.sra.ebi.ac.uk/vol1/fastq/ERR143/088/ERR14394688/ERR14394688_1.fastq.gz,ftp://ftp.sra.ebi.ac.uk/vol1/fastq/ERR143/089/ERR14394689/ERR14394689_1.fastq.gz,ftp://ftp.sra.ebi.ac.uk/vol1/fastq/ERR156/035/ERR15627435/ERR15627435_1.fastq.gz,ftp://ftp.sra.ebi.ac.uk/vol1/fastq/ERR143/087/ERR14394687/ERR14394687_2.fastq.gz,ftp://ftp.sra.ebi.ac.uk/vol1/fastq/ERR143/088/ERR14394688/ERR14394688_2.fastq.gz,ftp://ftp.sra.ebi.ac.uk/vol1/fastq/ERR143/089/ERR14394689/ERR14394689_2.fastq.gz,ftp://ftp.sra.ebi.ac.uk/vol1/fastq/ERR156/035/ERR15627435/ERR15627435_2.fastq.gz
RCN18738,Vietnam,AmpSeqV2,Resistant,Resistant,Sensitive,Resistant,Resistant,Resistant,Resistant,Sensitive,Resistant,Undetermined,ERR15627436,17752382.0,ERR14394690,37836.0,ERR14394691,37481.0,ERR14394692,1343.0,ftp://ftp.sra.ebi.ac.uk/vol1/fastq/ERR143/090/ERR14394690/ERR14394690_1.fastq.gz,ftp://ftp.sra.ebi.ac.uk/vol1/fastq/ERR143/091/ERR14394691/ERR14394691_1.fastq.gz,ftp://ftp.sra.ebi.ac.uk/vol1/fastq/ERR143/092/ERR14394692/ERR14394692_1.fastq.gz,ftp://ftp.sra.ebi.ac.uk/vol1/fastq/ERR156/036/ERR15627436/ERR15627436_1.fastq.gz,ftp://ftp.sra.ebi.ac.uk/vol1/fastq/ERR143/090/ERR14394690/ERR14394690_2.fastq.gz,ftp://ftp.sra.ebi.ac.uk/vol1/fastq/ERR143/091/ERR14394691/ERR14394691_2.fastq.gz,ftp://ftp.sra.ebi.ac.uk/vol1/fastq/ERR143/092/ERR14394692/ERR14394692_2.fastq.gz,ftp://ftp.sra.ebi.ac.uk/vol1/fastq/ERR156/036/ERR15627436/ERR15627436_2.fastq.gz
RCN18739,Vietnam,AmpSeqV2,Sensitive,Sensitive,Sensitive,Resistant,Resistant,Sensitive,Sensitive,Sensitive,Resistant,Sensitive,ERR15627437,15247142.0,ERR14394693,29401.0,ERR14394694,35555.0,ERR14394695,1387.0,ftp://ftp.sra.ebi.ac.uk/vol1/fastq/ERR143/093/ERR14394693/ERR14394693_1.fastq.gz,ftp://ftp.sra.ebi.ac.uk/vol1/fastq/ERR143/094/ERR14394694/ERR14394694_1.fastq.gz,ftp://ftp.sra.ebi.ac.uk/vol1/fastq/ERR143/095/ERR14394695/ERR14394695_1.fastq.gz,ftp://ftp.sra.ebi.ac.uk/vol1/fastq/ERR156/037/ERR15627437/ERR15627437_1.fastq.gz,ftp://ftp.sra.ebi.ac.uk/vol1/fastq/ERR143/093/ERR14394693/ERR14394693_2.fastq.gz,ftp://ftp.sra.ebi.ac.uk/vol1/fastq/ERR143/094/ERR14394694/ERR14394694_2.fastq.gz,ftp://ftp.sra.ebi.ac.uk/vol1/fastq/ERR143/095/ERR14394695/ERR14394695_2.fastq.gz,ftp://ftp.sra.ebi.ac.uk/vol1/fastq/ERR156/037/ERR15627437/ERR15627437_2.fastq.gz
RCN18740,Vietnam,AmpSeqV2,Resistant,Sensitive,Sensitive,Resistant,Resistant,Resistant,Sensitive,Sensitive,Resistant,Undetermined,ERR15627438,12981557.0,ERR14394696,45390.0,ERR14394697,31158.0,ERR14394698,270.0,ftp://ftp.sra.ebi.ac.uk/vol1/fastq/ERR143/096/ERR14394696/ERR14394696_1.fastq.gz,ftp://ftp.sra.ebi.ac.uk/vol1/fastq/ERR143/097/ERR14394697/ERR14394697_1.fastq.gz,ftp://ftp.sra.ebi.ac.uk/vol1/fastq/ERR143/098/ERR14394698/ERR14394698_1.fastq.gz,ftp://ftp.sra.ebi.ac.uk/vol1/fastq/ERR156/038/ERR15627438/ERR15627438_1.fastq.gz,ftp://ftp.sra.ebi.ac.uk/vol1/fastq/ERR143/096/ERR14394696/ERR14394696_2.fastq.gz,ftp://ftp.sra.ebi.ac.uk/vol1/fastq/ERR143/097/ERR14394697/ERR14394697_2.fastq.gz,ftp://ftp.sra.ebi.ac.uk/vol1/fastq/ERR143/098/ERR14394698/ERR14394698_2.fastq.gz,ftp://ftp.sra.ebi.ac.uk/vol1/fastq/ERR156/038/ERR15627438/ERR15627438_2.fastq.gz
RCN18741,Vietnam,AmpSeqV2,Resistant,Sensitive,Sensitive,Resistant,Resistant,Resistant,Sensitive,Sensitive,Resistant,Undetermined,ERR15627439,12810127.0,ERR14394699,15745.0,ERR14394700,27238.0,ERR14394701,603.0,ftp://ftp.sra.ebi.ac.uk/vol1/fastq/ERR143/099/ERR14394699/ERR14394699_1.fastq.gz,ftp://ftp.sra.ebi.ac.uk/vol1/fastq/ERR143/000/ERR14394700/ERR14394700_1.fastq.gz,ftp://ftp.sra.ebi.ac.uk/vol1/fastq/ERR143/001/ERR14394701/ERR14394701_1.fastq.gz,ftp://ftp.sra.ebi.ac.uk/vol1/fastq/ERR156/039/ERR15627439/ERR15627439_1.fastq.gz,ftp://ftp.sra.ebi.ac.uk/vol1/fastq/ERR143/099/ERR14394699/ERR14394699_2.fastq.gz,ftp://ftp.sra.ebi.ac.uk/vol1/fastq/ERR143/000/ERR14394700/ERR14394700_2.fastq.gz,ftp://ftp.sra.ebi.ac.uk/vol1/fastq/ERR143/001/ERR14394701/ERR14394701_2.fastq.gz,ftp://ftp.sra.ebi.ac.uk/vol1/fastq/ERR156/039/ERR15627439/ERR15627439_2.fastq.gz
RCN18744,Vietnam,AmpSeqV2,Resistant,Sensitive,Sensitive,Resistant,Resistant,Resistant,Sensitive,Sensitive,Resistant,Undetermined,ERR15627441,16974424.0,ERR14394708,17093.0,ERR14394709,29694.0,ERR14394710,1043.0,ftp://ftp.sra.ebi.ac.uk/vol1/fastq/ERR143/008/ERR14394708/ERR14394708_1.fastq.gz,ftp://ftp.sra.ebi.ac.uk/vol1/fastq/ERR143/009/ERR14394709/ERR14394709_1.fastq.gz,ftp://ftp.sra.ebi.ac.uk/vol1/fastq/ERR143/010/ERR14394710/ERR14394710_1.fastq.gz,ftp://ftp.sra.ebi.ac.uk/vol1/fastq/ERR156/041/ERR15627441/ERR15627441_1.fastq.gz,ftp://ftp.sra.ebi.ac.uk/vol1/fastq/ERR143/008/ERR14394708/ERR14394708_2.fastq.gz,ftp://ftp.sra.ebi.ac.uk/vol1/fastq/ERR143/009/ERR14394709/ERR14394709_2.fastq.gz,ftp://ftp.sra.ebi.ac.uk/vol1/fastq/ERR143/010/ERR14394710/ERR14394710_2.fastq.gz,ftp://ftp.sra.ebi.ac.uk/vol1/fastq/ERR156/041/ERR15627441/ERR15627441_2.fastq.gz
RCN18745,Vietnam,AmpSeqV2,Resistant,Sensitive,Sensitive,Resistant,Resistant,Resistant,Sensitive,Sensitive,Resistant,Undetermined,ERR15627442,13521553.0,ERR14394711,7098.0,ERR14394712,18541.0,ERR14394713,1144.0,ftp://ftp.sra.ebi.ac.uk/vol1/fastq/ERR143/011/ERR14394711/ERR14394711_1.fastq.gz,ftp://ftp.sra.ebi.ac.uk/vol1/fastq/ERR143/012/ERR14394712/ERR14394712_1.fastq.gz,ftp://ftp.sra.ebi.ac.uk/vol1/fastq/ERR143/013/ERR14394713/ERR14394713_1.fastq.gz,ftp://ftp.sra.ebi.ac.uk/vol1/fastq/ERR156/042/ERR15627442/ERR15627442_1.fastq.gz,ftp://ftp.sra.ebi.ac.uk/vol1/fastq/ERR143/011/ERR14394711/ERR14394711_2.fastq.gz,ftp://ftp.sra.ebi.ac.uk/vol1/fastq/ERR143/012/ERR14394712/ERR14394712_2.fastq.gz,ftp://ftp.sra.ebi.ac.uk/vol1/fastq/ERR143/013/ERR14394713/ERR14394713_2.fastq.gz,ftp://ftp.sra.ebi.ac.uk/vol1/fastq/ERR156/042/ERR15627442/ERR15627442_2.fastq.gz
RCN18748,Vietnam,AmpSeqV2,Resistant,Sensitive,Sensitive,Resistant,Resistant,Resistant,Sensitive,Sensitive,Resistant,Undetermined,ERR15627445,11673211.0,ERR14394717,36826.0,ERR14394718,24914.0,ERR14394719,431.0,ftp://ftp.sra.ebi.ac.uk/vol1/fastq/ERR143/017/ERR14394717/ERR14394717_1.fastq.gz,ftp://ftp.sra.ebi.ac.uk/vol1/fastq/ERR143/018/ERR14394718/ERR14394718_1.fastq.gz,ftp://ftp.sra.ebi.ac.uk/vol1/fastq/ERR143/019/ERR14394719/ERR14394719_1.fastq.gz,ftp://ftp.sra.ebi.ac.uk/vol1/fastq/ERR156/045/ERR15627445/ERR15627445_1.fastq.gz,ftp://ftp.sra.ebi.ac.uk/vol1/fastq/ERR143/017/ERR14394717/ERR14394717_2.fastq.gz,ftp://ftp.sra.ebi.ac.uk/vol1/fastq/ERR143/018/ERR14394718/ERR14394718_2.fastq.gz,ftp://ftp.sra.ebi.ac.uk/vol1/fastq/ERR143/019/ERR14394719/ERR14394719_2.fastq.gz,ftp://ftp.sra.ebi.ac.uk/vol1/fastq/ERR156/045/ERR15627445/ERR15627445_2.fastq.gz
RCN18749,Vietnam,AmpSeqV2,Resistant,Sensitive,Sensitive,Resistant,Resistant,Resistant,Sensitive,Sensitive,Resistant,Undetermined,ERR15627446,16532018.0,ERR14394720,17367.0,ERR14394721,32576.0,ERR14394722,106.0,ftp://ftp.sra.ebi.ac.uk/vol1/fastq/ERR143/020/ERR14394720/ERR14394720_1.fastq.gz,ftp://ftp.sra.ebi.ac.uk/vol1/fastq/ERR143/021/ERR14394721/ERR14394721_1.fastq.gz,ftp://ftp.sra.ebi.ac.uk/vol1/fastq/ERR143/022/ERR14394722/ERR14394722_1.fastq.gz,ftp://ftp.sra.ebi.ac.uk/vol1/fastq/ERR156/046/ERR15627446/ERR15627446_1.fastq.gz,ftp://ftp.sra.ebi.ac.uk/vol1/fastq/ERR143/020/ERR14394720/ERR14394720_2.fastq.gz,ftp://ftp.sra.ebi.ac.uk/vol1/fastq/ERR143/021/ERR14394721/ERR14394721_2.fastq.gz,ftp://ftp.sra.ebi.ac.uk/vol1/fastq/ERR143/022/ERR14394722/ERR14394722_2.fastq.gz,ftp://ftp.sra.ebi.ac.uk/vol1/fastq/ERR156/046/ERR15627446/ERR15627446_2.fastq.gz
RCN24787,Vietnam,AmpSeqV2,Resistant,Resistant,Sensitive,Resistant,Resistant,Resistant,Resistant,Sensitive,Resistant,Undetermined,ERR15628006,13194578.0,ERR14394723,39012.0,ERR14394724,26288.0,ERR14394725,756.0,ftp://ftp.sra.ebi.ac.uk/vol1/fastq/ERR143/023/ERR14394723/ERR14394723_1.fastq.gz,ftp://ftp.sra.ebi.ac.uk/vol1/fastq/ERR143/024/ERR14394724/ERR14394724_1.fastq.gz,ftp://ftp.sra.ebi.ac.uk/vol1/fastq/ERR143/025/ERR14394725/ERR14394725_1.fastq.gz,ftp://ftp.sra.ebi.ac.uk/vol1/fastq/ERR156/006/ERR15628006/ERR15628006_1.fastq.gz,ftp://ftp.sra.ebi.ac.uk/vol1/fastq/ERR143/023/ERR14394723/ERR14394723_2.fastq.gz,ftp://ftp.sra.ebi.ac.uk/vol1/fastq/ERR143/024/ERR14394724/ERR14394724_2.fastq.gz,ftp://ftp.sra.ebi.ac.uk/vol1/fastq/ERR143/025/ERR14394725/ERR14394725_2.fastq.gz,ftp://ftp.sra.ebi.ac.uk/vol1/fastq/ERR156/006/ERR15628006/ERR15628006_2.fastq.gz
RCN24788,Vietnam,AmpSeqV2,Resistant,Resistant,Sensitive,Resistant,Resistant,Resistant,Resistant,Sensitive,Resistant,Undetermined,ERR15628007,15982835.0,ERR14394726,21800.0,ERR14394727,22273.0,ERR14394728,495.0,ftp://ftp.sra.ebi.ac.uk/vol1/fastq/ERR143/026/ERR14394726/ERR14394726_1.fastq.gz,ftp://ftp.sra.ebi.ac.uk/vol1/fastq/ERR143/027/ERR14394727/ERR14394727_1.fastq.gz,ftp://ftp.sra.ebi.ac.uk/vol1/fastq/ERR143/028/ERR14394728/ERR14394728_1.fastq.gz,ftp://ftp.sra.ebi.ac.uk/vol1/fastq/ERR156/007/ERR15628007/ERR15628007_1.fastq.gz,ftp://ftp.sra.ebi.ac.uk/vol1/fastq/ERR143/026/ERR14394726/ERR14394726_2.fastq.gz,ftp://ftp.sra.ebi.ac.uk/vol1/fastq/ERR143/027/ERR14394727/ERR14394727_2.fastq.gz,ftp://ftp.sra.ebi.ac.uk/vol1/fastq/ERR143/028/ERR14394728/ERR14394728_2.fastq.gz,ftp://ftp.sra.ebi.ac.uk/vol1/fastq/ERR156/007/ERR15628007/ERR15628007_2.fastq.gz
RCN24789,Vietnam,AmpSeqV2,Sensitive,Sensitive,Sensitive,Resistant,Resistant,Resistant,Sensitive,Sensitive,Resistant,Sensitive,ERR15628008,12872727.0,ERR14394729,30412.0,ERR14394730,23958.0,ERR14394731,921.0,ftp://ftp.sra.ebi.ac.uk/vol1/fastq/ERR143/029/ERR14394729/ERR14394729_1.fastq.gz,ftp://ftp.sra.ebi.ac.uk/vol1/fastq/ERR143/030/ERR14394730/ERR14394730_1.fastq.gz,ftp://ftp.sra.ebi.ac.uk/vol1/fastq/ERR143/031/ERR14394731/ERR14394731_1.fastq.gz,ftp://ftp.sra.ebi.ac.uk/vol1/fastq/ERR156/008/ERR15628008/ERR15628008_1.fastq.gz,ftp://ftp.sra.ebi.ac.uk/vol1/fastq/ERR143/029/ERR14394729/ERR14394729_2.fastq.gz,ftp://ftp.sra.ebi.ac.uk/vol1/fastq/ERR143/030/ERR14394730/ERR14394730_2.fastq.gz,ftp://ftp.sra.ebi.ac.uk/vol1/fastq/ERR143/031/ERR14394731/ERR14394731_2.fastq.gz,ftp://ftp.sra.ebi.ac.uk/vol1/fastq/ERR156/008/ERR15628008/ERR15628008_2.fastq.gz
RCN24790,Vietnam,AmpSeqV2,Resistant,Sensitive,Sensitive,Resistant,Resistant,Resistant,Sensitive,Sensitive,Resistant,Undetermined,ERR15628009,14859995.0,ERR14394732,23406.0,ERR14394733,17301.0,ERR14394734,456.0,ftp://ftp.sra.ebi.ac.uk/vol1/fastq/ERR143/032/ERR14394732/ERR14394732_1.fastq.gz,ftp://ftp.sra.ebi.ac.uk/vol1/fastq/ERR143/033/ERR14394733/ERR14394733_1.fastq.gz,ftp://ftp.sra.ebi.ac.uk/vol1/fastq/ERR143/034/ERR14394734/ERR14394734_1.fastq.gz,ftp://ftp.sra.ebi.ac.uk/vol1/fastq/ERR156/009/ERR15628009/ERR15628009_1.fastq.gz,ftp://ftp.sra.ebi.ac.uk/vol1/fastq/ERR143/032/ERR14394732/ERR14394732_2.fastq.gz,ftp://ftp.sra.ebi.ac.uk/vol1/fastq/ERR143/033/ERR14394733/ERR14394733_2.fastq.gz,ftp://ftp.sra.ebi.ac.uk/vol1/fastq/ERR143/034/ERR14394734/ERR14394734_2.fastq.gz,ftp://ftp.sra.ebi.ac.uk/vol1/fastq/ERR156/009/ERR15628009/ERR15628009_2.fastq.gz
RCN24791,Vietnam,AmpSeqV2,Sensitive,Sensitive,Sensitive,Sensitive,Resistant,Resistant,Sensitive,Sensitive,Resistant,Sensitive,ERR15628010,11092868.0,ERR14394735,27146.0,ERR14394736,22698.0,ERR14394737,961.0,ftp://ftp.sra.ebi.ac.uk/vol1/fastq/ERR143/035/ERR14394735/ERR14394735_1.fastq.gz,ftp://ftp.sra.ebi.ac.uk/vol1/fastq/ERR143/036/ERR14394736/ERR14394736_1.fastq.gz,ftp://ftp.sra.ebi.ac.uk/vol1/fastq/ERR143/037/ERR14394737/ERR14394737_1.fastq.gz,ftp://ftp.sra.ebi.ac.uk/vol1/fastq/ERR156/010/ERR15628010/ERR15628010_1.fastq.gz,ftp://ftp.sra.ebi.ac.uk/vol1/fastq/ERR143/035/ERR14394735/ERR14394735_2.fastq.gz,ftp://ftp.sra.ebi.ac.uk/vol1/fastq/ERR143/036/ERR14394736/ERR14394736_2.fastq.gz,ftp://ftp.sra.ebi.ac.uk/vol1/fastq/ERR143/037/ERR14394737/ERR14394737_2.fastq.gz,ftp://ftp.sra.ebi.ac.uk/vol1/fastq/ERR156/010/ERR15628010/ERR15628010_2.fastq.gz
RCN24792,Vietnam,AmpSeqV2,Resistant,Resistant,Sensitive,Resistant,Resistant,Resistant,Resistant,Sensitive,Resistant,Undetermined,ERR15628011,13385096.0,ERR14394738,15033.0,ERR14394739,11483.0,ERR14394740,392.0,ftp://ftp.sra.ebi.ac.uk/vol1/fastq/ERR143/038/ERR14394738/ERR14394738_1.fastq.gz,ftp://ftp.sra.ebi.ac.uk/vol1/fastq/ERR143/039/ERR14394739/ERR14394739_1.fastq.gz,ftp://ftp.sra.ebi.ac.uk/vol1/fastq/ERR143/040/ERR14394740/ERR14394740_1.fastq.gz,ftp://ftp.sra.ebi.ac.uk/vol1/fastq/ERR156/011/ERR15628011/ERR15628011_1.fastq.gz,ftp://ftp.sra.ebi.ac.uk/vol1/fastq/ERR143/038/ERR14394738/ERR14394738_2.fastq.gz,ftp://ftp.sra.ebi.ac.uk/vol1/fastq/ERR143/039/ERR14394739/ERR14394739_2.fastq.gz,ftp://ftp.sra.ebi.ac.uk/vol1/fastq/ERR143/040/ERR14394740/ERR14394740_2.fastq.gz,ftp://ftp.sra.ebi.ac.uk/vol1/fastq/ERR156/011/ERR15628011/ERR15628011_2.fastq.gz
RCN24793,Vietnam,AmpSeqV2,Resistant,Resistant,Sensitive,Resistant,Resistant,Resistant,Resistant,Sensitive,Resistant,Undetermined,ERR15628012,17392097.0,ERR14394741,27728.0,ERR14394742,20861.0,ERR14394743,16.0,ftp://ftp.sra.ebi.ac.uk/vol1/fastq/ERR143/041/ERR14394741/ERR14394741_1.fastq.gz,ftp://ftp.sra.ebi.ac.uk/vol1/fastq/ERR143/042/ERR14394742/ERR14394742_1.fastq.gz,ftp://ftp.sra.ebi.ac.uk/vol1/fastq/ERR143/043/ERR14394743/ERR14394743_1.fastq.gz,ftp://ftp.sra.ebi.ac.uk/vol1/fastq/ERR156/012/ERR15628012/ERR15628012_1.fastq.gz,ftp://ftp.sra.ebi.ac.uk/vol1/fastq/ERR143/041/ERR14394741/ERR14394741_2.fastq.gz,ftp://ftp.sra.ebi.ac.uk/vol1/fastq/ERR143/042/ERR14394742/ERR14394742_2.fastq.gz,ftp://ftp.sra.ebi.ac.uk/vol1/fastq/ERR143/043/ERR14394743/ERR14394743_2.fastq.gz,ftp://ftp.sra.ebi.ac.uk/vol1/fastq/ERR156/012/ERR15628012/ERR15628012_2.fastq.gz
RCN24794,Vietnam,AmpSeqV2,Sensitive,Sensitive,Sensitive,Resistant,Resistant,Resistant,Sensitive,Sensitive,Resistant,Sensitive,ERR15628013,12667475.0,ERR14394744,37173.0,ERR14394745,24467.0,ERR14394746,1052.0,ftp://ftp.sra.ebi.ac.uk/vol1/fastq/ERR143/044/ERR14394744/ERR14394744_1.fastq.gz,ftp://ftp.sra.ebi.ac.uk/vol1/fastq/ERR143/045/ERR14394745/ERR14394745_1.fastq.gz,ftp://ftp.sra.ebi.ac.uk/vol1/fastq/ERR143/046/ERR14394746/ERR14394746_1.fastq.gz,ftp://ftp.sra.ebi.ac.uk/vol1/fastq/ERR156/013/ERR15628013/ERR15628013_1.fastq.gz,ftp://ftp.sra.ebi.ac.uk/vol1/fastq/ERR143/044/ERR14394744/ERR14394744_2.fastq.gz,ftp://ftp.sra.ebi.ac.uk/vol1/fastq/ERR143/045/ERR14394745/ERR14394745_2.fastq.gz,ftp://ftp.sra.ebi.ac.uk/vol1/fastq/ERR143/046/ERR14394746/ERR14394746_2.fastq.gz,ftp://ftp.sra.ebi.ac.uk/vol1/fastq/ERR156/013/ERR15628013/ERR15628013_2.fastq.gz
RCN24795,Vietnam,AmpSeqV2,Resistant,Resistant,Sensitive,Resistant,Resistant,Resistant,Resistant,Sensitive,Resistant,Undetermined,ERR15628014,15167969.0,ERR14394747,38671.0,ERR14394748,36807.0,ERR14394749,1013.0,ftp://ftp.sra.ebi.ac.uk/vol1/fastq/ERR143/047/ERR14394747/ERR14394747_1.fastq.gz,ftp://ftp.sra.ebi.ac.uk/vol1/fastq/ERR143/048/ERR14394748/ERR14394748_1.fastq.gz,ftp://ftp.sra.ebi.ac.uk/vol1/fastq/ERR143/049/ERR14394749/ERR14394749_1.fastq.gz,ftp://ftp.sra.ebi.ac.uk/vol1/fastq/ERR156/014/ERR15628014/ERR15628014_1.fastq.gz,ftp://ftp.sra.ebi.ac.uk/vol1/fastq/ERR143/047/ERR14394747/ERR14394747_2.fastq.gz,ftp://ftp.sra.ebi.ac.uk/vol1/fastq/ERR143/048/ERR14394748/ERR14394748_2.fastq.gz,ftp://ftp.sra.ebi.ac.uk/vol1/fastq/ERR143/049/ERR14394749/ERR14394749_2.fastq.gz,ftp://ftp.sra.ebi.ac.uk/vol1/fastq/ERR156/014/ERR15628014/ERR15628014_2.fastq.gz
RCN24796,Vietnam,AmpSeqV2,Resistant,Resistant,Sensitive,Resistant,Resistant,Resistant,Resistant,Sensitive,Resistant,Undetermined,ERR15628015,14133067.0,ERR14394750,52840.0,ERR14394751,44339.0,ERR14394752,1558.0,ftp://ftp.sra.ebi.ac.uk/vol1/fastq/ERR143/050/ERR14394750/ERR14394750_1.fastq.gz,ftp://ftp.sra.ebi.ac.uk/vol1/fastq/ERR143/051/ERR14394751/ERR14394751_1.fastq.gz,ftp://ftp.sra.ebi.ac.uk/vol1/fastq/ERR143/052/ERR14394752/ERR14394752_1.fastq.gz,ftp://ftp.sra.ebi.ac.uk/vol1/fastq/ERR156/015/ERR15628015/ERR15628015_1.fastq.gz,ftp://ftp.sra.ebi.ac.uk/vol1/fastq/ERR143/050/ERR14394750/ERR14394750_2.fastq.gz,ftp://ftp.sra.ebi.ac.uk/vol1/fastq/ERR143/051/ERR14394751/ERR14394751_2.fastq.gz,ftp://ftp.sra.ebi.ac.uk/vol1/fastq/ERR143/052/ERR14394752/ERR14394752_2.fastq.gz,ftp://ftp.sra.ebi.ac.uk/vol1/fastq/ERR156/015/ERR15628015/ERR15628015_2.fastq.gz
RCN24797,Vietnam,AmpSeqV2,Resistant,Resistant,Sensitive,Resistant,Resistant,Resistant,Resistant,Sensitive,Resistant,Undetermined,ERR15628016,13371281.0,ERR14394753,36861.0,ERR14394754,28428.0,ERR14394755,972.0,ftp://ftp.sra.ebi.ac.uk/vol1/fastq/ERR143/053/ERR14394753/ERR14394753_1.fastq.gz,ftp://ftp.sra.ebi.ac.uk/vol1/fastq/ERR143/054/ERR14394754/ERR14394754_1.fastq.gz,ftp://ftp.sra.ebi.ac.uk/vol1/fastq/ERR143/055/ERR14394755/ERR14394755_1.fastq.gz,ftp://ftp.sra.ebi.ac.uk/vol1/fastq/ERR156/016/ERR15628016/ERR15628016_1.fastq.gz,ftp://ftp.sra.ebi.ac.uk/vol1/fastq/ERR143/053/ERR14394753/ERR14394753_2.fastq.gz,ftp://ftp.sra.ebi.ac.uk/vol1/fastq/ERR143/054/ERR14394754/ERR14394754_2.fastq.gz,ftp://ftp.sra.ebi.ac.uk/vol1/fastq/ERR143/055/ERR14394755/ERR14394755_2.fastq.gz,ftp://ftp.sra.ebi.ac.uk/vol1/fastq/ERR156/016/ERR15628016/ERR15628016_2.fastq.gz
RCN24798,Vietnam,AmpSeqV2,Resistant,Sensitive,Sensitive,Resistant,Resistant,Resistant,Sensitive,Sensitive,Resistant,Undetermined,ERR15628017,10222965.0,ERR14394756,40863.0,ERR14394757,29214.0,ERR14394758,757.0,ftp://ftp.sra.ebi.ac.uk/vol1/fastq/ERR143/056/ERR14394756/ERR14394756_1.fastq.gz,ftp://ftp.sra.ebi.ac.uk/vol1/fastq/ERR143/057/ERR14394757/ERR14394757_1.fastq.gz,ftp://ftp.sra.ebi.ac.uk/vol1/fastq/ERR143/058/ERR14394758/ERR14394758_1.fastq.gz,ftp://ftp.sra.ebi.ac.uk/vol1/fastq/ERR156/017/ERR15628017/ERR15628017_1.fastq.gz,ftp://ftp.sra.ebi.ac.uk/vol1/fastq/ERR143/056/ERR14394756/ERR14394756_2.fastq.gz,ftp://ftp.sra.ebi.ac.uk/vol1/fastq/ERR143/057/ERR14394757/ERR14394757_2.fastq.gz,ftp://ftp.sra.ebi.ac.uk/vol1/fastq/ERR143/058/ERR14394758/ERR14394758_2.fastq.gz,ftp://ftp.sra.ebi.ac.uk/vol1/fastq/ERR156/017/ERR15628017/ERR15628017_2.fastq.gz
RCN24799,Vietnam,AmpSeqV2,Resistant,Resistant,Sensitive,Resistant,Resistant,Resistant,Resistant,Sensitive,Resistant,Undetermined,ERR15628018,13756178.0,ERR14394759,33844.0,ERR14394760,27650.0,ERR14394761,1224.0,ftp://ftp.sra.ebi.ac.uk/vol1/fastq/ERR143/059/ERR14394759/ERR14394759_1.fastq.gz,ftp://ftp.sra.ebi.ac.uk/vol1/fastq/ERR143/060/ERR14394760/ERR14394760_1.fastq.gz,ftp://ftp.sra.ebi.ac.uk/vol1/fastq/ERR143/061/ERR14394761/ERR14394761_1.fastq.gz,ftp://ftp.sra.ebi.ac.uk/vol1/fastq/ERR156/018/ERR15628018/ERR15628018_1.fastq.gz,ftp://ftp.sra.ebi.ac.uk/vol1/fastq/ERR143/059/ERR14394759/ERR14394759_2.fastq.gz,ftp://ftp.sra.ebi.ac.uk/vol1/fastq/ERR143/060/ERR14394760/ERR14394760_2.fastq.gz,ftp://ftp.sra.ebi.ac.uk/vol1/fastq/ERR143/061/ERR14394761/ERR14394761_2.fastq.gz,ftp://ftp.sra.ebi.ac.uk/vol1/fastq/ERR156/018/ERR15628018/ERR15628018_2.fastq.gz
RCN24800,Vietnam,AmpSeqV2,Resistant,Sensitive,Sensitive,Resistant,Resistant,Resistant,Sensitive,Sensitive,Resistant,Undetermined,ERR15628019,11446457.0,ERR14394762,24842.0,ERR14394763,20293.0,ERR14394764,632.0,ftp://ftp.sra.ebi.ac.uk/vol1/fastq/ERR143/062/ERR14394762/ERR14394762_1.fastq.gz,ftp://ftp.sra.ebi.ac.uk/vol1/fastq/ERR143/063/ERR14394763/ERR14394763_1.fastq.gz,ftp://ftp.sra.ebi.ac.uk/vol1/fastq/ERR143/064/ERR14394764/ERR14394764_1.fastq.gz,ftp://ftp.sra.ebi.ac.uk/vol1/fastq/ERR156/019/ERR15628019/ERR15628019_1.fastq.gz,ftp://ftp.sra.ebi.ac.uk/vol1/fastq/ERR143/062/ERR14394762/ERR14394762_2.fastq.gz,ftp://ftp.sra.ebi.ac.uk/vol1/fastq/ERR143/063/ERR14394763/ERR14394763_2.fastq.gz,ftp://ftp.sra.ebi.ac.uk/vol1/fastq/ERR143/064/ERR14394764/ERR14394764_2.fastq.gz,ftp://ftp.sra.ebi.ac.uk/vol1/fastq/ERR156/019/ERR15628019/ERR15628019_2.fastq.gz
RCN24801,Vietnam,AmpSeqV2,Resistant,Resistant,Sensitive,Resistant,Resistant,Resistant,Resistant,Sensitive,Resistant,Undetermined,ERR15628020,11790405.0,ERR14394765,27109.0,ERR14394766,35197.0,ERR14394767,910.0,ftp://ftp.sra.ebi.ac.uk/vol1/fastq/ERR143/065/ERR14394765/ERR14394765_1.fastq.gz,ftp://ftp.sra.ebi.ac.uk/vol1/fastq/ERR143/066/ERR14394766/ERR14394766_1.fastq.gz,ftp://ftp.sra.ebi.ac.uk/vol1/fastq/ERR143/067/ERR14394767/ERR14394767_1.fastq.gz,ftp://ftp.sra.ebi.ac.uk/vol1/fastq/ERR156/020/ERR15628020/ERR15628020_1.fastq.gz,ftp://ftp.sra.ebi.ac.uk/vol1/fastq/ERR143/065/ERR14394765/ERR14394765_2.fastq.gz,ftp://ftp.sra.ebi.ac.uk/vol1/fastq/ERR143/066/ERR14394766/ERR14394766_2.fastq.gz,ftp://ftp.sra.ebi.ac.uk/vol1/fastq/ERR143/067/ERR14394767/ERR14394767_2.fastq.gz,ftp://ftp.sra.ebi.ac.uk/vol1/fastq/ERR156/020/ERR15628020/ERR15628020_2.fastq.gz
RCN24802,Vietnam,AmpSeqV2,Resistant,Resistant,Sensitive,Resistant,Resistant,Resistant,Resistant,Sensitive,Resistant,Undetermined,ERR15628021,9151379.0,ERR14394768,38900.0,ERR14394769,22265.0,ERR14394770,410.0,ftp://ftp.sra.ebi.ac.uk/vol1/fastq/ERR143/068/ERR14394768/ERR14394768_1.fastq.gz,ftp://ftp.sra.ebi.ac.uk/vol1/fastq/ERR143/069/ERR14394769/ERR14394769_1.fastq.gz,ftp://ftp.sra.ebi.ac.uk/vol1/fastq/ERR143/070/ERR14394770/ERR14394770_1.fastq.gz,ftp://ftp.sra.ebi.ac.uk/vol1/fastq/ERR156/021/ERR15628021/ERR15628021_1.fastq.gz,ftp://ftp.sra.ebi.ac.uk/vol1/fastq/ERR143/068/ERR14394768/ERR14394768_2.fastq.gz,ftp://ftp.sra.ebi.ac.uk/vol1/fastq/ERR143/069/ERR14394769/ERR14394769_2.fastq.gz,ftp://ftp.sra.ebi.ac.uk/vol1/fastq/ERR143/070/ERR14394770/ERR14394770_2.fastq.gz,ftp://ftp.sra.ebi.ac.uk/vol1/fastq/ERR156/021/ERR15628021/ERR15628021_2.fastq.gz
RCN24803,Vietnam,AmpSeqV2,Resistant,Resistant,Sensitive,Resistant,Resistant,Resistant,Resistant,Sensitive,Resistant,Undetermined,ERR15628022,9739779.0,ERR14394771,42024.0,ERR14394772,35953.0,ERR14394773,1185.0,ftp://ftp.sra.ebi.ac.uk/vol1/fastq/ERR143/071/ERR14394771/ERR14394771_1.fastq.gz,ftp://ftp.sra.ebi.ac.uk/vol1/fastq/ERR143/072/ERR14394772/ERR14394772_1.fastq.gz,ftp://ftp.sra.ebi.ac.uk/vol1/fastq/ERR143/073/ERR14394773/ERR14394773_1.fastq.gz,ftp://ftp.sra.ebi.ac.uk/vol1/fastq/ERR156/022/ERR15628022/ERR15628022_1.fastq.gz,ftp://ftp.sra.ebi.ac.uk/vol1/fastq/ERR143/071/ERR14394771/ERR14394771_2.fastq.gz,ftp://ftp.sra.ebi.ac.uk/vol1/fastq/ERR143/072/ERR14394772/ERR14394772_2.fastq.gz,ftp://ftp.sra.ebi.ac.uk/vol1/fastq/ERR143/073/ERR14394773/ERR14394773_2.fastq.gz,ftp://ftp.sra.ebi.ac.uk/vol1/fastq/ERR156/022/ERR15628022/ERR15628022_2.fastq.gz
RCN24804,Vietnam,AmpSeqV2,Resistant,Resistant,Sensitive,Resistant,Resistant,Resistant,Resistant,Sensitive,Resistant,Undetermined,ERR15628023,11510690.0,ERR14394774,38307.0,ERR14394775,34303.0,ERR14394776,963.0,ftp://ftp.sra.ebi.ac.uk/vol1/fastq/ERR143/074/ERR14394774/ERR14394774_1.fastq.gz,ftp://ftp.sra.ebi.ac.uk/vol1/fastq/ERR143/075/ERR14394775/ERR14394775_1.fastq.gz,ftp://ftp.sra.ebi.ac.uk/vol1/fastq/ERR143/076/ERR14394776/ERR14394776_1.fastq.gz,ftp://ftp.sra.ebi.ac.uk/vol1/fastq/ERR156/023/ERR15628023/ERR15628023_1.fastq.gz,ftp://ftp.sra.ebi.ac.uk/vol1/fastq/ERR143/074/ERR14394774/ERR14394774_2.fastq.gz,ftp://ftp.sra.ebi.ac.uk/vol1/fastq/ERR143/075/ERR14394775/ERR14394775_2.fastq.gz,ftp://ftp.sra.ebi.ac.uk/vol1/fastq/ERR143/076/ERR14394776/ERR14394776_2.fastq.gz,ftp://ftp.sra.ebi.ac.uk/vol1/fastq/ERR156/023/ERR15628023/ERR15628023_2.fastq.gz
RCN24806,Vietnam,AmpSeqV2,Resistant,Resistant,Sensitive,Resistant,Resistant,Resistant,Resistant,Sensitive,Resistant,Undetermined,ERR15628025,10381188.0,ERR14394780,30256.0,ERR14394781,27727.0,ERR14394782,759.0,ftp://ftp.sra.ebi.ac.uk/vol1/fastq/ERR143/080/ERR14394780/ERR14394780_1.fastq.gz,ftp://ftp.sra.ebi.ac.uk/vol1/fastq/ERR143/081/ERR14394781/ERR14394781_1.fastq.gz,ftp://ftp.sra.ebi.ac.uk/vol1/fastq/ERR143/082/ERR14394782/ERR14394782_1.fastq.gz,ftp://ftp.sra.ebi.ac.uk/vol1/fastq/ERR156/025/ERR15628025/ERR15628025_1.fastq.gz,ftp://ftp.sra.ebi.ac.uk/vol1/fastq/ERR143/080/ERR14394780/ERR14394780_2.fastq.gz,ftp://ftp.sra.ebi.ac.uk/vol1/fastq/ERR143/081/ERR14394781/ERR14394781_2.fastq.gz,ftp://ftp.sra.ebi.ac.uk/vol1/fastq/ERR143/082/ERR14394782/ERR14394782_2.fastq.gz,ftp://ftp.sra.ebi.ac.uk/vol1/fastq/ERR156/025/ERR15628025/ERR15628025_2.fastq.gz
RCN24807,Vietnam,AmpSeqV2,Resistant,Resistant,Sensitive,Resistant,Resistant,Resistant,Resistant,Sensitive,Resistant,Undetermined,ERR15628026,13724439.0,ERR14394783,29823.0,ERR14394784,33867.0,ERR14394785,1057.0,ftp://ftp.sra.ebi.ac.uk/vol1/fastq/ERR143/083/ERR14394783/ERR14394783_1.fastq.gz,ftp://ftp.sra.ebi.ac.uk/vol1/fastq/ERR143/084/ERR14394784/ERR14394784_1.fastq.gz,ftp://ftp.sra.ebi.ac.uk/vol1/fastq/ERR143/085/ERR14394785/ERR14394785_1.fastq.gz,ftp://ftp.sra.ebi.ac.uk/vol1/fastq/ERR156/026/ERR15628026/ERR15628026_1.fastq.gz,ftp://ftp.sra.ebi.ac.uk/vol1/fastq/ERR143/083/ERR14394783/ERR14394783_2.fastq.gz,ftp://ftp.sra.ebi.ac.uk/vol1/fastq/ERR143/084/ERR14394784/ERR14394784_2.fastq.gz,ftp://ftp.sra.ebi.ac.uk/vol1/fastq/ERR143/085/ERR14394785/ERR14394785_2.fastq.gz,ftp://ftp.sra.ebi.ac.uk/vol1/fastq/ERR156/026/ERR15628026/ERR15628026_2.fastq.gz
RCN24808,Vietnam,AmpSeqV2,Resistant,Resistant,Sensitive,Resistant,Resistant,Resistant,Resistant,Sensitive,Resistant,Undetermined,ERR15628027,11333984.0,ERR14394786,28438.0,ERR14394787,30548.0,ERR14394788,1050.0,ftp://ftp.sra.ebi.ac.uk/vol1/fastq/ERR143/086/ERR14394786/ERR14394786_1.fastq.gz,ftp://ftp.sra.ebi.ac.uk/vol1/fastq/ERR143/087/ERR14394787/ERR14394787_1.fastq.gz,ftp://ftp.sra.ebi.ac.uk/vol1/fastq/ERR143/088/ERR14394788/ERR14394788_1.fastq.gz,ftp://ftp.sra.ebi.ac.uk/vol1/fastq/ERR156/027/ERR15628027/ERR15628027_1.fastq.gz,ftp://ftp.sra.ebi.ac.uk/vol1/fastq/ERR143/086/ERR14394786/ERR14394786_2.fastq.gz,ftp://ftp.sra.ebi.ac.uk/vol1/fastq/ERR143/087/ERR14394787/ERR14394787_2.fastq.gz,ftp://ftp.sra.ebi.ac.uk/vol1/fastq/ERR143/088/ERR14394788/ERR14394788_2.fastq.gz,ftp://ftp.sra.ebi.ac.uk/vol1/fastq/ERR156/027/ERR15628027/ERR15628027_2.fastq.gz
RCN24809,Vietnam,AmpSeqV2,Resistant,Resistant,Sensitive,Resistant,Resistant,Resistant,Resistant,Sensitive,Resistant,Undetermined,ERR15628028,11000025.0,ERR14394789,22528.0,ERR14394790,17966.0,ERR14394791,977.0,ftp://ftp.sra.ebi.ac.uk/vol1/fastq/ERR143/089/ERR14394789/ERR14394789_1.fastq.gz,ftp://ftp.sra.ebi.ac.uk/vol1/fastq/ERR143/090/ERR14394790/ERR14394790_1.fastq.gz,ftp://ftp.sra.ebi.ac.uk/vol1/fastq/ERR143/091/ERR14394791/ERR14394791_1.fastq.gz,ftp://ftp.sra.ebi.ac.uk/vol1/fastq/ERR156/028/ERR15628028/ERR15628028_1.fastq.gz,ftp://ftp.sra.ebi.ac.uk/vol1/fastq/ERR143/089/ERR14394789/ERR14394789_2.fastq.gz,ftp://ftp.sra.ebi.ac.uk/vol1/fastq/ERR143/090/ERR14394790/ERR14394790_2.fastq.gz,ftp://ftp.sra.ebi.ac.uk/vol1/fastq/ERR143/091/ERR14394791/ERR14394791_2.fastq.gz,ftp://ftp.sra.ebi.ac.uk/vol1/fastq/ERR156/028/ERR15628028/ERR15628028_2.fastq.gz
RCN24810,Vietnam,AmpSeqV2,Resistant,Resistant,Sensitive,Resistant,Resistant,Resistant,Resistant,Sensitive,Resistant,Undetermined,ERR15628029,12200653.0,ERR14394792,25797.0,ERR14394793,18147.0,ERR14394794,457.0,ftp://ftp.sra.ebi.ac.uk/vol1/fastq/ERR143/092/ERR14394792/ERR14394792_1.fastq.gz,ftp://ftp.sra.ebi.ac.uk/vol1/fastq/ERR143/093/ERR14394793/ERR14394793_1.fastq.gz,ftp://ftp.sra.ebi.ac.uk/vol1/fastq/ERR143/094/ERR14394794/ERR14394794_1.fastq.gz,ftp://ftp.sra.ebi.ac.uk/vol1/fastq/ERR156/029/ERR15628029/ERR15628029_1.fastq.gz,ftp://ftp.sra.ebi.ac.uk/vol1/fastq/ERR143/092/ERR14394792/ERR14394792_2.fastq.gz,ftp://ftp.sra.ebi.ac.uk/vol1/fastq/ERR143/093/ERR14394793/ERR14394793_2.fastq.gz,ftp://ftp.sra.ebi.ac.uk/vol1/fastq/ERR143/094/ERR14394794/ERR14394794_2.fastq.gz,ftp://ftp.sra.ebi.ac.uk/vol1/fastq/ERR156/029/ERR15628029/ERR15628029_2.fastq.gz
RCN24811,Vietnam,AmpSeqV2,Resistant,Resistant,Sensitive,Resistant,Resistant,Resistant,Resistant,Sensitive,Resistant,Undetermined,ERR15628030,12185114.0,ERR14394795,47961.0,ERR14394796,45048.0,ERR14394797,1242.0,ftp://ftp.sra.ebi.ac.uk/vol1/fastq/ERR143/095/ERR14394795/ERR14394795_1.fastq.gz,ftp://ftp.sra.ebi.ac.uk/vol1/fastq/ERR143/096/ERR14394796/ERR14394796_1.fastq.gz,ftp://ftp.sra.ebi.ac.uk/vol1/fastq/ERR143/097/ERR14394797/ERR14394797_1.fastq.gz,ftp://ftp.sra.ebi.ac.uk/vol1/fastq/ERR156/030/ERR15628030/ERR15628030_1.fastq.gz,ftp://ftp.sra.ebi.ac.uk/vol1/fastq/ERR143/095/ERR14394795/ERR14394795_2.fastq.gz,ftp://ftp.sra.ebi.ac.uk/vol1/fastq/ERR143/096/ERR14394796/ERR14394796_2.fastq.gz,ftp://ftp.sra.ebi.ac.uk/vol1/fastq/ERR143/097/ERR14394797/ERR14394797_2.fastq.gz,ftp://ftp.sra.ebi.ac.uk/vol1/fastq/ERR156/030/ERR15628030/ERR15628030_2.fastq.gz
RCN24812,Vietnam,AmpSeqV2,Resistant,Resistant,Sensitive,Resistant,Resistant,Resistant,Resistant,Sensitive,Resistant,Undetermined,ERR15628031,8034697.0,ERR14394798,37890.0,ERR14394799,33518.0,ERR14394800,796.0,ftp://ftp.sra.ebi.ac.uk/vol1/fastq/ERR143/098/ERR14394798/ERR14394798_1.fastq.gz,ftp://ftp.sra.ebi.ac.uk/vol1/fastq/ERR143/099/ERR14394799/ERR14394799_1.fastq.gz,ftp://ftp.sra.ebi.ac.uk/vol1/fastq/ERR143/000/ERR14394800/ERR14394800_1.fastq.gz,ftp://ftp.sra.ebi.ac.uk/vol1/fastq/ERR156/031/ERR15628031/ERR15628031_1.fastq.gz,ftp://ftp.sra.ebi.ac.uk/vol1/fastq/ERR143/098/ERR14394798/ERR14394798_2.fastq.gz,ftp://ftp.sra.ebi.ac.uk/vol1/fastq/ERR143/099/ERR14394799/ERR14394799_2.fastq.gz,ftp://ftp.sra.ebi.ac.uk/vol1/fastq/ERR143/000/ERR14394800/ERR14394800_2.fastq.gz,ftp://ftp.sra.ebi.ac.uk/vol1/fastq/ERR156/031/ERR15628031/ERR15628031_2.fastq.gz
RCN24813,Vietnam,AmpSeqV2,Resistant,Resistant,Sensitive,Resistant,Resistant,Resistant,Resistant,Sensitive,Resistant,Undetermined,ERR15628032,15476132.0,ERR14394801,30039.0,ERR14394802,29123.0,ERR14394803,846.0,ftp://ftp.sra.ebi.ac.uk/vol1/fastq/ERR143/001/ERR14394801/ERR14394801_1.fastq.gz,ftp://ftp.sra.ebi.ac.uk/vol1/fastq/ERR143/002/ERR14394802/ERR14394802_1.fastq.gz,ftp://ftp.sra.ebi.ac.uk/vol1/fastq/ERR143/003/ERR14394803/ERR14394803_1.fastq.gz,ftp://ftp.sra.ebi.ac.uk/vol1/fastq/ERR156/032/ERR15628032/ERR15628032_1.fastq.gz,ftp://ftp.sra.ebi.ac.uk/vol1/fastq/ERR143/001/ERR14394801/ERR14394801_2.fastq.gz,ftp://ftp.sra.ebi.ac.uk/vol1/fastq/ERR143/002/ERR14394802/ERR14394802_2.fastq.gz,ftp://ftp.sra.ebi.ac.uk/vol1/fastq/ERR143/003/ERR14394803/ERR14394803_2.fastq.gz,ftp://ftp.sra.ebi.ac.uk/vol1/fastq/ERR156/032/ERR15628032/ERR15628032_2.fastq.gz
RCN24814,Vietnam,AmpSeqV2,Resistant,Resistant,Sensitive,Resistant,Resistant,Resistant,Resistant,Sensitive,Resistant,Undetermined,ERR15628033,12698320.0,ERR14394804,33885.0,ERR14394805,24929.0,ERR14394806,774.0,ftp://ftp.sra.ebi.ac.uk/vol1/fastq/ERR143/004/ERR14394804/ERR14394804_1.fastq.gz,ftp://ftp.sra.ebi.ac.uk/vol1/fastq/ERR143/005/ERR14394805/ERR14394805_1.fastq.gz,ftp://ftp.sra.ebi.ac.uk/vol1/fastq/ERR143/006/ERR14394806/ERR14394806_1.fastq.gz,ftp://ftp.sra.ebi.ac.uk/vol1/fastq/ERR156/033/ERR15628033/ERR15628033_1.fastq.gz,ftp://ftp.sra.ebi.ac.uk/vol1/fastq/ERR143/004/ERR14394804/ERR14394804_2.fastq.gz,ftp://ftp.sra.ebi.ac.uk/vol1/fastq/ERR143/005/ERR14394805/ERR14394805_2.fastq.gz,ftp://ftp.sra.ebi.ac.uk/vol1/fastq/ERR143/006/ERR14394806/ERR14394806_2.fastq.gz,ftp://ftp.sra.ebi.ac.uk/vol1/fastq/ERR156/033/ERR15628033/ERR15628033_2.fastq.gz
RCN24815,Vietnam,AmpSeqV2,Resistant,Resistant,Sensitive,Resistant,Resistant,Resistant,Resistant,Sensitive,Resistant,Undetermined,ERR15628034,17400451.0,ERR14394807,27207.0,ERR14394808,25447.0,ERR14394809,860.0,ftp://ftp.sra.ebi.ac.uk/vol1/fastq/ERR143/007/ERR14394807/ERR14394807_1.fastq.gz,ftp://ftp.sra.ebi.ac.uk/vol1/fastq/ERR143/008/ERR14394808/ERR14394808_1.fastq.gz,ftp://ftp.sra.ebi.ac.uk/vol1/fastq/ERR143/009/ERR14394809/ERR14394809_1.fastq.gz,ftp://ftp.sra.ebi.ac.uk/vol1/fastq/ERR156/034/ERR15628034/ERR15628034_1.fastq.gz,ftp://ftp.sra.ebi.ac.uk/vol1/fastq/ERR143/007/ERR14394807/ERR14394807_2.fastq.gz,ftp://ftp.sra.ebi.ac.uk/vol1/fastq/ERR143/008/ERR14394808/ERR14394808_2.fastq.gz,ftp://ftp.sra.ebi.ac.uk/vol1/fastq/ERR143/009/ERR14394809/ERR14394809_2.fastq.gz,ftp://ftp.sra.ebi.ac.uk/vol1/fastq/ERR156/034/ERR15628034/ERR15628034_2.fastq.gz
RCN24816,Vietnam,AmpSeqV2,Resistant,Resistant,Sensitive,Resistant,Resistant,Resistant,Resistant,Sensitive,Resistant,Undetermined,ERR15628035,15737951.0,ERR14394810,23442.0,ERR14394811,20961.0,ERR14394812,164.0,ftp://ftp.sra.ebi.ac.uk/vol1/fastq/ERR143/010/ERR14394810/ERR14394810_1.fastq.gz,ftp://ftp.sra.ebi.ac.uk/vol1/fastq/ERR143/011/ERR14394811/ERR14394811_1.fastq.gz,ftp://ftp.sra.ebi.ac.uk/vol1/fastq/ERR143/012/ERR14394812/ERR14394812_1.fastq.gz,ftp://ftp.sra.ebi.ac.uk/vol1/fastq/ERR156/035/ERR15628035/ERR15628035_1.fastq.gz,ftp://ftp.sra.ebi.ac.uk/vol1/fastq/ERR143/010/ERR14394810/ERR14394810_2.fastq.gz,ftp://ftp.sra.ebi.ac.uk/vol1/fastq/ERR143/011/ERR14394811/ERR14394811_2.fastq.gz,ftp://ftp.sra.ebi.ac.uk/vol1/fastq/ERR143/012/ERR14394812/ERR14394812_2.fastq.gz,ftp://ftp.sra.ebi.ac.uk/vol1/fastq/ERR156/035/ERR15628035/ERR15628035_2.fastq.gz
RCN24817,Vietnam,AmpSeqV2,Resistant,Resistant,Sensitive,Resistant,Resistant,Resistant,Resistant,Sensitive,Resistant,Undetermined,ERR15628036,15266500.0,ERR14394813,21969.0,ERR14394814,20891.0,ERR14394815,379.0,ftp://ftp.sra.ebi.ac.uk/vol1/fastq/ERR143/013/ERR14394813/ERR14394813_1.fastq.gz,ftp://ftp.sra.ebi.ac.uk/vol1/fastq/ERR143/014/ERR14394814/ERR14394814_1.fastq.gz,ftp://ftp.sra.ebi.ac.uk/vol1/fastq/ERR143/015/ERR14394815/ERR14394815_1.fastq.gz,ftp://ftp.sra.ebi.ac.uk/vol1/fastq/ERR156/036/ERR15628036/ERR15628036_1.fastq.gz,ftp://ftp.sra.ebi.ac.uk/vol1/fastq/ERR143/013/ERR14394813/ERR14394813_2.fastq.gz,ftp://ftp.sra.ebi.ac.uk/vol1/fastq/ERR143/014/ERR14394814/ERR14394814_2.fastq.gz,ftp://ftp.sra.ebi.ac.uk/vol1/fastq/ERR143/015/ERR14394815/ERR14394815_2.fastq.gz,ftp://ftp.sra.ebi.ac.uk/vol1/fastq/ERR156/036/ERR15628036/ERR15628036_2.fastq.gz
RCN24818,Vietnam,AmpSeqV2,Resistant,Resistant,Sensitive,Resistant,Resistant,Resistant,Resistant,Sensitive,Resistant,Undetermined,ERR15628037,15347863.0,ERR14394816,36395.0,ERR14394817,23347.0,ERR14394818,763.0,ftp://ftp.sra.ebi.ac.uk/vol1/fastq/ERR143/016/ERR14394816/ERR14394816_1.fastq.gz,ftp://ftp.sra.ebi.ac.uk/vol1/fastq/ERR143/017/ERR14394817/ERR14394817_1.fastq.gz,ftp://ftp.sra.ebi.ac.uk/vol1/fastq/ERR143/018/ERR14394818/ERR14394818_1.fastq.gz,ftp://ftp.sra.ebi.ac.uk/vol1/fastq/ERR156/037/ERR15628037/ERR15628037_1.fastq.gz,ftp://ftp.sra.ebi.ac.uk/vol1/fastq/ERR143/016/ERR14394816/ERR14394816_2.fastq.gz,ftp://ftp.sra.ebi.ac.uk/vol1/fastq/ERR143/017/ERR14394817/ERR14394817_2.fastq.gz,ftp://ftp.sra.ebi.ac.uk/vol1/fastq/ERR143/018/ERR14394818/ERR14394818_2.fastq.gz,ftp://ftp.sra.ebi.ac.uk/vol1/fastq/ERR156/037/ERR15628037/ERR15628037_2.fastq.gz
RCN24819,Vietnam,AmpSeqV2,Resistant,Resistant,Sensitive,Resistant,Resistant,Resistant,Resistant,Sensitive,Resistant,Undetermined,ERR15628038,12952774.0,ERR14394819,31216.0,ERR14394820,25957.0,ERR14394821,220.0,ftp://ftp.sra.ebi.ac.uk/vol1/fastq/ERR143/019/ERR14394819/ERR14394819_1.fastq.gz,ftp://ftp.sra.ebi.ac.uk/vol1/fastq/ERR143/020/ERR14394820/ERR14394820_1.fastq.gz,ftp://ftp.sra.ebi.ac.uk/vol1/fastq/ERR143/021/ERR14394821/ERR14394821_1.fastq.gz,ftp://ftp.sra.ebi.ac.uk/vol1/fastq/ERR156/038/ERR15628038/ERR15628038_1.fastq.gz,ftp://ftp.sra.ebi.ac.uk/vol1/fastq/ERR143/019/ERR14394819/ERR14394819_2.fastq.gz,ftp://ftp.sra.ebi.ac.uk/vol1/fastq/ERR143/020/ERR14394820/ERR14394820_2.fastq.gz,ftp://ftp.sra.ebi.ac.uk/vol1/fastq/ERR143/021/ERR14394821/ERR14394821_2.fastq.gz,ftp://ftp.sra.ebi.ac.uk/vol1/fastq/ERR156/038/ERR15628038/ERR15628038_2.fastq.gz
RCN24820,Vietnam,AmpSeqV2,Resistant,Resistant,Sensitive,Resistant,Resistant,Resistant,Resistant,Sensitive,Resistant,Undetermined,ERR15628039,11025847.0,ERR14394822,35238.0,ERR14394823,30707.0,ERR14394824,47.0,ftp://ftp.sra.ebi.ac.uk/vol1/fastq/ERR143/022/ERR14394822/ERR14394822_1.fastq.gz,ftp://ftp.sra.ebi.ac.uk/vol1/fastq/ERR143/023/ERR14394823/ERR14394823_1.fastq.gz,ftp://ftp.sra.ebi.ac.uk/vol1/fastq/ERR143/024/ERR14394824/ERR14394824_1.fastq.gz,ftp://ftp.sra.ebi.ac.uk/vol1/fastq/ERR156/039/ERR15628039/ERR15628039_1.fastq.gz,ftp://ftp.sra.ebi.ac.uk/vol1/fastq/ERR143/022/ERR14394822/ERR14394822_2.fastq.gz,ftp://ftp.sra.ebi.ac.uk/vol1/fastq/ERR143/023/ERR14394823/ERR14394823_2.fastq.gz,ftp://ftp.sra.ebi.ac.uk/vol1/fastq/ERR143/024/ERR14394824/ERR14394824_2.fastq.gz,ftp://ftp.sra.ebi.ac.uk/vol1/fastq/ERR156/039/ERR15628039/ERR15628039_2.fastq.gz
RCN24821,Vietnam,AmpSeqV2,Resistant,Resistant,Sensitive,Resistant,Resistant,Resistant,Resistant,Sensitive,Resistant,Undetermined,ERR15628040,12829847.0,ERR14394825,36707.0,ERR14394826,33438.0,ERR14394827,736.0,ftp://ftp.sra.ebi.ac.uk/vol1/fastq/ERR143/025/ERR14394825/ERR14394825_1.fastq.gz,ftp://ftp.sra.ebi.ac.uk/vol1/fastq/ERR143/026/ERR14394826/ERR14394826_1.fastq.gz,ftp://ftp.sra.ebi.ac.uk/vol1/fastq/ERR143/027/ERR14394827/ERR14394827_1.fastq.gz,ftp://ftp.sra.ebi.ac.uk/vol1/fastq/ERR156/040/ERR15628040/ERR15628040_1.fastq.gz,ftp://ftp.sra.ebi.ac.uk/vol1/fastq/ERR143/025/ERR14394825/ERR14394825_2.fastq.gz,ftp://ftp.sra.ebi.ac.uk/vol1/fastq/ERR143/026/ERR14394826/ERR14394826_2.fastq.gz,ftp://ftp.sra.ebi.ac.uk/vol1/fastq/ERR143/027/ERR14394827/ERR14394827_2.fastq.gz,ftp://ftp.sra.ebi.ac.uk/vol1/fastq/ERR156/040/ERR15628040/ERR15628040_2.fastq.gz
RCN24822,Vietnam,AmpSeqV2,Resistant,Sensitive,Sensitive,Resistant,Resistant,Resistant,Sensitive,Sensitive,Resistant,Undetermined,ERR15628041,14895876.0,ERR14394828,30709.0,ERR14394829,24102.0,ERR14394830,591.0,ftp://ftp.sra.ebi.ac.uk/vol1/fastq/ERR143/028/ERR14394828/ERR14394828_1.fastq.gz,ftp://ftp.sra.ebi.ac.uk/vol1/fastq/ERR143/029/ERR14394829/ERR14394829_1.fastq.gz,ftp://ftp.sra.ebi.ac.uk/vol1/fastq/ERR143/030/ERR14394830/ERR14394830_1.fastq.gz,ftp://ftp.sra.ebi.ac.uk/vol1/fastq/ERR156/041/ERR15628041/ERR15628041_1.fastq.gz,ftp://ftp.sra.ebi.ac.uk/vol1/fastq/ERR143/028/ERR14394828/ERR14394828_2.fastq.gz,ftp://ftp.sra.ebi.ac.uk/vol1/fastq/ERR143/029/ERR14394829/ERR14394829_2.fastq.gz,ftp://ftp.sra.ebi.ac.uk/vol1/fastq/ERR143/030/ERR14394830/ERR14394830_2.fastq.gz,ftp://ftp.sra.ebi.ac.uk/vol1/fastq/ERR156/041/ERR15628041/ERR15628041_2.fastq.gz
RCN24823,Vietnam,AmpSeqV2,Resistant,Resistant,Sensitive,Resistant,Resistant,Resistant,Resistant,Sensitive,Resistant,Undetermined,ERR15628042,16731150.0,ERR14394831,33095.0,ERR14394832,37915.0,ERR14394833,772.0,ftp://ftp.sra.ebi.ac.uk/vol1/fastq/ERR143/031/ERR14394831/ERR14394831_1.fastq.gz,ftp://ftp.sra.ebi.ac.uk/vol1/fastq/ERR143/032/ERR14394832/ERR14394832_1.fastq.gz,ftp://ftp.sra.ebi.ac.uk/vol1/fastq/ERR143/033/ERR14394833/ERR14394833_1.fastq.gz,ftp://ftp.sra.ebi.ac.uk/vol1/fastq/ERR156/042/ERR15628042/ERR15628042_1.fastq.gz,ftp://ftp.sra.ebi.ac.uk/vol1/fastq/ERR143/031/ERR14394831/ERR14394831_2.fastq.gz,ftp://ftp.sra.ebi.ac.uk/vol1/fastq/ERR143/032/ERR14394832/ERR14394832_2.fastq.gz,ftp://ftp.sra.ebi.ac.uk/vol1/fastq/ERR143/033/ERR14394833/ERR14394833_2.fastq.gz,ftp://ftp.sra.ebi.ac.uk/vol1/fastq/ERR156/042/ERR15628042/ERR15628042_2.fastq.gz
RCN24824,Vietnam,AmpSeqV2,Resistant,Resistant,Sensitive,Resistant,Resistant,Resistant,Resistant,Sensitive,Resistant,Undetermined,ERR15628043,14652100.0,ERR14394834,17295.0,ERR14394835,15028.0,ERR14394836,226.0,ftp://ftp.sra.ebi.ac.uk/vol1/fastq/ERR143/034/ERR14394834/ERR14394834_1.fastq.gz,ftp://ftp.sra.ebi.ac.uk/vol1/fastq/ERR143/035/ERR14394835/ERR14394835_1.fastq.gz,ftp://ftp.sra.ebi.ac.uk/vol1/fastq/ERR143/036/ERR14394836/ERR14394836_1.fastq.gz,ftp://ftp.sra.ebi.ac.uk/vol1/fastq/ERR156/043/ERR15628043/ERR15628043_1.fastq.gz,ftp://ftp.sra.ebi.ac.uk/vol1/fastq/ERR143/034/ERR14394834/ERR14394834_2.fastq.gz,ftp://ftp.sra.ebi.ac.uk/vol1/fastq/ERR143/035/ERR14394835/ERR14394835_2.fastq.gz,ftp://ftp.sra.ebi.ac.uk/vol1/fastq/ERR143/036/ERR14394836/ERR14394836_2.fastq.gz,ftp://ftp.sra.ebi.ac.uk/vol1/fastq/ERR156/043/ERR15628043/ERR15628043_2.fastq.gz
RCN24825,Vietnam,AmpSeqV2,Resistant,Resistant,Sensitive,Resistant,Resistant,Resistant,Resistant,Sensitive,Resistant,Undetermined,ERR15628044,13999175.0,ERR14394837,19109.0,ERR14394838,21032.0,ERR14394839,544.0,ftp://ftp.sra.ebi.ac.uk/vol1/fastq/ERR143/037/ERR14394837/ERR14394837_1.fastq.gz,ftp://ftp.sra.ebi.ac.uk/vol1/fastq/ERR143/038/ERR14394838/ERR14394838_1.fastq.gz,ftp://ftp.sra.ebi.ac.uk/vol1/fastq/ERR143/039/ERR14394839/ERR14394839_1.fastq.gz,ftp://ftp.sra.ebi.ac.uk/vol1/fastq/ERR156/044/ERR15628044/ERR15628044_1.fastq.gz,ftp://ftp.sra.ebi.ac.uk/vol1/fastq/ERR143/037/ERR14394837/ERR14394837_2.fastq.gz,ftp://ftp.sra.ebi.ac.uk/vol1/fastq/ERR143/038/ERR14394838/ERR14394838_2.fastq.gz,ftp://ftp.sra.ebi.ac.uk/vol1/fastq/ERR143/039/ERR14394839/ERR14394839_2.fastq.gz,ftp://ftp.sra.ebi.ac.uk/vol1/fastq/ERR156/044/ERR15628044/ERR15628044_2.fastq.gz
RCN24826,Vietnam,AmpSeqV2,Resistant,Resistant,Sensitive,Resistant,Resistant,Resistant,Resistant,Sensitive,Resistant,Undetermined,ERR15628045,8777401.0,ERR14394840,25585.0,ERR14394841,23894.0,ERR14394842,623.0,ftp://ftp.sra.ebi.ac.uk/vol1/fastq/ERR143/040/ERR14394840/ERR14394840_1.fastq.gz,ftp://ftp.sra.ebi.ac.uk/vol1/fastq/ERR143/041/ERR14394841/ERR14394841_1.fastq.gz,ftp://ftp.sra.ebi.ac.uk/vol1/fastq/ERR143/042/ERR14394842/ERR14394842_1.fastq.gz,ftp://ftp.sra.ebi.ac.uk/vol1/fastq/ERR156/045/ERR15628045/ERR15628045_1.fastq.gz,ftp://ftp.sra.ebi.ac.uk/vol1/fastq/ERR143/040/ERR14394840/ERR14394840_2.fastq.gz,ftp://ftp.sra.ebi.ac.uk/vol1/fastq/ERR143/041/ERR14394841/ERR14394841_2.fastq.gz,ftp://ftp.sra.ebi.ac.uk/vol1/fastq/ERR143/042/ERR14394842/ERR14394842_2.fastq.gz,ftp://ftp.sra.ebi.ac.uk/vol1/fastq/ERR156/045/ERR15628045/ERR15628045_2.fastq.gz
RCN24827,Vietnam,AmpSeqV2,Resistant,Resistant,Sensitive,Resistant,Resistant,Resistant,Resistant,Sensitive,Resistant,Undetermined,ERR15628046,14908922.0,ERR14394843,34281.0,ERR14394844,29524.0,ERR14394845,469.0,ftp://ftp.sra.ebi.ac.uk/vol1/fastq/ERR143/043/ERR14394843/ERR14394843_1.fastq.gz,ftp://ftp.sra.ebi.ac.uk/vol1/fastq/ERR143/044/ERR14394844/ERR14394844_1.fastq.gz,ftp://ftp.sra.ebi.ac.uk/vol1/fastq/ERR143/045/ERR14394845/ERR14394845_1.fastq.gz,ftp://ftp.sra.ebi.ac.uk/vol1/fastq/ERR156/046/ERR15628046/ERR15628046_1.fastq.gz,ftp://ftp.sra.ebi.ac.uk/vol1/fastq/ERR143/043/ERR14394843/ERR14394843_2.fastq.gz,ftp://ftp.sra.ebi.ac.uk/vol1/fastq/ERR143/044/ERR14394844/ERR14394844_2.fastq.gz,ftp://ftp.sra.ebi.ac.uk/vol1/fastq/ERR143/045/ERR14394845/ERR14394845_2.fastq.gz,ftp://ftp.sra.ebi.ac.uk/vol1/fastq/ERR156/046/ERR15628046/ERR15628046_2.fastq.gz
RCN24828,Vietnam,AmpSeqV2,Resistant,Resistant,Sensitive,Resistant,Resistant,Resistant,Resistant,Sensitive,Resistant,Undetermined,ERR15628047,11457990.0,ERR14394846,44984.0,ERR14394847,40664.0,ERR14394848,1628.0,ftp://ftp.sra.ebi.ac.uk/vol1/fastq/ERR143/046/ERR14394846/ERR14394846_1.fastq.gz,ftp://ftp.sra.ebi.ac.uk/vol1/fastq/ERR143/047/ERR14394847/ERR14394847_1.fastq.gz,ftp://ftp.sra.ebi.ac.uk/vol1/fastq/ERR143/048/ERR14394848/ERR14394848_1.fastq.gz,ftp://ftp.sra.ebi.ac.uk/vol1/fastq/ERR156/047/ERR15628047/ERR15628047_1.fastq.gz,ftp://ftp.sra.ebi.ac.uk/vol1/fastq/ERR143/046/ERR14394846/ERR14394846_2.fastq.gz,ftp://ftp.sra.ebi.ac.uk/vol1/fastq/ERR143/047/ERR14394847/ERR14394847_2.fastq.gz,ftp://ftp.sra.ebi.ac.uk/vol1/fastq/ERR143/048/ERR14394848/ERR14394848_2.fastq.gz,ftp://ftp.sra.ebi.ac.uk/vol1/fastq/ERR156/047/ERR15628047/ERR15628047_2.fastq.gz
RCN24829,Vietnam,AmpSeqV2,Resistant,Resistant,Sensitive,Resistant,Resistant,Resistant,Resistant,Sensitive,Resistant,Undetermined,ERR15628048,12495881.0,ERR14394849,42555.0,ERR14394850,36650.0,ERR14394851,1008.0,ftp://ftp.sra.ebi.ac.uk/vol1/fastq/ERR143/049/ERR14394849/ERR14394849_1.fastq.gz,ftp://ftp.sra.ebi.ac.uk/vol1/fastq/ERR143/050/ERR14394850/ERR14394850_1.fastq.gz,ftp://ftp.sra.ebi.ac.uk/vol1/fastq/ERR143/051/ERR14394851/ERR14394851_1.fastq.gz,ftp://ftp.sra.ebi.ac.uk/vol1/fastq/ERR156/048/ERR15628048/ERR15628048_1.fastq.gz,ftp://ftp.sra.ebi.ac.uk/vol1/fastq/ERR143/049/ERR14394849/ERR14394849_2.fastq.gz,ftp://ftp.sra.ebi.ac.uk/vol1/fastq/ERR143/050/ERR14394850/ERR14394850_2.fastq.gz,ftp://ftp.sra.ebi.ac.uk/vol1/fastq/ERR143/051/ERR14394851/ERR14394851_2.fastq.gz,ftp://ftp.sra.ebi.ac.uk/vol1/fastq/ERR156/048/ERR15628048/ERR15628048_2.fastq.gz
RCN24831,Vietnam,AmpSeqV2,Resistant,Resistant,Sensitive,Resistant,Resistant,Resistant,Resistant,Sensitive,Resistant,Undetermined,ERR15628050,14132519.0,ERR14394855,21848.0,ERR14394856,24458.0,ERR14394857,573.0,ftp://ftp.sra.ebi.ac.uk/vol1/fastq/ERR143/055/ERR14394855/ERR14394855_1.fastq.gz,ftp://ftp.sra.ebi.ac.uk/vol1/fastq/ERR143/056/ERR14394856/ERR14394856_1.fastq.gz,ftp://ftp.sra.ebi.ac.uk/vol1/fastq/ERR143/057/ERR14394857/ERR14394857_1.fastq.gz,ftp://ftp.sra.ebi.ac.uk/vol1/fastq/ERR156/050/ERR15628050/ERR15628050_1.fastq.gz,ftp://ftp.sra.ebi.ac.uk/vol1/fastq/ERR143/055/ERR14394855/ERR14394855_2.fastq.gz,ftp://ftp.sra.ebi.ac.uk/vol1/fastq/ERR143/056/ERR14394856/ERR14394856_2.fastq.gz,ftp://ftp.sra.ebi.ac.uk/vol1/fastq/ERR143/057/ERR14394857/ERR14394857_2.fastq.gz,ftp://ftp.sra.ebi.ac.uk/vol1/fastq/ERR156/050/ERR15628050/ERR15628050_2.fastq.gz
RCN24832,Vietnam,AmpSeqV2,Resistant,Resistant,Sensitive,Resistant,Resistant,Resistant,Resistant,Sensitive,Resistant,Undetermined,ERR15628051,10684035.0,ERR14394858,23650.0,ERR14394859,21879.0,ERR14394860,395.0,ftp://ftp.sra.ebi.ac.uk/vol1/fastq/ERR143/058/ERR14394858/ERR14394858_1.fastq.gz,ftp://ftp.sra.ebi.ac.uk/vol1/fastq/ERR143/059/ERR14394859/ERR14394859_1.fastq.gz,ftp://ftp.sra.ebi.ac.uk/vol1/fastq/ERR143/060/ERR14394860/ERR14394860_1.fastq.gz,ftp://ftp.sra.ebi.ac.uk/vol1/fastq/ERR156/051/ERR15628051/ERR15628051_1.fastq.gz,ftp://ftp.sra.ebi.ac.uk/vol1/fastq/ERR143/058/ERR14394858/ERR14394858_2.fastq.gz,ftp://ftp.sra.ebi.ac.uk/vol1/fastq/ERR143/059/ERR14394859/ERR14394859_2.fastq.gz,ftp://ftp.sra.ebi.ac.uk/vol1/fastq/ERR143/060/ERR14394860/ERR14394860_2.fastq.gz,ftp://ftp.sra.ebi.ac.uk/vol1/fastq/ERR156/051/ERR15628051/ERR15628051_2.fastq.gz
RCN24833,Vietnam,AmpSeqV2,Sensitive,Sensitive,Sensitive,Sensitive,Resistant,Resistant,Sensitive,Sensitive,Resistant,Sensitive,ERR15628052,15107892.0,ERR14394861,23291.0,ERR14394862,26941.0,ERR14394863,999.0,ftp://ftp.sra.ebi.ac.uk/vol1/fastq/ERR143/061/ERR14394861/ERR14394861_1.fastq.gz,ftp://ftp.sra.ebi.ac.uk/vol1/fastq/ERR143/062/ERR14394862/ERR14394862_1.fastq.gz,ftp://ftp.sra.ebi.ac.uk/vol1/fastq/ERR143/063/ERR14394863/ERR14394863_1.fastq.gz,ftp://ftp.sra.ebi.ac.uk/vol1/fastq/ERR156/052/ERR15628052/ERR15628052_1.fastq.gz,ftp://ftp.sra.ebi.ac.uk/vol1/fastq/ERR143/061/ERR14394861/ERR14394861_2.fastq.gz,ftp://ftp.sra.ebi.ac.uk/vol1/fastq/ERR143/062/ERR14394862/ERR14394862_2.fastq.gz,ftp://ftp.sra.ebi.ac.uk/vol1/fastq/ERR143/063/ERR14394863/ERR14394863_2.fastq.gz,ftp://ftp.sra.ebi.ac.uk/vol1/fastq/ERR156/052/ERR15628052/ERR15628052_2.fastq.gz
RCN24834,Vietnam,AmpSeqV2,Resistant,Resistant,Sensitive,Resistant,Resistant,Resistant,Resistant,Sensitive,Resistant,Undetermined,ERR15628053,13342733.0,ERR14394864,37780.0,ERR14394865,28606.0,ERR14394866,1126.0,ftp://ftp.sra.ebi.ac.uk/vol1/fastq/ERR143/064/ERR14394864/ERR14394864_1.fastq.gz,ftp://ftp.sra.ebi.ac.uk/vol1/fastq/ERR143/065/ERR14394865/ERR14394865_1.fastq.gz,ftp://ftp.sra.ebi.ac.uk/vol1/fastq/ERR143/066/ERR14394866/ERR14394866_1.fastq.gz,ftp://ftp.sra.ebi.ac.uk/vol1/fastq/ERR156/053/ERR15628053/ERR15628053_1.fastq.gz,ftp://ftp.sra.ebi.ac.uk/vol1/fastq/ERR143/064/ERR14394864/ERR14394864_2.fastq.gz,ftp://ftp.sra.ebi.ac.uk/vol1/fastq/ERR143/065/ERR14394865/ERR14394865_2.fastq.gz,ftp://ftp.sra.ebi.ac.uk/vol1/fastq/ERR143/066/ERR14394866/ERR14394866_2.fastq.gz,ftp://ftp.sra.ebi.ac.uk/vol1/fastq/ERR156/053/ERR15628053/ERR15628053_2.fastq.gz
RCN24837,Vietnam,AmpSeqV2,Resistant,Resistant,Sensitive,Resistant,Resistant,Resistant,Resistant,Sensitive,Resistant,Undetermined,ERR15628056,7917529.0,ERR14394870,28468.0,ERR14394871,28057.0,ERR14394872,763.0,ftp://ftp.sra.ebi.ac.uk/vol1/fastq/ERR143/070/ERR14394870/ERR14394870_1.fastq.gz,ftp://ftp.sra.ebi.ac.uk/vol1/fastq/ERR143/071/ERR14394871/ERR14394871_1.fastq.gz,ftp://ftp.sra.ebi.ac.uk/vol1/fastq/ERR143/072/ERR14394872/ERR14394872_1.fastq.gz,ftp://ftp.sra.ebi.ac.uk/vol1/fastq/ERR156/056/ERR15628056/ERR15628056_1.fastq.gz,ftp://ftp.sra.ebi.ac.uk/vol1/fastq/ERR143/070/ERR14394870/ERR14394870_2.fastq.gz,ftp://ftp.sra.ebi.ac.uk/vol1/fastq/ERR143/071/ERR14394871/ERR14394871_2.fastq.gz,ftp://ftp.sra.ebi.ac.uk/vol1/fastq/ERR143/072/ERR14394872/ERR14394872_2.fastq.gz,ftp://ftp.sra.ebi.ac.uk/vol1/fastq/ERR156/056/ERR15628056/ERR15628056_2.fastq.gz
RCN24838,Vietnam,AmpSeqV2,Resistant,Resistant,Sensitive,Resistant,Resistant,Resistant,Resistant,Sensitive,Resistant,Undetermined,ERR15628057,14698323.0,ERR14394873,31956.0,ERR14394874,29809.0,ERR14394875,741.0,ftp://ftp.sra.ebi.ac.uk/vol1/fastq/ERR143/073/ERR14394873/ERR14394873_1.fastq.gz,ftp://ftp.sra.ebi.ac.uk/vol1/fastq/ERR143/074/ERR14394874/ERR14394874_1.fastq.gz,ftp://ftp.sra.ebi.ac.uk/vol1/fastq/ERR143/075/ERR14394875/ERR14394875_1.fastq.gz,ftp://ftp.sra.ebi.ac.uk/vol1/fastq/ERR156/057/ERR15628057/ERR15628057_1.fastq.gz,ftp://ftp.sra.ebi.ac.uk/vol1/fastq/ERR143/073/ERR14394873/ERR14394873_2.fastq.gz,ftp://ftp.sra.ebi.ac.uk/vol1/fastq/ERR143/074/ERR14394874/ERR14394874_2.fastq.gz,ftp://ftp.sra.ebi.ac.uk/vol1/fastq/ERR143/075/ERR14394875/ERR14394875_2.fastq.gz,ftp://ftp.sra.ebi.ac.uk/vol1/fastq/ERR156/057/ERR15628057/ERR15628057_2.fastq.gz
RCN24839,Vietnam,AmpSeqV2,Resistant,Resistant,Sensitive,Resistant,Resistant,Resistant,Resistant,Sensitive,Resistant,Undetermined,ERR15628058,12925010.0,ERR14394876,26005.0,ERR14394877,29534.0,ERR14394878,336.0,ftp://ftp.sra.ebi.ac.uk/vol1/fastq/ERR143/076/ERR14394876/ERR14394876_1.fastq.gz,ftp://ftp.sra.ebi.ac.uk/vol1/fastq/ERR143/077/ERR14394877/ERR14394877_1.fastq.gz,ftp://ftp.sra.ebi.ac.uk/vol1/fastq/ERR143/078/ERR14394878/ERR14394878_1.fastq.gz,ftp://ftp.sra.ebi.ac.uk/vol1/fastq/ERR156/058/ERR15628058/ERR15628058_1.fastq.gz,ftp://ftp.sra.ebi.ac.uk/vol1/fastq/ERR143/076/ERR14394876/ERR14394876_2.fastq.gz,ftp://ftp.sra.ebi.ac.uk/vol1/fastq/ERR143/077/ERR14394877/ERR14394877_2.fastq.gz,ftp://ftp.sra.ebi.ac.uk/vol1/fastq/ERR143/078/ERR14394878/ERR14394878_2.fastq.gz,ftp://ftp.sra.ebi.ac.uk/vol1/fastq/ERR156/058/ERR15628058/ERR15628058_2.fastq.gz
RCN24840,Vietnam,AmpSeqV2,Resistant,Resistant,Sensitive,Resistant,Resistant,Resistant,Resistant,Sensitive,Resistant,Undetermined,ERR15628059,8806313.0,ERR14394879,24969.0,ERR14394880,24508.0,ERR14394881,479.0,ftp://ftp.sra.ebi.ac.uk/vol1/fastq/ERR143/079/ERR14394879/ERR14394879_1.fastq.gz,ftp://ftp.sra.ebi.ac.uk/vol1/fastq/ERR143/080/ERR14394880/ERR14394880_1.fastq.gz,ftp://ftp.sra.ebi.ac.uk/vol1/fastq/ERR143/081/ERR14394881/ERR14394881_1.fastq.gz,ftp://ftp.sra.ebi.ac.uk/vol1/fastq/ERR156/059/ERR15628059/ERR15628059_1.fastq.gz,ftp://ftp.sra.ebi.ac.uk/vol1/fastq/ERR143/079/ERR14394879/ERR14394879_2.fastq.gz,ftp://ftp.sra.ebi.ac.uk/vol1/fastq/ERR143/080/ERR14394880/ERR14394880_2.fastq.gz,ftp://ftp.sra.ebi.ac.uk/vol1/fastq/ERR143/081/ERR14394881/ERR14394881_2.fastq.gz,ftp://ftp.sra.ebi.ac.uk/vol1/fastq/ERR156/059/ERR15628059/ERR15628059_2.fastq.gz
RCN24842,Vietnam,AmpSeqV2,Resistant,Resistant,Sensitive,Resistant,Resistant,Resistant,Resistant,Sensitive,Resistant,Undetermined,ERR15628061,12582609.0,ERR14394885,36319.0,ERR14394886,30148.0,ERR14394887,901.0,ftp://ftp.sra.ebi.ac.uk/vol1/fastq/ERR143/085/ERR14394885/ERR14394885_1.fastq.gz,ftp://ftp.sra.ebi.ac.uk/vol1/fastq/ERR143/086/ERR14394886/ERR14394886_1.fastq.gz,ftp://ftp.sra.ebi.ac.uk/vol1/fastq/ERR143/087/ERR14394887/ERR14394887_1.fastq.gz,ftp://ftp.sra.ebi.ac.uk/vol1/fastq/ERR156/061/ERR15628061/ERR15628061_1.fastq.gz,ftp://ftp.sra.ebi.ac.uk/vol1/fastq/ERR143/085/ERR14394885/ERR14394885_2.fastq.gz,ftp://ftp.sra.ebi.ac.uk/vol1/fastq/ERR143/086/ERR14394886/ERR14394886_2.fastq.gz,ftp://ftp.sra.ebi.ac.uk/vol1/fastq/ERR143/087/ERR14394887/ERR14394887_2.fastq.gz,ftp://ftp.sra.ebi.ac.uk/vol1/fastq/ERR156/061/ERR15628061/ERR15628061_2.fastq.gz
RCN24848,Vietnam,AmpSeqV2,Resistant,Resistant,Sensitive,Resistant,Resistant,Resistant,Resistant,Sensitive,Resistant,Undetermined,ERR15628065,9321196.0,ERR14394897,24078.0,ERR14394898,24734.0,ERR14394899,836.0,ftp://ftp.sra.ebi.ac.uk/vol1/fastq/ERR143/097/ERR14394897/ERR14394897_1.fastq.gz,ftp://ftp.sra.ebi.ac.uk/vol1/fastq/ERR143/098/ERR14394898/ERR14394898_1.fastq.gz,ftp://ftp.sra.ebi.ac.uk/vol1/fastq/ERR143/099/ERR14394899/ERR14394899_1.fastq.gz,ftp://ftp.sra.ebi.ac.uk/vol1/fastq/ERR156/065/ERR15628065/ERR15628065_1.fastq.gz,ftp://ftp.sra.ebi.ac.uk/vol1/fastq/ERR143/097/ERR14394897/ERR14394897_2.fastq.gz,ftp://ftp.sra.ebi.ac.uk/vol1/fastq/ERR143/098/ERR14394898/ERR14394898_2.fastq.gz,ftp://ftp.sra.ebi.ac.uk/vol1/fastq/ERR143/099/ERR14394899/ERR14394899_2.fastq.gz,ftp://ftp.sra.ebi.ac.uk/vol1/fastq/ERR156/065/ERR15628065/ERR15628065_2.fastq.gz
RCN24851,Vietnam,AmpSeqV2,Resistant,Resistant,Sensitive,Resistant,Resistant,Resistant,Resistant,Sensitive,Resistant,Undetermined,ERR15628068,16961761.0,ERR14394906,35345.0,ERR14394907,33824.0,ERR14394908,901.0,ftp://ftp.sra.ebi.ac.uk/vol1/fastq/ERR143/006/ERR14394906/ERR14394906_1.fastq.gz,ftp://ftp.sra.ebi.ac.uk/vol1/fastq/ERR143/007/ERR14394907/ERR14394907_1.fastq.gz,ftp://ftp.sra.ebi.ac.uk/vol1/fastq/ERR143/008/ERR14394908/ERR14394908_1.fastq.gz,ftp://ftp.sra.ebi.ac.uk/vol1/fastq/ERR156/068/ERR15628068/ERR15628068_1.fastq.gz,ftp://ftp.sra.ebi.ac.uk/vol1/fastq/ERR143/006/ERR14394906/ERR14394906_2.fastq.gz,ftp://ftp.sra.ebi.ac.uk/vol1/fastq/ERR143/007/ERR14394907/ERR14394907_2.fastq.gz,ftp://ftp.sra.ebi.ac.uk/vol1/fastq/ERR143/008/ERR14394908/ERR14394908_2.fastq.gz,ftp://ftp.sra.ebi.ac.uk/vol1/fastq/ERR156/068/ERR15628068/ERR15628068_2.fastq.gz
RCN24853,Vietnam,AmpSeqV2,Resistant,Resistant,Sensitive,Resistant,Resistant,Resistant,Resistant,Sensitive,Resistant,Undetermined,ERR15628069,12580018.0,ERR14394909,31867.0,ERR14394910,36598.0,ERR14394911,926.0,ftp://ftp.sra.ebi.ac.uk/vol1/fastq/ERR143/009/ERR14394909/ERR14394909_1.fastq.gz,ftp://ftp.sra.ebi.ac.uk/vol1/fastq/ERR143/010/ERR14394910/ERR14394910_1.fastq.gz,ftp://ftp.sra.ebi.ac.uk/vol1/fastq/ERR143/011/ERR14394911/ERR14394911_1.fastq.gz,ftp://ftp.sra.ebi.ac.uk/vol1/fastq/ERR156/069/ERR15628069/ERR15628069_1.fastq.gz,ftp://ftp.sra.ebi.ac.uk/vol1/fastq/ERR143/009/ERR14394909/ERR14394909_2.fastq.gz,ftp://ftp.sra.ebi.ac.uk/vol1/fastq/ERR143/010/ERR14394910/ERR14394910_2.fastq.gz,ftp://ftp.sra.ebi.ac.uk/vol1/fastq/ERR143/011/ERR14394911/ERR14394911_2.fastq.gz,ftp://ftp.sra.ebi.ac.uk/vol1/fastq/ERR156/069/ERR15628069/ERR15628069_2.fastq.gz
RCN24855,Vietnam,AmpSeqV2,Sensitive,Sensitive,Sensitive,Resistant,Resistant,Resistant,Sensitive,Sensitive,Resistant,Sensitive,ERR15628071,9706340.0,ERR14394915,14798.0,ERR14394916,17248.0,ERR14394917,162.0,ftp://ftp.sra.ebi.ac.uk/vol1/fastq/ERR143/015/ERR14394915/ERR14394915_1.fastq.gz,ftp://ftp.sra.ebi.ac.uk/vol1/fastq/ERR143/016/ERR14394916/ERR14394916_1.fastq.gz,ftp://ftp.sra.ebi.ac.uk/vol1/fastq/ERR143/017/ERR14394917/ERR14394917_1.fastq.gz,ftp://ftp.sra.ebi.ac.uk/vol1/fastq/ERR156/071/ERR15628071/ERR15628071_1.fastq.gz,ftp://ftp.sra.ebi.ac.uk/vol1/fastq/ERR143/015/ERR14394915/ERR14394915_2.fastq.gz,ftp://ftp.sra.ebi.ac.uk/vol1/fastq/ERR143/016/ERR14394916/ERR14394916_2.fastq.gz,ftp://ftp.sra.ebi.ac.uk/vol1/fastq/ERR143/017/ERR14394917/ERR14394917_2.fastq.gz,ftp://ftp.sra.ebi.ac.uk/vol1/fastq/ERR156/071/ERR15628071/ERR15628071_2.fastq.gz
RCN24856,Vietnam,AmpSeqV2,Resistant,Resistant,Sensitive,Resistant,Resistant,Resistant,Resistant,Sensitive,Resistant,Undetermined,ERR15628072,14865161.0,ERR14394918,23086.0,ERR14394919,20904.0,ERR14394920,720.0,ftp://ftp.sra.ebi.ac.uk/vol1/fastq/ERR143/018/ERR14394918/ERR14394918_1.fastq.gz,ftp://ftp.sra.ebi.ac.uk/vol1/fastq/ERR143/019/ERR14394919/ERR14394919_1.fastq.gz,ftp://ftp.sra.ebi.ac.uk/vol1/fastq/ERR143/020/ERR14394920/ERR14394920_1.fastq.gz,ftp://ftp.sra.ebi.ac.uk/vol1/fastq/ERR156/072/ERR15628072/ERR15628072_1.fastq.gz,ftp://ftp.sra.ebi.ac.uk/vol1/fastq/ERR143/018/ERR14394918/ERR14394918_2.fastq.gz,ftp://ftp.sra.ebi.ac.uk/vol1/fastq/ERR143/019/ERR14394919/ERR14394919_2.fastq.gz,ftp://ftp.sra.ebi.ac.uk/vol1/fastq/ERR143/020/ERR14394920/ERR14394920_2.fastq.gz,ftp://ftp.sra.ebi.ac.uk/vol1/fastq/ERR156/072/ERR15628072/ERR15628072_2.fastq.gz
RCN24857,Vietnam,AmpSeqV2,Resistant,Resistant,Sensitive,Resistant,Resistant,Resistant,Resistant,Sensitive,Resistant,Undetermined,ERR15628073,10578623.0,ERR14394921,22801.0,ERR14394922,23935.0,ERR14394923,485.0,ftp://ftp.sra.ebi.ac.uk/vol1/fastq/ERR143/021/ERR14394921/ERR14394921_1.fastq.gz,ftp://ftp.sra.ebi.ac.uk/vol1/fastq/ERR143/022/ERR14394922/ERR14394922_1.fastq.gz,ftp://ftp.sra.ebi.ac.uk/vol1/fastq/ERR143/023/ERR14394923/ERR14394923_1.fastq.gz,ftp://ftp.sra.ebi.ac.uk/vol1/fastq/ERR156/073/ERR15628073/ERR15628073_1.fastq.gz,ftp://ftp.sra.ebi.ac.uk/vol1/fastq/ERR143/021/ERR14394921/ERR14394921_2.fastq.gz,ftp://ftp.sra.ebi.ac.uk/vol1/fastq/ERR143/022/ERR14394922/ERR14394922_2.fastq.gz,ftp://ftp.sra.ebi.ac.uk/vol1/fastq/ERR143/023/ERR14394923/ERR14394923_2.fastq.gz,ftp://ftp.sra.ebi.ac.uk/vol1/fastq/ERR156/073/ERR15628073/ERR15628073_2.fastq.gz
RCN24859,Vietnam,AmpSeqV2,Resistant,Resistant,Sensitive,Resistant,Resistant,Resistant,Resistant,Sensitive,Resistant,Undetermined,ERR15628074,12343378.0,ERR14394927,45854.0,ERR14394928,37360.0,ERR14394929,863.0,ftp://ftp.sra.ebi.ac.uk/vol1/fastq/ERR143/027/ERR14394927/ERR14394927_1.fastq.gz,ftp://ftp.sra.ebi.ac.uk/vol1/fastq/ERR143/028/ERR14394928/ERR14394928_1.fastq.gz,ftp://ftp.sra.ebi.ac.uk/vol1/fastq/ERR143/029/ERR14394929/ERR14394929_1.fastq.gz,ftp://ftp.sra.ebi.ac.uk/vol1/fastq/ERR156/074/ERR15628074/ERR15628074_1.fastq.gz,ftp://ftp.sra.ebi.ac.uk/vol1/fastq/ERR143/027/ERR14394927/ERR14394927_2.fastq.gz,ftp://ftp.sra.ebi.ac.uk/vol1/fastq/ERR143/028/ERR14394928/ERR14394928_2.fastq.gz,ftp://ftp.sra.ebi.ac.uk/vol1/fastq/ERR143/029/ERR14394929/ERR14394929_2.fastq.gz,ftp://ftp.sra.ebi.ac.uk/vol1/fastq/ERR156/074/ERR15628074/ERR15628074_2.fastq.gz
RCN24860,Vietnam,AmpSeqV2,Resistant,Resistant,Sensitive,Resistant,Resistant,Resistant,Resistant,Sensitive,Resistant,Undetermined,ERR15628075,16236157.0,ERR14394930,35125.0,ERR14394931,30133.0,ERR14394932,650.0,ftp://ftp.sra.ebi.ac.uk/vol1/fastq/ERR143/030/ERR14394930/ERR14394930_1.fastq.gz,ftp://ftp.sra.ebi.ac.uk/vol1/fastq/ERR143/031/ERR14394931/ERR14394931_1.fastq.gz,ftp://ftp.sra.ebi.ac.uk/vol1/fastq/ERR143/032/ERR14394932/ERR14394932_1.fastq.gz,ftp://ftp.sra.ebi.ac.uk/vol1/fastq/ERR156/075/ERR15628075/ERR15628075_1.fastq.gz,ftp://ftp.sra.ebi.ac.uk/vol1/fastq/ERR143/030/ERR14394930/ERR14394930_2.fastq.gz,ftp://ftp.sra.ebi.ac.uk/vol1/fastq/ERR143/031/ERR14394931/ERR14394931_2.fastq.gz,ftp://ftp.sra.ebi.ac.uk/vol1/fastq/ERR143/032/ERR14394932/ERR14394932_2.fastq.gz,ftp://ftp.sra.ebi.ac.uk/vol1/fastq/ERR156/075/ERR15628075/ERR15628075_2.fastq.gz
RCN24862,Vietnam,AmpSeqV2,Resistant,Resistant,Sensitive,Resistant,Resistant,Resistant,Resistant,Sensitive,Resistant,Undetermined,ERR15628077,13725636.0,ERR14394936,26484.0,ERR14394937,28742.0,ERR14394938,277.0,ftp://ftp.sra.ebi.ac.uk/vol1/fastq/ERR143/036/ERR14394936/ERR14394936_1.fastq.gz,ftp://ftp.sra.ebi.ac.uk/vol1/fastq/ERR143/037/ERR14394937/ERR14394937_1.fastq.gz,ftp://ftp.sra.ebi.ac.uk/vol1/fastq/ERR143/038/ERR14394938/ERR14394938_1.fastq.gz,ftp://ftp.sra.ebi.ac.uk/vol1/fastq/ERR156/077/ERR15628077/ERR15628077_1.fastq.gz,ftp://ftp.sra.ebi.ac.uk/vol1/fastq/ERR143/036/ERR14394936/ERR14394936_2.fastq.gz,ftp://ftp.sra.ebi.ac.uk/vol1/fastq/ERR143/037/ERR14394937/ERR14394937_2.fastq.gz,ftp://ftp.sra.ebi.ac.uk/vol1/fastq/ERR143/038/ERR14394938/ERR14394938_2.fastq.gz,ftp://ftp.sra.ebi.ac.uk/vol1/fastq/ERR156/077/ERR15628077/ERR15628077_2.fastq.gz
RCN24864,Vietnam,AmpSeqV2,Resistant,Resistant,Sensitive,Resistant,Resistant,Resistant,Resistant,Sensitive,Resistant,Undetermined,ERR15628079,10989837.0,ERR14394942,25601.0,ERR14394943,23912.0,ERR14394944,568.0,ftp://ftp.sra.ebi.ac.uk/vol1/fastq/ERR143/042/ERR14394942/ERR14394942_1.fastq.gz,ftp://ftp.sra.ebi.ac.uk/vol1/fastq/ERR143/043/ERR14394943/ERR14394943_1.fastq.gz,ftp://ftp.sra.ebi.ac.uk/vol1/fastq/ERR143/044/ERR14394944/ERR14394944_1.fastq.gz,ftp://ftp.sra.ebi.ac.uk/vol1/fastq/ERR156/079/ERR15628079/ERR15628079_1.fastq.gz,ftp://ftp.sra.ebi.ac.uk/vol1/fastq/ERR143/042/ERR14394942/ERR14394942_2.fastq.gz,ftp://ftp.sra.ebi.ac.uk/vol1/fastq/ERR143/043/ERR14394943/ERR14394943_2.fastq.gz,ftp://ftp.sra.ebi.ac.uk/vol1/fastq/ERR143/044/ERR14394944/ERR14394944_2.fastq.gz,ftp://ftp.sra.ebi.ac.uk/vol1/fastq/ERR156/079/ERR15628079/ERR15628079_2.fastq.gz
RCN24865,Vietnam,AmpSeqV2,Resistant,Resistant,Sensitive,Resistant,Resistant,Resistant,Resistant,Sensitive,Resistant,Undetermined,ERR15628080,7803285.0,ERR14394945,21439.0,ERR14394946,24183.0,ERR14394947,848.0,ftp://ftp.sra.ebi.ac.uk/vol1/fastq/ERR143/045/ERR14394945/ERR14394945_1.fastq.gz,ftp://ftp.sra.ebi.ac.uk/vol1/fastq/ERR143/046/ERR14394946/ERR14394946_1.fastq.gz,ftp://ftp.sra.ebi.ac.uk/vol1/fastq/ERR143/047/ERR14394947/ERR14394947_1.fastq.gz,ftp://ftp.sra.ebi.ac.uk/vol1/fastq/ERR156/080/ERR15628080/ERR15628080_1.fastq.gz,ftp://ftp.sra.ebi.ac.uk/vol1/fastq/ERR143/045/ERR14394945/ERR14394945_2.fastq.gz,ftp://ftp.sra.ebi.ac.uk/vol1/fastq/ERR143/046/ERR14394946/ERR14394946_2.fastq.gz,ftp://ftp.sra.ebi.ac.uk/vol1/fastq/ERR143/047/ERR14394947/ERR14394947_2.fastq.gz,ftp://ftp.sra.ebi.ac.uk/vol1/fastq/ERR156/080/ERR15628080/ERR15628080_2.fastq.gz
RCN24867,Vietnam,AmpSeqV2,Resistant,Resistant,Sensitive,Resistant,Resistant,Resistant,Resistant,Sensitive,Resistant,Undetermined,ERR15628082,13293236.0,ERR14394951,36816.0,ERR14394952,32548.0,ERR14394953,941.0,ftp://ftp.sra.ebi.ac.uk/vol1/fastq/ERR143/051/ERR14394951/ERR14394951_1.fastq.gz,ftp://ftp.sra.ebi.ac.uk/vol1/fastq/ERR143/052/ERR14394952/ERR14394952_1.fastq.gz,ftp://ftp.sra.ebi.ac.uk/vol1/fastq/ERR143/053/ERR14394953/ERR14394953_1.fastq.gz,ftp://ftp.sra.ebi.ac.uk/vol1/fastq/ERR156/082/ERR15628082/ERR15628082_1.fastq.gz,ftp://ftp.sra.ebi.ac.uk/vol1/fastq/ERR143/051/ERR14394951/ERR14394951_2.fastq.gz,ftp://ftp.sra.ebi.ac.uk/vol1/fastq/ERR143/052/ERR14394952/ERR14394952_2.fastq.gz,ftp://ftp.sra.ebi.ac.uk/vol1/fastq/ERR143/053/ERR14394953/ERR14394953_2.fastq.gz,ftp://ftp.sra.ebi.ac.uk/vol1/fastq/ERR156/082/ERR15628082/ERR15628082_2.fastq.gz
RCN24870,Vietnam,AmpSeqV2,Resistant,Resistant,Sensitive,Resistant,Resistant,Resistant,Resistant,Sensitive,Resistant,Undetermined,ERR15628085,12389686.0,ERR14394960,21442.0,ERR14394961,28388.0,ERR14394962,742.0,ftp://ftp.sra.ebi.ac.uk/vol1/fastq/ERR143/060/ERR14394960/ERR14394960_1.fastq.gz,ftp://ftp.sra.ebi.ac.uk/vol1/fastq/ERR143/061/ERR14394961/ERR14394961_1.fastq.gz,ftp://ftp.sra.ebi.ac.uk/vol1/fastq/ERR143/062/ERR14394962/ERR14394962_1.fastq.gz,ftp://ftp.sra.ebi.ac.uk/vol1/fastq/ERR156/085/ERR15628085/ERR15628085_1.fastq.gz,ftp://ftp.sra.ebi.ac.uk/vol1/fastq/ERR143/060/ERR14394960/ERR14394960_2.fastq.gz,ftp://ftp.sra.ebi.ac.uk/vol1/fastq/ERR143/061/ERR14394961/ERR14394961_2.fastq.gz,ftp://ftp.sra.ebi.ac.uk/vol1/fastq/ERR143/062/ERR14394962/ERR14394962_2.fastq.gz,ftp://ftp.sra.ebi.ac.uk/vol1/fastq/ERR156/085/ERR15628085/ERR15628085_2.fastq.gz
RCN24871,Vietnam,AmpSeqV2,Resistant,Resistant,Sensitive,Resistant,Resistant,Resistant,Resistant,Sensitive,Resistant,Undetermined,ERR15628086,13094154.0,ERR14394963,17212.0,ERR14394964,13876.0,ERR14394965,948.0,ftp://ftp.sra.ebi.ac.uk/vol1/fastq/ERR143/063/ERR14394963/ERR14394963_1.fastq.gz,ftp://ftp.sra.ebi.ac.uk/vol1/fastq/ERR143/064/ERR14394964/ERR14394964_1.fastq.gz,ftp://ftp.sra.ebi.ac.uk/vol1/fastq/ERR143/065/ERR14394965/ERR14394965_1.fastq.gz,ftp://ftp.sra.ebi.ac.uk/vol1/fastq/ERR156/086/ERR15628086/ERR15628086_1.fastq.gz,ftp://ftp.sra.ebi.ac.uk/vol1/fastq/ERR143/063/ERR14394963/ERR14394963_2.fastq.gz,ftp://ftp.sra.ebi.ac.uk/vol1/fastq/ERR143/064/ERR14394964/ERR14394964_2.fastq.gz,ftp://ftp.sra.ebi.ac.uk/vol1/fastq/ERR143/065/ERR14394965/ERR14394965_2.fastq.gz,ftp://ftp.sra.ebi.ac.uk/vol1/fastq/ERR156/086/ERR15628086/ERR15628086_2.fastq.gz
RCN24873,Vietnam,AmpSeqV2,Resistant,Resistant,Sensitive,Resistant,Resistant,Resistant,Resistant,Sensitive,Resistant,Undetermined,ERR15628088,14692195.0,ERR14394969,10619.0,ERR14394970,19023.0,ERR14394971,313.0,ftp://ftp.sra.ebi.ac.uk/vol1/fastq/ERR143/069/ERR14394969/ERR14394969_1.fastq.gz,ftp://ftp.sra.ebi.ac.uk/vol1/fastq/ERR143/070/ERR14394970/ERR14394970_1.fastq.gz,ftp://ftp.sra.ebi.ac.uk/vol1/fastq/ERR143/071/ERR14394971/ERR14394971_1.fastq.gz,ftp://ftp.sra.ebi.ac.uk/vol1/fastq/ERR156/088/ERR15628088/ERR15628088_1.fastq.gz,ftp://ftp.sra.ebi.ac.uk/vol1/fastq/ERR143/069/ERR14394969/ERR14394969_2.fastq.gz,ftp://ftp.sra.ebi.ac.uk/vol1/fastq/ERR143/070/ERR14394970/ERR14394970_2.fastq.gz,ftp://ftp.sra.ebi.ac.uk/vol1/fastq/ERR143/071/ERR14394971/ERR14394971_2.fastq.gz,ftp://ftp.sra.ebi.ac.uk/vol1/fastq/ERR156/088/ERR15628088/ERR15628088_2.fastq.gz
RCN24874,Vietnam,AmpSeqV2,Resistant,Resistant,Sensitive,Resistant,Resistant,Resistant,Resistant,Sensitive,Resistant,Undetermined,ERR15628089,9860005.0,ERR14394972,34532.0,ERR14394973,35005.0,ERR14394974,1097.0,ftp://ftp.sra.ebi.ac.uk/vol1/fastq/ERR143/072/ERR14394972/ERR14394972_1.fastq.gz,ftp://ftp.sra.ebi.ac.uk/vol1/fastq/ERR143/073/ERR14394973/ERR14394973_1.fastq.gz,ftp://ftp.sra.ebi.ac.uk/vol1/fastq/ERR143/074/ERR14394974/ERR14394974_1.fastq.gz,ftp://ftp.sra.ebi.ac.uk/vol1/fastq/ERR156/089/ERR15628089/ERR15628089_1.fastq.gz,ftp://ftp.sra.ebi.ac.uk/vol1/fastq/ERR143/072/ERR14394972/ERR14394972_2.fastq.gz,ftp://ftp.sra.ebi.ac.uk/vol1/fastq/ERR143/073/ERR14394973/ERR14394973_2.fastq.gz,ftp://ftp.sra.ebi.ac.uk/vol1/fastq/ERR143/074/ERR14394974/ERR14394974_2.fastq.gz,ftp://ftp.sra.ebi.ac.uk/vol1/fastq/ERR156/089/ERR15628089/ERR15628089_2.fastq.gz
RCN24875,Vietnam,AmpSeqV2,Resistant,Resistant,Sensitive,Resistant,Resistant,Resistant,Resistant,Sensitive,Resistant,Undetermined,ERR15628090,10419767.0,ERR14394975,20258.0,ERR14394976,18285.0,ERR14394977,230.0,ftp://ftp.sra.ebi.ac.uk/vol1/fastq/ERR143/075/ERR14394975/ERR14394975_1.fastq.gz,ftp://ftp.sra.ebi.ac.uk/vol1/fastq/ERR143/076/ERR14394976/ERR14394976_1.fastq.gz,ftp://ftp.sra.ebi.ac.uk/vol1/fastq/ERR143/077/ERR14394977/ERR14394977_1.fastq.gz,ftp://ftp.sra.ebi.ac.uk/vol1/fastq/ERR156/090/ERR15628090/ERR15628090_1.fastq.gz,ftp://ftp.sra.ebi.ac.uk/vol1/fastq/ERR143/075/ERR14394975/ERR14394975_2.fastq.gz,ftp://ftp.sra.ebi.ac.uk/vol1/fastq/ERR143/076/ERR14394976/ERR14394976_2.fastq.gz,ftp://ftp.sra.ebi.ac.uk/vol1/fastq/ERR143/077/ERR14394977/ERR14394977_2.fastq.gz,ftp://ftp.sra.ebi.ac.uk/vol1/fastq/ERR156/090/ERR15628090/ERR15628090_2.fastq.gz
RCN24876,Vietnam,AmpSeqV2,Resistant,Resistant,Sensitive,Resistant,Resistant,Resistant,Resistant,Sensitive,Resistant,Undetermined,ERR15628091,7740186.0,ERR14394978,33301.0,ERR14394979,32165.0,ERR14394980,768.0,ftp://ftp.sra.ebi.ac.uk/vol1/fastq/ERR143/078/ERR14394978/ERR14394978_1.fastq.gz,ftp://ftp.sra.ebi.ac.uk/vol1/fastq/ERR143/079/ERR14394979/ERR14394979_1.fastq.gz,ftp://ftp.sra.ebi.ac.uk/vol1/fastq/ERR143/080/ERR14394980/ERR14394980_1.fastq.gz,ftp://ftp.sra.ebi.ac.uk/vol1/fastq/ERR156/091/ERR15628091/ERR15628091_1.fastq.gz,ftp://ftp.sra.ebi.ac.uk/vol1/fastq/ERR143/078/ERR14394978/ERR14394978_2.fastq.gz,ftp://ftp.sra.ebi.ac.uk/vol1/fastq/ERR143/079/ERR14394979/ERR14394979_2.fastq.gz,ftp://ftp.sra.ebi.ac.uk/vol1/fastq/ERR143/080/ERR14394980/ERR14394980_2.fastq.gz,ftp://ftp.sra.ebi.ac.uk/vol1/fastq/ERR156/091/ERR15628091/ERR15628091_2.fastq.gz
RCN24877,Vietnam,AmpSeqV2,Resistant,Sensitive,Sensitive,Resistant,Resistant,Resistant,Sensitive,Sensitive,Resistant,Undetermined,ERR15628092,13328351.0,ERR14394981,30264.0,ERR14394982,29098.0,ERR14394983,548.0,ftp://ftp.sra.ebi.ac.uk/vol1/fastq/ERR143/081/ERR14394981/ERR14394981_1.fastq.gz,ftp://ftp.sra.ebi.ac.uk/vol1/fastq/ERR143/082/ERR14394982/ERR14394982_1.fastq.gz,ftp://ftp.sra.ebi.ac.uk/vol1/fastq/ERR143/083/ERR14394983/ERR14394983_1.fastq.gz,ftp://ftp.sra.ebi.ac.uk/vol1/fastq/ERR156/092/ERR15628092/ERR15628092_1.fastq.gz,ftp://ftp.sra.ebi.ac.uk/vol1/fastq/ERR143/081/ERR14394981/ERR14394981_2.fastq.gz,ftp://ftp.sra.ebi.ac.uk/vol1/fastq/ERR143/082/ERR14394982/ERR14394982_2.fastq.gz,ftp://ftp.sra.ebi.ac.uk/vol1/fastq/ERR143/083/ERR14394983/ERR14394983_2.fastq.gz,ftp://ftp.sra.ebi.ac.uk/vol1/fastq/ERR156/092/ERR15628092/ERR15628092_2.fastq.gz
RCN24878,Vietnam,AmpSeqV2,Resistant,Resistant,Sensitive,Resistant,Resistant,Resistant,Resistant,Sensitive,Resistant,Undetermined,ERR15628093,12607628.0,ERR14394984,23882.0,ERR14394985,24609.0,ERR14394986,456.0,ftp://ftp.sra.ebi.ac.uk/vol1/fastq/ERR143/084/ERR14394984/ERR14394984_1.fastq.gz,ftp://ftp.sra.ebi.ac.uk/vol1/fastq/ERR143/085/ERR14394985/ERR14394985_1.fastq.gz,ftp://ftp.sra.ebi.ac.uk/vol1/fastq/ERR143/086/ERR14394986/ERR14394986_1.fastq.gz,ftp://ftp.sra.ebi.ac.uk/vol1/fastq/ERR156/093/ERR15628093/ERR15628093_1.fastq.gz,ftp://ftp.sra.ebi.ac.uk/vol1/fastq/ERR143/084/ERR14394984/ERR14394984_2.fastq.gz,ftp://ftp.sra.ebi.ac.uk/vol1/fastq/ERR143/085/ERR14394985/ERR14394985_2.fastq.gz,ftp://ftp.sra.ebi.ac.uk/vol1/fastq/ERR143/086/ERR14394986/ERR14394986_2.fastq.gz,ftp://ftp.sra.ebi.ac.uk/vol1/fastq/ERR156/093/ERR15628093/ERR15628093_2.fastq.gz
RCN24883,Vietnam,AmpSeqV2,Resistant,Resistant,Sensitive,Resistant,Resistant,Resistant,Resistant,Sensitive,Resistant,Undetermined,ERR15628097,12739502.0,ERR14394993,26570.0,ERR14394994,21898.0,ERR14394995,790.0,ftp://ftp.sra.ebi.ac.uk/vol1/fastq/ERR143/093/ERR14394993/ERR14394993_1.fastq.gz,ftp://ftp.sra.ebi.ac.uk/vol1/fastq/ERR143/094/ERR14394994/ERR14394994_1.fastq.gz,ftp://ftp.sra.ebi.ac.uk/vol1/fastq/ERR143/095/ERR14394995/ERR14394995_1.fastq.gz,ftp://ftp.sra.ebi.ac.uk/vol1/fastq/ERR156/097/ERR15628097/ERR15628097_1.fastq.gz,ftp://ftp.sra.ebi.ac.uk/vol1/fastq/ERR143/093/ERR14394993/ERR14394993_2.fastq.gz,ftp://ftp.sra.ebi.ac.uk/vol1/fastq/ERR143/094/ERR14394994/ERR14394994_2.fastq.gz,ftp://ftp.sra.ebi.ac.uk/vol1/fastq/ERR143/095/ERR14394995/ERR14394995_2.fastq.gz,ftp://ftp.sra.ebi.ac.uk/vol1/fastq/ERR156/097/ERR15628097/ERR15628097_2.fastq.gz
RCN24884,Vietnam,AmpSeqV2,Resistant,Resistant,Sensitive,Resistant,Resistant,Resistant,Resistant,Sensitive,Resistant,Undetermined,ERR15628098,17959035.0,ERR14394996,23168.0,ERR14394997,18912.0,ERR14394998,801.0,ftp://ftp.sra.ebi.ac.uk/vol1/fastq/ERR143/096/ERR14394996/ERR14394996_1.fastq.gz,ftp://ftp.sra.ebi.ac.uk/vol1/fastq/ERR143/097/ERR14394997/ERR14394997_1.fastq.gz,ftp://ftp.sra.ebi.ac.uk/vol1/fastq/ERR143/098/ERR14394998/ERR14394998_1.fastq.gz,ftp://ftp.sra.ebi.ac.uk/vol1/fastq/ERR156/098/ERR15628098/ERR15628098_1.fastq.gz,ftp://ftp.sra.ebi.ac.uk/vol1/fastq/ERR143/096/ERR14394996/ERR14394996_2.fastq.gz,ftp://ftp.sra.ebi.ac.uk/vol1/fastq/ERR143/097/ERR14394997/ERR14394997_2.fastq.gz,ftp://ftp.sra.ebi.ac.uk/vol1/fastq/ERR143/098/ERR14394998/ERR14394998_2.fastq.gz,ftp://ftp.sra.ebi.ac.uk/vol1/fastq/ERR156/098/ERR15628098/ERR15628098_2.fastq.gz
RCN24885,Vietnam,AmpSeqV2,Resistant,Resistant,Sensitive,Resistant,Resistant,Resistant,Resistant,Sensitive,Resistant,Undetermined,ERR15628099,12391698.0,ERR14394999,24352.0,ERR14395000,22276.0,ERR14395001,759.0,ftp://ftp.sra.ebi.ac.uk/vol1/fastq/ERR143/099/ERR14394999/ERR14394999_1.fastq.gz,ftp://ftp.sra.ebi.ac.uk/vol1/fastq/ERR143/000/ERR14395000/ERR14395000_1.fastq.gz,ftp://ftp.sra.ebi.ac.uk/vol1/fastq/ERR143/001/ERR14395001/ERR14395001_1.fastq.gz,ftp://ftp.sra.ebi.ac.uk/vol1/fastq/ERR156/099/ERR15628099/ERR15628099_1.fastq.gz,ftp://ftp.sra.ebi.ac.uk/vol1/fastq/ERR143/099/ERR14394999/ERR14394999_2.fastq.gz,ftp://ftp.sra.ebi.ac.uk/vol1/fastq/ERR143/000/ERR14395000/ERR14395000_2.fastq.gz,ftp://ftp.sra.ebi.ac.uk/vol1/fastq/ERR143/001/ERR14395001/ERR14395001_2.fastq.gz,ftp://ftp.sra.ebi.ac.uk/vol1/fastq/ERR156/099/ERR15628099/ERR15628099_2.fastq.gz
RCN24888,Vietnam,AmpSeqV2,Sensitive,Sensitive,Sensitive,Resistant,Resistant,Resistant,Sensitive,Sensitive,Resistant,Sensitive,ERR15628102,11036916.0,ERR14395008,33741.0,ERR14395009,33919.0,ERR14395010,1042.0,ftp://ftp.sra.ebi.ac.uk/vol1/fastq/ERR143/008/ERR14395008/ERR14395008_1.fastq.gz,ftp://ftp.sra.ebi.ac.uk/vol1/fastq/ERR143/009/ERR14395009/ERR14395009_1.fastq.gz,ftp://ftp.sra.ebi.ac.uk/vol1/fastq/ERR143/010/ERR14395010/ERR14395010_1.fastq.gz,ftp://ftp.sra.ebi.ac.uk/vol1/fastq/ERR156/002/ERR15628102/ERR15628102_1.fastq.gz,ftp://ftp.sra.ebi.ac.uk/vol1/fastq/ERR143/008/ERR14395008/ERR14395008_2.fastq.gz,ftp://ftp.sra.ebi.ac.uk/vol1/fastq/ERR143/009/ERR14395009/ERR14395009_2.fastq.gz,ftp://ftp.sra.ebi.ac.uk/vol1/fastq/ERR143/010/ERR14395010/ERR14395010_2.fastq.gz,ftp://ftp.sra.ebi.ac.uk/vol1/fastq/ERR156/002/ERR15628102/ERR15628102_2.fastq.gz
RCN24889,Vietnam,AmpSeqV2,Resistant,Resistant,Sensitive,Resistant,Resistant,Resistant,Resistant,Sensitive,Resistant,Undetermined,ERR15628103,10463012.0,ERR14395011,32750.0,ERR14395012,31738.0,ERR14395013,718.0,ftp://ftp.sra.ebi.ac.uk/vol1/fastq/ERR143/011/ERR14395011/ERR14395011_1.fastq.gz,ftp://ftp.sra.ebi.ac.uk/vol1/fastq/ERR143/012/ERR14395012/ERR14395012_1.fastq.gz,ftp://ftp.sra.ebi.ac.uk/vol1/fastq/ERR143/013/ERR14395013/ERR14395013_1.fastq.gz,ftp://ftp.sra.ebi.ac.uk/vol1/fastq/ERR156/003/ERR15628103/ERR15628103_1.fastq.gz,ftp://ftp.sra.ebi.ac.uk/vol1/fastq/ERR143/011/ERR14395011/ERR14395011_2.fastq.gz,ftp://ftp.sra.ebi.ac.uk/vol1/fastq/ERR143/012/ERR14395012/ERR14395012_2.fastq.gz,ftp://ftp.sra.ebi.ac.uk/vol1/fastq/ERR143/013/ERR14395013/ERR14395013_2.fastq.gz,ftp://ftp.sra.ebi.ac.uk/vol1/fastq/ERR156/003/ERR15628103/ERR15628103_2.fastq.gz
RCN24890,Vietnam,AmpSeqV2,Resistant,Resistant,Sensitive,Resistant,Resistant,Resistant,Resistant,Sensitive,Resistant,Undetermined,ERR15628104,9985408.0,ERR14395014,47154.0,ERR14395015,48724.0,ERR14395016,2079.0,ftp://ftp.sra.ebi.ac.uk/vol1/fastq/ERR143/014/ERR14395014/ERR14395014_1.fastq.gz,ftp://ftp.sra.ebi.ac.uk/vol1/fastq/ERR143/015/ERR14395015/ERR14395015_1.fastq.gz,ftp://ftp.sra.ebi.ac.uk/vol1/fastq/ERR143/016/ERR14395016/ERR14395016_1.fastq.gz,ftp://ftp.sra.ebi.ac.uk/vol1/fastq/ERR156/004/ERR15628104/ERR15628104_1.fastq.gz,ftp://ftp.sra.ebi.ac.uk/vol1/fastq/ERR143/014/ERR14395014/ERR14395014_2.fastq.gz,ftp://ftp.sra.ebi.ac.uk/vol1/fastq/ERR143/015/ERR14395015/ERR14395015_2.fastq.gz,ftp://ftp.sra.ebi.ac.uk/vol1/fastq/ERR143/016/ERR14395016/ERR14395016_2.fastq.gz,ftp://ftp.sra.ebi.ac.uk/vol1/fastq/ERR156/004/ERR15628104/ERR15628104_2.fastq.gz
RCN24891,Vietnam,AmpSeqV2,Resistant,Resistant,Sensitive,Resistant,Resistant,Resistant,Resistant,Sensitive,Resistant,Undetermined,ERR15628105,9433037.0,ERR14395017,32197.0,ERR14395018,30935.0,ERR14395019,719.0,ftp://ftp.sra.ebi.ac.uk/vol1/fastq/ERR143/017/ERR14395017/ERR14395017_1.fastq.gz,ftp://ftp.sra.ebi.ac.uk/vol1/fastq/ERR143/018/ERR14395018/ERR14395018_1.fastq.gz,ftp://ftp.sra.ebi.ac.uk/vol1/fastq/ERR143/019/ERR14395019/ERR14395019_1.fastq.gz,ftp://ftp.sra.ebi.ac.uk/vol1/fastq/ERR156/005/ERR15628105/ERR15628105_1.fastq.gz,ftp://ftp.sra.ebi.ac.uk/vol1/fastq/ERR143/017/ERR14395017/ERR14395017_2.fastq.gz,ftp://ftp.sra.ebi.ac.uk/vol1/fastq/ERR143/018/ERR14395018/ERR14395018_2.fastq.gz,ftp://ftp.sra.ebi.ac.uk/vol1/fastq/ERR143/019/ERR14395019/ERR14395019_2.fastq.gz,ftp://ftp.sra.ebi.ac.uk/vol1/fastq/ERR156/005/ERR15628105/ERR15628105_2.fastq.gz
RCN24892,Vietnam,AmpSeqV2,Resistant,Resistant,Sensitive,Resistant,Resistant,Resistant,Resistant,Sensitive,Resistant,Undetermined,ERR15628106,11565692.0,ERR14395020,33534.0,ERR14395021,27334.0,ERR14395022,791.0,ftp://ftp.sra.ebi.ac.uk/vol1/fastq/ERR143/020/ERR14395020/ERR14395020_1.fastq.gz,ftp://ftp.sra.ebi.ac.uk/vol1/fastq/ERR143/021/ERR14395021/ERR14395021_1.fastq.gz,ftp://ftp.sra.ebi.ac.uk/vol1/fastq/ERR143/022/ERR14395022/ERR14395022_1.fastq.gz,ftp://ftp.sra.ebi.ac.uk/vol1/fastq/ERR156/006/ERR15628106/ERR15628106_1.fastq.gz,ftp://ftp.sra.ebi.ac.uk/vol1/fastq/ERR143/020/ERR14395020/ERR14395020_2.fastq.gz,ftp://ftp.sra.ebi.ac.uk/vol1/fastq/ERR143/021/ERR14395021/ERR14395021_2.fastq.gz,ftp://ftp.sra.ebi.ac.uk/vol1/fastq/ERR143/022/ERR14395022/ERR14395022_2.fastq.gz,ftp://ftp.sra.ebi.ac.uk/vol1/fastq/ERR156/006/ERR15628106/ERR15628106_2.fastq.gz
RCN24894,Vietnam,AmpSeqV2,Resistant,Resistant,Sensitive,Resistant,Resistant,Resistant,Resistant,Sensitive,Resistant,Undetermined,ERR15628108,9904787.0,ERR14395026,21231.0,ERR14395027,19113.0,ERR14395028,637.0,ftp://ftp.sra.ebi.ac.uk/vol1/fastq/ERR143/026/ERR14395026/ERR14395026_1.fastq.gz,ftp://ftp.sra.ebi.ac.uk/vol1/fastq/ERR143/027/ERR14395027/ERR14395027_1.fastq.gz,ftp://ftp.sra.ebi.ac.uk/vol1/fastq/ERR143/028/ERR14395028/ERR14395028_1.fastq.gz,ftp://ftp.sra.ebi.ac.uk/vol1/fastq/ERR156/008/ERR15628108/ERR15628108_1.fastq.gz,ftp://ftp.sra.ebi.ac.uk/vol1/fastq/ERR143/026/ERR14395026/ERR14395026_2.fastq.gz,ftp://ftp.sra.ebi.ac.uk/vol1/fastq/ERR143/027/ERR14395027/ERR14395027_2.fastq.gz,ftp://ftp.sra.ebi.ac.uk/vol1/fastq/ERR143/028/ERR14395028/ERR14395028_2.fastq.gz,ftp://ftp.sra.ebi.ac.uk/vol1/fastq/ERR156/008/ERR15628108/ERR15628108_2.fastq.gz
RCN24895,Vietnam,AmpSeqV2,Resistant,Sensitive,Sensitive,Resistant,Resistant,Resistant,Sensitive,Sensitive,Resistant,Undetermined,ERR15628109,11056631.0,ERR14395029,24773.0,ERR14395030,13864.0,ERR14395031,798.0,ftp://ftp.sra.ebi.ac.uk/vol1/fastq/ERR143/029/ERR14395029/ERR14395029_1.fastq.gz,ftp://ftp.sra.ebi.ac.uk/vol1/fastq/ERR143/030/ERR14395030/ERR14395030_1.fastq.gz,ftp://ftp.sra.ebi.ac.uk/vol1/fastq/ERR143/031/ERR14395031/ERR14395031_1.fastq.gz,ftp://ftp.sra.ebi.ac.uk/vol1/fastq/ERR156/009/ERR15628109/ERR15628109_1.fastq.gz,ftp://ftp.sra.ebi.ac.uk/vol1/fastq/ERR143/029/ERR14395029/ERR14395029_2.fastq.gz,ftp://ftp.sra.ebi.ac.uk/vol1/fastq/ERR143/030/ERR14395030/ERR14395030_2.fastq.gz,ftp://ftp.sra.ebi.ac.uk/vol1/fastq/ERR143/031/ERR14395031/ERR14395031_2.fastq.gz,ftp://ftp.sra.ebi.ac.uk/vol1/fastq/ERR156/009/ERR15628109/ERR15628109_2.fastq.gz
RCN24896,Vietnam,AmpSeqV2,Resistant,Resistant,Sensitive,Resistant,Resistant,Resistant,Resistant,Sensitive,Resistant,Undetermined,ERR15628110,8980866.0,ERR14395032,33434.0,ERR14395033,33555.0,ERR14395034,1119.0,ftp://ftp.sra.ebi.ac.uk/vol1/fastq/ERR143/032/ERR14395032/ERR14395032_1.fastq.gz,ftp://ftp.sra.ebi.ac.uk/vol1/fastq/ERR143/033/ERR14395033/ERR14395033_1.fastq.gz,ftp://ftp.sra.ebi.ac.uk/vol1/fastq/ERR143/034/ERR14395034/ERR14395034_1.fastq.gz,ftp://ftp.sra.ebi.ac.uk/vol1/fastq/ERR156/010/ERR15628110/ERR15628110_1.fastq.gz,ftp://ftp.sra.ebi.ac.uk/vol1/fastq/ERR143/032/ERR14395032/ERR14395032_2.fastq.gz,ftp://ftp.sra.ebi.ac.uk/vol1/fastq/ERR143/033/ERR14395033/ERR14395033_2.fastq.gz,ftp://ftp.sra.ebi.ac.uk/vol1/fastq/ERR143/034/ERR14395034/ERR14395034_2.fastq.gz,ftp://ftp.sra.ebi.ac.uk/vol1/fastq/ERR156/010/ERR15628110/ERR15628110_2.fastq.gz
RCN24898,Vietnam,AmpSeqV2,Resistant,Resistant,Sensitive,Resistant,Resistant,Resistant,Resistant,Sensitive,Resistant,Undetermined,ERR15628112,15122520.0,ERR14395038,37399.0,ERR14395039,30434.0,ERR14395040,590.0,ftp://ftp.sra.ebi.ac.uk/vol1/fastq/ERR143/038/ERR14395038/ERR14395038_1.fastq.gz,ftp://ftp.sra.ebi.ac.uk/vol1/fastq/ERR143/039/ERR14395039/ERR14395039_1.fastq.gz,ftp://ftp.sra.ebi.ac.uk/vol1/fastq/ERR143/040/ERR14395040/ERR14395040_1.fastq.gz,ftp://ftp.sra.ebi.ac.uk/vol1/fastq/ERR156/012/ERR15628112/ERR15628112_1.fastq.gz,ftp://ftp.sra.ebi.ac.uk/vol1/fastq/ERR143/038/ERR14395038/ERR14395038_2.fastq.gz,ftp://ftp.sra.ebi.ac.uk/vol1/fastq/ERR143/039/ERR14395039/ERR14395039_2.fastq.gz,ftp://ftp.sra.ebi.ac.uk/vol1/fastq/ERR143/040/ERR14395040/ERR14395040_2.fastq.gz,ftp://ftp.sra.ebi.ac.uk/vol1/fastq/ERR156/012/ERR15628112/ERR15628112_2.fastq.gz
RCN24900,Vietnam,AmpSeqV2,Resistant,Resistant,Sensitive,Resistant,Resistant,Resistant,Resistant,Sensitive,Resistant,Undetermined,ERR15628114,15743047.0,ERR14395041,30720.0,ERR14395042,24288.0,ERR14395043,1053.0,ftp://ftp.sra.ebi.ac.uk/vol1/fastq/ERR143/041/ERR14395041/ERR14395041_1.fastq.gz,ftp://ftp.sra.ebi.ac.uk/vol1/fastq/ERR143/042/ERR14395042/ERR14395042_1.fastq.gz,ftp://ftp.sra.ebi.ac.uk/vol1/fastq/ERR143/043/ERR14395043/ERR14395043_1.fastq.gz,ftp://ftp.sra.ebi.ac.uk/vol1/fastq/ERR156/014/ERR15628114/ERR15628114_1.fastq.gz,ftp://ftp.sra.ebi.ac.uk/vol1/fastq/ERR143/041/ERR14395041/ERR14395041_2.fastq.gz,ftp://ftp.sra.ebi.ac.uk/vol1/fastq/ERR143/042/ERR14395042/ERR14395042_2.fastq.gz,ftp://ftp.sra.ebi.ac.uk/vol1/fastq/ERR143/043/ERR14395043/ERR14395043_2.fastq.gz,ftp://ftp.sra.ebi.ac.uk/vol1/fastq/ERR156/014/ERR15628114/ERR15628114_2.fastq.gz
RCN24904,Vietnam,AmpSeqV2,Resistant,Resistant,Sensitive,Resistant,Resistant,Resistant,Resistant,Sensitive,Resistant,Undetermined,ERR15628116,11226634.0,ERR14395053,25888.0,ERR14395054,16378.0,ERR14395055,325.0,ftp://ftp.sra.ebi.ac.uk/vol1/fastq/ERR143/053/ERR14395053/ERR14395053_1.fastq.gz,ftp://ftp.sra.ebi.ac.uk/vol1/fastq/ERR143/054/ERR14395054/ERR14395054_1.fastq.gz,ftp://ftp.sra.ebi.ac.uk/vol1/fastq/ERR143/055/ERR14395055/ERR14395055_1.fastq.gz,ftp://ftp.sra.ebi.ac.uk/vol1/fastq/ERR156/016/ERR15628116/ERR15628116_1.fastq.gz,ftp://ftp.sra.ebi.ac.uk/vol1/fastq/ERR143/053/ERR14395053/ERR14395053_2.fastq.gz,ftp://ftp.sra.ebi.ac.uk/vol1/fastq/ERR143/054/ERR14395054/ERR14395054_2.fastq.gz,ftp://ftp.sra.ebi.ac.uk/vol1/fastq/ERR143/055/ERR14395055/ERR14395055_2.fastq.gz,ftp://ftp.sra.ebi.ac.uk/vol1/fastq/ERR156/016/ERR15628116/ERR15628116_2.fastq.gz
RCN24906,Vietnam,AmpSeqV2,Sensitive,Sensitive,Sensitive,Resistant,Resistant,Resistant,Sensitive,Sensitive,Resistant,Sensitive,ERR15628118,13439730.0,ERR14395059,30497.0,ERR14395060,29920.0,ERR14395061,909.0,ftp://ftp.sra.ebi.ac.uk/vol1/fastq/ERR143/059/ERR14395059/ERR14395059_1.fastq.gz,ftp://ftp.sra.ebi.ac.uk/vol1/fastq/ERR143/060/ERR14395060/ERR14395060_1.fastq.gz,ftp://ftp.sra.ebi.ac.uk/vol1/fastq/ERR143/061/ERR14395061/ERR14395061_1.fastq.gz,ftp://ftp.sra.ebi.ac.uk/vol1/fastq/ERR156/018/ERR15628118/ERR15628118_1.fastq.gz,ftp://ftp.sra.ebi.ac.uk/vol1/fastq/ERR143/059/ERR14395059/ERR14395059_2.fastq.gz,ftp://ftp.sra.ebi.ac.uk/vol1/fastq/ERR143/060/ERR14395060/ERR14395060_2.fastq.gz,ftp://ftp.sra.ebi.ac.uk/vol1/fastq/ERR143/061/ERR14395061/ERR14395061_2.fastq.gz,ftp://ftp.sra.ebi.ac.uk/vol1/fastq/ERR156/018/ERR15628118/ERR15628118_2.fastq.gz
RCN24907,Vietnam,AmpSeqV2,Resistant,Resistant,Sensitive,Resistant,Resistant,Resistant,Resistant,Sensitive,Resistant,Undetermined,ERR15628119,9744433.0,ERR14395062,29092.0,ERR14395063,26087.0,ERR14395064,770.0,ftp://ftp.sra.ebi.ac.uk/vol1/fastq/ERR143/062/ERR14395062/ERR14395062_1.fastq.gz,ftp://ftp.sra.ebi.ac.uk/vol1/fastq/ERR143/063/ERR14395063/ERR14395063_1.fastq.gz,ftp://ftp.sra.ebi.ac.uk/vol1/fastq/ERR143/064/ERR14395064/ERR14395064_1.fastq.gz,ftp://ftp.sra.ebi.ac.uk/vol1/fastq/ERR156/019/ERR15628119/ERR15628119_1.fastq.gz,ftp://ftp.sra.ebi.ac.uk/vol1/fastq/ERR143/062/ERR14395062/ERR14395062_2.fastq.gz,ftp://ftp.sra.ebi.ac.uk/vol1/fastq/ERR143/063/ERR14395063/ERR14395063_2.fastq.gz,ftp://ftp.sra.ebi.ac.uk/vol1/fastq/ERR143/064/ERR14395064/ERR14395064_2.fastq.gz,ftp://ftp.sra.ebi.ac.uk/vol1/fastq/ERR156/019/ERR15628119/ERR15628119_2.fastq.gz
RCN24909,Vietnam,AmpSeqV2,Sensitive,Sensitive,Sensitive,Resistant,Resistant,Resistant,Sensitive,Sensitive,Resistant,Sensitive,ERR15628121,13869655.0,ERR14395065,36015.0,ERR14395066,33842.0,ERR14395067,900.0,ftp://ftp.sra.ebi.ac.uk/vol1/fastq/ERR143/065/ERR14395065/ERR14395065_1.fastq.gz,ftp://ftp.sra.ebi.ac.uk/vol1/fastq/ERR143/066/ERR14395066/ERR14395066_1.fastq.gz,ftp://ftp.sra.ebi.ac.uk/vol1/fastq/ERR143/067/ERR14395067/ERR14395067_1.fastq.gz,ftp://ftp.sra.ebi.ac.uk/vol1/fastq/ERR156/021/ERR15628121/ERR15628121_1.fastq.gz,ftp://ftp.sra.ebi.ac.uk/vol1/fastq/ERR143/065/ERR14395065/ERR14395065_2.fastq.gz,ftp://ftp.sra.ebi.ac.uk/vol1/fastq/ERR143/066/ERR14395066/ERR14395066_2.fastq.gz,ftp://ftp.sra.ebi.ac.uk/vol1/fastq/ERR143/067/ERR14395067/ERR14395067_2.fastq.gz,ftp://ftp.sra.ebi.ac.uk/vol1/fastq/ERR156/021/ERR15628121/ERR15628121_2.fastq.gz
RCN24910,Vietnam,AmpSeqV2,Sensitive,Sensitive,Sensitive,Resistant,Resistant,Resistant,Sensitive,Sensitive,Resistant,Sensitive,ERR15628122,10552866.0,ERR14395068,19220.0,ERR14395069,26205.0,ERR14395070,507.0,ftp://ftp.sra.ebi.ac.uk/vol1/fastq/ERR143/068/ERR14395068/ERR14395068_1.fastq.gz,ftp://ftp.sra.ebi.ac.uk/vol1/fastq/ERR143/069/ERR14395069/ERR14395069_1.fastq.gz,ftp://ftp.sra.ebi.ac.uk/vol1/fastq/ERR143/070/ERR14395070/ERR14395070_1.fastq.gz,ftp://ftp.sra.ebi.ac.uk/vol1/fastq/ERR156/022/ERR15628122/ERR15628122_1.fastq.gz,ftp://ftp.sra.ebi.ac.uk/vol1/fastq/ERR143/068/ERR14395068/ERR14395068_2.fastq.gz,ftp://ftp.sra.ebi.ac.uk/vol1/fastq/ERR143/069/ERR14395069/ERR14395069_2.fastq.gz,ftp://ftp.sra.ebi.ac.uk/vol1/fastq/ERR143/070/ERR14395070/ERR14395070_2.fastq.gz,ftp://ftp.sra.ebi.ac.uk/vol1/fastq/ERR156/022/ERR15628122/ERR15628122_2.fastq.gz
RCN24911,Vietnam,AmpSeqV2,Sensitive,Sensitive,Sensitive,Resistant,Resistant,Resistant,Sensitive,Sensitive,Resistant,Sensitive,ERR15628123,14444602.0,ERR14395071,16888.0,ERR14395072,17897.0,ERR14395073,684.0,ftp://ftp.sra.ebi.ac.uk/vol1/fastq/ERR143/071/ERR14395071/ERR14395071_1.fastq.gz,ftp://ftp.sra.ebi.ac.uk/vol1/fastq/ERR143/072/ERR14395072/ERR14395072_1.fastq.gz,ftp://ftp.sra.ebi.ac.uk/vol1/fastq/ERR143/073/ERR14395073/ERR14395073_1.fastq.gz,ftp://ftp.sra.ebi.ac.uk/vol1/fastq/ERR156/023/ERR15628123/ERR15628123_1.fastq.gz,ftp://ftp.sra.ebi.ac.uk/vol1/fastq/ERR143/071/ERR14395071/ERR14395071_2.fastq.gz,ftp://ftp.sra.ebi.ac.uk/vol1/fastq/ERR143/072/ERR14395072/ERR14395072_2.fastq.gz,ftp://ftp.sra.ebi.ac.uk/vol1/fastq/ERR143/073/ERR14395073/ERR14395073_2.fastq.gz,ftp://ftp.sra.ebi.ac.uk/vol1/fastq/ERR156/023/ERR15628123/ERR15628123_2.fastq.gz
RCN24912,Vietnam,AmpSeqV2,Resistant,Resistant,Sensitive,Resistant,Resistant,Resistant,Resistant,Sensitive,Resistant,Undetermined,ERR15628124,13997564.0,ERR14395074,34276.0,ERR14395075,35770.0,ERR14395076,883.0,ftp://ftp.sra.ebi.ac.uk/vol1/fastq/ERR143/074/ERR14395074/ERR14395074_1.fastq.gz,ftp://ftp.sra.ebi.ac.uk/vol1/fastq/ERR143/075/ERR14395075/ERR14395075_1.fastq.gz,ftp://ftp.sra.ebi.ac.uk/vol1/fastq/ERR143/076/ERR14395076/ERR14395076_1.fastq.gz,ftp://ftp.sra.ebi.ac.uk/vol1/fastq/ERR156/024/ERR15628124/ERR15628124_1.fastq.gz,ftp://ftp.sra.ebi.ac.uk/vol1/fastq/ERR143/074/ERR14395074/ERR14395074_2.fastq.gz,ftp://ftp.sra.ebi.ac.uk/vol1/fastq/ERR143/075/ERR14395075/ERR14395075_2.fastq.gz,ftp://ftp.sra.ebi.ac.uk/vol1/fastq/ERR143/076/ERR14395076/ERR14395076_2.fastq.gz,ftp://ftp.sra.ebi.ac.uk/vol1/fastq/ERR156/024/ERR15628124/ERR15628124_2.fastq.gz
RCN24913,Vietnam,AmpSeqV2,Sensitive,Sensitive,Sensitive,Resistant,Resistant,Resistant,Sensitive,Sensitive,Resistant,Sensitive,ERR15628125,10318115.0,ERR14395077,33843.0,ERR14395078,32617.0,ERR14395079,673.0,ftp://ftp.sra.ebi.ac.uk/vol1/fastq/ERR143/077/ERR14395077/ERR14395077_1.fastq.gz,ftp://ftp.sra.ebi.ac.uk/vol1/fastq/ERR143/078/ERR14395078/ERR14395078_1.fastq.gz,ftp://ftp.sra.ebi.ac.uk/vol1/fastq/ERR143/079/ERR14395079/ERR14395079_1.fastq.gz,ftp://ftp.sra.ebi.ac.uk/vol1/fastq/ERR156/025/ERR15628125/ERR15628125_1.fastq.gz,ftp://ftp.sra.ebi.ac.uk/vol1/fastq/ERR143/077/ERR14395077/ERR14395077_2.fastq.gz,ftp://ftp.sra.ebi.ac.uk/vol1/fastq/ERR143/078/ERR14395078/ERR14395078_2.fastq.gz,ftp://ftp.sra.ebi.ac.uk/vol1/fastq/ERR143/079/ERR14395079/ERR14395079_2.fastq.gz,ftp://ftp.sra.ebi.ac.uk/vol1/fastq/ERR156/025/ERR15628125/ERR15628125_2.fastq.gz
RCN24914,Vietnam,AmpSeqV2,Sensitive,Sensitive,Sensitive,Resistant,Resistant,Resistant,Sensitive,Sensitive,Resistant,Sensitive,ERR15628126,16517229.0,ERR14395080,36400.0,ERR14395081,33625.0,ERR14395082,1266.0,ftp://ftp.sra.ebi.ac.uk/vol1/fastq/ERR143/080/ERR14395080/ERR14395080_1.fastq.gz,ftp://ftp.sra.ebi.ac.uk/vol1/fastq/ERR143/081/ERR14395081/ERR14395081_1.fastq.gz,ftp://ftp.sra.ebi.ac.uk/vol1/fastq/ERR143/082/ERR14395082/ERR14395082_1.fastq.gz,ftp://ftp.sra.ebi.ac.uk/vol1/fastq/ERR156/026/ERR15628126/ERR15628126_1.fastq.gz,ftp://ftp.sra.ebi.ac.uk/vol1/fastq/ERR143/080/ERR14395080/ERR14395080_2.fastq.gz,ftp://ftp.sra.ebi.ac.uk/vol1/fastq/ERR143/081/ERR14395081/ERR14395081_2.fastq.gz,ftp://ftp.sra.ebi.ac.uk/vol1/fastq/ERR143/082/ERR14395082/ERR14395082_2.fastq.gz,ftp://ftp.sra.ebi.ac.uk/vol1/fastq/ERR156/026/ERR15628126/ERR15628126_2.fastq.gz
RCN24915,Vietnam,AmpSeqV2,Resistant,Sensitive,Sensitive,Resistant,Resistant,Resistant,Sensitive,Sensitive,Resistant,Undetermined,ERR15628127,10932620.0,ERR14395083,32652.0,ERR14395084,33309.0,ERR14395085,1109.0,ftp://ftp.sra.ebi.ac.uk/vol1/fastq/ERR143/083/ERR14395083/ERR14395083_1.fastq.gz,ftp://ftp.sra.ebi.ac.uk/vol1/fastq/ERR143/084/ERR14395084/ERR14395084_1.fastq.gz,ftp://ftp.sra.ebi.ac.uk/vol1/fastq/ERR143/085/ERR14395085/ERR14395085_1.fastq.gz,ftp://ftp.sra.ebi.ac.uk/vol1/fastq/ERR156/027/ERR15628127/ERR15628127_1.fastq.gz,ftp://ftp.sra.ebi.ac.uk/vol1/fastq/ERR143/083/ERR14395083/ERR14395083_2.fastq.gz,ftp://ftp.sra.ebi.ac.uk/vol1/fastq/ERR143/084/ERR14395084/ERR14395084_2.fastq.gz,ftp://ftp.sra.ebi.ac.uk/vol1/fastq/ERR143/085/ERR14395085/ERR14395085_2.fastq.gz,ftp://ftp.sra.ebi.ac.uk/vol1/fastq/ERR156/027/ERR15628127/ERR15628127_2.fastq.gz
RCN24916,Vietnam,AmpSeqV2,Resistant,Resistant,Sensitive,Resistant,Resistant,Resistant,Resistant,Sensitive,Resistant,Undetermined,ERR15628128,10474163.0,ERR14395086,22655.0,ERR14395087,28542.0,ERR14395088,729.0,ftp://ftp.sra.ebi.ac.uk/vol1/fastq/ERR143/086/ERR14395086/ERR14395086_1.fastq.gz,ftp://ftp.sra.ebi.ac.uk/vol1/fastq/ERR143/087/ERR14395087/ERR14395087_1.fastq.gz,ftp://ftp.sra.ebi.ac.uk/vol1/fastq/ERR143/088/ERR14395088/ERR14395088_1.fastq.gz,ftp://ftp.sra.ebi.ac.uk/vol1/fastq/ERR156/028/ERR15628128/ERR15628128_1.fastq.gz,ftp://ftp.sra.ebi.ac.uk/vol1/fastq/ERR143/086/ERR14395086/ERR14395086_2.fastq.gz,ftp://ftp.sra.ebi.ac.uk/vol1/fastq/ERR143/087/ERR14395087/ERR14395087_2.fastq.gz,ftp://ftp.sra.ebi.ac.uk/vol1/fastq/ERR143/088/ERR14395088/ERR14395088_2.fastq.gz,ftp://ftp.sra.ebi.ac.uk/vol1/fastq/ERR156/028/ERR15628128/ERR15628128_2.fastq.gz
RCN24917,Vietnam,AmpSeqV2,Resistant,Resistant,Sensitive,Resistant,Resistant,Resistant,Resistant,Sensitive,Resistant,Undetermined,ERR15628129,14893962.0,ERR14395089,30555.0,ERR14395090,24332.0,ERR14395091,1026.0,ftp://ftp.sra.ebi.ac.uk/vol1/fastq/ERR143/089/ERR14395089/ERR14395089_1.fastq.gz,ftp://ftp.sra.ebi.ac.uk/vol1/fastq/ERR143/090/ERR14395090/ERR14395090_1.fastq.gz,ftp://ftp.sra.ebi.ac.uk/vol1/fastq/ERR143/091/ERR14395091/ERR14395091_1.fastq.gz,ftp://ftp.sra.ebi.ac.uk/vol1/fastq/ERR156/029/ERR15628129/ERR15628129_1.fastq.gz,ftp://ftp.sra.ebi.ac.uk/vol1/fastq/ERR143/089/ERR14395089/ERR14395089_2.fastq.gz,ftp://ftp.sra.ebi.ac.uk/vol1/fastq/ERR143/090/ERR14395090/ERR14395090_2.fastq.gz,ftp://ftp.sra.ebi.ac.uk/vol1/fastq/ERR143/091/ERR14395091/ERR14395091_2.fastq.gz,ftp://ftp.sra.ebi.ac.uk/vol1/fastq/ERR156/029/ERR15628129/ERR15628129_2.fastq.gz
RCN24918,Vietnam,AmpSeqV2,Sensitive,Sensitive,Sensitive,Resistant,Resistant,Sensitive,Sensitive,Sensitive,Sensitive,Sensitive,ERR15628130,16449083.0,ERR14395092,17337.0,ERR14395093,22291.0,ERR14395094,557.0,ftp://ftp.sra.ebi.ac.uk/vol1/fastq/ERR143/092/ERR14395092/ERR14395092_1.fastq.gz,ftp://ftp.sra.ebi.ac.uk/vol1/fastq/ERR143/093/ERR14395093/ERR14395093_1.fastq.gz,ftp://ftp.sra.ebi.ac.uk/vol1/fastq/ERR143/094/ERR14395094/ERR14395094_1.fastq.gz,ftp://ftp.sra.ebi.ac.uk/vol1/fastq/ERR156/030/ERR15628130/ERR15628130_1.fastq.gz,ftp://ftp.sra.ebi.ac.uk/vol1/fastq/ERR143/092/ERR14395092/ERR14395092_2.fastq.gz,ftp://ftp.sra.ebi.ac.uk/vol1/fastq/ERR143/093/ERR14395093/ERR14395093_2.fastq.gz,ftp://ftp.sra.ebi.ac.uk/vol1/fastq/ERR143/094/ERR14395094/ERR14395094_2.fastq.gz,ftp://ftp.sra.ebi.ac.uk/vol1/fastq/ERR156/030/ERR15628130/ERR15628130_2.fastq.gz
RCN24922,Vietnam,AmpSeqV2,Resistant,Resistant,Sensitive,Resistant,Resistant,Resistant,Resistant,Sensitive,Resistant,Undetermined,ERR15628134,10548248.0,ERR14395101,39087.0,ERR14395102,39036.0,ERR14395103,1375.0,ftp://ftp.sra.ebi.ac.uk/vol1/fastq/ERR143/001/ERR14395101/ERR14395101_1.fastq.gz,ftp://ftp.sra.ebi.ac.uk/vol1/fastq/ERR143/002/ERR14395102/ERR14395102_1.fastq.gz,ftp://ftp.sra.ebi.ac.uk/vol1/fastq/ERR143/003/ERR14395103/ERR14395103_1.fastq.gz,ftp://ftp.sra.ebi.ac.uk/vol1/fastq/ERR156/034/ERR15628134/ERR15628134_1.fastq.gz,ftp://ftp.sra.ebi.ac.uk/vol1/fastq/ERR143/001/ERR14395101/ERR14395101_2.fastq.gz,ftp://ftp.sra.ebi.ac.uk/vol1/fastq/ERR143/002/ERR14395102/ERR14395102_2.fastq.gz,ftp://ftp.sra.ebi.ac.uk/vol1/fastq/ERR143/003/ERR14395103/ERR14395103_2.fastq.gz,ftp://ftp.sra.ebi.ac.uk/vol1/fastq/ERR156/034/ERR15628134/ERR15628134_2.fastq.gz
RCN24923,Vietnam,AmpSeqV2,Resistant,Resistant,Sensitive,Resistant,Resistant,Resistant,Resistant,Sensitive,Resistant,Undetermined,ERR15628135,15778485.0,ERR14395104,37452.0,ERR14395105,35932.0,ERR14395106,1199.0,ftp://ftp.sra.ebi.ac.uk/vol1/fastq/ERR143/004/ERR14395104/ERR14395104_1.fastq.gz,ftp://ftp.sra.ebi.ac.uk/vol1/fastq/ERR143/005/ERR14395105/ERR14395105_1.fastq.gz,ftp://ftp.sra.ebi.ac.uk/vol1/fastq/ERR143/006/ERR14395106/ERR14395106_1.fastq.gz,ftp://ftp.sra.ebi.ac.uk/vol1/fastq/ERR156/035/ERR15628135/ERR15628135_1.fastq.gz,ftp://ftp.sra.ebi.ac.uk/vol1/fastq/ERR143/004/ERR14395104/ERR14395104_2.fastq.gz,ftp://ftp.sra.ebi.ac.uk/vol1/fastq/ERR143/005/ERR14395105/ERR14395105_2.fastq.gz,ftp://ftp.sra.ebi.ac.uk/vol1/fastq/ERR143/006/ERR14395106/ERR14395106_2.fastq.gz,ftp://ftp.sra.ebi.ac.uk/vol1/fastq/ERR156/035/ERR15628135/ERR15628135_2.fastq.gz
RCN24925,Vietnam,AmpSeqV2,Resistant,Sensitive,Sensitive,Resistant,Resistant,Resistant,Sensitive,Sensitive,Resistant,Undetermined,ERR15628137,14012968.0,ERR14395110,22497.0,ERR14395111,19408.0,ERR14395112,497.0,ftp://ftp.sra.ebi.ac.uk/vol1/fastq/ERR143/010/ERR14395110/ERR14395110_1.fastq.gz,ftp://ftp.sra.ebi.ac.uk/vol1/fastq/ERR143/011/ERR14395111/ERR14395111_1.fastq.gz,ftp://ftp.sra.ebi.ac.uk/vol1/fastq/ERR143/012/ERR14395112/ERR14395112_1.fastq.gz,ftp://ftp.sra.ebi.ac.uk/vol1/fastq/ERR156/037/ERR15628137/ERR15628137_1.fastq.gz,ftp://ftp.sra.ebi.ac.uk/vol1/fastq/ERR143/010/ERR14395110/ERR14395110_2.fastq.gz,ftp://ftp.sra.ebi.ac.uk/vol1/fastq/ERR143/011/ERR14395111/ERR14395111_2.fastq.gz,ftp://ftp.sra.ebi.ac.uk/vol1/fastq/ERR143/012/ERR14395112/ERR14395112_2.fastq.gz,ftp://ftp.sra.ebi.ac.uk/vol1/fastq/ERR156/037/ERR15628137/ERR15628137_2.fastq.gz
RCN24926,Vietnam,AmpSeqV2,Resistant,Sensitive,Sensitive,Resistant,Resistant,Resistant,Sensitive,Sensitive,Resistant,Undetermined,ERR15628138,11777173.0,ERR14395113,19915.0,ERR14395114,24138.0,ERR14395115,690.0,ftp://ftp.sra.ebi.ac.uk/vol1/fastq/ERR143/013/ERR14395113/ERR14395113_1.fastq.gz,ftp://ftp.sra.ebi.ac.uk/vol1/fastq/ERR143/014/ERR14395114/ERR14395114_1.fastq.gz,ftp://ftp.sra.ebi.ac.uk/vol1/fastq/ERR143/015/ERR14395115/ERR14395115_1.fastq.gz,ftp://ftp.sra.ebi.ac.uk/vol1/fastq/ERR156/038/ERR15628138/ERR15628138_1.fastq.gz,ftp://ftp.sra.ebi.ac.uk/vol1/fastq/ERR143/013/ERR14395113/ERR14395113_2.fastq.gz,ftp://ftp.sra.ebi.ac.uk/vol1/fastq/ERR143/014/ERR14395114/ERR14395114_2.fastq.gz,ftp://ftp.sra.ebi.ac.uk/vol1/fastq/ERR143/015/ERR14395115/ERR14395115_2.fastq.gz,ftp://ftp.sra.ebi.ac.uk/vol1/fastq/ERR156/038/ERR15628138/ERR15628138_2.fastq.gz
RCN24927,Vietnam,AmpSeqV2,Resistant,Resistant,Sensitive,Resistant,Resistant,Resistant,Resistant,Sensitive,Resistant,Undetermined,ERR15628139,12597972.0,ERR14395116,17129.0,ERR14395117,18499.0,ERR14395118,405.0,ftp://ftp.sra.ebi.ac.uk/vol1/fastq/ERR143/016/ERR14395116/ERR14395116_1.fastq.gz,ftp://ftp.sra.ebi.ac.uk/vol1/fastq/ERR143/017/ERR14395117/ERR14395117_1.fastq.gz,ftp://ftp.sra.ebi.ac.uk/vol1/fastq/ERR143/018/ERR14395118/ERR14395118_1.fastq.gz,ftp://ftp.sra.ebi.ac.uk/vol1/fastq/ERR156/039/ERR15628139/ERR15628139_1.fastq.gz,ftp://ftp.sra.ebi.ac.uk/vol1/fastq/ERR143/016/ERR14395116/ERR14395116_2.fastq.gz,ftp://ftp.sra.ebi.ac.uk/vol1/fastq/ERR143/017/ERR14395117/ERR14395117_2.fastq.gz,ftp://ftp.sra.ebi.ac.uk/vol1/fastq/ERR143/018/ERR14395118/ERR14395118_2.fastq.gz,ftp://ftp.sra.ebi.ac.uk/vol1/fastq/ERR156/039/ERR15628139/ERR15628139_2.fastq.gz
RCN24928,Vietnam,AmpSeqV2,Resistant,Resistant,Sensitive,Resistant,Resistant,Resistant,Resistant,Sensitive,Resistant,Undetermined,ERR15628140,17206934.0,ERR14395119,32181.0,ERR14395120,34182.0,ERR14395121,1200.0,ftp://ftp.sra.ebi.ac.uk/vol1/fastq/ERR143/019/ERR14395119/ERR14395119_1.fastq.gz,ftp://ftp.sra.ebi.ac.uk/vol1/fastq/ERR143/020/ERR14395120/ERR14395120_1.fastq.gz,ftp://ftp.sra.ebi.ac.uk/vol1/fastq/ERR143/021/ERR14395121/ERR14395121_1.fastq.gz,ftp://ftp.sra.ebi.ac.uk/vol1/fastq/ERR156/040/ERR15628140/ERR15628140_1.fastq.gz,ftp://ftp.sra.ebi.ac.uk/vol1/fastq/ERR143/019/ERR14395119/ERR14395119_2.fastq.gz,ftp://ftp.sra.ebi.ac.uk/vol1/fastq/ERR143/020/ERR14395120/ERR14395120_2.fastq.gz,ftp://ftp.sra.ebi.ac.uk/vol1/fastq/ERR143/021/ERR14395121/ERR14395121_2.fastq.gz,ftp://ftp.sra.ebi.ac.uk/vol1/fastq/ERR156/040/ERR15628140/ERR15628140_2.fastq.gz
RCN24930,Vietnam,AmpSeqV2,Resistant,Resistant,Sensitive,Resistant,Resistant,Resistant,Resistant,Sensitive,Resistant,Undetermined,ERR15628142,16823464.0,ERR14395125,30552.0,ERR14395126,29625.0,ERR14395127,1193.0,ftp://ftp.sra.ebi.ac.uk/vol1/fastq/ERR143/025/ERR14395125/ERR14395125_1.fastq.gz,ftp://ftp.sra.ebi.ac.uk/vol1/fastq/ERR143/026/ERR14395126/ERR14395126_1.fastq.gz,ftp://ftp.sra.ebi.ac.uk/vol1/fastq/ERR143/027/ERR14395127/ERR14395127_1.fastq.gz,ftp://ftp.sra.ebi.ac.uk/vol1/fastq/ERR156/042/ERR15628142/ERR15628142_1.fastq.gz,ftp://ftp.sra.ebi.ac.uk/vol1/fastq/ERR143/025/ERR14395125/ERR14395125_2.fastq.gz,ftp://ftp.sra.ebi.ac.uk/vol1/fastq/ERR143/026/ERR14395126/ERR14395126_2.fastq.gz,ftp://ftp.sra.ebi.ac.uk/vol1/fastq/ERR143/027/ERR14395127/ERR14395127_2.fastq.gz,ftp://ftp.sra.ebi.ac.uk/vol1/fastq/ERR156/042/ERR15628142/ERR15628142_2.fastq.gz
RCN24931,Vietnam,AmpSeqV2,Resistant,Resistant,Sensitive,Resistant,Resistant,Resistant,Resistant,Sensitive,Resistant,Undetermined,ERR15628143,17444022.0,ERR14395128,34759.0,ERR14395129,29025.0,ERR14395130,1017.0,ftp://ftp.sra.ebi.ac.uk/vol1/fastq/ERR143/028/ERR14395128/ERR14395128_1.fastq.gz,ftp://ftp.sra.ebi.ac.uk/vol1/fastq/ERR143/029/ERR14395129/ERR14395129_1.fastq.gz,ftp://ftp.sra.ebi.ac.uk/vol1/fastq/ERR143/030/ERR14395130/ERR14395130_1.fastq.gz,ftp://ftp.sra.ebi.ac.uk/vol1/fastq/ERR156/043/ERR15628143/ERR15628143_1.fastq.gz,ftp://ftp.sra.ebi.ac.uk/vol1/fastq/ERR143/028/ERR14395128/ERR14395128_2.fastq.gz,ftp://ftp.sra.ebi.ac.uk/vol1/fastq/ERR143/029/ERR14395129/ERR14395129_2.fastq.gz,ftp://ftp.sra.ebi.ac.uk/vol1/fastq/ERR143/030/ERR14395130/ERR14395130_2.fastq.gz,ftp://ftp.sra.ebi.ac.uk/vol1/fastq/ERR156/043/ERR15628143/ERR15628143_2.fastq.gz
RCN24932,Vietnam,AmpSeqV2,Resistant,Resistant,Sensitive,Resistant,Resistant,Resistant,Resistant,Sensitive,Resistant,Undetermined,ERR15628144,13420412.0,ERR14395131,30033.0,ERR14395132,31155.0,ERR14395133,895.0,ftp://ftp.sra.ebi.ac.uk/vol1/fastq/ERR143/031/ERR14395131/ERR14395131_1.fastq.gz,ftp://ftp.sra.ebi.ac.uk/vol1/fastq/ERR143/032/ERR14395132/ERR14395132_1.fastq.gz,ftp://ftp.sra.ebi.ac.uk/vol1/fastq/ERR143/033/ERR14395133/ERR14395133_1.fastq.gz,ftp://ftp.sra.ebi.ac.uk/vol1/fastq/ERR156/044/ERR15628144/ERR15628144_1.fastq.gz,ftp://ftp.sra.ebi.ac.uk/vol1/fastq/ERR143/031/ERR14395131/ERR14395131_2.fastq.gz,ftp://ftp.sra.ebi.ac.uk/vol1/fastq/ERR143/032/ERR14395132/ERR14395132_2.fastq.gz,ftp://ftp.sra.ebi.ac.uk/vol1/fastq/ERR143/033/ERR14395133/ERR14395133_2.fastq.gz,ftp://ftp.sra.ebi.ac.uk/vol1/fastq/ERR156/044/ERR15628144/ERR15628144_2.fastq.gz
RCN24933,Vietnam,AmpSeqV2,Resistant,Resistant,Sensitive,Resistant,Resistant,Resistant,Resistant,Sensitive,Resistant,Undetermined,ERR15628145,13236226.0,ERR14395134,19356.0,ERR14395135,32859.0,ERR14395136,913.0,ftp://ftp.sra.ebi.ac.uk/vol1/fastq/ERR143/034/ERR14395134/ERR14395134_1.fastq.gz,ftp://ftp.sra.ebi.ac.uk/vol1/fastq/ERR143/035/ERR14395135/ERR14395135_1.fastq.gz,ftp://ftp.sra.ebi.ac.uk/vol1/fastq/ERR143/036/ERR14395136/ERR14395136_1.fastq.gz,ftp://ftp.sra.ebi.ac.uk/vol1/fastq/ERR156/045/ERR15628145/ERR15628145_1.fastq.gz,ftp://ftp.sra.ebi.ac.uk/vol1/fastq/ERR143/034/ERR14395134/ERR14395134_2.fastq.gz,ftp://ftp.sra.ebi.ac.uk/vol1/fastq/ERR143/035/ERR14395135/ERR14395135_2.fastq.gz,ftp://ftp.sra.ebi.ac.uk/vol1/fastq/ERR143/036/ERR14395136/ERR14395136_2.fastq.gz,ftp://ftp.sra.ebi.ac.uk/vol1/fastq/ERR156/045/ERR15628145/ERR15628145_2.fastq.gz
RCN24934,Vietnam,AmpSeqV2,Resistant,Resistant,Sensitive,Resistant,Resistant,Resistant,Resistant,Sensitive,Resistant,Undetermined,ERR15628146,11859520.0,ERR14395137,20897.0,ERR14395138,23742.0,ERR14395139,643.0,ftp://ftp.sra.ebi.ac.uk/vol1/fastq/ERR143/037/ERR14395137/ERR14395137_1.fastq.gz,ftp://ftp.sra.ebi.ac.uk/vol1/fastq/ERR143/038/ERR14395138/ERR14395138_1.fastq.gz,ftp://ftp.sra.ebi.ac.uk/vol1/fastq/ERR143/039/ERR14395139/ERR14395139_1.fastq.gz,ftp://ftp.sra.ebi.ac.uk/vol1/fastq/ERR156/046/ERR15628146/ERR15628146_1.fastq.gz,ftp://ftp.sra.ebi.ac.uk/vol1/fastq/ERR143/037/ERR14395137/ERR14395137_2.fastq.gz,ftp://ftp.sra.ebi.ac.uk/vol1/fastq/ERR143/038/ERR14395138/ERR14395138_2.fastq.gz,ftp://ftp.sra.ebi.ac.uk/vol1/fastq/ERR143/039/ERR14395139/ERR14395139_2.fastq.gz,ftp://ftp.sra.ebi.ac.uk/vol1/fastq/ERR156/046/ERR15628146/ERR15628146_2.fastq.gz
RCN24935,Vietnam,AmpSeqV2,Resistant,Resistant,Sensitive,Resistant,Resistant,Resistant,Resistant,Sensitive,Resistant,Undetermined,ERR15628147,12929286.0,ERR14395140,16752.0,ERR14395141,23694.0,ERR14395142,631.0,ftp://ftp.sra.ebi.ac.uk/vol1/fastq/ERR143/040/ERR14395140/ERR14395140_1.fastq.gz,ftp://ftp.sra.ebi.ac.uk/vol1/fastq/ERR143/041/ERR14395141/ERR14395141_1.fastq.gz,ftp://ftp.sra.ebi.ac.uk/vol1/fastq/ERR143/042/ERR14395142/ERR14395142_1.fastq.gz,ftp://ftp.sra.ebi.ac.uk/vol1/fastq/ERR156/047/ERR15628147/ERR15628147_1.fastq.gz,ftp://ftp.sra.ebi.ac.uk/vol1/fastq/ERR143/040/ERR14395140/ERR14395140_2.fastq.gz,ftp://ftp.sra.ebi.ac.uk/vol1/fastq/ERR143/041/ERR14395141/ERR14395141_2.fastq.gz,ftp://ftp.sra.ebi.ac.uk/vol1/fastq/ERR143/042/ERR14395142/ERR14395142_2.fastq.gz,ftp://ftp.sra.ebi.ac.uk/vol1/fastq/ERR156/047/ERR15628147/ERR15628147_2.fastq.gz
RCN24936,Vietnam,AmpSeqV2,Resistant,Sensitive,Sensitive,Resistant,Resistant,Resistant,Sensitive,Sensitive,Resistant,Undetermined,ERR15628148,10812826.0,ERR14395143,35476.0,ERR14395144,34937.0,ERR14395145,1062.0,ftp://ftp.sra.ebi.ac.uk/vol1/fastq/ERR143/043/ERR14395143/ERR14395143_1.fastq.gz,ftp://ftp.sra.ebi.ac.uk/vol1/fastq/ERR143/044/ERR14395144/ERR14395144_1.fastq.gz,ftp://ftp.sra.ebi.ac.uk/vol1/fastq/ERR143/045/ERR14395145/ERR14395145_1.fastq.gz,ftp://ftp.sra.ebi.ac.uk/vol1/fastq/ERR156/048/ERR15628148/ERR15628148_1.fastq.gz,ftp://ftp.sra.ebi.ac.uk/vol1/fastq/ERR143/043/ERR14395143/ERR14395143_2.fastq.gz,ftp://ftp.sra.ebi.ac.uk/vol1/fastq/ERR143/044/ERR14395144/ERR14395144_2.fastq.gz,ftp://ftp.sra.ebi.ac.uk/vol1/fastq/ERR143/045/ERR14395145/ERR14395145_2.fastq.gz,ftp://ftp.sra.ebi.ac.uk/vol1/fastq/ERR156/048/ERR15628148/ERR15628148_2.fastq.gz
RCN24937,Vietnam,AmpSeqV2,Resistant,Resistant,Sensitive,Resistant,Resistant,Resistant,Resistant,Sensitive,Resistant,Undetermined,ERR15628149,12363838.0,ERR14395146,32604.0,ERR14395147,34797.0,ERR14395148,1052.0,ftp://ftp.sra.ebi.ac.uk/vol1/fastq/ERR143/046/ERR14395146/ERR14395146_1.fastq.gz,ftp://ftp.sra.ebi.ac.uk/vol1/fastq/ERR143/047/ERR14395147/ERR14395147_1.fastq.gz,ftp://ftp.sra.ebi.ac.uk/vol1/fastq/ERR143/048/ERR14395148/ERR14395148_1.fastq.gz,ftp://ftp.sra.ebi.ac.uk/vol1/fastq/ERR156/049/ERR15628149/ERR15628149_1.fastq.gz,ftp://ftp.sra.ebi.ac.uk/vol1/fastq/ERR143/046/ERR14395146/ERR14395146_2.fastq.gz,ftp://ftp.sra.ebi.ac.uk/vol1/fastq/ERR143/047/ERR14395147/ERR14395147_2.fastq.gz,ftp://ftp.sra.ebi.ac.uk/vol1/fastq/ERR143/048/ERR14395148/ERR14395148_2.fastq.gz,ftp://ftp.sra.ebi.ac.uk/vol1/fastq/ERR156/049/ERR15628149/ERR15628149_2.fastq.gz
RCN24938,Vietnam,AmpSeqV2,Resistant,Resistant,Sensitive,Resistant,Resistant,Resistant,Resistant,Sensitive,Resistant,Undetermined,ERR15628150,13338749.0,ERR14395149,32178.0,ERR14395150,30081.0,ERR14395151,791.0,ftp://ftp.sra.ebi.ac.uk/vol1/fastq/ERR143/049/ERR14395149/ERR14395149_1.fastq.gz,ftp://ftp.sra.ebi.ac.uk/vol1/fastq/ERR143/050/ERR14395150/ERR14395150_1.fastq.gz,ftp://ftp.sra.ebi.ac.uk/vol1/fastq/ERR143/051/ERR14395151/ERR14395151_1.fastq.gz,ftp://ftp.sra.ebi.ac.uk/vol1/fastq/ERR156/050/ERR15628150/ERR15628150_1.fastq.gz,ftp://ftp.sra.ebi.ac.uk/vol1/fastq/ERR143/049/ERR14395149/ERR14395149_2.fastq.gz,ftp://ftp.sra.ebi.ac.uk/vol1/fastq/ERR143/050/ERR14395150/ERR14395150_2.fastq.gz,ftp://ftp.sra.ebi.ac.uk/vol1/fastq/ERR143/051/ERR14395151/ERR14395151_2.fastq.gz,ftp://ftp.sra.ebi.ac.uk/vol1/fastq/ERR156/050/ERR15628150/ERR15628150_2.fastq.gz
RCN24939,Vietnam,AmpSeqV2,Resistant,Resistant,Sensitive,Resistant,Resistant,Resistant,Resistant,Sensitive,Resistant,Undetermined,ERR15628151,11039498.0,ERR14395152,29908.0,ERR14395153,32864.0,ERR14395154,716.0,ftp://ftp.sra.ebi.ac.uk/vol1/fastq/ERR143/052/ERR14395152/ERR14395152_1.fastq.gz,ftp://ftp.sra.ebi.ac.uk/vol1/fastq/ERR143/053/ERR14395153/ERR14395153_1.fastq.gz,ftp://ftp.sra.ebi.ac.uk/vol1/fastq/ERR143/054/ERR14395154/ERR14395154_1.fastq.gz,ftp://ftp.sra.ebi.ac.uk/vol1/fastq/ERR156/051/ERR15628151/ERR15628151_1.fastq.gz,ftp://ftp.sra.ebi.ac.uk/vol1/fastq/ERR143/052/ERR14395152/ERR14395152_2.fastq.gz,ftp://ftp.sra.ebi.ac.uk/vol1/fastq/ERR143/053/ERR14395153/ERR14395153_2.fastq.gz,ftp://ftp.sra.ebi.ac.uk/vol1/fastq/ERR143/054/ERR14395154/ERR14395154_2.fastq.gz,ftp://ftp.sra.ebi.ac.uk/vol1/fastq/ERR156/051/ERR15628151/ERR15628151_2.fastq.gz
RCN24940,Vietnam,AmpSeqV2,Resistant,Resistant,Sensitive,Resistant,Resistant,Resistant,Resistant,Sensitive,Resistant,Undetermined,ERR15628152,13077155.0,ERR14395155,25626.0,ERR14395156,38582.0,ERR14395157,812.0,ftp://ftp.sra.ebi.ac.uk/vol1/fastq/ERR143/055/ERR14395155/ERR14395155_1.fastq.gz,ftp://ftp.sra.ebi.ac.uk/vol1/fastq/ERR143/056/ERR14395156/ERR14395156_1.fastq.gz,ftp://ftp.sra.ebi.ac.uk/vol1/fastq/ERR143/057/ERR14395157/ERR14395157_1.fastq.gz,ftp://ftp.sra.ebi.ac.uk/vol1/fastq/ERR156/052/ERR15628152/ERR15628152_1.fastq.gz,ftp://ftp.sra.ebi.ac.uk/vol1/fastq/ERR143/055/ERR14395155/ERR14395155_2.fastq.gz,ftp://ftp.sra.ebi.ac.uk/vol1/fastq/ERR143/056/ERR14395156/ERR14395156_2.fastq.gz,ftp://ftp.sra.ebi.ac.uk/vol1/fastq/ERR143/057/ERR14395157/ERR14395157_2.fastq.gz,ftp://ftp.sra.ebi.ac.uk/vol1/fastq/ERR156/052/ERR15628152/ERR15628152_2.fastq.gz
RCN24941,Vietnam,AmpSeqV2,Resistant,Resistant,Sensitive,Resistant,Resistant,Resistant,Resistant,Sensitive,Resistant,Undetermined,ERR15628153,8970709.0,ERR14395158,20241.0,ERR14395159,22538.0,ERR14395160,327.0,ftp://ftp.sra.ebi.ac.uk/vol1/fastq/ERR143/058/ERR14395158/ERR14395158_1.fastq.gz,ftp://ftp.sra.ebi.ac.uk/vol1/fastq/ERR143/059/ERR14395159/ERR14395159_1.fastq.gz,ftp://ftp.sra.ebi.ac.uk/vol1/fastq/ERR143/060/ERR14395160/ERR14395160_1.fastq.gz,ftp://ftp.sra.ebi.ac.uk/vol1/fastq/ERR156/053/ERR15628153/ERR15628153_1.fastq.gz,ftp://ftp.sra.ebi.ac.uk/vol1/fastq/ERR143/058/ERR14395158/ERR14395158_2.fastq.gz,ftp://ftp.sra.ebi.ac.uk/vol1/fastq/ERR143/059/ERR14395159/ERR14395159_2.fastq.gz,ftp://ftp.sra.ebi.ac.uk/vol1/fastq/ERR143/060/ERR14395160/ERR14395160_2.fastq.gz,ftp://ftp.sra.ebi.ac.uk/vol1/fastq/ERR156/053/ERR15628153/ERR15628153_2.fastq.gz
RCN24942,Vietnam,AmpSeqV2,Resistant,Resistant,Sensitive,Resistant,Resistant,Resistant,Resistant,Sensitive,Resistant,Undetermined,ERR15628154,12638534.0,ERR14395161,24328.0,ERR14395162,24436.0,ERR14395163,385.0,ftp://ftp.sra.ebi.ac.uk/vol1/fastq/ERR143/061/ERR14395161/ERR14395161_1.fastq.gz,ftp://ftp.sra.ebi.ac.uk/vol1/fastq/ERR143/062/ERR14395162/ERR14395162_1.fastq.gz,ftp://ftp.sra.ebi.ac.uk/vol1/fastq/ERR143/063/ERR14395163/ERR14395163_1.fastq.gz,ftp://ftp.sra.ebi.ac.uk/vol1/fastq/ERR156/054/ERR15628154/ERR15628154_1.fastq.gz,ftp://ftp.sra.ebi.ac.uk/vol1/fastq/ERR143/061/ERR14395161/ERR14395161_2.fastq.gz,ftp://ftp.sra.ebi.ac.uk/vol1/fastq/ERR143/062/ERR14395162/ERR14395162_2.fastq.gz,ftp://ftp.sra.ebi.ac.uk/vol1/fastq/ERR143/063/ERR14395163/ERR14395163_2.fastq.gz,ftp://ftp.sra.ebi.ac.uk/vol1/fastq/ERR156/054/ERR15628154/ERR15628154_2.fastq.gz
RCN24943,Vietnam,AmpSeqV2,Resistant,Resistant,Sensitive,Resistant,Resistant,Resistant,Resistant,Sensitive,Resistant,Undetermined,ERR15628155,12464116.0,ERR14395164,18225.0,ERR14395165,27439.0,ERR14395166,579.0,ftp://ftp.sra.ebi.ac.uk/vol1/fastq/ERR143/064/ERR14395164/ERR14395164_1.fastq.gz,ftp://ftp.sra.ebi.ac.uk/vol1/fastq/ERR143/065/ERR14395165/ERR14395165_1.fastq.gz,ftp://ftp.sra.ebi.ac.uk/vol1/fastq/ERR143/066/ERR14395166/ERR14395166_1.fastq.gz,ftp://ftp.sra.ebi.ac.uk/vol1/fastq/ERR156/055/ERR15628155/ERR15628155_1.fastq.gz,ftp://ftp.sra.ebi.ac.uk/vol1/fastq/ERR143/064/ERR14395164/ERR14395164_2.fastq.gz,ftp://ftp.sra.ebi.ac.uk/vol1/fastq/ERR143/065/ERR14395165/ERR14395165_2.fastq.gz,ftp://ftp.sra.ebi.ac.uk/vol1/fastq/ERR143/066/ERR14395166/ERR14395166_2.fastq.gz,ftp://ftp.sra.ebi.ac.uk/vol1/fastq/ERR156/055/ERR15628155/ERR15628155_2.fastq.gz
RCN24944,Vietnam,AmpSeqV2,Resistant,Resistant,Sensitive,Resistant,Resistant,Resistant,Resistant,Sensitive,Resistant,Undetermined,ERR15628156,9808546.0,ERR14395167,28762.0,ERR14395168,25369.0,ERR14395169,327.0,ftp://ftp.sra.ebi.ac.uk/vol1/fastq/ERR143/067/ERR14395167/ERR14395167_1.fastq.gz,ftp://ftp.sra.ebi.ac.uk/vol1/fastq/ERR143/068/ERR14395168/ERR14395168_1.fastq.gz,ftp://ftp.sra.ebi.ac.uk/vol1/fastq/ERR143/069/ERR14395169/ERR14395169_1.fastq.gz,ftp://ftp.sra.ebi.ac.uk/vol1/fastq/ERR156/056/ERR15628156/ERR15628156_1.fastq.gz,ftp://ftp.sra.ebi.ac.uk/vol1/fastq/ERR143/067/ERR14395167/ERR14395167_2.fastq.gz,ftp://ftp.sra.ebi.ac.uk/vol1/fastq/ERR143/068/ERR14395168/ERR14395168_2.fastq.gz,ftp://ftp.sra.ebi.ac.uk/vol1/fastq/ERR143/069/ERR14395169/ERR14395169_2.fastq.gz,ftp://ftp.sra.ebi.ac.uk/vol1/fastq/ERR156/056/ERR15628156/ERR15628156_2.fastq.gz
RCN24945,Vietnam,AmpSeqV2,Resistant,Resistant,Sensitive,Resistant,Resistant,Resistant,Resistant,Sensitive,Resistant,Undetermined,ERR15628157,10831801.0,ERR14395170,34322.0,ERR14395171,30848.0,ERR14395172,481.0,ftp://ftp.sra.ebi.ac.uk/vol1/fastq/ERR143/070/ERR14395170/ERR14395170_1.fastq.gz,ftp://ftp.sra.ebi.ac.uk/vol1/fastq/ERR143/071/ERR14395171/ERR14395171_1.fastq.gz,ftp://ftp.sra.ebi.ac.uk/vol1/fastq/ERR143/072/ERR14395172/ERR14395172_1.fastq.gz,ftp://ftp.sra.ebi.ac.uk/vol1/fastq/ERR156/057/ERR15628157/ERR15628157_1.fastq.gz,ftp://ftp.sra.ebi.ac.uk/vol1/fastq/ERR143/070/ERR14395170/ERR14395170_2.fastq.gz,ftp://ftp.sra.ebi.ac.uk/vol1/fastq/ERR143/071/ERR14395171/ERR14395171_2.fastq.gz,ftp://ftp.sra.ebi.ac.uk/vol1/fastq/ERR143/072/ERR14395172/ERR14395172_2.fastq.gz,ftp://ftp.sra.ebi.ac.uk/vol1/fastq/ERR156/057/ERR15628157/ERR15628157_2.fastq.gz
RCN24946,Vietnam,AmpSeqV2,Resistant,Resistant,Sensitive,Resistant,Resistant,Resistant,Resistant,Sensitive,Resistant,Undetermined,ERR15628158,11127228.0,ERR14395173,24363.0,ERR14395174,24233.0,ERR14395175,449.0,ftp://ftp.sra.ebi.ac.uk/vol1/fastq/ERR143/073/ERR14395173/ERR14395173_1.fastq.gz,ftp://ftp.sra.ebi.ac.uk/vol1/fastq/ERR143/074/ERR14395174/ERR14395174_1.fastq.gz,ftp://ftp.sra.ebi.ac.uk/vol1/fastq/ERR143/075/ERR14395175/ERR14395175_1.fastq.gz,ftp://ftp.sra.ebi.ac.uk/vol1/fastq/ERR156/058/ERR15628158/ERR15628158_1.fastq.gz,ftp://ftp.sra.ebi.ac.uk/vol1/fastq/ERR143/073/ERR14395173/ERR14395173_2.fastq.gz,ftp://ftp.sra.ebi.ac.uk/vol1/fastq/ERR143/074/ERR14395174/ERR14395174_2.fastq.gz,ftp://ftp.sra.ebi.ac.uk/vol1/fastq/ERR143/075/ERR14395175/ERR14395175_2.fastq.gz,ftp://ftp.sra.ebi.ac.uk/vol1/fastq/ERR156/058/ERR15628158/ERR15628158_2.fastq.gz
RCN24947,Vietnam,AmpSeqV2,Resistant,Resistant,Sensitive,Resistant,Resistant,Resistant,Resistant,Sensitive,Resistant,Undetermined,ERR15628159,9816751.0,ERR14395176,23210.0,ERR14395177,33486.0,ERR14395178,724.0,ftp://ftp.sra.ebi.ac.uk/vol1/fastq/ERR143/076/ERR14395176/ERR14395176_1.fastq.gz,ftp://ftp.sra.ebi.ac.uk/vol1/fastq/ERR143/077/ERR14395177/ERR14395177_1.fastq.gz,ftp://ftp.sra.ebi.ac.uk/vol1/fastq/ERR143/078/ERR14395178/ERR14395178_1.fastq.gz,ftp://ftp.sra.ebi.ac.uk/vol1/fastq/ERR156/059/ERR15628159/ERR15628159_1.fastq.gz,ftp://ftp.sra.ebi.ac.uk/vol1/fastq/ERR143/076/ERR14395176/ERR14395176_2.fastq.gz,ftp://ftp.sra.ebi.ac.uk/vol1/fastq/ERR143/077/ERR14395177/ERR14395177_2.fastq.gz,ftp://ftp.sra.ebi.ac.uk/vol1/fastq/ERR143/078/ERR14395178/ERR14395178_2.fastq.gz,ftp://ftp.sra.ebi.ac.uk/vol1/fastq/ERR156/059/ERR15628159/ERR15628159_2.fastq.gz
RCN24951,Vietnam,AmpSeqV2,Resistant,Resistant,Sensitive,Resistant,Resistant,Resistant,Resistant,Sensitive,Resistant,Undetermined,ERR15628163,11311816.0,ERR14395188,13398.0,ERR14395189,12973.0,ERR14395190,16.0,ftp://ftp.sra.ebi.ac.uk/vol1/fastq/ERR143/088/ERR14395188/ERR14395188_1.fastq.gz,ftp://ftp.sra.ebi.ac.uk/vol1/fastq/ERR143/089/ERR14395189/ERR14395189_1.fastq.gz,ftp://ftp.sra.ebi.ac.uk/vol1/fastq/ERR143/090/ERR14395190/ERR14395190_1.fastq.gz,ftp://ftp.sra.ebi.ac.uk/vol1/fastq/ERR156/063/ERR15628163/ERR15628163_1.fastq.gz,ftp://ftp.sra.ebi.ac.uk/vol1/fastq/ERR143/088/ERR14395188/ERR14395188_2.fastq.gz,ftp://ftp.sra.ebi.ac.uk/vol1/fastq/ERR143/089/ERR14395189/ERR14395189_2.fastq.gz,ftp://ftp.sra.ebi.ac.uk/vol1/fastq/ERR143/090/ERR14395190/ERR14395190_2.fastq.gz,ftp://ftp.sra.ebi.ac.uk/vol1/fastq/ERR156/063/ERR15628163/ERR15628163_2.fastq.gz
RCN24953,Vietnam,AmpSeqV2,Resistant,Resistant,Sensitive,Resistant,Resistant,Resistant,Resistant,Sensitive,Resistant,Undetermined,ERR15628165,16287324.0,ERR14395194,38111.0,ERR14395195,34477.0,ERR14395196,737.0,ftp://ftp.sra.ebi.ac.uk/vol1/fastq/ERR143/094/ERR14395194/ERR14395194_1.fastq.gz,ftp://ftp.sra.ebi.ac.uk/vol1/fastq/ERR143/095/ERR14395195/ERR14395195_1.fastq.gz,ftp://ftp.sra.ebi.ac.uk/vol1/fastq/ERR143/096/ERR14395196/ERR14395196_1.fastq.gz,ftp://ftp.sra.ebi.ac.uk/vol1/fastq/ERR156/065/ERR15628165/ERR15628165_1.fastq.gz,ftp://ftp.sra.ebi.ac.uk/vol1/fastq/ERR143/094/ERR14395194/ERR14395194_2.fastq.gz,ftp://ftp.sra.ebi.ac.uk/vol1/fastq/ERR143/095/ERR14395195/ERR14395195_2.fastq.gz,ftp://ftp.sra.ebi.ac.uk/vol1/fastq/ERR143/096/ERR14395196/ERR14395196_2.fastq.gz,ftp://ftp.sra.ebi.ac.uk/vol1/fastq/ERR156/065/ERR15628165/ERR15628165_2.fastq.gz
RCN24954,Vietnam,AmpSeqV2,Resistant,Resistant,Sensitive,Resistant,Resistant,Resistant,Resistant,Sensitive,Resistant,Undetermined,ERR15628166,10648269.0,ERR14395197,30794.0,ERR14395198,28279.0,ERR14395199,74.0,ftp://ftp.sra.ebi.ac.uk/vol1/fastq/ERR143/097/ERR14395197/ERR14395197_1.fastq.gz,ftp://ftp.sra.ebi.ac.uk/vol1/fastq/ERR143/098/ERR14395198/ERR14395198_1.fastq.gz,ftp://ftp.sra.ebi.ac.uk/vol1/fastq/ERR143/099/ERR14395199/ERR14395199_1.fastq.gz,ftp://ftp.sra.ebi.ac.uk/vol1/fastq/ERR156/066/ERR15628166/ERR15628166_1.fastq.gz,ftp://ftp.sra.ebi.ac.uk/vol1/fastq/ERR143/097/ERR14395197/ERR14395197_2.fastq.gz,ftp://ftp.sra.ebi.ac.uk/vol1/fastq/ERR143/098/ERR14395198/ERR14395198_2.fastq.gz,ftp://ftp.sra.ebi.ac.uk/vol1/fastq/ERR143/099/ERR14395199/ERR14395199_2.fastq.gz,ftp://ftp.sra.ebi.ac.uk/vol1/fastq/ERR156/066/ERR15628166/ERR15628166_2.fastq.gz
RCN24955,Vietnam,AmpSeqV2,Resistant,Resistant,Sensitive,Resistant,Resistant,Resistant,Resistant,Sensitive,Resistant,Undetermined,ERR15628167,16319232.0,ERR14395200,19483.0,ERR14395201,25164.0,ERR14395202,264.0,ftp://ftp.sra.ebi.ac.uk/vol1/fastq/ERR143/000/ERR14395200/ERR14395200_1.fastq.gz,ftp://ftp.sra.ebi.ac.uk/vol1/fastq/ERR143/001/ERR14395201/ERR14395201_1.fastq.gz,ftp://ftp.sra.ebi.ac.uk/vol1/fastq/ERR143/002/ERR14395202/ERR14395202_1.fastq.gz,ftp://ftp.sra.ebi.ac.uk/vol1/fastq/ERR156/067/ERR15628167/ERR15628167_1.fastq.gz,ftp://ftp.sra.ebi.ac.uk/vol1/fastq/ERR143/000/ERR14395200/ERR14395200_2.fastq.gz,ftp://ftp.sra.ebi.ac.uk/vol1/fastq/ERR143/001/ERR14395201/ERR14395201_2.fastq.gz,ftp://ftp.sra.ebi.ac.uk/vol1/fastq/ERR143/002/ERR14395202/ERR14395202_2.fastq.gz,ftp://ftp.sra.ebi.ac.uk/vol1/fastq/ERR156/067/ERR15628167/ERR15628167_2.fastq.gz
RCN24957,Vietnam,AmpSeqV2,Resistant,Sensitive,Sensitive,Resistant,Resistant,Resistant,Sensitive,Sensitive,Resistant,Undetermined,ERR15628169,14417755.0,ERR14395206,14408.0,ERR14395207,18756.0,ERR14395208,476.0,ftp://ftp.sra.ebi.ac.uk/vol1/fastq/ERR143/006/ERR14395206/ERR14395206_1.fastq.gz,ftp://ftp.sra.ebi.ac.uk/vol1/fastq/ERR143/007/ERR14395207/ERR14395207_1.fastq.gz,ftp://ftp.sra.ebi.ac.uk/vol1/fastq/ERR143/008/ERR14395208/ERR14395208_1.fastq.gz,ftp://ftp.sra.ebi.ac.uk/vol1/fastq/ERR156/069/ERR15628169/ERR15628169_1.fastq.gz,ftp://ftp.sra.ebi.ac.uk/vol1/fastq/ERR143/006/ERR14395206/ERR14395206_2.fastq.gz,ftp://ftp.sra.ebi.ac.uk/vol1/fastq/ERR143/007/ERR14395207/ERR14395207_2.fastq.gz,ftp://ftp.sra.ebi.ac.uk/vol1/fastq/ERR143/008/ERR14395208/ERR14395208_2.fastq.gz,ftp://ftp.sra.ebi.ac.uk/vol1/fastq/ERR156/069/ERR15628169/ERR15628169_2.fastq.gz
RCN24959,Vietnam,AmpSeqV2,Resistant,Resistant,Sensitive,Resistant,Resistant,Resistant,Resistant,Sensitive,Resistant,Undetermined,ERR15628171,11719841.0,ERR14395212,15392.0,ERR14395213,14624.0,ERR14395214,28.0,ftp://ftp.sra.ebi.ac.uk/vol1/fastq/ERR143/012/ERR14395212/ERR14395212_1.fastq.gz,ftp://ftp.sra.ebi.ac.uk/vol1/fastq/ERR143/013/ERR14395213/ERR14395213_1.fastq.gz,ftp://ftp.sra.ebi.ac.uk/vol1/fastq/ERR143/014/ERR14395214/ERR14395214_1.fastq.gz,ftp://ftp.sra.ebi.ac.uk/vol1/fastq/ERR156/071/ERR15628171/ERR15628171_1.fastq.gz,ftp://ftp.sra.ebi.ac.uk/vol1/fastq/ERR143/012/ERR14395212/ERR14395212_2.fastq.gz,ftp://ftp.sra.ebi.ac.uk/vol1/fastq/ERR143/013/ERR14395213/ERR14395213_2.fastq.gz,ftp://ftp.sra.ebi.ac.uk/vol1/fastq/ERR143/014/ERR14395214/ERR14395214_2.fastq.gz,ftp://ftp.sra.ebi.ac.uk/vol1/fastq/ERR156/071/ERR15628171/ERR15628171_2.fastq.gz
RCN24960,Vietnam,AmpSeqV2,Resistant,Resistant,Sensitive,Resistant,Resistant,Resistant,Resistant,Sensitive,Resistant,Undetermined,ERR15628172,16226572.0,ERR14395215,37355.0,ERR14395216,37885.0,ERR14395217,905.0,ftp://ftp.sra.ebi.ac.uk/vol1/fastq/ERR143/015/ERR14395215/ERR14395215_1.fastq.gz,ftp://ftp.sra.ebi.ac.uk/vol1/fastq/ERR143/016/ERR14395216/ERR14395216_1.fastq.gz,ftp://ftp.sra.ebi.ac.uk/vol1/fastq/ERR143/017/ERR14395217/ERR14395217_1.fastq.gz,ftp://ftp.sra.ebi.ac.uk/vol1/fastq/ERR156/072/ERR15628172/ERR15628172_1.fastq.gz,ftp://ftp.sra.ebi.ac.uk/vol1/fastq/ERR143/015/ERR14395215/ERR14395215_2.fastq.gz,ftp://ftp.sra.ebi.ac.uk/vol1/fastq/ERR143/016/ERR14395216/ERR14395216_2.fastq.gz,ftp://ftp.sra.ebi.ac.uk/vol1/fastq/ERR143/017/ERR14395217/ERR14395217_2.fastq.gz,ftp://ftp.sra.ebi.ac.uk/vol1/fastq/ERR156/072/ERR15628172/ERR15628172_2.fastq.gz
RCN24961,Vietnam,AmpSeqV2,Resistant,Resistant,Sensitive,Resistant,Resistant,Resistant,Resistant,Sensitive,Resistant,Undetermined,ERR15628173,15110806.0,ERR14395218,35903.0,ERR14395219,33796.0,ERR14395220,1276.0,ftp://ftp.sra.ebi.ac.uk/vol1/fastq/ERR143/018/ERR14395218/ERR14395218_1.fastq.gz,ftp://ftp.sra.ebi.ac.uk/vol1/fastq/ERR143/019/ERR14395219/ERR14395219_1.fastq.gz,ftp://ftp.sra.ebi.ac.uk/vol1/fastq/ERR143/020/ERR14395220/ERR14395220_1.fastq.gz,ftp://ftp.sra.ebi.ac.uk/vol1/fastq/ERR156/073/ERR15628173/ERR15628173_1.fastq.gz,ftp://ftp.sra.ebi.ac.uk/vol1/fastq/ERR143/018/ERR14395218/ERR14395218_2.fastq.gz,ftp://ftp.sra.ebi.ac.uk/vol1/fastq/ERR143/019/ERR14395219/ERR14395219_2.fastq.gz,ftp://ftp.sra.ebi.ac.uk/vol1/fastq/ERR143/020/ERR14395220/ERR14395220_2.fastq.gz,ftp://ftp.sra.ebi.ac.uk/vol1/fastq/ERR156/073/ERR15628173/ERR15628173_2.fastq.gz
RCN24963,Vietnam,AmpSeqV2,Resistant,Resistant,Sensitive,Resistant,Resistant,Resistant,Resistant,Sensitive,Resistant,Undetermined,ERR15628174,11451134.0,ERR14395221,25153.0,ERR14395222,23391.0,ERR14395223,483.0,ftp://ftp.sra.ebi.ac.uk/vol1/fastq/ERR143/021/ERR14395221/ERR14395221_1.fastq.gz,ftp://ftp.sra.ebi.ac.uk/vol1/fastq/ERR143/022/ERR14395222/ERR14395222_1.fastq.gz,ftp://ftp.sra.ebi.ac.uk/vol1/fastq/ERR143/023/ERR14395223/ERR14395223_1.fastq.gz,ftp://ftp.sra.ebi.ac.uk/vol1/fastq/ERR156/074/ERR15628174/ERR15628174_1.fastq.gz,ftp://ftp.sra.ebi.ac.uk/vol1/fastq/ERR143/021/ERR14395221/ERR14395221_2.fastq.gz,ftp://ftp.sra.ebi.ac.uk/vol1/fastq/ERR143/022/ERR14395222/ERR14395222_2.fastq.gz,ftp://ftp.sra.ebi.ac.uk/vol1/fastq/ERR143/023/ERR14395223/ERR14395223_2.fastq.gz,ftp://ftp.sra.ebi.ac.uk/vol1/fastq/ERR156/074/ERR15628174/ERR15628174_2.fastq.gz
RCN24964,Vietnam,AmpSeqV2,Resistant,Resistant,Sensitive,Resistant,Resistant,Resistant,Resistant,Sensitive,Resistant,Undetermined,ERR15628175,14756852.0,ERR14395224,20727.0,ERR14395225,25835.0,ERR14395226,604.0,ftp://ftp.sra.ebi.ac.uk/vol1/fastq/ERR143/024/ERR14395224/ERR14395224_1.fastq.gz,ftp://ftp.sra.ebi.ac.uk/vol1/fastq/ERR143/025/ERR14395225/ERR14395225_1.fastq.gz,ftp://ftp.sra.ebi.ac.uk/vol1/fastq/ERR143/026/ERR14395226/ERR14395226_1.fastq.gz,ftp://ftp.sra.ebi.ac.uk/vol1/fastq/ERR156/075/ERR15628175/ERR15628175_1.fastq.gz,ftp://ftp.sra.ebi.ac.uk/vol1/fastq/ERR143/024/ERR14395224/ERR14395224_2.fastq.gz,ftp://ftp.sra.ebi.ac.uk/vol1/fastq/ERR143/025/ERR14395225/ERR14395225_2.fastq.gz,ftp://ftp.sra.ebi.ac.uk/vol1/fastq/ERR143/026/ERR14395226/ERR14395226_2.fastq.gz,ftp://ftp.sra.ebi.ac.uk/vol1/fastq/ERR156/075/ERR15628175/ERR15628175_2.fastq.gz
RCN24965,Vietnam,AmpSeqV2,Resistant,Resistant,Sensitive,Resistant,Resistant,Resistant,Resistant,Sensitive,Resistant,Undetermined,ERR15628176,11350291.0,ERR14395227,28031.0,ERR14395228,23728.0,ERR14395229,899.0,ftp://ftp.sra.ebi.ac.uk/vol1/fastq/ERR143/027/ERR14395227/ERR14395227_1.fastq.gz,ftp://ftp.sra.ebi.ac.uk/vol1/fastq/ERR143/028/ERR14395228/ERR14395228_1.fastq.gz,ftp://ftp.sra.ebi.ac.uk/vol1/fastq/ERR143/029/ERR14395229/ERR14395229_1.fastq.gz,ftp://ftp.sra.ebi.ac.uk/vol1/fastq/ERR156/076/ERR15628176/ERR15628176_1.fastq.gz,ftp://ftp.sra.ebi.ac.uk/vol1/fastq/ERR143/027/ERR14395227/ERR14395227_2.fastq.gz,ftp://ftp.sra.ebi.ac.uk/vol1/fastq/ERR143/028/ERR14395228/ERR14395228_2.fastq.gz,ftp://ftp.sra.ebi.ac.uk/vol1/fastq/ERR143/029/ERR14395229/ERR14395229_2.fastq.gz,ftp://ftp.sra.ebi.ac.uk/vol1/fastq/ERR156/076/ERR15628176/ERR15628176_2.fastq.gz
RCN24966,Vietnam,AmpSeqV2,Resistant,Resistant,Sensitive,Resistant,Resistant,Resistant,Resistant,Sensitive,Resistant,Undetermined,ERR15628177,13423283.0,ERR14395230,17611.0,ERR14395231,22679.0,ERR14395232,754.0,ftp://ftp.sra.ebi.ac.uk/vol1/fastq/ERR143/030/ERR14395230/ERR14395230_1.fastq.gz,ftp://ftp.sra.ebi.ac.uk/vol1/fastq/ERR143/031/ERR14395231/ERR14395231_1.fastq.gz,ftp://ftp.sra.ebi.ac.uk/vol1/fastq/ERR143/032/ERR14395232/ERR14395232_1.fastq.gz,ftp://ftp.sra.ebi.ac.uk/vol1/fastq/ERR156/077/ERR15628177/ERR15628177_1.fastq.gz,ftp://ftp.sra.ebi.ac.uk/vol1/fastq/ERR143/030/ERR14395230/ERR14395230_2.fastq.gz,ftp://ftp.sra.ebi.ac.uk/vol1/fastq/ERR143/031/ERR14395231/ERR14395231_2.fastq.gz,ftp://ftp.sra.ebi.ac.uk/vol1/fastq/ERR143/032/ERR14395232/ERR14395232_2.fastq.gz,ftp://ftp.sra.ebi.ac.uk/vol1/fastq/ERR156/077/ERR15628177/ERR15628177_2.fastq.gz
RCN24967,Vietnam,AmpSeqV2,Resistant,Resistant,Sensitive,Resistant,Resistant,Resistant,Resistant,Sensitive,Resistant,Undetermined,ERR15628178,16626790.0,ERR14395233,11754.0,ERR14395234,12295.0,ERR14395235,56.0,ftp://ftp.sra.ebi.ac.uk/vol1/fastq/ERR143/033/ERR14395233/ERR14395233_1.fastq.gz,ftp://ftp.sra.ebi.ac.uk/vol1/fastq/ERR143/034/ERR14395234/ERR14395234_1.fastq.gz,ftp://ftp.sra.ebi.ac.uk/vol1/fastq/ERR143/035/ERR14395235/ERR14395235_1.fastq.gz,ftp://ftp.sra.ebi.ac.uk/vol1/fastq/ERR156/078/ERR15628178/ERR15628178_1.fastq.gz,ftp://ftp.sra.ebi.ac.uk/vol1/fastq/ERR143/033/ERR14395233/ERR14395233_2.fastq.gz,ftp://ftp.sra.ebi.ac.uk/vol1/fastq/ERR143/034/ERR14395234/ERR14395234_2.fastq.gz,ftp://ftp.sra.ebi.ac.uk/vol1/fastq/ERR143/035/ERR14395235/ERR14395235_2.fastq.gz,ftp://ftp.sra.ebi.ac.uk/vol1/fastq/ERR156/078/ERR15628178/ERR15628178_2.fastq.gz
RCN24968,Vietnam,AmpSeqV2,Resistant,Resistant,Sensitive,Resistant,Resistant,Resistant,Resistant,Sensitive,Resistant,Undetermined,ERR15628179,15621723.0,ERR14395236,32732.0,ERR14395237,39296.0,ERR14395238,822.0,ftp://ftp.sra.ebi.ac.uk/vol1/fastq/ERR143/036/ERR14395236/ERR14395236_1.fastq.gz,ftp://ftp.sra.ebi.ac.uk/vol1/fastq/ERR143/037/ERR14395237/ERR14395237_1.fastq.gz,ftp://ftp.sra.ebi.ac.uk/vol1/fastq/ERR143/038/ERR14395238/ERR14395238_1.fastq.gz,ftp://ftp.sra.ebi.ac.uk/vol1/fastq/ERR156/079/ERR15628179/ERR15628179_1.fastq.gz,ftp://ftp.sra.ebi.ac.uk/vol1/fastq/ERR143/036/ERR14395236/ERR14395236_2.fastq.gz,ftp://ftp.sra.ebi.ac.uk/vol1/fastq/ERR143/037/ERR14395237/ERR14395237_2.fastq.gz,ftp://ftp.sra.ebi.ac.uk/vol1/fastq/ERR143/038/ERR14395238/ERR14395238_2.fastq.gz,ftp://ftp.sra.ebi.ac.uk/vol1/fastq/ERR156/079/ERR15628179/ERR15628179_2.fastq.gz
RCN24969,Vietnam,AmpSeqV2,Resistant,Resistant,Sensitive,Resistant,Resistant,Resistant,Resistant,Sensitive,Resistant,Undetermined,ERR15628180,6991847.0,ERR14395239,15965.0,ERR14395240,17584.0,ERR14395241,30.0,ftp://ftp.sra.ebi.ac.uk/vol1/fastq/ERR143/039/ERR14395239/ERR14395239_1.fastq.gz,ftp://ftp.sra.ebi.ac.uk/vol1/fastq/ERR143/040/ERR14395240/ERR14395240_1.fastq.gz,ftp://ftp.sra.ebi.ac.uk/vol1/fastq/ERR143/041/ERR14395241/ERR14395241_1.fastq.gz,ftp://ftp.sra.ebi.ac.uk/vol1/fastq/ERR156/080/ERR15628180/ERR15628180_1.fastq.gz,ftp://ftp.sra.ebi.ac.uk/vol1/fastq/ERR143/039/ERR14395239/ERR14395239_2.fastq.gz,ftp://ftp.sra.ebi.ac.uk/vol1/fastq/ERR143/040/ERR14395240/ERR14395240_2.fastq.gz,ftp://ftp.sra.ebi.ac.uk/vol1/fastq/ERR143/041/ERR14395241/ERR14395241_2.fastq.gz,ftp://ftp.sra.ebi.ac.uk/vol1/fastq/ERR156/080/ERR15628180/ERR15628180_2.fastq.gz
RCN24971,Vietnam,AmpSeqV2,Resistant,Resistant,Sensitive,Resistant,Resistant,Resistant,Resistant,Sensitive,Resistant,Undetermined,ERR15628182,14229579.0,ERR14395245,21093.0,ERR14395246,32286.0,ERR14395247,623.0,ftp://ftp.sra.ebi.ac.uk/vol1/fastq/ERR143/045/ERR14395245/ERR14395245_1.fastq.gz,ftp://ftp.sra.ebi.ac.uk/vol1/fastq/ERR143/046/ERR14395246/ERR14395246_1.fastq.gz,ftp://ftp.sra.ebi.ac.uk/vol1/fastq/ERR143/047/ERR14395247/ERR14395247_1.fastq.gz,ftp://ftp.sra.ebi.ac.uk/vol1/fastq/ERR156/082/ERR15628182/ERR15628182_1.fastq.gz,ftp://ftp.sra.ebi.ac.uk/vol1/fastq/ERR143/045/ERR14395245/ERR14395245_2.fastq.gz,ftp://ftp.sra.ebi.ac.uk/vol1/fastq/ERR143/046/ERR14395246/ERR14395246_2.fastq.gz,ftp://ftp.sra.ebi.ac.uk/vol1/fastq/ERR143/047/ERR14395247/ERR14395247_2.fastq.gz,ftp://ftp.sra.ebi.ac.uk/vol1/fastq/ERR156/082/ERR15628182/ERR15628182_2.fastq.gz
RCN24972,Vietnam,AmpSeqV2,Resistant,Resistant,Sensitive,Resistant,Resistant,Resistant,Resistant,Sensitive,Resistant,Undetermined,ERR15628183,11194085.0,ERR14395248,19306.0,ERR14395249,19546.0,ERR14395250,422.0,ftp://ftp.sra.ebi.ac.uk/vol1/fastq/ERR143/048/ERR14395248/ERR14395248_1.fastq.gz,ftp://ftp.sra.ebi.ac.uk/vol1/fastq/ERR143/049/ERR14395249/ERR14395249_1.fastq.gz,ftp://ftp.sra.ebi.ac.uk/vol1/fastq/ERR143/050/ERR14395250/ERR14395250_1.fastq.gz,ftp://ftp.sra.ebi.ac.uk/vol1/fastq/ERR156/083/ERR15628183/ERR15628183_1.fastq.gz,ftp://ftp.sra.ebi.ac.uk/vol1/fastq/ERR143/048/ERR14395248/ERR14395248_2.fastq.gz,ftp://ftp.sra.ebi.ac.uk/vol1/fastq/ERR143/049/ERR14395249/ERR14395249_2.fastq.gz,ftp://ftp.sra.ebi.ac.uk/vol1/fastq/ERR143/050/ERR14395250/ERR14395250_2.fastq.gz,ftp://ftp.sra.ebi.ac.uk/vol1/fastq/ERR156/083/ERR15628183/ERR15628183_2.fastq.gz
RCN24974,Vietnam,AmpSeqV2,Resistant,Resistant,Sensitive,Resistant,Resistant,Resistant,Resistant,Sensitive,Resistant,Undetermined,ERR15628185,15695459.0,ERR14395254,13749.0,ERR14395255,18995.0,ERR14395256,638.0,ftp://ftp.sra.ebi.ac.uk/vol1/fastq/ERR143/054/ERR14395254/ERR14395254_1.fastq.gz,ftp://ftp.sra.ebi.ac.uk/vol1/fastq/ERR143/055/ERR14395255/ERR14395255_1.fastq.gz,ftp://ftp.sra.ebi.ac.uk/vol1/fastq/ERR143/056/ERR14395256/ERR14395256_1.fastq.gz,ftp://ftp.sra.ebi.ac.uk/vol1/fastq/ERR156/085/ERR15628185/ERR15628185_1.fastq.gz,ftp://ftp.sra.ebi.ac.uk/vol1/fastq/ERR143/054/ERR14395254/ERR14395254_2.fastq.gz,ftp://ftp.sra.ebi.ac.uk/vol1/fastq/ERR143/055/ERR14395255/ERR14395255_2.fastq.gz,ftp://ftp.sra.ebi.ac.uk/vol1/fastq/ERR143/056/ERR14395256/ERR14395256_2.fastq.gz,ftp://ftp.sra.ebi.ac.uk/vol1/fastq/ERR156/085/ERR15628185/ERR15628185_2.fastq.gz
RCN24975,Vietnam,AmpSeqV2,Resistant,Sensitive,Sensitive,Resistant,Resistant,Resistant,Sensitive,Sensitive,Resistant,Undetermined,ERR15628186,7981201.0,ERR14395257,30223.0,ERR14395258,22760.0,ERR14395259,432.0,ftp://ftp.sra.ebi.ac.uk/vol1/fastq/ERR143/057/ERR14395257/ERR14395257_1.fastq.gz,ftp://ftp.sra.ebi.ac.uk/vol1/fastq/ERR143/058/ERR14395258/ERR14395258_1.fastq.gz,ftp://ftp.sra.ebi.ac.uk/vol1/fastq/ERR143/059/ERR14395259/ERR14395259_1.fastq.gz,ftp://ftp.sra.ebi.ac.uk/vol1/fastq/ERR156/086/ERR15628186/ERR15628186_1.fastq.gz,ftp://ftp.sra.ebi.ac.uk/vol1/fastq/ERR143/057/ERR14395257/ERR14395257_2.fastq.gz,ftp://ftp.sra.ebi.ac.uk/vol1/fastq/ERR143/058/ERR14395258/ERR14395258_2.fastq.gz,ftp://ftp.sra.ebi.ac.uk/vol1/fastq/ERR143/059/ERR14395259/ERR14395259_2.fastq.gz,ftp://ftp.sra.ebi.ac.uk/vol1/fastq/ERR156/086/ERR15628186/ERR15628186_2.fastq.gz
RCN24978,Vietnam,AmpSeqV2,Resistant,Resistant,Sensitive,Resistant,Resistant,Resistant,Resistant,Sensitive,Resistant,Undetermined,ERR15628188,15112722.0,ERR14395263,14168.0,ERR14395264,12914.0,ERR14395265,495.0,ftp://ftp.sra.ebi.ac.uk/vol1/fastq/ERR143/063/ERR14395263/ERR14395263_1.fastq.gz,ftp://ftp.sra.ebi.ac.uk/vol1/fastq/ERR143/064/ERR14395264/ERR14395264_1.fastq.gz,ftp://ftp.sra.ebi.ac.uk/vol1/fastq/ERR143/065/ERR14395265/ERR14395265_1.fastq.gz,ftp://ftp.sra.ebi.ac.uk/vol1/fastq/ERR156/088/ERR15628188/ERR15628188_1.fastq.gz,ftp://ftp.sra.ebi.ac.uk/vol1/fastq/ERR143/063/ERR14395263/ERR14395263_2.fastq.gz,ftp://ftp.sra.ebi.ac.uk/vol1/fastq/ERR143/064/ERR14395264/ERR14395264_2.fastq.gz,ftp://ftp.sra.ebi.ac.uk/vol1/fastq/ERR143/065/ERR14395265/ERR14395265_2.fastq.gz,ftp://ftp.sra.ebi.ac.uk/vol1/fastq/ERR156/088/ERR15628188/ERR15628188_2.fastq.gz
RCN24981,Vietnam,AmpSeqV2,Resistant,Resistant,Sensitive,Resistant,Resistant,Resistant,Resistant,Sensitive,Resistant,Undetermined,ERR15628191,15792686.0,ERR14395272,9010.0,ERR14395273,9237.0,ERR14395274,493.0,ftp://ftp.sra.ebi.ac.uk/vol1/fastq/ERR143/072/ERR14395272/ERR14395272_1.fastq.gz,ftp://ftp.sra.ebi.ac.uk/vol1/fastq/ERR143/073/ERR14395273/ERR14395273_1.fastq.gz,ftp://ftp.sra.ebi.ac.uk/vol1/fastq/ERR143/074/ERR14395274/ERR14395274_1.fastq.gz,ftp://ftp.sra.ebi.ac.uk/vol1/fastq/ERR156/091/ERR15628191/ERR15628191_1.fastq.gz,ftp://ftp.sra.ebi.ac.uk/vol1/fastq/ERR143/072/ERR14395272/ERR14395272_2.fastq.gz,ftp://ftp.sra.ebi.ac.uk/vol1/fastq/ERR143/073/ERR14395273/ERR14395273_2.fastq.gz,ftp://ftp.sra.ebi.ac.uk/vol1/fastq/ERR143/074/ERR14395274/ERR14395274_2.fastq.gz,ftp://ftp.sra.ebi.ac.uk/vol1/fastq/ERR156/091/ERR15628191/ERR15628191_2.fastq.gz
RCN24982,Vietnam,AmpSeqV2,Resistant,Resistant,Sensitive,Resistant,Resistant,Resistant,Resistant,Sensitive,Resistant,Undetermined,ERR15628192,14465967.0,ERR14395275,28858.0,ERR14395276,23740.0,ERR14395277,551.0,ftp://ftp.sra.ebi.ac.uk/vol1/fastq/ERR143/075/ERR14395275/ERR14395275_1.fastq.gz,ftp://ftp.sra.ebi.ac.uk/vol1/fastq/ERR143/076/ERR14395276/ERR14395276_1.fastq.gz,ftp://ftp.sra.ebi.ac.uk/vol1/fastq/ERR143/077/ERR14395277/ERR14395277_1.fastq.gz,ftp://ftp.sra.ebi.ac.uk/vol1/fastq/ERR156/092/ERR15628192/ERR15628192_1.fastq.gz,ftp://ftp.sra.ebi.ac.uk/vol1/fastq/ERR143/075/ERR14395275/ERR14395275_2.fastq.gz,ftp://ftp.sra.ebi.ac.uk/vol1/fastq/ERR143/076/ERR14395276/ERR14395276_2.fastq.gz,ftp://ftp.sra.ebi.ac.uk/vol1/fastq/ERR143/077/ERR14395277/ERR14395277_2.fastq.gz,ftp://ftp.sra.ebi.ac.uk/vol1/fastq/ERR156/092/ERR15628192/ERR15628192_2.fastq.gz
RCN24983,Vietnam,AmpSeqV2,Resistant,Resistant,Sensitive,Resistant,Resistant,Resistant,Resistant,Sensitive,Resistant,Undetermined,ERR15628193,9720441.0,ERR14395278,25784.0,ERR14395279,24190.0,ERR14395280,669.0,ftp://ftp.sra.ebi.ac.uk/vol1/fastq/ERR143/078/ERR14395278/ERR14395278_1.fastq.gz,ftp://ftp.sra.ebi.ac.uk/vol1/fastq/ERR143/079/ERR14395279/ERR14395279_1.fastq.gz,ftp://ftp.sra.ebi.ac.uk/vol1/fastq/ERR143/080/ERR14395280/ERR14395280_1.fastq.gz,ftp://ftp.sra.ebi.ac.uk/vol1/fastq/ERR156/093/ERR15628193/ERR15628193_1.fastq.gz,ftp://ftp.sra.ebi.ac.uk/vol1/fastq/ERR143/078/ERR14395278/ERR14395278_2.fastq.gz,ftp://ftp.sra.ebi.ac.uk/vol1/fastq/ERR143/079/ERR14395279/ERR14395279_2.fastq.gz,ftp://ftp.sra.ebi.ac.uk/vol1/fastq/ERR143/080/ERR14395280/ERR14395280_2.fastq.gz,ftp://ftp.sra.ebi.ac.uk/vol1/fastq/ERR156/093/ERR15628193/ERR15628193_2.fastq.gz
RCN24985,Vietnam,AmpSeqV2,Resistant,Resistant,Sensitive,Resistant,Resistant,Resistant,Resistant,Sensitive,Resistant,Undetermined,ERR15628195,12022228.0,ERR14395284,25701.0,ERR14395285,22974.0,ERR14395286,735.0,ftp://ftp.sra.ebi.ac.uk/vol1/fastq/ERR143/084/ERR14395284/ERR14395284_1.fastq.gz,ftp://ftp.sra.ebi.ac.uk/vol1/fastq/ERR143/085/ERR14395285/ERR14395285_1.fastq.gz,ftp://ftp.sra.ebi.ac.uk/vol1/fastq/ERR143/086/ERR14395286/ERR14395286_1.fastq.gz,ftp://ftp.sra.ebi.ac.uk/vol1/fastq/ERR156/095/ERR15628195/ERR15628195_1.fastq.gz,ftp://ftp.sra.ebi.ac.uk/vol1/fastq/ERR143/084/ERR14395284/ERR14395284_2.fastq.gz,ftp://ftp.sra.ebi.ac.uk/vol1/fastq/ERR143/085/ERR14395285/ERR14395285_2.fastq.gz,ftp://ftp.sra.ebi.ac.uk/vol1/fastq/ERR143/086/ERR14395286/ERR14395286_2.fastq.gz,ftp://ftp.sra.ebi.ac.uk/vol1/fastq/ERR156/095/ERR15628195/ERR15628195_2.fastq.gz
RCN24986,Vietnam,AmpSeqV2,Resistant,Sensitive,Sensitive,Resistant,Resistant,Resistant,Sensitive,Sensitive,Resistant,Undetermined,ERR15628196,10126065.0,ERR14395287,28472.0,ERR14395288,23857.0,ERR14395289,592.0,ftp://ftp.sra.ebi.ac.uk/vol1/fastq/ERR143/087/ERR14395287/ERR14395287_1.fastq.gz,ftp://ftp.sra.ebi.ac.uk/vol1/fastq/ERR143/088/ERR14395288/ERR14395288_1.fastq.gz,ftp://ftp.sra.ebi.ac.uk/vol1/fastq/ERR143/089/ERR14395289/ERR14395289_1.fastq.gz,ftp://ftp.sra.ebi.ac.uk/vol1/fastq/ERR156/096/ERR15628196/ERR15628196_1.fastq.gz,ftp://ftp.sra.ebi.ac.uk/vol1/fastq/ERR143/087/ERR14395287/ERR14395287_2.fastq.gz,ftp://ftp.sra.ebi.ac.uk/vol1/fastq/ERR143/088/ERR14395288/ERR14395288_2.fastq.gz,ftp://ftp.sra.ebi.ac.uk/vol1/fastq/ERR143/089/ERR14395289/ERR14395289_2.fastq.gz,ftp://ftp.sra.ebi.ac.uk/vol1/fastq/ERR156/096/ERR15628196/ERR15628196_2.fastq.gz
RCN24987,Vietnam,AmpSeqV2,Resistant,Sensitive,Sensitive,Resistant,Resistant,Resistant,Sensitive,Sensitive,Resistant,Undetermined,ERR15628197,13579554.0,ERR14395290,27178.0,ERR14395291,24590.0,ERR14395292,792.0,ftp://ftp.sra.ebi.ac.uk/vol1/fastq/ERR143/090/ERR14395290/ERR14395290_1.fastq.gz,ftp://ftp.sra.ebi.ac.uk/vol1/fastq/ERR143/091/ERR14395291/ERR14395291_1.fastq.gz,ftp://ftp.sra.ebi.ac.uk/vol1/fastq/ERR143/092/ERR14395292/ERR14395292_1.fastq.gz,ftp://ftp.sra.ebi.ac.uk/vol1/fastq/ERR156/097/ERR15628197/ERR15628197_1.fastq.gz,ftp://ftp.sra.ebi.ac.uk/vol1/fastq/ERR143/090/ERR14395290/ERR14395290_2.fastq.gz,ftp://ftp.sra.ebi.ac.uk/vol1/fastq/ERR143/091/ERR14395291/ERR14395291_2.fastq.gz,ftp://ftp.sra.ebi.ac.uk/vol1/fastq/ERR143/092/ERR14395292/ERR14395292_2.fastq.gz,ftp://ftp.sra.ebi.ac.uk/vol1/fastq/ERR156/097/ERR15628197/ERR15628197_2.fastq.gz
RCN24988,Vietnam,AmpSeqV2,Resistant,Resistant,Sensitive,Resistant,Resistant,Resistant,Resistant,Sensitive,Resistant,Undetermined,ERR15628198,11075583.0,ERR14395293,22974.0,ERR14395294,20685.0,ERR14395295,630.0,ftp://ftp.sra.ebi.ac.uk/vol1/fastq/ERR143/093/ERR14395293/ERR14395293_1.fastq.gz,ftp://ftp.sra.ebi.ac.uk/vol1/fastq/ERR143/094/ERR14395294/ERR14395294_1.fastq.gz,ftp://ftp.sra.ebi.ac.uk/vol1/fastq/ERR143/095/ERR14395295/ERR14395295_1.fastq.gz,ftp://ftp.sra.ebi.ac.uk/vol1/fastq/ERR156/098/ERR15628198/ERR15628198_1.fastq.gz,ftp://ftp.sra.ebi.ac.uk/vol1/fastq/ERR143/093/ERR14395293/ERR14395293_2.fastq.gz,ftp://ftp.sra.ebi.ac.uk/vol1/fastq/ERR143/094/ERR14395294/ERR14395294_2.fastq.gz,ftp://ftp.sra.ebi.ac.uk/vol1/fastq/ERR143/095/ERR14395295/ERR14395295_2.fastq.gz,ftp://ftp.sra.ebi.ac.uk/vol1/fastq/ERR156/098/ERR15628198/ERR15628198_2.fastq.gz
RCN24989,Vietnam,AmpSeqV2,Resistant,Resistant,Sensitive,Resistant,Resistant,Resistant,Resistant,Sensitive,Resistant,Undetermined,ERR15628199,13322727.0,ERR14395296,12795.0,ERR14395297,14523.0,ERR14395298,679.0,ftp://ftp.sra.ebi.ac.uk/vol1/fastq/ERR143/096/ERR14395296/ERR14395296_1.fastq.gz,ftp://ftp.sra.ebi.ac.uk/vol1/fastq/ERR143/097/ERR14395297/ERR14395297_1.fastq.gz,ftp://ftp.sra.ebi.ac.uk/vol1/fastq/ERR143/098/ERR14395298/ERR14395298_1.fastq.gz,ftp://ftp.sra.ebi.ac.uk/vol1/fastq/ERR156/099/ERR15628199/ERR15628199_1.fastq.gz,ftp://ftp.sra.ebi.ac.uk/vol1/fastq/ERR143/096/ERR14395296/ERR14395296_2.fastq.gz,ftp://ftp.sra.ebi.ac.uk/vol1/fastq/ERR143/097/ERR14395297/ERR14395297_2.fastq.gz,ftp://ftp.sra.ebi.ac.uk/vol1/fastq/ERR143/098/ERR14395298/ERR14395298_2.fastq.gz,ftp://ftp.sra.ebi.ac.uk/vol1/fastq/ERR156/099/ERR15628199/ERR15628199_2.fastq.gz
RCN24991,Vietnam,AmpSeqV2,Resistant,Resistant,Sensitive,Resistant,Resistant,Resistant,Resistant,Sensitive,Resistant,Undetermined,ERR15628200,17059646.0,ERR14395302,29611.0,ERR14395303,27379.0,ERR14395304,529.0,ftp://ftp.sra.ebi.ac.uk/vol1/fastq/ERR143/002/ERR14395302/ERR14395302_1.fastq.gz,ftp://ftp.sra.ebi.ac.uk/vol1/fastq/ERR143/003/ERR14395303/ERR14395303_1.fastq.gz,ftp://ftp.sra.ebi.ac.uk/vol1/fastq/ERR143/004/ERR14395304/ERR14395304_1.fastq.gz,ftp://ftp.sra.ebi.ac.uk/vol1/fastq/ERR156/000/ERR15628200/ERR15628200_1.fastq.gz,ftp://ftp.sra.ebi.ac.uk/vol1/fastq/ERR143/002/ERR14395302/ERR14395302_2.fastq.gz,ftp://ftp.sra.ebi.ac.uk/vol1/fastq/ERR143/003/ERR14395303/ERR14395303_2.fastq.gz,ftp://ftp.sra.ebi.ac.uk/vol1/fastq/ERR143/004/ERR14395304/ERR14395304_2.fastq.gz,ftp://ftp.sra.ebi.ac.uk/vol1/fastq/ERR156/000/ERR15628200/ERR15628200_2.fastq.gz
RCN24994,Vietnam,AmpSeqV2,Resistant,Sensitive,Sensitive,Resistant,Resistant,Resistant,Sensitive,Sensitive,Resistant,Undetermined,ERR15628202,14344005.0,ERR14395308,28372.0,ERR14395309,23012.0,ERR14395310,210.0,ftp://ftp.sra.ebi.ac.uk/vol1/fastq/ERR143/008/ERR14395308/ERR14395308_1.fastq.gz,ftp://ftp.sra.ebi.ac.uk/vol1/fastq/ERR143/009/ERR14395309/ERR14395309_1.fastq.gz,ftp://ftp.sra.ebi.ac.uk/vol1/fastq/ERR143/010/ERR14395310/ERR14395310_1.fastq.gz,ftp://ftp.sra.ebi.ac.uk/vol1/fastq/ERR156/002/ERR15628202/ERR15628202_1.fastq.gz,ftp://ftp.sra.ebi.ac.uk/vol1/fastq/ERR143/008/ERR14395308/ERR14395308_2.fastq.gz,ftp://ftp.sra.ebi.ac.uk/vol1/fastq/ERR143/009/ERR14395309/ERR14395309_2.fastq.gz,ftp://ftp.sra.ebi.ac.uk/vol1/fastq/ERR143/010/ERR14395310/ERR14395310_2.fastq.gz,ftp://ftp.sra.ebi.ac.uk/vol1/fastq/ERR156/002/ERR15628202/ERR15628202_2.fastq.gz
RCN24995,Vietnam,AmpSeqV2,Resistant,Sensitive,Sensitive,Resistant,Resistant,Resistant,Sensitive,Sensitive,Resistant,Undetermined,ERR15628203,14615947.0,ERR14395311,30429.0,ERR14395312,28331.0,ERR14395313,796.0,ftp://ftp.sra.ebi.ac.uk/vol1/fastq/ERR143/011/ERR14395311/ERR14395311_1.fastq.gz,ftp://ftp.sra.ebi.ac.uk/vol1/fastq/ERR143/012/ERR14395312/ERR14395312_1.fastq.gz,ftp://ftp.sra.ebi.ac.uk/vol1/fastq/ERR143/013/ERR14395313/ERR14395313_1.fastq.gz,ftp://ftp.sra.ebi.ac.uk/vol1/fastq/ERR156/003/ERR15628203/ERR15628203_1.fastq.gz,ftp://ftp.sra.ebi.ac.uk/vol1/fastq/ERR143/011/ERR14395311/ERR14395311_2.fastq.gz,ftp://ftp.sra.ebi.ac.uk/vol1/fastq/ERR143/012/ERR14395312/ERR14395312_2.fastq.gz,ftp://ftp.sra.ebi.ac.uk/vol1/fastq/ERR143/013/ERR14395313/ERR14395313_2.fastq.gz,ftp://ftp.sra.ebi.ac.uk/vol1/fastq/ERR156/003/ERR15628203/ERR15628203_2.fastq.gz
RCN24996,Vietnam,AmpSeqV2,Resistant,Resistant,Sensitive,Resistant,Resistant,Resistant,Resistant,Sensitive,Resistant,Undetermined,ERR15628204,18998939.0,ERR14395314,24964.0,ERR14395315,24817.0,ERR14395316,646.0,ftp://ftp.sra.ebi.ac.uk/vol1/fastq/ERR143/014/ERR14395314/ERR14395314_1.fastq.gz,ftp://ftp.sra.ebi.ac.uk/vol1/fastq/ERR143/015/ERR14395315/ERR14395315_1.fastq.gz,ftp://ftp.sra.ebi.ac.uk/vol1/fastq/ERR143/016/ERR14395316/ERR14395316_1.fastq.gz,ftp://ftp.sra.ebi.ac.uk/vol1/fastq/ERR156/004/ERR15628204/ERR15628204_1.fastq.gz,ftp://ftp.sra.ebi.ac.uk/vol1/fastq/ERR143/014/ERR14395314/ERR14395314_2.fastq.gz,ftp://ftp.sra.ebi.ac.uk/vol1/fastq/ERR143/015/ERR14395315/ERR14395315_2.fastq.gz,ftp://ftp.sra.ebi.ac.uk/vol1/fastq/ERR143/016/ERR14395316/ERR14395316_2.fastq.gz,ftp://ftp.sra.ebi.ac.uk/vol1/fastq/ERR156/004/ERR15628204/ERR15628204_2.fastq.gz
RCN24997,Vietnam,AmpSeqV2,Resistant,Resistant,Sensitive,Resistant,Resistant,Resistant,Resistant,Sensitive,Resistant,Undetermined,ERR15628205,17189152.0,ERR14395317,9677.0,ERR14395318,12442.0,ERR14395319,692.0,ftp://ftp.sra.ebi.ac.uk/vol1/fastq/ERR143/017/ERR14395317/ERR14395317_1.fastq.gz,ftp://ftp.sra.ebi.ac.uk/vol1/fastq/ERR143/018/ERR14395318/ERR14395318_1.fastq.gz,ftp://ftp.sra.ebi.ac.uk/vol1/fastq/ERR143/019/ERR14395319/ERR14395319_1.fastq.gz,ftp://ftp.sra.ebi.ac.uk/vol1/fastq/ERR156/005/ERR15628205/ERR15628205_1.fastq.gz,ftp://ftp.sra.ebi.ac.uk/vol1/fastq/ERR143/017/ERR14395317/ERR14395317_2.fastq.gz,ftp://ftp.sra.ebi.ac.uk/vol1/fastq/ERR143/018/ERR14395318/ERR14395318_2.fastq.gz,ftp://ftp.sra.ebi.ac.uk/vol1/fastq/ERR143/019/ERR14395319/ERR14395319_2.fastq.gz,ftp://ftp.sra.ebi.ac.uk/vol1/fastq/ERR156/005/ERR15628205/ERR15628205_2.fastq.gz
RCN24998,Vietnam,AmpSeqV2,Resistant,Resistant,Sensitive,Resistant,Resistant,Resistant,Resistant,Sensitive,Resistant,Undetermined,ERR15628206,14817460.0,ERR14395320,21216.0,ERR14395321,18562.0,ERR14395322,573.0,ftp://ftp.sra.ebi.ac.uk/vol1/fastq/ERR143/020/ERR14395320/ERR14395320_1.fastq.gz,ftp://ftp.sra.ebi.ac.uk/vol1/fastq/ERR143/021/ERR14395321/ERR14395321_1.fastq.gz,ftp://ftp.sra.ebi.ac.uk/vol1/fastq/ERR143/022/ERR14395322/ERR14395322_1.fastq.gz,ftp://ftp.sra.ebi.ac.uk/vol1/fastq/ERR156/006/ERR15628206/ERR15628206_1.fastq.gz,ftp://ftp.sra.ebi.ac.uk/vol1/fastq/ERR143/020/ERR14395320/ERR14395320_2.fastq.gz,ftp://ftp.sra.ebi.ac.uk/vol1/fastq/ERR143/021/ERR14395321/ERR14395321_2.fastq.gz,ftp://ftp.sra.ebi.ac.uk/vol1/fastq/ERR143/022/ERR14395322/ERR14395322_2.fastq.gz,ftp://ftp.sra.ebi.ac.uk/vol1/fastq/ERR156/006/ERR15628206/ERR15628206_2.fastq.gz
RCN25000,Vietnam,AmpSeqV2,Resistant,Resistant,Sensitive,Resistant,Resistant,Resistant,Resistant,Sensitive,Resistant,Undetermined,ERR15628207,15108800.0,ERR14395323,21980.0,ERR14395324,24050.0,ERR14395325,625.0,ftp://ftp.sra.ebi.ac.uk/vol1/fastq/ERR143/023/ERR14395323/ERR14395323_1.fastq.gz,ftp://ftp.sra.ebi.ac.uk/vol1/fastq/ERR143/024/ERR14395324/ERR14395324_1.fastq.gz,ftp://ftp.sra.ebi.ac.uk/vol1/fastq/ERR143/025/ERR14395325/ERR14395325_1.fastq.gz,ftp://ftp.sra.ebi.ac.uk/vol1/fastq/ERR156/007/ERR15628207/ERR15628207_1.fastq.gz,ftp://ftp.sra.ebi.ac.uk/vol1/fastq/ERR143/023/ERR14395323/ERR14395323_2.fastq.gz,ftp://ftp.sra.ebi.ac.uk/vol1/fastq/ERR143/024/ERR14395324/ERR14395324_2.fastq.gz,ftp://ftp.sra.ebi.ac.uk/vol1/fastq/ERR143/025/ERR14395325/ERR14395325_2.fastq.gz,ftp://ftp.sra.ebi.ac.uk/vol1/fastq/ERR156/007/ERR15628207/ERR15628207_2.fastq.gz
RCN25003,Vietnam,AmpSeqV2,Resistant,Resistant,Sensitive,Resistant,Resistant,Resistant,Resistant,Sensitive,Resistant,Undetermined,ERR15628208,9756272.0,ERR14395326,28220.0,ERR14395327,24820.0,ERR14395328,471.0,ftp://ftp.sra.ebi.ac.uk/vol1/fastq/ERR143/026/ERR14395326/ERR14395326_1.fastq.gz,ftp://ftp.sra.ebi.ac.uk/vol1/fastq/ERR143/027/ERR14395327/ERR14395327_1.fastq.gz,ftp://ftp.sra.ebi.ac.uk/vol1/fastq/ERR143/028/ERR14395328/ERR14395328_1.fastq.gz,ftp://ftp.sra.ebi.ac.uk/vol1/fastq/ERR156/008/ERR15628208/ERR15628208_1.fastq.gz,ftp://ftp.sra.ebi.ac.uk/vol1/fastq/ERR143/026/ERR14395326/ERR14395326_2.fastq.gz,ftp://ftp.sra.ebi.ac.uk/vol1/fastq/ERR143/027/ERR14395327/ERR14395327_2.fastq.gz,ftp://ftp.sra.ebi.ac.uk/vol1/fastq/ERR143/028/ERR14395328/ERR14395328_2.fastq.gz,ftp://ftp.sra.ebi.ac.uk/vol1/fastq/ERR156/008/ERR15628208/ERR15628208_2.fastq.gz
RCN25005,Vietnam,AmpSeqV2,Resistant,Resistant,Sensitive,Resistant,Resistant,Resistant,Resistant,Sensitive,Resistant,Undetermined,ERR15628210,14108092.0,ERR14395332,12976.0,ERR14395333,11858.0,ERR14395334,227.0,ftp://ftp.sra.ebi.ac.uk/vol1/fastq/ERR143/032/ERR14395332/ERR14395332_1.fastq.gz,ftp://ftp.sra.ebi.ac.uk/vol1/fastq/ERR143/033/ERR14395333/ERR14395333_1.fastq.gz,ftp://ftp.sra.ebi.ac.uk/vol1/fastq/ERR143/034/ERR14395334/ERR14395334_1.fastq.gz,ftp://ftp.sra.ebi.ac.uk/vol1/fastq/ERR156/010/ERR15628210/ERR15628210_1.fastq.gz,ftp://ftp.sra.ebi.ac.uk/vol1/fastq/ERR143/032/ERR14395332/ERR14395332_2.fastq.gz,ftp://ftp.sra.ebi.ac.uk/vol1/fastq/ERR143/033/ERR14395333/ERR14395333_2.fastq.gz,ftp://ftp.sra.ebi.ac.uk/vol1/fastq/ERR143/034/ERR14395334/ERR14395334_2.fastq.gz,ftp://ftp.sra.ebi.ac.uk/vol1/fastq/ERR156/010/ERR15628210/ERR15628210_2.fastq.gz
RCN25006,Vietnam,AmpSeqV2,Resistant,Sensitive,Sensitive,Resistant,Resistant,Resistant,Sensitive,Sensitive,Resistant,Sensitive,ERR15628211,14901257.0,ERR14395335,29928.0,ERR14395336,26760.0,ERR14395337,823.0,ftp://ftp.sra.ebi.ac.uk/vol1/fastq/ERR143/035/ERR14395335/ERR14395335_1.fastq.gz,ftp://ftp.sra.ebi.ac.uk/vol1/fastq/ERR143/036/ERR14395336/ERR14395336_1.fastq.gz,ftp://ftp.sra.ebi.ac.uk/vol1/fastq/ERR143/037/ERR14395337/ERR14395337_1.fastq.gz,ftp://ftp.sra.ebi.ac.uk/vol1/fastq/ERR156/011/ERR15628211/ERR15628211_1.fastq.gz,ftp://ftp.sra.ebi.ac.uk/vol1/fastq/ERR143/035/ERR14395335/ERR14395335_2.fastq.gz,ftp://ftp.sra.ebi.ac.uk/vol1/fastq/ERR143/036/ERR14395336/ERR14395336_2.fastq.gz,ftp://ftp.sra.ebi.ac.uk/vol1/fastq/ERR143/037/ERR14395337/ERR14395337_2.fastq.gz,ftp://ftp.sra.ebi.ac.uk/vol1/fastq/ERR156/011/ERR15628211/ERR15628211_2.fastq.gz
RCN25007,Vietnam,AmpSeqV2,Resistant,Resistant,Sensitive,Resistant,Resistant,Resistant,Resistant,Sensitive,Resistant,Undetermined,ERR15628212,12723217.0,ERR14395338,26695.0,ERR14395339,25145.0,ERR14395340,376.0,ftp://ftp.sra.ebi.ac.uk/vol1/fastq/ERR143/038/ERR14395338/ERR14395338_1.fastq.gz,ftp://ftp.sra.ebi.ac.uk/vol1/fastq/ERR143/039/ERR14395339/ERR14395339_1.fastq.gz,ftp://ftp.sra.ebi.ac.uk/vol1/fastq/ERR143/040/ERR14395340/ERR14395340_1.fastq.gz,ftp://ftp.sra.ebi.ac.uk/vol1/fastq/ERR156/012/ERR15628212/ERR15628212_1.fastq.gz,ftp://ftp.sra.ebi.ac.uk/vol1/fastq/ERR143/038/ERR14395338/ERR14395338_2.fastq.gz,ftp://ftp.sra.ebi.ac.uk/vol1/fastq/ERR143/039/ERR14395339/ERR14395339_2.fastq.gz,ftp://ftp.sra.ebi.ac.uk/vol1/fastq/ERR143/040/ERR14395340/ERR14395340_2.fastq.gz,ftp://ftp.sra.ebi.ac.uk/vol1/fastq/ERR156/012/ERR15628212/ERR15628212_2.fastq.gz
RCN25008,Vietnam,AmpSeqV2,Resistant,Resistant,Sensitive,Resistant,Resistant,Resistant,Resistant,Sensitive,Resistant,Undetermined,ERR15628213,12860495.0,ERR14395341,26230.0,ERR14395342,26816.0,ERR14395343,647.0,ftp://ftp.sra.ebi.ac.uk/vol1/fastq/ERR143/041/ERR14395341/ERR14395341_1.fastq.gz,ftp://ftp.sra.ebi.ac.uk/vol1/fastq/ERR143/042/ERR14395342/ERR14395342_1.fastq.gz,ftp://ftp.sra.ebi.ac.uk/vol1/fastq/ERR143/043/ERR14395343/ERR14395343_1.fastq.gz,ftp://ftp.sra.ebi.ac.uk/vol1/fastq/ERR156/013/ERR15628213/ERR15628213_1.fastq.gz,ftp://ftp.sra.ebi.ac.uk/vol1/fastq/ERR143/041/ERR14395341/ERR14395341_2.fastq.gz,ftp://ftp.sra.ebi.ac.uk/vol1/fastq/ERR143/042/ERR14395342/ERR14395342_2.fastq.gz,ftp://ftp.sra.ebi.ac.uk/vol1/fastq/ERR143/043/ERR14395343/ERR14395343_2.fastq.gz,ftp://ftp.sra.ebi.ac.uk/vol1/fastq/ERR156/013/ERR15628213/ERR15628213_2.fastq.gz
RCN25009,Vietnam,AmpSeqV2,Resistant,Resistant,Sensitive,Resistant,Resistant,Resistant,Resistant,Sensitive,Resistant,Undetermined,ERR15628214,12235904.0,ERR14395344,26288.0,ERR14395345,26624.0,ERR14395346,524.0,ftp://ftp.sra.ebi.ac.uk/vol1/fastq/ERR143/044/ERR14395344/ERR14395344_1.fastq.gz,ftp://ftp.sra.ebi.ac.uk/vol1/fastq/ERR143/045/ERR14395345/ERR14395345_1.fastq.gz,ftp://ftp.sra.ebi.ac.uk/vol1/fastq/ERR143/046/ERR14395346/ERR14395346_1.fastq.gz,ftp://ftp.sra.ebi.ac.uk/vol1/fastq/ERR156/014/ERR15628214/ERR15628214_1.fastq.gz,ftp://ftp.sra.ebi.ac.uk/vol1/fastq/ERR143/044/ERR14395344/ERR14395344_2.fastq.gz,ftp://ftp.sra.ebi.ac.uk/vol1/fastq/ERR143/045/ERR14395345/ERR14395345_2.fastq.gz,ftp://ftp.sra.ebi.ac.uk/vol1/fastq/ERR143/046/ERR14395346/ERR14395346_2.fastq.gz,ftp://ftp.sra.ebi.ac.uk/vol1/fastq/ERR156/014/ERR15628214/ERR15628214_2.fastq.gz
RCN25010,Vietnam,AmpSeqV2,Resistant,Resistant,Sensitive,Resistant,Resistant,Resistant,Resistant,Sensitive,Resistant,Undetermined,ERR15628215,10420612.0,ERR14395347,23446.0,ERR14395348,21445.0,ERR14395349,133.0,ftp://ftp.sra.ebi.ac.uk/vol1/fastq/ERR143/047/ERR14395347/ERR14395347_1.fastq.gz,ftp://ftp.sra.ebi.ac.uk/vol1/fastq/ERR143/048/ERR14395348/ERR14395348_1.fastq.gz,ftp://ftp.sra.ebi.ac.uk/vol1/fastq/ERR143/049/ERR14395349/ERR14395349_1.fastq.gz,ftp://ftp.sra.ebi.ac.uk/vol1/fastq/ERR156/015/ERR15628215/ERR15628215_1.fastq.gz,ftp://ftp.sra.ebi.ac.uk/vol1/fastq/ERR143/047/ERR14395347/ERR14395347_2.fastq.gz,ftp://ftp.sra.ebi.ac.uk/vol1/fastq/ERR143/048/ERR14395348/ERR14395348_2.fastq.gz,ftp://ftp.sra.ebi.ac.uk/vol1/fastq/ERR143/049/ERR14395349/ERR14395349_2.fastq.gz,ftp://ftp.sra.ebi.ac.uk/vol1/fastq/ERR156/015/ERR15628215/ERR15628215_2.fastq.gz
RCN25011,Vietnam,AmpSeqV2,Resistant,Resistant,Sensitive,Resistant,Resistant,Resistant,Resistant,Sensitive,Resistant,Undetermined,ERR15628216,15586695.0,ERR14395350,29975.0,ERR14395351,25546.0,ERR14395352,652.0,ftp://ftp.sra.ebi.ac.uk/vol1/fastq/ERR143/050/ERR14395350/ERR14395350_1.fastq.gz,ftp://ftp.sra.ebi.ac.uk/vol1/fastq/ERR143/051/ERR14395351/ERR14395351_1.fastq.gz,ftp://ftp.sra.ebi.ac.uk/vol1/fastq/ERR143/052/ERR14395352/ERR14395352_1.fastq.gz,ftp://ftp.sra.ebi.ac.uk/vol1/fastq/ERR156/016/ERR15628216/ERR15628216_1.fastq.gz,ftp://ftp.sra.ebi.ac.uk/vol1/fastq/ERR143/050/ERR14395350/ERR14395350_2.fastq.gz,ftp://ftp.sra.ebi.ac.uk/vol1/fastq/ERR143/051/ERR14395351/ERR14395351_2.fastq.gz,ftp://ftp.sra.ebi.ac.uk/vol1/fastq/ERR143/052/ERR14395352/ERR14395352_2.fastq.gz,ftp://ftp.sra.ebi.ac.uk/vol1/fastq/ERR156/016/ERR15628216/ERR15628216_2.fastq.gz
RCN25012,Vietnam,AmpSeqV2,Resistant,Resistant,Sensitive,Resistant,Resistant,Resistant,Resistant,Sensitive,Resistant,Undetermined,ERR15628217,11127979.0,ERR14395353,17348.0,ERR14395354,18773.0,ERR14395355,360.0,ftp://ftp.sra.ebi.ac.uk/vol1/fastq/ERR143/053/ERR14395353/ERR14395353_1.fastq.gz,ftp://ftp.sra.ebi.ac.uk/vol1/fastq/ERR143/054/ERR14395354/ERR14395354_1.fastq.gz,ftp://ftp.sra.ebi.ac.uk/vol1/fastq/ERR143/055/ERR14395355/ERR14395355_1.fastq.gz,ftp://ftp.sra.ebi.ac.uk/vol1/fastq/ERR156/017/ERR15628217/ERR15628217_1.fastq.gz,ftp://ftp.sra.ebi.ac.uk/vol1/fastq/ERR143/053/ERR14395353/ERR14395353_2.fastq.gz,ftp://ftp.sra.ebi.ac.uk/vol1/fastq/ERR143/054/ERR14395354/ERR14395354_2.fastq.gz,ftp://ftp.sra.ebi.ac.uk/vol1/fastq/ERR143/055/ERR14395355/ERR14395355_2.fastq.gz,ftp://ftp.sra.ebi.ac.uk/vol1/fastq/ERR156/017/ERR15628217/ERR15628217_2.fastq.gz
RCN25013,Vietnam,AmpSeqV2,Resistant,Resistant,Sensitive,Resistant,Resistant,Resistant,Resistant,Sensitive,Resistant,Undetermined,ERR15628218,13968872.0,ERR14395356,10602.0,ERR14395357,8785.0,ERR14395358,124.0,ftp://ftp.sra.ebi.ac.uk/vol1/fastq/ERR143/056/ERR14395356/ERR14395356_1.fastq.gz,ftp://ftp.sra.ebi.ac.uk/vol1/fastq/ERR143/057/ERR14395357/ERR14395357_1.fastq.gz,ftp://ftp.sra.ebi.ac.uk/vol1/fastq/ERR143/058/ERR14395358/ERR14395358_1.fastq.gz,ftp://ftp.sra.ebi.ac.uk/vol1/fastq/ERR156/018/ERR15628218/ERR15628218_1.fastq.gz,ftp://ftp.sra.ebi.ac.uk/vol1/fastq/ERR143/056/ERR14395356/ERR14395356_2.fastq.gz,ftp://ftp.sra.ebi.ac.uk/vol1/fastq/ERR143/057/ERR14395357/ERR14395357_2.fastq.gz,ftp://ftp.sra.ebi.ac.uk/vol1/fastq/ERR143/058/ERR14395358/ERR14395358_2.fastq.gz,ftp://ftp.sra.ebi.ac.uk/vol1/fastq/ERR156/018/ERR15628218/ERR15628218_2.fastq.gz
RCN25014,Vietnam,AmpSeqV2,Resistant,Resistant,Sensitive,Resistant,Resistant,Resistant,Resistant,Sensitive,Resistant,Undetermined,ERR15628219,11807107.0,ERR14395359,25283.0,ERR14395360,21596.0,ERR14395361,560.0,ftp://ftp.sra.ebi.ac.uk/vol1/fastq/ERR143/059/ERR14395359/ERR14395359_1.fastq.gz,ftp://ftp.sra.ebi.ac.uk/vol1/fastq/ERR143/060/ERR14395360/ERR14395360_1.fastq.gz,ftp://ftp.sra.ebi.ac.uk/vol1/fastq/ERR143/061/ERR14395361/ERR14395361_1.fastq.gz,ftp://ftp.sra.ebi.ac.uk/vol1/fastq/ERR156/019/ERR15628219/ERR15628219_1.fastq.gz,ftp://ftp.sra.ebi.ac.uk/vol1/fastq/ERR143/059/ERR14395359/ERR14395359_2.fastq.gz,ftp://ftp.sra.ebi.ac.uk/vol1/fastq/ERR143/060/ERR14395360/ERR14395360_2.fastq.gz,ftp://ftp.sra.ebi.ac.uk/vol1/fastq/ERR143/061/ERR14395361/ERR14395361_2.fastq.gz,ftp://ftp.sra.ebi.ac.uk/vol1/fastq/ERR156/019/ERR15628219/ERR15628219_2.fastq.gz
RCN25015,Vietnam,AmpSeqV2,Resistant,Resistant,Sensitive,Resistant,Resistant,Resistant,Resistant,Sensitive,Resistant,Undetermined,ERR15628220,12111216.0,ERR14395362,24670.0,ERR14395363,26585.0,ERR14395364,800.0,ftp://ftp.sra.ebi.ac.uk/vol1/fastq/ERR143/062/ERR14395362/ERR14395362_1.fastq.gz,ftp://ftp.sra.ebi.ac.uk/vol1/fastq/ERR143/063/ERR14395363/ERR14395363_1.fastq.gz,ftp://ftp.sra.ebi.ac.uk/vol1/fastq/ERR143/064/ERR14395364/ERR14395364_1.fastq.gz,ftp://ftp.sra.ebi.ac.uk/vol1/fastq/ERR156/020/ERR15628220/ERR15628220_1.fastq.gz,ftp://ftp.sra.ebi.ac.uk/vol1/fastq/ERR143/062/ERR14395362/ERR14395362_2.fastq.gz,ftp://ftp.sra.ebi.ac.uk/vol1/fastq/ERR143/063/ERR14395363/ERR14395363_2.fastq.gz,ftp://ftp.sra.ebi.ac.uk/vol1/fastq/ERR143/064/ERR14395364/ERR14395364_2.fastq.gz,ftp://ftp.sra.ebi.ac.uk/vol1/fastq/ERR156/020/ERR15628220/ERR15628220_2.fastq.gz
RCN25016,Vietnam,AmpSeqV2,Resistant,Resistant,Sensitive,Resistant,Resistant,Resistant,Resistant,Sensitive,Resistant,Undetermined,ERR15628221,12039686.0,ERR14395365,35736.0,ERR14395366,34200.0,ERR14395367,1007.0,ftp://ftp.sra.ebi.ac.uk/vol1/fastq/ERR143/065/ERR14395365/ERR14395365_1.fastq.gz,ftp://ftp.sra.ebi.ac.uk/vol1/fastq/ERR143/066/ERR14395366/ERR14395366_1.fastq.gz,ftp://ftp.sra.ebi.ac.uk/vol1/fastq/ERR143/067/ERR14395367/ERR14395367_1.fastq.gz,ftp://ftp.sra.ebi.ac.uk/vol1/fastq/ERR156/021/ERR15628221/ERR15628221_1.fastq.gz,ftp://ftp.sra.ebi.ac.uk/vol1/fastq/ERR143/065/ERR14395365/ERR14395365_2.fastq.gz,ftp://ftp.sra.ebi.ac.uk/vol1/fastq/ERR143/066/ERR14395366/ERR14395366_2.fastq.gz,ftp://ftp.sra.ebi.ac.uk/vol1/fastq/ERR143/067/ERR14395367/ERR14395367_2.fastq.gz,ftp://ftp.sra.ebi.ac.uk/vol1/fastq/ERR156/021/ERR15628221/ERR15628221_2.fastq.gz
RCN25017,Vietnam,AmpSeqV2,Resistant,Resistant,Sensitive,Resistant,Resistant,Resistant,Resistant,Sensitive,Resistant,Undetermined,ERR15628222,11142862.0,ERR14395368,31689.0,ERR14395369,31131.0,ERR14395370,738.0,ftp://ftp.sra.ebi.ac.uk/vol1/fastq/ERR143/068/ERR14395368/ERR14395368_1.fastq.gz,ftp://ftp.sra.ebi.ac.uk/vol1/fastq/ERR143/069/ERR14395369/ERR14395369_1.fastq.gz,ftp://ftp.sra.ebi.ac.uk/vol1/fastq/ERR143/070/ERR14395370/ERR14395370_1.fastq.gz,ftp://ftp.sra.ebi.ac.uk/vol1/fastq/ERR156/022/ERR15628222/ERR15628222_1.fastq.gz,ftp://ftp.sra.ebi.ac.uk/vol1/fastq/ERR143/068/ERR14395368/ERR14395368_2.fastq.gz,ftp://ftp.sra.ebi.ac.uk/vol1/fastq/ERR143/069/ERR14395369/ERR14395369_2.fastq.gz,ftp://ftp.sra.ebi.ac.uk/vol1/fastq/ERR143/070/ERR14395370/ERR14395370_2.fastq.gz,ftp://ftp.sra.ebi.ac.uk/vol1/fastq/ERR156/022/ERR15628222/ERR15628222_2.fastq.gz
RCN25018,Vietnam,AmpSeqV2,Resistant,Resistant,Sensitive,Resistant,Resistant,Resistant,Resistant,Sensitive,Resistant,Undetermined,ERR15628223,11649625.0,ERR14395371,27670.0,ERR14395372,26095.0,ERR14395373,497.0,ftp://ftp.sra.ebi.ac.uk/vol1/fastq/ERR143/071/ERR14395371/ERR14395371_1.fastq.gz,ftp://ftp.sra.ebi.ac.uk/vol1/fastq/ERR143/072/ERR14395372/ERR14395372_1.fastq.gz,ftp://ftp.sra.ebi.ac.uk/vol1/fastq/ERR143/073/ERR14395373/ERR14395373_1.fastq.gz,ftp://ftp.sra.ebi.ac.uk/vol1/fastq/ERR156/023/ERR15628223/ERR15628223_1.fastq.gz,ftp://ftp.sra.ebi.ac.uk/vol1/fastq/ERR143/071/ERR14395371/ERR14395371_2.fastq.gz,ftp://ftp.sra.ebi.ac.uk/vol1/fastq/ERR143/072/ERR14395372/ERR14395372_2.fastq.gz,ftp://ftp.sra.ebi.ac.uk/vol1/fastq/ERR143/073/ERR14395373/ERR14395373_2.fastq.gz,ftp://ftp.sra.ebi.ac.uk/vol1/fastq/ERR156/023/ERR15628223/ERR15628223_2.fastq.gz
RCN25019,Vietnam,AmpSeqV2,Resistant,Resistant,Sensitive,Resistant,Resistant,Resistant,Resistant,Sensitive,Resistant,Undetermined,ERR15628224,10508112.0,ERR14395374,18630.0,ERR14395375,19668.0,ERR14395376,72.0,ftp://ftp.sra.ebi.ac.uk/vol1/fastq/ERR143/074/ERR14395374/ERR14395374_1.fastq.gz,ftp://ftp.sra.ebi.ac.uk/vol1/fastq/ERR143/075/ERR14395375/ERR14395375_1.fastq.gz,ftp://ftp.sra.ebi.ac.uk/vol1/fastq/ERR143/076/ERR14395376/ERR14395376_1.fastq.gz,ftp://ftp.sra.ebi.ac.uk/vol1/fastq/ERR156/024/ERR15628224/ERR15628224_1.fastq.gz,ftp://ftp.sra.ebi.ac.uk/vol1/fastq/ERR143/074/ERR14395374/ERR14395374_2.fastq.gz,ftp://ftp.sra.ebi.ac.uk/vol1/fastq/ERR143/075/ERR14395375/ERR14395375_2.fastq.gz,ftp://ftp.sra.ebi.ac.uk/vol1/fastq/ERR143/076/ERR14395376/ERR14395376_2.fastq.gz,ftp://ftp.sra.ebi.ac.uk/vol1/fastq/ERR156/024/ERR15628224/ERR15628224_2.fastq.gz
RCN25020,Vietnam,AmpSeqV2,Resistant,Resistant,Sensitive,Resistant,Resistant,Resistant,Resistant,Sensitive,Resistant,Undetermined,ERR15628225,12736516.0,ERR14395377,20342.0,ERR14395378,23690.0,ERR14395379,463.0,ftp://ftp.sra.ebi.ac.uk/vol1/fastq/ERR143/077/ERR14395377/ERR14395377_1.fastq.gz,ftp://ftp.sra.ebi.ac.uk/vol1/fastq/ERR143/078/ERR14395378/ERR14395378_1.fastq.gz,ftp://ftp.sra.ebi.ac.uk/vol1/fastq/ERR143/079/ERR14395379/ERR14395379_1.fastq.gz,ftp://ftp.sra.ebi.ac.uk/vol1/fastq/ERR156/025/ERR15628225/ERR15628225_1.fastq.gz,ftp://ftp.sra.ebi.ac.uk/vol1/fastq/ERR143/077/ERR14395377/ERR14395377_2.fastq.gz,ftp://ftp.sra.ebi.ac.uk/vol1/fastq/ERR143/078/ERR14395378/ERR14395378_2.fastq.gz,ftp://ftp.sra.ebi.ac.uk/vol1/fastq/ERR143/079/ERR14395379/ERR14395379_2.fastq.gz,ftp://ftp.sra.ebi.ac.uk/vol1/fastq/ERR156/025/ERR15628225/ERR15628225_2.fastq.gz
RCN25021,Vietnam,AmpSeqV2,Resistant,Resistant,Sensitive,Resistant,Resistant,Resistant,Resistant,Sensitive,Resistant,Undetermined,ERR15628226,12226275.0,ERR14395380,10394.0,ERR14395381,12219.0,ERR14395382,231.0,ftp://ftp.sra.ebi.ac.uk/vol1/fastq/ERR143/080/ERR14395380/ERR14395380_1.fastq.gz,ftp://ftp.sra.ebi.ac.uk/vol1/fastq/ERR143/081/ERR14395381/ERR14395381_1.fastq.gz,ftp://ftp.sra.ebi.ac.uk/vol1/fastq/ERR143/082/ERR14395382/ERR14395382_1.fastq.gz,ftp://ftp.sra.ebi.ac.uk/vol1/fastq/ERR156/026/ERR15628226/ERR15628226_1.fastq.gz,ftp://ftp.sra.ebi.ac.uk/vol1/fastq/ERR143/080/ERR14395380/ERR14395380_2.fastq.gz,ftp://ftp.sra.ebi.ac.uk/vol1/fastq/ERR143/081/ERR14395381/ERR14395381_2.fastq.gz,ftp://ftp.sra.ebi.ac.uk/vol1/fastq/ERR143/082/ERR14395382/ERR14395382_2.fastq.gz,ftp://ftp.sra.ebi.ac.uk/vol1/fastq/ERR156/026/ERR15628226/ERR15628226_2.fastq.gz
RCN25022,Vietnam,AmpSeqV2,Resistant,Resistant,Sensitive,Resistant,Resistant,Resistant,Resistant,Sensitive,Resistant,Undetermined,ERR15628227,15160057.0,ERR14395383,30546.0,ERR14395384,25428.0,ERR14395385,377.0,ftp://ftp.sra.ebi.ac.uk/vol1/fastq/ERR143/083/ERR14395383/ERR14395383_1.fastq.gz,ftp://ftp.sra.ebi.ac.uk/vol1/fastq/ERR143/084/ERR14395384/ERR14395384_1.fastq.gz,ftp://ftp.sra.ebi.ac.uk/vol1/fastq/ERR143/085/ERR14395385/ERR14395385_1.fastq.gz,ftp://ftp.sra.ebi.ac.uk/vol1/fastq/ERR156/027/ERR15628227/ERR15628227_1.fastq.gz,ftp://ftp.sra.ebi.ac.uk/vol1/fastq/ERR143/083/ERR14395383/ERR14395383_2.fastq.gz,ftp://ftp.sra.ebi.ac.uk/vol1/fastq/ERR143/084/ERR14395384/ERR14395384_2.fastq.gz,ftp://ftp.sra.ebi.ac.uk/vol1/fastq/ERR143/085/ERR14395385/ERR14395385_2.fastq.gz,ftp://ftp.sra.ebi.ac.uk/vol1/fastq/ERR156/027/ERR15628227/ERR15628227_2.fastq.gz
RCN25023,Vietnam,AmpSeqV2,Resistant,Resistant,Sensitive,Resistant,Resistant,Resistant,Resistant,Sensitive,Resistant,Undetermined,ERR15628228,10729452.0,ERR14395386,24981.0,ERR14395387,23747.0,ERR14395388,565.0,ftp://ftp.sra.ebi.ac.uk/vol1/fastq/ERR143/086/ERR14395386/ERR14395386_1.fastq.gz,ftp://ftp.sra.ebi.ac.uk/vol1/fastq/ERR143/087/ERR14395387/ERR14395387_1.fastq.gz,ftp://ftp.sra.ebi.ac.uk/vol1/fastq/ERR143/088/ERR14395388/ERR14395388_1.fastq.gz,ftp://ftp.sra.ebi.ac.uk/vol1/fastq/ERR156/028/ERR15628228/ERR15628228_1.fastq.gz,ftp://ftp.sra.ebi.ac.uk/vol1/fastq/ERR143/086/ERR14395386/ERR14395386_2.fastq.gz,ftp://ftp.sra.ebi.ac.uk/vol1/fastq/ERR143/087/ERR14395387/ERR14395387_2.fastq.gz,ftp://ftp.sra.ebi.ac.uk/vol1/fastq/ERR143/088/ERR14395388/ERR14395388_2.fastq.gz,ftp://ftp.sra.ebi.ac.uk/vol1/fastq/ERR156/028/ERR15628228/ERR15628228_2.fastq.gz
RCN25024,Vietnam,AmpSeqV2,Resistant,Sensitive,Sensitive,Resistant,Resistant,Resistant,Sensitive,Sensitive,Resistant,Undetermined,ERR15628229,14191044.0,ERR14395389,26765.0,ERR14395390,27521.0,ERR14395391,738.0,ftp://ftp.sra.ebi.ac.uk/vol1/fastq/ERR143/089/ERR14395389/ERR14395389_1.fastq.gz,ftp://ftp.sra.ebi.ac.uk/vol1/fastq/ERR143/090/ERR14395390/ERR14395390_1.fastq.gz,ftp://ftp.sra.ebi.ac.uk/vol1/fastq/ERR143/091/ERR14395391/ERR14395391_1.fastq.gz,ftp://ftp.sra.ebi.ac.uk/vol1/fastq/ERR156/029/ERR15628229/ERR15628229_1.fastq.gz,ftp://ftp.sra.ebi.ac.uk/vol1/fastq/ERR143/089/ERR14395389/ERR14395389_2.fastq.gz,ftp://ftp.sra.ebi.ac.uk/vol1/fastq/ERR143/090/ERR14395390/ERR14395390_2.fastq.gz,ftp://ftp.sra.ebi.ac.uk/vol1/fastq/ERR143/091/ERR14395391/ERR14395391_2.fastq.gz,ftp://ftp.sra.ebi.ac.uk/vol1/fastq/ERR156/029/ERR15628229/ERR15628229_2.fastq.gz
RCN25025,Vietnam,AmpSeqV2,Resistant,Resistant,Sensitive,Resistant,Resistant,Resistant,Resistant,Sensitive,Resistant,Undetermined,ERR15628230,11971211.0,ERR14395392,27592.0,ERR14395393,26502.0,ERR14395394,498.0,ftp://ftp.sra.ebi.ac.uk/vol1/fastq/ERR143/092/ERR14395392/ERR14395392_1.fastq.gz,ftp://ftp.sra.ebi.ac.uk/vol1/fastq/ERR143/093/ERR14395393/ERR14395393_1.fastq.gz,ftp://ftp.sra.ebi.ac.uk/vol1/fastq/ERR143/094/ERR14395394/ERR14395394_1.fastq.gz,ftp://ftp.sra.ebi.ac.uk/vol1/fastq/ERR156/030/ERR15628230/ERR15628230_1.fastq.gz,ftp://ftp.sra.ebi.ac.uk/vol1/fastq/ERR143/092/ERR14395392/ERR14395392_2.fastq.gz,ftp://ftp.sra.ebi.ac.uk/vol1/fastq/ERR143/093/ERR14395393/ERR14395393_2.fastq.gz,ftp://ftp.sra.ebi.ac.uk/vol1/fastq/ERR143/094/ERR14395394/ERR14395394_2.fastq.gz,ftp://ftp.sra.ebi.ac.uk/vol1/fastq/ERR156/030/ERR15628230/ERR15628230_2.fastq.gz
RCN25026,Vietnam,AmpSeqV2,Resistant,Resistant,Sensitive,Resistant,Resistant,Resistant,Resistant,Sensitive,Resistant,Undetermined,ERR15628231,11868462.0,ERR14395395,22535.0,ERR14395396,27130.0,ERR14395397,555.0,ftp://ftp.sra.ebi.ac.uk/vol1/fastq/ERR143/095/ERR14395395/ERR14395395_1.fastq.gz,ftp://ftp.sra.ebi.ac.uk/vol1/fastq/ERR143/096/ERR14395396/ERR14395396_1.fastq.gz,ftp://ftp.sra.ebi.ac.uk/vol1/fastq/ERR143/097/ERR14395397/ERR14395397_1.fastq.gz,ftp://ftp.sra.ebi.ac.uk/vol1/fastq/ERR156/031/ERR15628231/ERR15628231_1.fastq.gz,ftp://ftp.sra.ebi.ac.uk/vol1/fastq/ERR143/095/ERR14395395/ERR14395395_2.fastq.gz,ftp://ftp.sra.ebi.ac.uk/vol1/fastq/ERR143/096/ERR14395396/ERR14395396_2.fastq.gz,ftp://ftp.sra.ebi.ac.uk/vol1/fastq/ERR143/097/ERR14395397/ERR14395397_2.fastq.gz,ftp://ftp.sra.ebi.ac.uk/vol1/fastq/ERR156/031/ERR15628231/ERR15628231_2.fastq.gz
RCN25027,Vietnam,AmpSeqV2,Resistant,Resistant,Sensitive,Resistant,Resistant,Resistant,Resistant,Sensitive,Resistant,Undetermined,ERR15628232,13162676.0,ERR14395398,15940.0,ERR14395399,26429.0,ERR14395400,366.0,ftp://ftp.sra.ebi.ac.uk/vol1/fastq/ERR143/098/ERR14395398/ERR14395398_1.fastq.gz,ftp://ftp.sra.ebi.ac.uk/vol1/fastq/ERR143/099/ERR14395399/ERR14395399_1.fastq.gz,ftp://ftp.sra.ebi.ac.uk/vol1/fastq/ERR143/000/ERR14395400/ERR14395400_1.fastq.gz,ftp://ftp.sra.ebi.ac.uk/vol1/fastq/ERR156/032/ERR15628232/ERR15628232_1.fastq.gz,ftp://ftp.sra.ebi.ac.uk/vol1/fastq/ERR143/098/ERR14395398/ERR14395398_2.fastq.gz,ftp://ftp.sra.ebi.ac.uk/vol1/fastq/ERR143/099/ERR14395399/ERR14395399_2.fastq.gz,ftp://ftp.sra.ebi.ac.uk/vol1/fastq/ERR143/000/ERR14395400/ERR14395400_2.fastq.gz,ftp://ftp.sra.ebi.ac.uk/vol1/fastq/ERR156/032/ERR15628232/ERR15628232_2.fastq.gz
RCN25028,Vietnam,AmpSeqV2,Resistant,Resistant,Sensitive,Resistant,Resistant,Resistant,Resistant,Sensitive,Resistant,Undetermined,ERR15628233,11071014.0,ERR14395401,23459.0,ERR14395402,24934.0,ERR14395403,602.0,ftp://ftp.sra.ebi.ac.uk/vol1/fastq/ERR143/001/ERR14395401/ERR14395401_1.fastq.gz,ftp://ftp.sra.ebi.ac.uk/vol1/fastq/ERR143/002/ERR14395402/ERR14395402_1.fastq.gz,ftp://ftp.sra.ebi.ac.uk/vol1/fastq/ERR143/003/ERR14395403/ERR14395403_1.fastq.gz,ftp://ftp.sra.ebi.ac.uk/vol1/fastq/ERR156/033/ERR15628233/ERR15628233_1.fastq.gz,ftp://ftp.sra.ebi.ac.uk/vol1/fastq/ERR143/001/ERR14395401/ERR14395401_2.fastq.gz,ftp://ftp.sra.ebi.ac.uk/vol1/fastq/ERR143/002/ERR14395402/ERR14395402_2.fastq.gz,ftp://ftp.sra.ebi.ac.uk/vol1/fastq/ERR143/003/ERR14395403/ERR14395403_2.fastq.gz,ftp://ftp.sra.ebi.ac.uk/vol1/fastq/ERR156/033/ERR15628233/ERR15628233_2.fastq.gz
RCN25029,Vietnam,AmpSeqV2,Resistant,Resistant,Sensitive,Resistant,Resistant,Resistant,Resistant,Sensitive,Resistant,Undetermined,ERR15628234,13167196.0,ERR14395404,9150.0,ERR14395405,14877.0,ERR14395406,368.0,ftp://ftp.sra.ebi.ac.uk/vol1/fastq/ERR143/004/ERR14395404/ERR14395404_1.fastq.gz,ftp://ftp.sra.ebi.ac.uk/vol1/fastq/ERR143/005/ERR14395405/ERR14395405_1.fastq.gz,ftp://ftp.sra.ebi.ac.uk/vol1/fastq/ERR143/006/ERR14395406/ERR14395406_1.fastq.gz,ftp://ftp.sra.ebi.ac.uk/vol1/fastq/ERR156/034/ERR15628234/ERR15628234_1.fastq.gz,ftp://ftp.sra.ebi.ac.uk/vol1/fastq/ERR143/004/ERR14395404/ERR14395404_2.fastq.gz,ftp://ftp.sra.ebi.ac.uk/vol1/fastq/ERR143/005/ERR14395405/ERR14395405_2.fastq.gz,ftp://ftp.sra.ebi.ac.uk/vol1/fastq/ERR143/006/ERR14395406/ERR14395406_2.fastq.gz,ftp://ftp.sra.ebi.ac.uk/vol1/fastq/ERR156/034/ERR15628234/ERR15628234_2.fastq.gz
RCN25061,Vietnam,AmpSeqV2,Resistant,Resistant,Sensitive,Resistant,Resistant,Resistant,Resistant,Sensitive,Resistant,Undetermined,ERR15628242,7430780.0,ERR14395497,17734.0,ERR14395498,15760.0,ERR14395499,565.0,ftp://ftp.sra.ebi.ac.uk/vol1/fastq/ERR143/097/ERR14395497/ERR14395497_1.fastq.gz,ftp://ftp.sra.ebi.ac.uk/vol1/fastq/ERR143/098/ERR14395498/ERR14395498_1.fastq.gz,ftp://ftp.sra.ebi.ac.uk/vol1/fastq/ERR143/099/ERR14395499/ERR14395499_1.fastq.gz,ftp://ftp.sra.ebi.ac.uk/vol1/fastq/ERR156/042/ERR15628242/ERR15628242_1.fastq.gz,ftp://ftp.sra.ebi.ac.uk/vol1/fastq/ERR143/097/ERR14395497/ERR14395497_2.fastq.gz,ftp://ftp.sra.ebi.ac.uk/vol1/fastq/ERR143/098/ERR14395498/ERR14395498_2.fastq.gz,ftp://ftp.sra.ebi.ac.uk/vol1/fastq/ERR143/099/ERR14395499/ERR14395499_2.fastq.gz,ftp://ftp.sra.ebi.ac.uk/vol1/fastq/ERR156/042/ERR15628242/ERR15628242_2.fastq.gz
RCN25064,Vietnam,AmpSeqV2,Resistant,Resistant,Sensitive,Resistant,Resistant,Resistant,Resistant,Sensitive,Resistant,Undetermined,ERR15628244,10582857.0,ERR14395506,32999.0,ERR14395507,26177.0,ERR14395508,306.0,ftp://ftp.sra.ebi.ac.uk/vol1/fastq/ERR143/006/ERR14395506/ERR14395506_1.fastq.gz,ftp://ftp.sra.ebi.ac.uk/vol1/fastq/ERR143/007/ERR14395507/ERR14395507_1.fastq.gz,ftp://ftp.sra.ebi.ac.uk/vol1/fastq/ERR143/008/ERR14395508/ERR14395508_1.fastq.gz,ftp://ftp.sra.ebi.ac.uk/vol1/fastq/ERR156/044/ERR15628244/ERR15628244_1.fastq.gz,ftp://ftp.sra.ebi.ac.uk/vol1/fastq/ERR143/006/ERR14395506/ERR14395506_2.fastq.gz,ftp://ftp.sra.ebi.ac.uk/vol1/fastq/ERR143/007/ERR14395507/ERR14395507_2.fastq.gz,ftp://ftp.sra.ebi.ac.uk/vol1/fastq/ERR143/008/ERR14395508/ERR14395508_2.fastq.gz,ftp://ftp.sra.ebi.ac.uk/vol1/fastq/ERR156/044/ERR15628244/ERR15628244_2.fastq.gz
RCN25065,Vietnam,AmpSeqV2,Resistant,Resistant,Sensitive,Resistant,Resistant,Resistant,Resistant,Sensitive,Resistant,Undetermined,ERR15628245,8662905.0,ERR14395509,29605.0,ERR14395510,26782.0,ERR14395511,752.0,ftp://ftp.sra.ebi.ac.uk/vol1/fastq/ERR143/009/ERR14395509/ERR14395509_1.fastq.gz,ftp://ftp.sra.ebi.ac.uk/vol1/fastq/ERR143/010/ERR14395510/ERR14395510_1.fastq.gz,ftp://ftp.sra.ebi.ac.uk/vol1/fastq/ERR143/011/ERR14395511/ERR14395511_1.fastq.gz,ftp://ftp.sra.ebi.ac.uk/vol1/fastq/ERR156/045/ERR15628245/ERR15628245_1.fastq.gz,ftp://ftp.sra.ebi.ac.uk/vol1/fastq/ERR143/009/ERR14395509/ERR14395509_2.fastq.gz,ftp://ftp.sra.ebi.ac.uk/vol1/fastq/ERR143/010/ERR14395510/ERR14395510_2.fastq.gz,ftp://ftp.sra.ebi.ac.uk/vol1/fastq/ERR143/011/ERR14395511/ERR14395511_2.fastq.gz,ftp://ftp.sra.ebi.ac.uk/vol1/fastq/ERR156/045/ERR15628245/ERR15628245_2.fastq.gz
RCN25068,Vietnam,AmpSeqV2,Resistant,Resistant,Sensitive,Resistant,Resistant,Resistant,Resistant,Sensitive,Resistant,Undetermined,ERR15628247,15285656.0,ERR14395515,33388.0,ERR14395516,37162.0,ERR14395517,1034.0,ftp://ftp.sra.ebi.ac.uk/vol1/fastq/ERR143/015/ERR14395515/ERR14395515_1.fastq.gz,ftp://ftp.sra.ebi.ac.uk/vol1/fastq/ERR143/016/ERR14395516/ERR14395516_1.fastq.gz,ftp://ftp.sra.ebi.ac.uk/vol1/fastq/ERR143/017/ERR14395517/ERR14395517_1.fastq.gz,ftp://ftp.sra.ebi.ac.uk/vol1/fastq/ERR156/047/ERR15628247/ERR15628247_1.fastq.gz,ftp://ftp.sra.ebi.ac.uk/vol1/fastq/ERR143/015/ERR14395515/ERR14395515_2.fastq.gz,ftp://ftp.sra.ebi.ac.uk/vol1/fastq/ERR143/016/ERR14395516/ERR14395516_2.fastq.gz,ftp://ftp.sra.ebi.ac.uk/vol1/fastq/ERR143/017/ERR14395517/ERR14395517_2.fastq.gz,ftp://ftp.sra.ebi.ac.uk/vol1/fastq/ERR156/047/ERR15628247/ERR15628247_2.fastq.gz
RCN25076,Vietnam,AmpSeqV2,Resistant,Resistant,Sensitive,Resistant,Resistant,Resistant,Resistant,Sensitive,Resistant,Undetermined,ERR15628249,11580949.0,ERR14395539,21771.0,ERR14395540,22563.0,ERR14395541,610.0,ftp://ftp.sra.ebi.ac.uk/vol1/fastq/ERR143/039/ERR14395539/ERR14395539_1.fastq.gz,ftp://ftp.sra.ebi.ac.uk/vol1/fastq/ERR143/040/ERR14395540/ERR14395540_1.fastq.gz,ftp://ftp.sra.ebi.ac.uk/vol1/fastq/ERR143/041/ERR14395541/ERR14395541_1.fastq.gz,ftp://ftp.sra.ebi.ac.uk/vol1/fastq/ERR156/049/ERR15628249/ERR15628249_1.fastq.gz,ftp://ftp.sra.ebi.ac.uk/vol1/fastq/ERR143/039/ERR14395539/ERR14395539_2.fastq.gz,ftp://ftp.sra.ebi.ac.uk/vol1/fastq/ERR143/040/ERR14395540/ERR14395540_2.fastq.gz,ftp://ftp.sra.ebi.ac.uk/vol1/fastq/ERR143/041/ERR14395541/ERR14395541_2.fastq.gz,ftp://ftp.sra.ebi.ac.uk/vol1/fastq/ERR156/049/ERR15628249/ERR15628249_2.fastq.gz
RCN25079,Vietnam,AmpSeqV2,Sensitive,Sensitive,Sensitive,Resistant,Resistant,Resistant,Sensitive,Sensitive,Resistant,Sensitive,ERR15628250,13359569.0,ERR14395548,31935.0,ERR14395549,28488.0,ERR14395550,1336.0,ftp://ftp.sra.ebi.ac.uk/vol1/fastq/ERR143/048/ERR14395548/ERR14395548_1.fastq.gz,ftp://ftp.sra.ebi.ac.uk/vol1/fastq/ERR143/049/ERR14395549/ERR14395549_1.fastq.gz,ftp://ftp.sra.ebi.ac.uk/vol1/fastq/ERR143/050/ERR14395550/ERR14395550_1.fastq.gz,ftp://ftp.sra.ebi.ac.uk/vol1/fastq/ERR156/050/ERR15628250/ERR15628250_1.fastq.gz,ftp://ftp.sra.ebi.ac.uk/vol1/fastq/ERR143/048/ERR14395548/ERR14395548_2.fastq.gz,ftp://ftp.sra.ebi.ac.uk/vol1/fastq/ERR143/049/ERR14395549/ERR14395549_2.fastq.gz,ftp://ftp.sra.ebi.ac.uk/vol1/fastq/ERR143/050/ERR14395550/ERR14395550_2.fastq.gz,ftp://ftp.sra.ebi.ac.uk/vol1/fastq/ERR156/050/ERR15628250/ERR15628250_2.fastq.gz
RCN25081,Vietnam,AmpSeqV2,Resistant,Resistant,Sensitive,Resistant,Resistant,Resistant,Resistant,Sensitive,Resistant,Undetermined,ERR15628252,12198510.0,ERR14395554,36108.0,ERR14395555,34484.0,ERR14395556,1242.0,ftp://ftp.sra.ebi.ac.uk/vol1/fastq/ERR143/054/ERR14395554/ERR14395554_1.fastq.gz,ftp://ftp.sra.ebi.ac.uk/vol1/fastq/ERR143/055/ERR14395555/ERR14395555_1.fastq.gz,ftp://ftp.sra.ebi.ac.uk/vol1/fastq/ERR143/056/ERR14395556/ERR14395556_1.fastq.gz,ftp://ftp.sra.ebi.ac.uk/vol1/fastq/ERR156/052/ERR15628252/ERR15628252_1.fastq.gz,ftp://ftp.sra.ebi.ac.uk/vol1/fastq/ERR143/054/ERR14395554/ERR14395554_2.fastq.gz,ftp://ftp.sra.ebi.ac.uk/vol1/fastq/ERR143/055/ERR14395555/ERR14395555_2.fastq.gz,ftp://ftp.sra.ebi.ac.uk/vol1/fastq/ERR143/056/ERR14395556/ERR14395556_2.fastq.gz,ftp://ftp.sra.ebi.ac.uk/vol1/fastq/ERR156/052/ERR15628252/ERR15628252_2.fastq.gz
RCN25083,Vietnam,AmpSeqV2,Resistant,Sensitive,Sensitive,Resistant,Resistant,Resistant,Sensitive,Sensitive,Resistant,Undetermined,ERR15628253,13743756.0,ERR14395560,23879.0,ERR14395561,34281.0,ERR14395562,1352.0,ftp://ftp.sra.ebi.ac.uk/vol1/fastq/ERR143/060/ERR14395560/ERR14395560_1.fastq.gz,ftp://ftp.sra.ebi.ac.uk/vol1/fastq/ERR143/061/ERR14395561/ERR14395561_1.fastq.gz,ftp://ftp.sra.ebi.ac.uk/vol1/fastq/ERR143/062/ERR14395562/ERR14395562_1.fastq.gz,ftp://ftp.sra.ebi.ac.uk/vol1/fastq/ERR156/053/ERR15628253/ERR15628253_1.fastq.gz,ftp://ftp.sra.ebi.ac.uk/vol1/fastq/ERR143/060/ERR14395560/ERR14395560_2.fastq.gz,ftp://ftp.sra.ebi.ac.uk/vol1/fastq/ERR143/061/ERR14395561/ERR14395561_2.fastq.gz,ftp://ftp.sra.ebi.ac.uk/vol1/fastq/ERR143/062/ERR14395562/ERR14395562_2.fastq.gz,ftp://ftp.sra.ebi.ac.uk/vol1/fastq/ERR156/053/ERR15628253/ERR15628253_2.fastq.gz
RCN25084,Vietnam,AmpSeqV2,Resistant,Resistant,Sensitive,Resistant,Resistant,Resistant,Resistant,Sensitive,Resistant,Undetermined,ERR15628254,16095771.0,ERR14395563,21041.0,ERR14395564,27681.0,ERR14395565,708.0,ftp://ftp.sra.ebi.ac.uk/vol1/fastq/ERR143/063/ERR14395563/ERR14395563_1.fastq.gz,ftp://ftp.sra.ebi.ac.uk/vol1/fastq/ERR143/064/ERR14395564/ERR14395564_1.fastq.gz,ftp://ftp.sra.ebi.ac.uk/vol1/fastq/ERR143/065/ERR14395565/ERR14395565_1.fastq.gz,ftp://ftp.sra.ebi.ac.uk/vol1/fastq/ERR156/054/ERR15628254/ERR15628254_1.fastq.gz,ftp://ftp.sra.ebi.ac.uk/vol1/fastq/ERR143/063/ERR14395563/ERR14395563_2.fastq.gz,ftp://ftp.sra.ebi.ac.uk/vol1/fastq/ERR143/064/ERR14395564/ERR14395564_2.fastq.gz,ftp://ftp.sra.ebi.ac.uk/vol1/fastq/ERR143/065/ERR14395565/ERR14395565_2.fastq.gz,ftp://ftp.sra.ebi.ac.uk/vol1/fastq/ERR156/054/ERR15628254/ERR15628254_2.fastq.gz
RCN25085,Vietnam,AmpSeqV2,Resistant,Sensitive,Sensitive,Resistant,Resistant,Resistant,Sensitive,Sensitive,Resistant,Undetermined,ERR15628255,15023675.0,ERR14395566,22443.0,ERR14395567,25743.0,ERR14395568,831.0,ftp://ftp.sra.ebi.ac.uk/vol1/fastq/ERR143/066/ERR14395566/ERR14395566_1.fastq.gz,ftp://ftp.sra.ebi.ac.uk/vol1/fastq/ERR143/067/ERR14395567/ERR14395567_1.fastq.gz,ftp://ftp.sra.ebi.ac.uk/vol1/fastq/ERR143/068/ERR14395568/ERR14395568_1.fastq.gz,ftp://ftp.sra.ebi.ac.uk/vol1/fastq/ERR156/055/ERR15628255/ERR15628255_1.fastq.gz,ftp://ftp.sra.ebi.ac.uk/vol1/fastq/ERR143/066/ERR14395566/ERR14395566_2.fastq.gz,ftp://ftp.sra.ebi.ac.uk/vol1/fastq/ERR143/067/ERR14395567/ERR14395567_2.fastq.gz,ftp://ftp.sra.ebi.ac.uk/vol1/fastq/ERR143/068/ERR14395568/ERR14395568_2.fastq.gz,ftp://ftp.sra.ebi.ac.uk/vol1/fastq/ERR156/055/ERR15628255/ERR15628255_2.fastq.gz
RCN25091,Vietnam,AmpSeqV2,Resistant,Resistant,Sensitive,Resistant,Resistant,Resistant,Resistant,Sensitive,Resistant,Undetermined,ERR15628260,10025164.0,ERR14395581,33105.0,ERR14395582,34909.0,ERR14395583,962.0,ftp://ftp.sra.ebi.ac.uk/vol1/fastq/ERR143/081/ERR14395581/ERR14395581_1.fastq.gz,ftp://ftp.sra.ebi.ac.uk/vol1/fastq/ERR143/082/ERR14395582/ERR14395582_1.fastq.gz,ftp://ftp.sra.ebi.ac.uk/vol1/fastq/ERR143/083/ERR14395583/ERR14395583_1.fastq.gz,ftp://ftp.sra.ebi.ac.uk/vol1/fastq/ERR156/060/ERR15628260/ERR15628260_1.fastq.gz,ftp://ftp.sra.ebi.ac.uk/vol1/fastq/ERR143/081/ERR14395581/ERR14395581_2.fastq.gz,ftp://ftp.sra.ebi.ac.uk/vol1/fastq/ERR143/082/ERR14395582/ERR14395582_2.fastq.gz,ftp://ftp.sra.ebi.ac.uk/vol1/fastq/ERR143/083/ERR14395583/ERR14395583_2.fastq.gz,ftp://ftp.sra.ebi.ac.uk/vol1/fastq/ERR156/060/ERR15628260/ERR15628260_2.fastq.gz
RCN25093,Vietnam,AmpSeqV2,Resistant,Resistant,Sensitive,Resistant,Resistant,Resistant,Resistant,Sensitive,Resistant,Undetermined,ERR15628261,10477618.0,ERR14395587,22435.0,ERR14395588,20685.0,ERR14395589,793.0,ftp://ftp.sra.ebi.ac.uk/vol1/fastq/ERR143/087/ERR14395587/ERR14395587_1.fastq.gz,ftp://ftp.sra.ebi.ac.uk/vol1/fastq/ERR143/088/ERR14395588/ERR14395588_1.fastq.gz,ftp://ftp.sra.ebi.ac.uk/vol1/fastq/ERR143/089/ERR14395589/ERR14395589_1.fastq.gz,ftp://ftp.sra.ebi.ac.uk/vol1/fastq/ERR156/061/ERR15628261/ERR15628261_1.fastq.gz,ftp://ftp.sra.ebi.ac.uk/vol1/fastq/ERR143/087/ERR14395587/ERR14395587_2.fastq.gz,ftp://ftp.sra.ebi.ac.uk/vol1/fastq/ERR143/088/ERR14395588/ERR14395588_2.fastq.gz,ftp://ftp.sra.ebi.ac.uk/vol1/fastq/ERR143/089/ERR14395589/ERR14395589_2.fastq.gz,ftp://ftp.sra.ebi.ac.uk/vol1/fastq/ERR156/061/ERR15628261/ERR15628261_2.fastq.gz
RCN25097,Vietnam,AmpSeqV2,Resistant,Resistant,Sensitive,Resistant,Resistant,Resistant,Resistant,Sensitive,Resistant,Undetermined,ERR15628263,12729056.0,ERR14395599,30204.0,ERR14395600,24604.0,ERR14395601,691.0,ftp://ftp.sra.ebi.ac.uk/vol1/fastq/ERR143/099/ERR14395599/ERR14395599_1.fastq.gz,ftp://ftp.sra.ebi.ac.uk/vol1/fastq/ERR143/000/ERR14395600/ERR14395600_1.fastq.gz,ftp://ftp.sra.ebi.ac.uk/vol1/fastq/ERR143/001/ERR14395601/ERR14395601_1.fastq.gz,ftp://ftp.sra.ebi.ac.uk/vol1/fastq/ERR156/063/ERR15628263/ERR15628263_1.fastq.gz,ftp://ftp.sra.ebi.ac.uk/vol1/fastq/ERR143/099/ERR14395599/ERR14395599_2.fastq.gz,ftp://ftp.sra.ebi.ac.uk/vol1/fastq/ERR143/000/ERR14395600/ERR14395600_2.fastq.gz,ftp://ftp.sra.ebi.ac.uk/vol1/fastq/ERR143/001/ERR14395601/ERR14395601_2.fastq.gz,ftp://ftp.sra.ebi.ac.uk/vol1/fastq/ERR156/063/ERR15628263/ERR15628263_2.fastq.gz
RCN25099,Vietnam,AmpSeqV2,Resistant,Resistant,Sensitive,Resistant,Resistant,Resistant,Resistant,Sensitive,Resistant,Undetermined,ERR15628264,9701720.0,ERR14395605,21292.0,ERR14395606,31972.0,ERR14395607,524.0,ftp://ftp.sra.ebi.ac.uk/vol1/fastq/ERR143/005/ERR14395605/ERR14395605_1.fastq.gz,ftp://ftp.sra.ebi.ac.uk/vol1/fastq/ERR143/006/ERR14395606/ERR14395606_1.fastq.gz,ftp://ftp.sra.ebi.ac.uk/vol1/fastq/ERR143/007/ERR14395607/ERR14395607_1.fastq.gz,ftp://ftp.sra.ebi.ac.uk/vol1/fastq/ERR156/064/ERR15628264/ERR15628264_1.fastq.gz,ftp://ftp.sra.ebi.ac.uk/vol1/fastq/ERR143/005/ERR14395605/ERR14395605_2.fastq.gz,ftp://ftp.sra.ebi.ac.uk/vol1/fastq/ERR143/006/ERR14395606/ERR14395606_2.fastq.gz,ftp://ftp.sra.ebi.ac.uk/vol1/fastq/ERR143/007/ERR14395607/ERR14395607_2.fastq.gz,ftp://ftp.sra.ebi.ac.uk/vol1/fastq/ERR156/064/ERR15628264/ERR15628264_2.fastq.gz
RCN25103,Vietnam,AmpSeqV2,Resistant,Resistant,Sensitive,Resistant,Resistant,Resistant,Resistant,Sensitive,Resistant,Undetermined,ERR15628266,10192925.0,ERR14395617,27175.0,ERR14395618,28376.0,ERR14395619,756.0,ftp://ftp.sra.ebi.ac.uk/vol1/fastq/ERR143/017/ERR14395617/ERR14395617_1.fastq.gz,ftp://ftp.sra.ebi.ac.uk/vol1/fastq/ERR143/018/ERR14395618/ERR14395618_1.fastq.gz,ftp://ftp.sra.ebi.ac.uk/vol1/fastq/ERR143/019/ERR14395619/ERR14395619_1.fastq.gz,ftp://ftp.sra.ebi.ac.uk/vol1/fastq/ERR156/066/ERR15628266/ERR15628266_1.fastq.gz,ftp://ftp.sra.ebi.ac.uk/vol1/fastq/ERR143/017/ERR14395617/ERR14395617_2.fastq.gz,ftp://ftp.sra.ebi.ac.uk/vol1/fastq/ERR143/018/ERR14395618/ERR14395618_2.fastq.gz,ftp://ftp.sra.ebi.ac.uk/vol1/fastq/ERR143/019/ERR14395619/ERR14395619_2.fastq.gz,ftp://ftp.sra.ebi.ac.uk/vol1/fastq/ERR156/066/ERR15628266/ERR15628266_2.fastq.gz
RCN25104,Vietnam,AmpSeqV2,Resistant,Resistant,Sensitive,Resistant,Resistant,Resistant,Resistant,Sensitive,Resistant,Undetermined,ERR15628267,11149934.0,ERR14395620,37301.0,ERR14395621,35787.0,ERR14395622,1163.0,ftp://ftp.sra.ebi.ac.uk/vol1/fastq/ERR143/020/ERR14395620/ERR14395620_1.fastq.gz,ftp://ftp.sra.ebi.ac.uk/vol1/fastq/ERR143/021/ERR14395621/ERR14395621_1.fastq.gz,ftp://ftp.sra.ebi.ac.uk/vol1/fastq/ERR143/022/ERR14395622/ERR14395622_1.fastq.gz,ftp://ftp.sra.ebi.ac.uk/vol1/fastq/ERR156/067/ERR15628267/ERR15628267_1.fastq.gz,ftp://ftp.sra.ebi.ac.uk/vol1/fastq/ERR143/020/ERR14395620/ERR14395620_2.fastq.gz,ftp://ftp.sra.ebi.ac.uk/vol1/fastq/ERR143/021/ERR14395621/ERR14395621_2.fastq.gz,ftp://ftp.sra.ebi.ac.uk/vol1/fastq/ERR143/022/ERR14395622/ERR14395622_2.fastq.gz,ftp://ftp.sra.ebi.ac.uk/vol1/fastq/ERR156/067/ERR15628267/ERR15628267_2.fastq.gz
RCN25105,Vietnam,AmpSeqV2,Resistant,Resistant,Sensitive,Resistant,Resistant,Resistant,Resistant,Sensitive,Resistant,Undetermined,ERR15628268,13435131.0,ERR14395623,31453.0,ERR14395624,31156.0,ERR14395625,536.0,ftp://ftp.sra.ebi.ac.uk/vol1/fastq/ERR143/023/ERR14395623/ERR14395623_1.fastq.gz,ftp://ftp.sra.ebi.ac.uk/vol1/fastq/ERR143/024/ERR14395624/ERR14395624_1.fastq.gz,ftp://ftp.sra.ebi.ac.uk/vol1/fastq/ERR143/025/ERR14395625/ERR14395625_1.fastq.gz,ftp://ftp.sra.ebi.ac.uk/vol1/fastq/ERR156/068/ERR15628268/ERR15628268_1.fastq.gz,ftp://ftp.sra.ebi.ac.uk/vol1/fastq/ERR143/023/ERR14395623/ERR14395623_2.fastq.gz,ftp://ftp.sra.ebi.ac.uk/vol1/fastq/ERR143/024/ERR14395624/ERR14395624_2.fastq.gz,ftp://ftp.sra.ebi.ac.uk/vol1/fastq/ERR143/025/ERR14395625/ERR14395625_2.fastq.gz,ftp://ftp.sra.ebi.ac.uk/vol1/fastq/ERR156/068/ERR15628268/ERR15628268_2.fastq.gz
RCN25107,Vietnam,AmpSeqV2,Resistant,Resistant,Sensitive,Resistant,Resistant,Resistant,Resistant,Sensitive,Resistant,Undetermined,ERR15628269,14357089.0,ERR14395629,20037.0,ERR14395630,19385.0,ERR14395631,700.0,ftp://ftp.sra.ebi.ac.uk/vol1/fastq/ERR143/029/ERR14395629/ERR14395629_1.fastq.gz,ftp://ftp.sra.ebi.ac.uk/vol1/fastq/ERR143/030/ERR14395630/ERR14395630_1.fastq.gz,ftp://ftp.sra.ebi.ac.uk/vol1/fastq/ERR143/031/ERR14395631/ERR14395631_1.fastq.gz,ftp://ftp.sra.ebi.ac.uk/vol1/fastq/ERR156/069/ERR15628269/ERR15628269_1.fastq.gz,ftp://ftp.sra.ebi.ac.uk/vol1/fastq/ERR143/029/ERR14395629/ERR14395629_2.fastq.gz,ftp://ftp.sra.ebi.ac.uk/vol1/fastq/ERR143/030/ERR14395630/ERR14395630_2.fastq.gz,ftp://ftp.sra.ebi.ac.uk/vol1/fastq/ERR143/031/ERR14395631/ERR14395631_2.fastq.gz,ftp://ftp.sra.ebi.ac.uk/vol1/fastq/ERR156/069/ERR15628269/ERR15628269_2.fastq.gz
RCN25108,Vietnam,AmpSeqV2,Resistant,Resistant,Sensitive,Resistant,Resistant,Resistant,Resistant,Sensitive,Resistant,Undetermined,ERR15628270,15525867.0,ERR14395632,23456.0,ERR14395633,15061.0,ERR14395634,739.0,ftp://ftp.sra.ebi.ac.uk/vol1/fastq/ERR143/032/ERR14395632/ERR14395632_1.fastq.gz,ftp://ftp.sra.ebi.ac.uk/vol1/fastq/ERR143/033/ERR14395633/ERR14395633_1.fastq.gz,ftp://ftp.sra.ebi.ac.uk/vol1/fastq/ERR143/034/ERR14395634/ERR14395634_1.fastq.gz,ftp://ftp.sra.ebi.ac.uk/vol1/fastq/ERR156/070/ERR15628270/ERR15628270_1.fastq.gz,ftp://ftp.sra.ebi.ac.uk/vol1/fastq/ERR143/032/ERR14395632/ERR14395632_2.fastq.gz,ftp://ftp.sra.ebi.ac.uk/vol1/fastq/ERR143/033/ERR14395633/ERR14395633_2.fastq.gz,ftp://ftp.sra.ebi.ac.uk/vol1/fastq/ERR143/034/ERR14395634/ERR14395634_2.fastq.gz,ftp://ftp.sra.ebi.ac.uk/vol1/fastq/ERR156/070/ERR15628270/ERR15628270_2.fastq.gz
RCN25118,Vietnam,AmpSeqV2,Resistant,Resistant,Sensitive,Resistant,Resistant,Resistant,Resistant,Sensitive,Resistant,Undetermined,ERR15628273,13201348.0,ERR14395659,16674.0,ERR14395660,23530.0,ERR14395661,228.0,ftp://ftp.sra.ebi.ac.uk/vol1/fastq/ERR143/059/ERR14395659/ERR14395659_1.fastq.gz,ftp://ftp.sra.ebi.ac.uk/vol1/fastq/ERR143/060/ERR14395660/ERR14395660_1.fastq.gz,ftp://ftp.sra.ebi.ac.uk/vol1/fastq/ERR143/061/ERR14395661/ERR14395661_1.fastq.gz,ftp://ftp.sra.ebi.ac.uk/vol1/fastq/ERR156/073/ERR15628273/ERR15628273_1.fastq.gz,ftp://ftp.sra.ebi.ac.uk/vol1/fastq/ERR143/059/ERR14395659/ERR14395659_2.fastq.gz,ftp://ftp.sra.ebi.ac.uk/vol1/fastq/ERR143/060/ERR14395660/ERR14395660_2.fastq.gz,ftp://ftp.sra.ebi.ac.uk/vol1/fastq/ERR143/061/ERR14395661/ERR14395661_2.fastq.gz,ftp://ftp.sra.ebi.ac.uk/vol1/fastq/ERR156/073/ERR15628273/ERR15628273_2.fastq.gz
RCN25119,Vietnam,AmpSeqV2,Resistant,Resistant,Sensitive,Resistant,Resistant,Resistant,Resistant,Sensitive,Resistant,Undetermined,ERR15628274,11209741.0,ERR14395662,31323.0,ERR14395663,26012.0,ERR14395664,32.0,ftp://ftp.sra.ebi.ac.uk/vol1/fastq/ERR143/062/ERR14395662/ERR14395662_1.fastq.gz,ftp://ftp.sra.ebi.ac.uk/vol1/fastq/ERR143/063/ERR14395663/ERR14395663_1.fastq.gz,ftp://ftp.sra.ebi.ac.uk/vol1/fastq/ERR143/064/ERR14395664/ERR14395664_1.fastq.gz,ftp://ftp.sra.ebi.ac.uk/vol1/fastq/ERR156/074/ERR15628274/ERR15628274_1.fastq.gz,ftp://ftp.sra.ebi.ac.uk/vol1/fastq/ERR143/062/ERR14395662/ERR14395662_2.fastq.gz,ftp://ftp.sra.ebi.ac.uk/vol1/fastq/ERR143/063/ERR14395663/ERR14395663_2.fastq.gz,ftp://ftp.sra.ebi.ac.uk/vol1/fastq/ERR143/064/ERR14395664/ERR14395664_2.fastq.gz,ftp://ftp.sra.ebi.ac.uk/vol1/fastq/ERR156/074/ERR15628274/ERR15628274_2.fastq.gz
RCN25120,Vietnam,AmpSeqV2,Resistant,Resistant,Sensitive,Resistant,Resistant,Resistant,Resistant,Sensitive,Resistant,Undetermined,ERR15628275,13084587.0,ERR14395665,13923.0,ERR14395666,16470.0,ERR14395667,210.0,ftp://ftp.sra.ebi.ac.uk/vol1/fastq/ERR143/065/ERR14395665/ERR14395665_1.fastq.gz,ftp://ftp.sra.ebi.ac.uk/vol1/fastq/ERR143/066/ERR14395666/ERR14395666_1.fastq.gz,ftp://ftp.sra.ebi.ac.uk/vol1/fastq/ERR143/067/ERR14395667/ERR14395667_1.fastq.gz,ftp://ftp.sra.ebi.ac.uk/vol1/fastq/ERR156/075/ERR15628275/ERR15628275_1.fastq.gz,ftp://ftp.sra.ebi.ac.uk/vol1/fastq/ERR143/065/ERR14395665/ERR14395665_2.fastq.gz,ftp://ftp.sra.ebi.ac.uk/vol1/fastq/ERR143/066/ERR14395666/ERR14395666_2.fastq.gz,ftp://ftp.sra.ebi.ac.uk/vol1/fastq/ERR143/067/ERR14395667/ERR14395667_2.fastq.gz,ftp://ftp.sra.ebi.ac.uk/vol1/fastq/ERR156/075/ERR15628275/ERR15628275_2.fastq.gz
RCN25125,Vietnam,AmpSeqV2,Resistant,Resistant,Sensitive,Resistant,Resistant,Resistant,Resistant,Sensitive,Resistant,Undetermined,ERR15628277,14784008.0,ERR14395680,18443.0,ERR14395681,17596.0,ERR14395682,652.0,ftp://ftp.sra.ebi.ac.uk/vol1/fastq/ERR143/080/ERR14395680/ERR14395680_1.fastq.gz,ftp://ftp.sra.ebi.ac.uk/vol1/fastq/ERR143/081/ERR14395681/ERR14395681_1.fastq.gz,ftp://ftp.sra.ebi.ac.uk/vol1/fastq/ERR143/082/ERR14395682/ERR14395682_1.fastq.gz,ftp://ftp.sra.ebi.ac.uk/vol1/fastq/ERR156/077/ERR15628277/ERR15628277_1.fastq.gz,ftp://ftp.sra.ebi.ac.uk/vol1/fastq/ERR143/080/ERR14395680/ERR14395680_2.fastq.gz,ftp://ftp.sra.ebi.ac.uk/vol1/fastq/ERR143/081/ERR14395681/ERR14395681_2.fastq.gz,ftp://ftp.sra.ebi.ac.uk/vol1/fastq/ERR143/082/ERR14395682/ERR14395682_2.fastq.gz,ftp://ftp.sra.ebi.ac.uk/vol1/fastq/ERR156/077/ERR15628277/ERR15628277_2.fastq.gz
RCN25129,Vietnam,AmpSeqV2,Resistant,Resistant,Sensitive,Resistant,Resistant,Resistant,Resistant,Sensitive,Resistant,Undetermined,ERR15628278,7534189.0,ERR14395692,20628.0,ERR14395693,17897.0,ERR14395694,529.0,ftp://ftp.sra.ebi.ac.uk/vol1/fastq/ERR143/092/ERR14395692/ERR14395692_1.fastq.gz,ftp://ftp.sra.ebi.ac.uk/vol1/fastq/ERR143/093/ERR14395693/ERR14395693_1.fastq.gz,ftp://ftp.sra.ebi.ac.uk/vol1/fastq/ERR143/094/ERR14395694/ERR14395694_1.fastq.gz,ftp://ftp.sra.ebi.ac.uk/vol1/fastq/ERR156/078/ERR15628278/ERR15628278_1.fastq.gz,ftp://ftp.sra.ebi.ac.uk/vol1/fastq/ERR143/092/ERR14395692/ERR14395692_2.fastq.gz,ftp://ftp.sra.ebi.ac.uk/vol1/fastq/ERR143/093/ERR14395693/ERR14395693_2.fastq.gz,ftp://ftp.sra.ebi.ac.uk/vol1/fastq/ERR143/094/ERR14395694/ERR14395694_2.fastq.gz,ftp://ftp.sra.ebi.ac.uk/vol1/fastq/ERR156/078/ERR15628278/ERR15628278_2.fastq.gz
RCN25130,Vietnam,AmpSeqV2,Resistant,Resistant,Sensitive,Resistant,Resistant,Resistant,Resistant,Sensitive,Resistant,Undetermined,ERR15628279,11892785.0,ERR14395695,23852.0,ERR14395696,21383.0,ERR14395697,631.0,ftp://ftp.sra.ebi.ac.uk/vol1/fastq/ERR143/095/ERR14395695/ERR14395695_1.fastq.gz,ftp://ftp.sra.ebi.ac.uk/vol1/fastq/ERR143/096/ERR14395696/ERR14395696_1.fastq.gz,ftp://ftp.sra.ebi.ac.uk/vol1/fastq/ERR143/097/ERR14395697/ERR14395697_1.fastq.gz,ftp://ftp.sra.ebi.ac.uk/vol1/fastq/ERR156/079/ERR15628279/ERR15628279_1.fastq.gz,ftp://ftp.sra.ebi.ac.uk/vol1/fastq/ERR143/095/ERR14395695/ERR14395695_2.fastq.gz,ftp://ftp.sra.ebi.ac.uk/vol1/fastq/ERR143/096/ERR14395696/ERR14395696_2.fastq.gz,ftp://ftp.sra.ebi.ac.uk/vol1/fastq/ERR143/097/ERR14395697/ERR14395697_2.fastq.gz,ftp://ftp.sra.ebi.ac.uk/vol1/fastq/ERR156/079/ERR15628279/ERR15628279_2.fastq.gz
RCN25137,Vietnam,AmpSeqV2,Resistant,Resistant,Sensitive,Resistant,Resistant,Resistant,Resistant,Sensitive,Resistant,Undetermined,ERR15628281,9828228.0,ERR14395716,36006.0,ERR14395717,25335.0,ERR14395718,1123.0,ftp://ftp.sra.ebi.ac.uk/vol1/fastq/ERR143/016/ERR14395716/ERR14395716_1.fastq.gz,ftp://ftp.sra.ebi.ac.uk/vol1/fastq/ERR143/017/ERR14395717/ERR14395717_1.fastq.gz,ftp://ftp.sra.ebi.ac.uk/vol1/fastq/ERR143/018/ERR14395718/ERR14395718_1.fastq.gz,ftp://ftp.sra.ebi.ac.uk/vol1/fastq/ERR156/081/ERR15628281/ERR15628281_1.fastq.gz,ftp://ftp.sra.ebi.ac.uk/vol1/fastq/ERR143/016/ERR14395716/ERR14395716_2.fastq.gz,ftp://ftp.sra.ebi.ac.uk/vol1/fastq/ERR143/017/ERR14395717/ERR14395717_2.fastq.gz,ftp://ftp.sra.ebi.ac.uk/vol1/fastq/ERR143/018/ERR14395718/ERR14395718_2.fastq.gz,ftp://ftp.sra.ebi.ac.uk/vol1/fastq/ERR156/081/ERR15628281/ERR15628281_2.fastq.gz
RCN25143,Vietnam,AmpSeqV2,Resistant,Resistant,Sensitive,Resistant,Resistant,Resistant,Resistant,Sensitive,Resistant,Undetermined,ERR15628283,10536751.0,ERR14395734,35304.0,ERR14395735,29948.0,ERR14395736,764.0,ftp://ftp.sra.ebi.ac.uk/vol1/fastq/ERR143/034/ERR14395734/ERR14395734_1.fastq.gz,ftp://ftp.sra.ebi.ac.uk/vol1/fastq/ERR143/035/ERR14395735/ERR14395735_1.fastq.gz,ftp://ftp.sra.ebi.ac.uk/vol1/fastq/ERR143/036/ERR14395736/ERR14395736_1.fastq.gz,ftp://ftp.sra.ebi.ac.uk/vol1/fastq/ERR156/083/ERR15628283/ERR15628283_1.fastq.gz,ftp://ftp.sra.ebi.ac.uk/vol1/fastq/ERR143/034/ERR14395734/ERR14395734_2.fastq.gz,ftp://ftp.sra.ebi.ac.uk/vol1/fastq/ERR143/035/ERR14395735/ERR14395735_2.fastq.gz,ftp://ftp.sra.ebi.ac.uk/vol1/fastq/ERR143/036/ERR14395736/ERR14395736_2.fastq.gz,ftp://ftp.sra.ebi.ac.uk/vol1/fastq/ERR156/083/ERR15628283/ERR15628283_2.fastq.gz
RCN25145,Vietnam,AmpSeqV2,Resistant,Resistant,Sensitive,Resistant,Resistant,Resistant,Resistant,Sensitive,Resistant,Undetermined,ERR15628284,8890471.0,ERR14395740,26585.0,ERR14395741,19622.0,ERR14395742,901.0,ftp://ftp.sra.ebi.ac.uk/vol1/fastq/ERR143/040/ERR14395740/ERR14395740_1.fastq.gz,ftp://ftp.sra.ebi.ac.uk/vol1/fastq/ERR143/041/ERR14395741/ERR14395741_1.fastq.gz,ftp://ftp.sra.ebi.ac.uk/vol1/fastq/ERR143/042/ERR14395742/ERR14395742_1.fastq.gz,ftp://ftp.sra.ebi.ac.uk/vol1/fastq/ERR156/084/ERR15628284/ERR15628284_1.fastq.gz,ftp://ftp.sra.ebi.ac.uk/vol1/fastq/ERR143/040/ERR14395740/ERR14395740_2.fastq.gz,ftp://ftp.sra.ebi.ac.uk/vol1/fastq/ERR143/041/ERR14395741/ERR14395741_2.fastq.gz,ftp://ftp.sra.ebi.ac.uk/vol1/fastq/ERR143/042/ERR14395742/ERR14395742_2.fastq.gz,ftp://ftp.sra.ebi.ac.uk/vol1/fastq/ERR156/084/ERR15628284/ERR15628284_2.fastq.gz
RCN25153,Vietnam,AmpSeqV2,Sensitive,Sensitive,Sensitive,Resistant,Resistant,Resistant,Sensitive,Sensitive,Resistant,Sensitive,ERR15628287,14277422.0,ERR14395758,34772.0,ERR14395759,23819.0,ERR14395760,1347.0,ftp://ftp.sra.ebi.ac.uk/vol1/fastq/ERR143/058/ERR14395758/ERR14395758_1.fastq.gz,ftp://ftp.sra.ebi.ac.uk/vol1/fastq/ERR143/059/ERR14395759/ERR14395759_1.fastq.gz,ftp://ftp.sra.ebi.ac.uk/vol1/fastq/ERR143/060/ERR14395760/ERR14395760_1.fastq.gz,ftp://ftp.sra.ebi.ac.uk/vol1/fastq/ERR156/087/ERR15628287/ERR15628287_1.fastq.gz,ftp://ftp.sra.ebi.ac.uk/vol1/fastq/ERR143/058/ERR14395758/ERR14395758_2.fastq.gz,ftp://ftp.sra.ebi.ac.uk/vol1/fastq/ERR143/059/ERR14395759/ERR14395759_2.fastq.gz,ftp://ftp.sra.ebi.ac.uk/vol1/fastq/ERR143/060/ERR14395760/ERR14395760_2.fastq.gz,ftp://ftp.sra.ebi.ac.uk/vol1/fastq/ERR156/087/ERR15628287/ERR15628287_2.fastq.gz
RCN25154,Vietnam,AmpSeqV2,Resistant,Resistant,Sensitive,Resistant,Resistant,Resistant,Resistant,Sensitive,Resistant,Undetermined,ERR15628288,7009802.0,ERR14395761,22671.0,ERR14395762,17788.0,ERR14395763,743.0,ftp://ftp.sra.ebi.ac.uk/vol1/fastq/ERR143/061/ERR14395761/ERR14395761_1.fastq.gz,ftp://ftp.sra.ebi.ac.uk/vol1/fastq/ERR143/062/ERR14395762/ERR14395762_1.fastq.gz,ftp://ftp.sra.ebi.ac.uk/vol1/fastq/ERR143/063/ERR14395763/ERR14395763_1.fastq.gz,ftp://ftp.sra.ebi.ac.uk/vol1/fastq/ERR156/088/ERR15628288/ERR15628288_1.fastq.gz,ftp://ftp.sra.ebi.ac.uk/vol1/fastq/ERR143/061/ERR14395761/ERR14395761_2.fastq.gz,ftp://ftp.sra.ebi.ac.uk/vol1/fastq/ERR143/062/ERR14395762/ERR14395762_2.fastq.gz,ftp://ftp.sra.ebi.ac.uk/vol1/fastq/ERR143/063/ERR14395763/ERR14395763_2.fastq.gz,ftp://ftp.sra.ebi.ac.uk/vol1/fastq/ERR156/088/ERR15628288/ERR15628288_2.fastq.gz
RCN25158,Vietnam,AmpSeqV2,Resistant,Resistant,Sensitive,Resistant,Resistant,Resistant,Resistant,Sensitive,Resistant,Undetermined,ERR15628290,14139753.0,ERR14395773,36625.0,ERR14395774,29644.0,ERR14395775,853.0,ftp://ftp.sra.ebi.ac.uk/vol1/fastq/ERR143/073/ERR14395773/ERR14395773_1.fastq.gz,ftp://ftp.sra.ebi.ac.uk/vol1/fastq/ERR143/074/ERR14395774/ERR14395774_1.fastq.gz,ftp://ftp.sra.ebi.ac.uk/vol1/fastq/ERR143/075/ERR14395775/ERR14395775_1.fastq.gz,ftp://ftp.sra.ebi.ac.uk/vol1/fastq/ERR156/090/ERR15628290/ERR15628290_1.fastq.gz,ftp://ftp.sra.ebi.ac.uk/vol1/fastq/ERR143/073/ERR14395773/ERR14395773_2.fastq.gz,ftp://ftp.sra.ebi.ac.uk/vol1/fastq/ERR143/074/ERR14395774/ERR14395774_2.fastq.gz,ftp://ftp.sra.ebi.ac.uk/vol1/fastq/ERR143/075/ERR14395775/ERR14395775_2.fastq.gz,ftp://ftp.sra.ebi.ac.uk/vol1/fastq/ERR156/090/ERR15628290/ERR15628290_2.fastq.gz
RCN25162,Vietnam,AmpSeqV2,Resistant,Resistant,Sensitive,Resistant,Resistant,Resistant,Resistant,Sensitive,Resistant,Undetermined,ERR15628291,10736720.0,ERR14395785,28718.0,ERR14395786,17950.0,ERR14395787,1314.0,ftp://ftp.sra.ebi.ac.uk/vol1/fastq/ERR143/085/ERR14395785/ERR14395785_1.fastq.gz,ftp://ftp.sra.ebi.ac.uk/vol1/fastq/ERR143/086/ERR14395786/ERR14395786_1.fastq.gz,ftp://ftp.sra.ebi.ac.uk/vol1/fastq/ERR143/087/ERR14395787/ERR14395787_1.fastq.gz,ftp://ftp.sra.ebi.ac.uk/vol1/fastq/ERR156/091/ERR15628291/ERR15628291_1.fastq.gz,ftp://ftp.sra.ebi.ac.uk/vol1/fastq/ERR143/085/ERR14395785/ERR14395785_2.fastq.gz,ftp://ftp.sra.ebi.ac.uk/vol1/fastq/ERR143/086/ERR14395786/ERR14395786_2.fastq.gz,ftp://ftp.sra.ebi.ac.uk/vol1/fastq/ERR143/087/ERR14395787/ERR14395787_2.fastq.gz,ftp://ftp.sra.ebi.ac.uk/vol1/fastq/ERR156/091/ERR15628291/ERR15628291_2.fastq.gz
RCN25170,Vietnam,AmpSeqV2,Resistant,Resistant,Sensitive,Resistant,Resistant,Resistant,Resistant,Sensitive,Resistant,Undetermined,ERR15628293,11725633.0,ERR14395806,15953.0,ERR14395807,17726.0,ERR14395808,554.0,ftp://ftp.sra.ebi.ac.uk/vol1/fastq/ERR143/006/ERR14395806/ERR14395806_1.fastq.gz,ftp://ftp.sra.ebi.ac.uk/vol1/fastq/ERR143/007/ERR14395807/ERR14395807_1.fastq.gz,ftp://ftp.sra.ebi.ac.uk/vol1/fastq/ERR143/008/ERR14395808/ERR14395808_1.fastq.gz,ftp://ftp.sra.ebi.ac.uk/vol1/fastq/ERR156/093/ERR15628293/ERR15628293_1.fastq.gz,ftp://ftp.sra.ebi.ac.uk/vol1/fastq/ERR143/006/ERR14395806/ERR14395806_2.fastq.gz,ftp://ftp.sra.ebi.ac.uk/vol1/fastq/ERR143/007/ERR14395807/ERR14395807_2.fastq.gz,ftp://ftp.sra.ebi.ac.uk/vol1/fastq/ERR143/008/ERR14395808/ERR14395808_2.fastq.gz,ftp://ftp.sra.ebi.ac.uk/vol1/fastq/ERR156/093/ERR15628293/ERR15628293_2.fastq.gz
RCN25177,Vietnam,AmpSeqV2,Resistant,Resistant,Sensitive,Resistant,Resistant,Resistant,Resistant,Sensitive,Resistant,Undetermined,ERR15628295,9794747.0,ERR14395824,25326.0,ERR14395825,26864.0,ERR14395826,410.0,ftp://ftp.sra.ebi.ac.uk/vol1/fastq/ERR143/024/ERR14395824/ERR14395824_1.fastq.gz,ftp://ftp.sra.ebi.ac.uk/vol1/fastq/ERR143/025/ERR14395825/ERR14395825_1.fastq.gz,ftp://ftp.sra.ebi.ac.uk/vol1/fastq/ERR143/026/ERR14395826/ERR14395826_1.fastq.gz,ftp://ftp.sra.ebi.ac.uk/vol1/fastq/ERR156/095/ERR15628295/ERR15628295_1.fastq.gz,ftp://ftp.sra.ebi.ac.uk/vol1/fastq/ERR143/024/ERR14395824/ERR14395824_2.fastq.gz,ftp://ftp.sra.ebi.ac.uk/vol1/fastq/ERR143/025/ERR14395825/ERR14395825_2.fastq.gz,ftp://ftp.sra.ebi.ac.uk/vol1/fastq/ERR143/026/ERR14395826/ERR14395826_2.fastq.gz,ftp://ftp.sra.ebi.ac.uk/vol1/fastq/ERR156/095/ERR15628295/ERR15628295_2.fastq.gz
RCN25178,Vietnam,AmpSeqV2,Resistant,Resistant,Sensitive,Resistant,Resistant,Resistant,Resistant,Sensitive,Resistant,Undetermined,ERR15628296,11616591.0,ERR14395827,18910.0,ERR14395828,18701.0,ERR14395829,653.0,ftp://ftp.sra.ebi.ac.uk/vol1/fastq/ERR143/027/ERR14395827/ERR14395827_1.fastq.gz,ftp://ftp.sra.ebi.ac.uk/vol1/fastq/ERR143/028/ERR14395828/ERR14395828_1.fastq.gz,ftp://ftp.sra.ebi.ac.uk/vol1/fastq/ERR143/029/ERR14395829/ERR14395829_1.fastq.gz,ftp://ftp.sra.ebi.ac.uk/vol1/fastq/ERR156/096/ERR15628296/ERR15628296_1.fastq.gz,ftp://ftp.sra.ebi.ac.uk/vol1/fastq/ERR143/027/ERR14395827/ERR14395827_2.fastq.gz,ftp://ftp.sra.ebi.ac.uk/vol1/fastq/ERR143/028/ERR14395828/ERR14395828_2.fastq.gz,ftp://ftp.sra.ebi.ac.uk/vol1/fastq/ERR143/029/ERR14395829/ERR14395829_2.fastq.gz,ftp://ftp.sra.ebi.ac.uk/vol1/fastq/ERR156/096/ERR15628296/ERR15628296_2.fastq.gz
RCN25179,Vietnam,AmpSeqV2,Resistant,Resistant,Sensitive,Resistant,Resistant,Resistant,Resistant,Sensitive,Resistant,Undetermined,ERR15628297,16110871.0,ERR14395830,23707.0,ERR14395831,25288.0,ERR14395832,1106.0,ftp://ftp.sra.ebi.ac.uk/vol1/fastq/ERR143/030/ERR14395830/ERR14395830_1.fastq.gz,ftp://ftp.sra.ebi.ac.uk/vol1/fastq/ERR143/031/ERR14395831/ERR14395831_1.fastq.gz,ftp://ftp.sra.ebi.ac.uk/vol1/fastq/ERR143/032/ERR14395832/ERR14395832_1.fastq.gz,ftp://ftp.sra.ebi.ac.uk/vol1/fastq/ERR156/097/ERR15628297/ERR15628297_1.fastq.gz,ftp://ftp.sra.ebi.ac.uk/vol1/fastq/ERR143/030/ERR14395830/ERR14395830_2.fastq.gz,ftp://ftp.sra.ebi.ac.uk/vol1/fastq/ERR143/031/ERR14395831/ERR14395831_2.fastq.gz,ftp://ftp.sra.ebi.ac.uk/vol1/fastq/ERR143/032/ERR14395832/ERR14395832_2.fastq.gz,ftp://ftp.sra.ebi.ac.uk/vol1/fastq/ERR156/097/ERR15628297/ERR15628297_2.fastq.gz
RCN25181,Laos,AmpSeqV2,Resistant,Sensitive,Sensitive,Resistant,Resistant,Resistant,Sensitive,Sensitive,Resistant,Undetermined,ERR15628298,16142392.0,ERR14395836,27976.0,ERR14395837,42685.0,ERR14395838,1045.0,ftp://ftp.sra.ebi.ac.uk/vol1/fastq/ERR143/036/ERR14395836/ERR14395836_1.fastq.gz,ftp://ftp.sra.ebi.ac.uk/vol1/fastq/ERR143/037/ERR14395837/ERR14395837_1.fastq.gz,ftp://ftp.sra.ebi.ac.uk/vol1/fastq/ERR143/038/ERR14395838/ERR14395838_1.fastq.gz,ftp://ftp.sra.ebi.ac.uk/vol1/fastq/ERR156/098/ERR15628298/ERR15628298_1.fastq.gz,ftp://ftp.sra.ebi.ac.uk/vol1/fastq/ERR143/036/ERR14395836/ERR14395836_2.fastq.gz,ftp://ftp.sra.ebi.ac.uk/vol1/fastq/ERR143/037/ERR14395837/ERR14395837_2.fastq.gz,ftp://ftp.sra.ebi.ac.uk/vol1/fastq/ERR143/038/ERR14395838/ERR14395838_2.fastq.gz,ftp://ftp.sra.ebi.ac.uk/vol1/fastq/ERR156/098/ERR15628298/ERR15628298_2.fastq.gz
RCN25190,Laos,AmpSeqV2,Resistant,Resistant,Sensitive,Resistant,Resistant,Resistant,Resistant,Sensitive,Resistant,Resistant,ERR15628307,11291740.0,ERR14395863,29707.0,ERR14395864,26510.0,ERR14395865,1511.0,ftp://ftp.sra.ebi.ac.uk/vol1/fastq/ERR143/063/ERR14395863/ERR14395863_1.fastq.gz,ftp://ftp.sra.ebi.ac.uk/vol1/fastq/ERR143/064/ERR14395864/ERR14395864_1.fastq.gz,ftp://ftp.sra.ebi.ac.uk/vol1/fastq/ERR143/065/ERR14395865/ERR14395865_1.fastq.gz,ftp://ftp.sra.ebi.ac.uk/vol1/fastq/ERR156/007/ERR15628307/ERR15628307_1.fastq.gz,ftp://ftp.sra.ebi.ac.uk/vol1/fastq/ERR143/063/ERR14395863/ERR14395863_2.fastq.gz,ftp://ftp.sra.ebi.ac.uk/vol1/fastq/ERR143/064/ERR14395864/ERR14395864_2.fastq.gz,ftp://ftp.sra.ebi.ac.uk/vol1/fastq/ERR143/065/ERR14395865/ERR14395865_2.fastq.gz,ftp://ftp.sra.ebi.ac.uk/vol1/fastq/ERR156/007/ERR15628307/ERR15628307_2.fastq.gz
RCN25206,Laos,AmpSeqV2,Resistant,Resistant,Sensitive,Resistant,Resistant,Resistant,Resistant,Sensitive,Resistant,Undetermined,ERR15628323,14062715.0,ERR14395905,28237.0,ERR14395906,18344.0,ERR14395907,2100.0,ftp://ftp.sra.ebi.ac.uk/vol1/fastq/ERR143/005/ERR14395905/ERR14395905_1.fastq.gz,ftp://ftp.sra.ebi.ac.uk/vol1/fastq/ERR143/006/ERR14395906/ERR14395906_1.fastq.gz,ftp://ftp.sra.ebi.ac.uk/vol1/fastq/ERR143/007/ERR14395907/ERR14395907_1.fastq.gz,ftp://ftp.sra.ebi.ac.uk/vol1/fastq/ERR156/023/ERR15628323/ERR15628323_1.fastq.gz,ftp://ftp.sra.ebi.ac.uk/vol1/fastq/ERR143/005/ERR14395905/ERR14395905_2.fastq.gz,ftp://ftp.sra.ebi.ac.uk/vol1/fastq/ERR143/006/ERR14395906/ERR14395906_2.fastq.gz,ftp://ftp.sra.ebi.ac.uk/vol1/fastq/ERR143/007/ERR14395907/ERR14395907_2.fastq.gz,ftp://ftp.sra.ebi.ac.uk/vol1/fastq/ERR156/023/ERR15628323/ERR15628323_2.fastq.gz
RCN25223,Laos,AmpSeqV2,Resistant,Resistant,Sensitive,Resistant,Resistant,Resistant,Resistant,Sensitive,Resistant,Resistant,ERR15628340,18281045.0,ERR14395944,26272.0,ERR14395945,41486.0,ERR14395946,1633.0,ftp://ftp.sra.ebi.ac.uk/vol1/fastq/ERR143/044/ERR14395944/ERR14395944_1.fastq.gz,ftp://ftp.sra.ebi.ac.uk/vol1/fastq/ERR143/045/ERR14395945/ERR14395945_1.fastq.gz,ftp://ftp.sra.ebi.ac.uk/vol1/fastq/ERR143/046/ERR14395946/ERR14395946_1.fastq.gz,ftp://ftp.sra.ebi.ac.uk/vol1/fastq/ERR156/040/ERR15628340/ERR15628340_1.fastq.gz,ftp://ftp.sra.ebi.ac.uk/vol1/fastq/ERR143/044/ERR14395944/ERR14395944_2.fastq.gz,ftp://ftp.sra.ebi.ac.uk/vol1/fastq/ERR143/045/ERR14395945/ERR14395945_2.fastq.gz,ftp://ftp.sra.ebi.ac.uk/vol1/fastq/ERR143/046/ERR14395946/ERR14395946_2.fastq.gz,ftp://ftp.sra.ebi.ac.uk/vol1/fastq/ERR156/040/ERR15628340/ERR15628340_2.fastq.gz
RCN25251,Laos,AmpSeqV2,Resistant,Sensitive,Sensitive,Resistant,Resistant,Resistant,Sensitive,Sensitive,Resistant,Sensitive,ERR15628368,15096587.0,ERR14396007,33572.0,ERR14396008,13751.0,ERR14396009,1133.0,ftp://ftp.sra.ebi.ac.uk/vol1/fastq/ERR143/007/ERR14396007/ERR14396007_1.fastq.gz,ftp://ftp.sra.ebi.ac.uk/vol1/fastq/ERR143/008/ERR14396008/ERR14396008_1.fastq.gz,ftp://ftp.sra.ebi.ac.uk/vol1/fastq/ERR143/009/ERR14396009/ERR14396009_1.fastq.gz,ftp://ftp.sra.ebi.ac.uk/vol1/fastq/ERR156/068/ERR15628368/ERR15628368_1.fastq.gz,ftp://ftp.sra.ebi.ac.uk/vol1/fastq/ERR143/007/ERR14396007/ERR14396007_2.fastq.gz,ftp://ftp.sra.ebi.ac.uk/vol1/fastq/ERR143/008/ERR14396008/ERR14396008_2.fastq.gz,ftp://ftp.sra.ebi.ac.uk/vol1/fastq/ERR143/009/ERR14396009/ERR14396009_2.fastq.gz,ftp://ftp.sra.ebi.ac.uk/vol1/fastq/ERR156/068/ERR15628368/ERR15628368_2.fastq.gz
RCN25252,Laos,AmpSeqV2,Resistant,Sensitive,Resistant,Resistant,Resistant,Resistant,Sensitive,Resistant,Resistant,Sensitive,ERR15628369,13551292.0,ERR14396010,25563.0,ERR14396011,7784.0,ERR14396012,863.0,ftp://ftp.sra.ebi.ac.uk/vol1/fastq/ERR143/010/ERR14396010/ERR14396010_1.fastq.gz,ftp://ftp.sra.ebi.ac.uk/vol1/fastq/ERR143/011/ERR14396011/ERR14396011_1.fastq.gz,ftp://ftp.sra.ebi.ac.uk/vol1/fastq/ERR143/012/ERR14396012/ERR14396012_1.fastq.gz,ftp://ftp.sra.ebi.ac.uk/vol1/fastq/ERR156/069/ERR15628369/ERR15628369_1.fastq.gz,ftp://ftp.sra.ebi.ac.uk/vol1/fastq/ERR143/010/ERR14396010/ERR14396010_2.fastq.gz,ftp://ftp.sra.ebi.ac.uk/vol1/fastq/ERR143/011/ERR14396011/ERR14396011_2.fastq.gz,ftp://ftp.sra.ebi.ac.uk/vol1/fastq/ERR143/012/ERR14396012/ERR14396012_2.fastq.gz,ftp://ftp.sra.ebi.ac.uk/vol1/fastq/ERR156/069/ERR15628369/ERR15628369_2.fastq.gz
RCN25308,Laos,AmpSeqV2,Sensitive,Sensitive,Sensitive,Sensitive,Resistant,Sensitive,Sensitive,Sensitive,Resistant,Sensitive,ERR15628425,14048327.0,ERR14396145,25530.0,ERR14396146,22501.0,ERR14396147,1522.0,ftp://ftp.sra.ebi.ac.uk/vol1/fastq/ERR143/045/ERR14396145/ERR14396145_1.fastq.gz,ftp://ftp.sra.ebi.ac.uk/vol1/fastq/ERR143/046/ERR14396146/ERR14396146_1.fastq.gz,ftp://ftp.sra.ebi.ac.uk/vol1/fastq/ERR143/047/ERR14396147/ERR14396147_1.fastq.gz,ftp://ftp.sra.ebi.ac.uk/vol1/fastq/ERR156/025/ERR15628425/ERR15628425_1.fastq.gz,ftp://ftp.sra.ebi.ac.uk/vol1/fastq/ERR143/045/ERR14396145/ERR14396145_2.fastq.gz,ftp://ftp.sra.ebi.ac.uk/vol1/fastq/ERR143/046/ERR14396146/ERR14396146_2.fastq.gz,ftp://ftp.sra.ebi.ac.uk/vol1/fastq/ERR143/047/ERR14396147/ERR14396147_2.fastq.gz,ftp://ftp.sra.ebi.ac.uk/vol1/fastq/ERR156/025/ERR15628425/ERR15628425_2.fastq.gz
RCN25319,Laos,AmpSeqV2,Sensitive,Sensitive,Sensitive,Resistant,Resistant,Resistant,Sensitive,Sensitive,Resistant,Resistant,ERR15628436,13840592.0,ERR14396172,22311.0,ERR14396173,19174.0,ERR14396174,1850.0,ftp://ftp.sra.ebi.ac.uk/vol1/fastq/ERR143/072/ERR14396172/ERR14396172_1.fastq.gz,ftp://ftp.sra.ebi.ac.uk/vol1/fastq/ERR143/073/ERR14396173/ERR14396173_1.fastq.gz,ftp://ftp.sra.ebi.ac.uk/vol1/fastq/ERR143/074/ERR14396174/ERR14396174_1.fastq.gz,ftp://ftp.sra.ebi.ac.uk/vol1/fastq/ERR156/036/ERR15628436/ERR15628436_1.fastq.gz,ftp://ftp.sra.ebi.ac.uk/vol1/fastq/ERR143/072/ERR14396172/ERR14396172_2.fastq.gz,ftp://ftp.sra.ebi.ac.uk/vol1/fastq/ERR143/073/ERR14396173/ERR14396173_2.fastq.gz,ftp://ftp.sra.ebi.ac.uk/vol1/fastq/ERR143/074/ERR14396174/ERR14396174_2.fastq.gz,ftp://ftp.sra.ebi.ac.uk/vol1/fastq/ERR156/036/ERR15628436/ERR15628436_2.fastq.gz
RCN25908,Laos,AmpSeqV2,Sensitive,Sensitive,Sensitive,Resistant,Resistant,Sensitive,Sensitive,Sensitive,Resistant,Sensitive,ERR15628527,15168542.0,ERR14396493,21175.0,ERR14396494,27015.0,ERR14396495,902.0,ftp://ftp.sra.ebi.ac.uk/vol1/fastq/ERR143/093/ERR14396493/ERR14396493_1.fastq.gz,ftp://ftp.sra.ebi.ac.uk/vol1/fastq/ERR143/094/ERR14396494/ERR14396494_1.fastq.gz,ftp://ftp.sra.ebi.ac.uk/vol1/fastq/ERR143/095/ERR14396495/ERR14396495_1.fastq.gz,ftp://ftp.sra.ebi.ac.uk/vol1/fastq/ERR156/027/ERR15628527/ERR15628527_1.fastq.gz,ftp://ftp.sra.ebi.ac.uk/vol1/fastq/ERR143/093/ERR14396493/ERR14396493_2.fastq.gz,ftp://ftp.sra.ebi.ac.uk/vol1/fastq/ERR143/094/ERR14396494/ERR14396494_2.fastq.gz,ftp://ftp.sra.ebi.ac.uk/vol1/fastq/ERR143/095/ERR14396495/ERR14396495_2.fastq.gz,ftp://ftp.sra.ebi.ac.uk/vol1/fastq/ERR156/027/ERR15628527/ERR15628527_2.fastq.gz
RCN25921,Laos,AmpSeqV2,Sensitive,Sensitive,Sensitive,Resistant,Resistant,Sensitive,Sensitive,Sensitive,Sensitive,Sensitive,ERR15628536,18392566.0,ERR14396529,46189.0,ERR14396530,32436.0,ERR14396531,1020.0,ftp://ftp.sra.ebi.ac.uk/vol1/fastq/ERR143/029/ERR14396529/ERR14396529_1.fastq.gz,ftp://ftp.sra.ebi.ac.uk/vol1/fastq/ERR143/030/ERR14396530/ERR14396530_1.fastq.gz,ftp://ftp.sra.ebi.ac.uk/vol1/fastq/ERR143/031/ERR14396531/ERR14396531_1.fastq.gz,ftp://ftp.sra.ebi.ac.uk/vol1/fastq/ERR156/036/ERR15628536/ERR15628536_1.fastq.gz,ftp://ftp.sra.ebi.ac.uk/vol1/fastq/ERR143/029/ERR14396529/ERR14396529_2.fastq.gz,ftp://ftp.sra.ebi.ac.uk/vol1/fastq/ERR143/030/ERR14396530/ERR14396530_2.fastq.gz,ftp://ftp.sra.ebi.ac.uk/vol1/fastq/ERR143/031/ERR14396531/ERR14396531_2.fastq.gz,ftp://ftp.sra.ebi.ac.uk/vol1/fastq/ERR156/036/ERR15628536/ERR15628536_2.fastq.gz
RCN25930,Laos,AmpSeqV2,Sensitive,Sensitive,Sensitive,Sensitive,Resistant,Sensitive,Sensitive,Sensitive,Sensitive,Sensitive,ERR15628544,11015883.0,ERR14396553,27952.0,ERR14396554,27124.0,ERR14396555,500.0,ftp://ftp.sra.ebi.ac.uk/vol1/fastq/ERR143/053/ERR14396553/ERR14396553_1.fastq.gz,ftp://ftp.sra.ebi.ac.uk/vol1/fastq/ERR143/054/ERR14396554/ERR14396554_1.fastq.gz,ftp://ftp.sra.ebi.ac.uk/vol1/fastq/ERR143/055/ERR14396555/ERR14396555_1.fastq.gz,ftp://ftp.sra.ebi.ac.uk/vol1/fastq/ERR156/044/ERR15628544/ERR15628544_1.fastq.gz,ftp://ftp.sra.ebi.ac.uk/vol1/fastq/ERR143/053/ERR14396553/ERR14396553_2.fastq.gz,ftp://ftp.sra.ebi.ac.uk/vol1/fastq/ERR143/054/ERR14396554/ERR14396554_2.fastq.gz,ftp://ftp.sra.ebi.ac.uk/vol1/fastq/ERR143/055/ERR14396555/ERR14396555_2.fastq.gz,ftp://ftp.sra.ebi.ac.uk/vol1/fastq/ERR156/044/ERR15628544/ERR15628544_2.fastq.gz
RCN25935,Laos,AmpSeqV2,Sensitive,Sensitive,Sensitive,Resistant,Resistant,Resistant,Sensitive,Sensitive,Resistant,Sensitive,ERR15628549,14021352.0,ERR14396568,9504.0,ERR14396569,43736.0,ERR14396570,1065.0,ftp://ftp.sra.ebi.ac.uk/vol1/fastq/ERR143/068/ERR14396568/ERR14396568_1.fastq.gz,ftp://ftp.sra.ebi.ac.uk/vol1/fastq/ERR143/069/ERR14396569/ERR14396569_1.fastq.gz,ftp://ftp.sra.ebi.ac.uk/vol1/fastq/ERR143/070/ERR14396570/ERR14396570_1.fastq.gz,ftp://ftp.sra.ebi.ac.uk/vol1/fastq/ERR156/049/ERR15628549/ERR15628549_1.fastq.gz,ftp://ftp.sra.ebi.ac.uk/vol1/fastq/ERR143/068/ERR14396568/ERR14396568_2.fastq.gz,ftp://ftp.sra.ebi.ac.uk/vol1/fastq/ERR143/069/ERR14396569/ERR14396569_2.fastq.gz,ftp://ftp.sra.ebi.ac.uk/vol1/fastq/ERR143/070/ERR14396570/ERR14396570_2.fastq.gz,ftp://ftp.sra.ebi.ac.uk/vol1/fastq/ERR156/049/ERR15628549/ERR15628549_2.fastq.gz
RCN25936,Laos,AmpSeqV2,Sensitive,Sensitive,Sensitive,Resistant,Resistant,Resistant,Sensitive,Sensitive,Resistant,Sensitive,ERR15628550,14736919.0,ERR14396571,25473.0,ERR14396572,35511.0,ERR14396573,855.0,ftp://ftp.sra.ebi.ac.uk/vol1/fastq/ERR143/071/ERR14396571/ERR14396571_1.fastq.gz,ftp://ftp.sra.ebi.ac.uk/vol1/fastq/ERR143/072/ERR14396572/ERR14396572_1.fastq.gz,ftp://ftp.sra.ebi.ac.uk/vol1/fastq/ERR143/073/ERR14396573/ERR14396573_1.fastq.gz,ftp://ftp.sra.ebi.ac.uk/vol1/fastq/ERR156/050/ERR15628550/ERR15628550_1.fastq.gz,ftp://ftp.sra.ebi.ac.uk/vol1/fastq/ERR143/071/ERR14396571/ERR14396571_2.fastq.gz,ftp://ftp.sra.ebi.ac.uk/vol1/fastq/ERR143/072/ERR14396572/ERR14396572_2.fastq.gz,ftp://ftp.sra.ebi.ac.uk/vol1/fastq/ERR143/073/ERR14396573/ERR14396573_2.fastq.gz,ftp://ftp.sra.ebi.ac.uk/vol1/fastq/ERR156/050/ERR15628550/ERR15628550_2.fastq.gz
RCN25937,Laos,AmpSeqV2,Sensitive,Sensitive,Sensitive,Resistant,Resistant,Resistant,Sensitive,Sensitive,Resistant,Sensitive,ERR15628551,15729535.0,ERR14396574,17075.0,ERR14396575,27486.0,ERR14396576,678.0,ftp://ftp.sra.ebi.ac.uk/vol1/fastq/ERR143/074/ERR14396574/ERR14396574_1.fastq.gz,ftp://ftp.sra.ebi.ac.uk/vol1/fastq/ERR143/075/ERR14396575/ERR14396575_1.fastq.gz,ftp://ftp.sra.ebi.ac.uk/vol1/fastq/ERR143/076/ERR14396576/ERR14396576_1.fastq.gz,ftp://ftp.sra.ebi.ac.uk/vol1/fastq/ERR156/051/ERR15628551/ERR15628551_1.fastq.gz,ftp://ftp.sra.ebi.ac.uk/vol1/fastq/ERR143/074/ERR14396574/ERR14396574_2.fastq.gz,ftp://ftp.sra.ebi.ac.uk/vol1/fastq/ERR143/075/ERR14396575/ERR14396575_2.fastq.gz,ftp://ftp.sra.ebi.ac.uk/vol1/fastq/ERR143/076/ERR14396576/ERR14396576_2.fastq.gz,ftp://ftp.sra.ebi.ac.uk/vol1/fastq/ERR156/051/ERR15628551/ERR15628551_2.fastq.gz
RCN25942,Laos,AmpSeqV2,Sensitive,Sensitive,Sensitive,Resistant,Resistant,Sensitive,Sensitive,Sensitive,Resistant,Sensitive,ERR15628555,17188104.0,ERR14396586,50417.0,ERR14396587,30164.0,ERR14396588,1087.0,ftp://ftp.sra.ebi.ac.uk/vol1/fastq/ERR143/086/ERR14396586/ERR14396586_1.fastq.gz,ftp://ftp.sra.ebi.ac.uk/vol1/fastq/ERR143/087/ERR14396587/ERR14396587_1.fastq.gz,ftp://ftp.sra.ebi.ac.uk/vol1/fastq/ERR143/088/ERR14396588/ERR14396588_1.fastq.gz,ftp://ftp.sra.ebi.ac.uk/vol1/fastq/ERR156/055/ERR15628555/ERR15628555_1.fastq.gz,ftp://ftp.sra.ebi.ac.uk/vol1/fastq/ERR143/086/ERR14396586/ERR14396586_2.fastq.gz,ftp://ftp.sra.ebi.ac.uk/vol1/fastq/ERR143/087/ERR14396587/ERR14396587_2.fastq.gz,ftp://ftp.sra.ebi.ac.uk/vol1/fastq/ERR143/088/ERR14396588/ERR14396588_2.fastq.gz,ftp://ftp.sra.ebi.ac.uk/vol1/fastq/ERR156/055/ERR15628555/ERR15628555_2.fastq.gz
RCN25945,Laos,AmpSeqV2,Sensitive,Sensitive,Sensitive,Resistant,Resistant,Resistant,Sensitive,Sensitive,Resistant,Sensitive,ERR15628558,12742032.0,ERR14396595,63074.0,ERR14396596,27218.0,ERR14396597,735.0,ftp://ftp.sra.ebi.ac.uk/vol1/fastq/ERR143/095/ERR14396595/ERR14396595_1.fastq.gz,ftp://ftp.sra.ebi.ac.uk/vol1/fastq/ERR143/096/ERR14396596/ERR14396596_1.fastq.gz,ftp://ftp.sra.ebi.ac.uk/vol1/fastq/ERR143/097/ERR14396597/ERR14396597_1.fastq.gz,ftp://ftp.sra.ebi.ac.uk/vol1/fastq/ERR156/058/ERR15628558/ERR15628558_1.fastq.gz,ftp://ftp.sra.ebi.ac.uk/vol1/fastq/ERR143/095/ERR14396595/ERR14396595_2.fastq.gz,ftp://ftp.sra.ebi.ac.uk/vol1/fastq/ERR143/096/ERR14396596/ERR14396596_2.fastq.gz,ftp://ftp.sra.ebi.ac.uk/vol1/fastq/ERR143/097/ERR14396597/ERR14396597_2.fastq.gz,ftp://ftp.sra.ebi.ac.uk/vol1/fastq/ERR156/058/ERR15628558/ERR15628558_2.fastq.gz
RCN25946,Laos,AmpSeqV2,Resistant,Sensitive,Sensitive,Resistant,Resistant,Resistant,Sensitive,Sensitive,Resistant,Undetermined,ERR15628559,12205062.0,ERR14396598,5481.0,ERR14396599,29780.0,ERR14396600,583.0,ftp://ftp.sra.ebi.ac.uk/vol1/fastq/ERR143/098/ERR14396598/ERR14396598_1.fastq.gz,ftp://ftp.sra.ebi.ac.uk/vol1/fastq/ERR143/099/ERR14396599/ERR14396599_1.fastq.gz,ftp://ftp.sra.ebi.ac.uk/vol1/fastq/ERR143/000/ERR14396600/ERR14396600_1.fastq.gz,ftp://ftp.sra.ebi.ac.uk/vol1/fastq/ERR156/059/ERR15628559/ERR15628559_1.fastq.gz,ftp://ftp.sra.ebi.ac.uk/vol1/fastq/ERR143/098/ERR14396598/ERR14396598_2.fastq.gz,ftp://ftp.sra.ebi.ac.uk/vol1/fastq/ERR143/099/ERR14396599/ERR14396599_2.fastq.gz,ftp://ftp.sra.ebi.ac.uk/vol1/fastq/ERR143/000/ERR14396600/ERR14396600_2.fastq.gz,ftp://ftp.sra.ebi.ac.uk/vol1/fastq/ERR156/059/ERR15628559/ERR15628559_2.fastq.gz
RCN25956,Laos,AmpSeqV2,Sensitive,Sensitive,Sensitive,Resistant,Resistant,Sensitive,Sensitive,Sensitive,Resistant,Sensitive,ERR15628567,17140836.0,ERR14396619,96842.0,ERR14396620,34714.0,ERR14396621,1235.0,ftp://ftp.sra.ebi.ac.uk/vol1/fastq/ERR143/019/ERR14396619/ERR14396619_1.fastq.gz,ftp://ftp.sra.ebi.ac.uk/vol1/fastq/ERR143/020/ERR14396620/ERR14396620_1.fastq.gz,ftp://ftp.sra.ebi.ac.uk/vol1/fastq/ERR143/021/ERR14396621/ERR14396621_1.fastq.gz,ftp://ftp.sra.ebi.ac.uk/vol1/fastq/ERR156/067/ERR15628567/ERR15628567_1.fastq.gz,ftp://ftp.sra.ebi.ac.uk/vol1/fastq/ERR143/019/ERR14396619/ERR14396619_2.fastq.gz,ftp://ftp.sra.ebi.ac.uk/vol1/fastq/ERR143/020/ERR14396620/ERR14396620_2.fastq.gz,ftp://ftp.sra.ebi.ac.uk/vol1/fastq/ERR143/021/ERR14396621/ERR14396621_2.fastq.gz,ftp://ftp.sra.ebi.ac.uk/vol1/fastq/ERR156/067/ERR15628567/ERR15628567_2.fastq.gz
RCN25957,Laos,AmpSeqV2,Sensitive,Sensitive,Sensitive,Resistant,Resistant,Sensitive,Sensitive,Sensitive,Resistant,Sensitive,ERR15628568,16783328.0,ERR14396622,42584.0,ERR14396623,57827.0,ERR14396624,1316.0,ftp://ftp.sra.ebi.ac.uk/vol1/fastq/ERR143/022/ERR14396622/ERR14396622_1.fastq.gz,ftp://ftp.sra.ebi.ac.uk/vol1/fastq/ERR143/023/ERR14396623/ERR14396623_1.fastq.gz,ftp://ftp.sra.ebi.ac.uk/vol1/fastq/ERR143/024/ERR14396624/ERR14396624_1.fastq.gz,ftp://ftp.sra.ebi.ac.uk/vol1/fastq/ERR156/068/ERR15628568/ERR15628568_1.fastq.gz,ftp://ftp.sra.ebi.ac.uk/vol1/fastq/ERR143/022/ERR14396622/ERR14396622_2.fastq.gz,ftp://ftp.sra.ebi.ac.uk/vol1/fastq/ERR143/023/ERR14396623/ERR14396623_2.fastq.gz,ftp://ftp.sra.ebi.ac.uk/vol1/fastq/ERR143/024/ERR14396624/ERR14396624_2.fastq.gz,ftp://ftp.sra.ebi.ac.uk/vol1/fastq/ERR156/068/ERR15628568/ERR15628568_2.fastq.gz
RCN25958,Laos,AmpSeqV2,Sensitive,Sensitive,Sensitive,Resistant,Resistant,Sensitive,Sensitive,Sensitive,Resistant,Sensitive,ERR15628569,17015824.0,ERR14396625,35607.0,ERR14396626,57540.0,ERR14396627,1250.0,ftp://ftp.sra.ebi.ac.uk/vol1/fastq/ERR143/025/ERR14396625/ERR14396625_1.fastq.gz,ftp://ftp.sra.ebi.ac.uk/vol1/fastq/ERR143/026/ERR14396626/ERR14396626_1.fastq.gz,ftp://ftp.sra.ebi.ac.uk/vol1/fastq/ERR143/027/ERR14396627/ERR14396627_1.fastq.gz,ftp://ftp.sra.ebi.ac.uk/vol1/fastq/ERR156/069/ERR15628569/ERR15628569_1.fastq.gz,ftp://ftp.sra.ebi.ac.uk/vol1/fastq/ERR143/025/ERR14396625/ERR14396625_2.fastq.gz,ftp://ftp.sra.ebi.ac.uk/vol1/fastq/ERR143/026/ERR14396626/ERR14396626_2.fastq.gz,ftp://ftp.sra.ebi.ac.uk/vol1/fastq/ERR143/027/ERR14396627/ERR14396627_2.fastq.gz,ftp://ftp.sra.ebi.ac.uk/vol1/fastq/ERR156/069/ERR15628569/ERR15628569_2.fastq.gz
RCN25974,Laos,AmpSeqV2,Sensitive,Sensitive,Sensitive,Resistant,Resistant,Resistant,Sensitive,Sensitive,Sensitive,Sensitive,ERR15628584,14172682.0,ERR14396664,54062.0,ERR14396665,53534.0,ERR14396666,1147.0,ftp://ftp.sra.ebi.ac.uk/vol1/fastq/ERR143/064/ERR14396664/ERR14396664_1.fastq.gz,ftp://ftp.sra.ebi.ac.uk/vol1/fastq/ERR143/065/ERR14396665/ERR14396665_1.fastq.gz,ftp://ftp.sra.ebi.ac.uk/vol1/fastq/ERR143/066/ERR14396666/ERR14396666_1.fastq.gz,ftp://ftp.sra.ebi.ac.uk/vol1/fastq/ERR156/084/ERR15628584/ERR15628584_1.fastq.gz,ftp://ftp.sra.ebi.ac.uk/vol1/fastq/ERR143/064/ERR14396664/ERR14396664_2.fastq.gz,ftp://ftp.sra.ebi.ac.uk/vol1/fastq/ERR143/065/ERR14396665/ERR14396665_2.fastq.gz,ftp://ftp.sra.ebi.ac.uk/vol1/fastq/ERR143/066/ERR14396666/ERR14396666_2.fastq.gz,ftp://ftp.sra.ebi.ac.uk/vol1/fastq/ERR156/084/ERR15628584/ERR15628584_2.fastq.gz
RCN25976,Laos,AmpSeqV2,Sensitive,Sensitive,Sensitive,Resistant,Resistant,Sensitive,Sensitive,Sensitive,Sensitive,Sensitive,ERR15628586,16205105.0,ERR14396670,22702.0,ERR14396671,49230.0,ERR14396672,486.0,ftp://ftp.sra.ebi.ac.uk/vol1/fastq/ERR143/070/ERR14396670/ERR14396670_1.fastq.gz,ftp://ftp.sra.ebi.ac.uk/vol1/fastq/ERR143/071/ERR14396671/ERR14396671_1.fastq.gz,ftp://ftp.sra.ebi.ac.uk/vol1/fastq/ERR143/072/ERR14396672/ERR14396672_1.fastq.gz,ftp://ftp.sra.ebi.ac.uk/vol1/fastq/ERR156/086/ERR15628586/ERR15628586_1.fastq.gz,ftp://ftp.sra.ebi.ac.uk/vol1/fastq/ERR143/070/ERR14396670/ERR14396670_2.fastq.gz,ftp://ftp.sra.ebi.ac.uk/vol1/fastq/ERR143/071/ERR14396671/ERR14396671_2.fastq.gz,ftp://ftp.sra.ebi.ac.uk/vol1/fastq/ERR143/072/ERR14396672/ERR14396672_2.fastq.gz,ftp://ftp.sra.ebi.ac.uk/vol1/fastq/ERR156/086/ERR15628586/ERR15628586_2.fastq.gz
RCN25983,Laos,AmpSeqV2,Sensitive,Sensitive,Sensitive,Resistant,Resistant,Sensitive,Sensitive,Sensitive,Sensitive,Sensitive,ERR15628589,16596910.0,ERR14396685,14775.0,ERR14396686,41770.0,ERR14396687,754.0,ftp://ftp.sra.ebi.ac.uk/vol1/fastq/ERR143/085/ERR14396685/ERR14396685_1.fastq.gz,ftp://ftp.sra.ebi.ac.uk/vol1/fastq/ERR143/086/ERR14396686/ERR14396686_1.fastq.gz,ftp://ftp.sra.ebi.ac.uk/vol1/fastq/ERR143/087/ERR14396687/ERR14396687_1.fastq.gz,ftp://ftp.sra.ebi.ac.uk/vol1/fastq/ERR156/089/ERR15628589/ERR15628589_1.fastq.gz,ftp://ftp.sra.ebi.ac.uk/vol1/fastq/ERR143/085/ERR14396685/ERR14396685_2.fastq.gz,ftp://ftp.sra.ebi.ac.uk/vol1/fastq/ERR143/086/ERR14396686/ERR14396686_2.fastq.gz,ftp://ftp.sra.ebi.ac.uk/vol1/fastq/ERR143/087/ERR14396687/ERR14396687_2.fastq.gz,ftp://ftp.sra.ebi.ac.uk/vol1/fastq/ERR156/089/ERR15628589/ERR15628589_2.fastq.gz
RCN25989,Laos,AmpSeqV2,Sensitive,Sensitive,Sensitive,Resistant,Resistant,Resistant,Sensitive,Sensitive,Sensitive,Sensitive,ERR15628591,15131683.0,ERR14396700,72361.0,ERR14396701,49902.0,ERR14396702,1283.0,ftp://ftp.sra.ebi.ac.uk/vol1/fastq/ERR143/000/ERR14396700/ERR14396700_1.fastq.gz,ftp://ftp.sra.ebi.ac.uk/vol1/fastq/ERR143/001/ERR14396701/ERR14396701_1.fastq.gz,ftp://ftp.sra.ebi.ac.uk/vol1/fastq/ERR143/002/ERR14396702/ERR14396702_1.fastq.gz,ftp://ftp.sra.ebi.ac.uk/vol1/fastq/ERR156/091/ERR15628591/ERR15628591_1.fastq.gz,ftp://ftp.sra.ebi.ac.uk/vol1/fastq/ERR143/000/ERR14396700/ERR14396700_2.fastq.gz,ftp://ftp.sra.ebi.ac.uk/vol1/fastq/ERR143/001/ERR14396701/ERR14396701_2.fastq.gz,ftp://ftp.sra.ebi.ac.uk/vol1/fastq/ERR143/002/ERR14396702/ERR14396702_2.fastq.gz,ftp://ftp.sra.ebi.ac.uk/vol1/fastq/ERR156/091/ERR15628591/ERR15628591_2.fastq.gz
RCN25994,Laos,AmpSeqV2,Sensitive,Sensitive,Sensitive,Resistant,Resistant,Sensitive,Sensitive,Sensitive,Sensitive,Sensitive,ERR15628594,15583992.0,ERR14396709,31692.0,ERR14396710,30226.0,ERR14396711,779.0,ftp://ftp.sra.ebi.ac.uk/vol1/fastq/ERR143/009/ERR14396709/ERR14396709_1.fastq.gz,ftp://ftp.sra.ebi.ac.uk/vol1/fastq/ERR143/010/ERR14396710/ERR14396710_1.fastq.gz,ftp://ftp.sra.ebi.ac.uk/vol1/fastq/ERR143/011/ERR14396711/ERR14396711_1.fastq.gz,ftp://ftp.sra.ebi.ac.uk/vol1/fastq/ERR156/094/ERR15628594/ERR15628594_1.fastq.gz,ftp://ftp.sra.ebi.ac.uk/vol1/fastq/ERR143/009/ERR14396709/ERR14396709_2.fastq.gz,ftp://ftp.sra.ebi.ac.uk/vol1/fastq/ERR143/010/ERR14396710/ERR14396710_2.fastq.gz,ftp://ftp.sra.ebi.ac.uk/vol1/fastq/ERR143/011/ERR14396711/ERR14396711_2.fastq.gz,ftp://ftp.sra.ebi.ac.uk/vol1/fastq/ERR156/094/ERR15628594/ERR15628594_2.fastq.gz
RCN26582,Laos,AmpSeqV2,Resistant,Sensitive,Sensitive,Resistant,Resistant,Resistant,Sensitive,Sensitive,Resistant,Sensitive,ERR15628670,18051581.0,ERR14397105,54156.0,ERR14397106,48168.0,ERR14397107,1323.0,ftp://ftp.sra.ebi.ac.uk/vol1/fastq/ERR143/005/ERR14397105/ERR14397105_1.fastq.gz,ftp://ftp.sra.ebi.ac.uk/vol1/fastq/ERR143/006/ERR14397106/ERR14397106_1.fastq.gz,ftp://ftp.sra.ebi.ac.uk/vol1/fastq/ERR143/007/ERR14397107/ERR14397107_1.fastq.gz,ftp://ftp.sra.ebi.ac.uk/vol1/fastq/ERR156/070/ERR15628670/ERR15628670_1.fastq.gz,ftp://ftp.sra.ebi.ac.uk/vol1/fastq/ERR143/005/ERR14397105/ERR14397105_2.fastq.gz,ftp://ftp.sra.ebi.ac.uk/vol1/fastq/ERR143/006/ERR14397106/ERR14397106_2.fastq.gz,ftp://ftp.sra.ebi.ac.uk/vol1/fastq/ERR143/007/ERR14397107/ERR14397107_2.fastq.gz,ftp://ftp.sra.ebi.ac.uk/vol1/fastq/ERR156/070/ERR15628670/ERR15628670_2.fastq.gz
RCN26624,Laos,AmpSeqV2,Sensitive,Sensitive,Sensitive,Resistant,Resistant,Sensitive,Sensitive,Sensitive,Resistant,Sensitive,ERR15628691,14611856.0,ERR14397219,56923.0,ERR14397220,43715.0,ERR14397221,1018.0,ftp://ftp.sra.ebi.ac.uk/vol1/fastq/ERR143/019/ERR14397219/ERR14397219_1.fastq.gz,ftp://ftp.sra.ebi.ac.uk/vol1/fastq/ERR143/020/ERR14397220/ERR14397220_1.fastq.gz,ftp://ftp.sra.ebi.ac.uk/vol1/fastq/ERR143/021/ERR14397221/ERR14397221_1.fastq.gz,ftp://ftp.sra.ebi.ac.uk/vol1/fastq/ERR156/091/ERR15628691/ERR15628691_1.fastq.gz,ftp://ftp.sra.ebi.ac.uk/vol1/fastq/ERR143/019/ERR14397219/ERR14397219_2.fastq.gz,ftp://ftp.sra.ebi.ac.uk/vol1/fastq/ERR143/020/ERR14397220/ERR14397220_2.fastq.gz,ftp://ftp.sra.ebi.ac.uk/vol1/fastq/ERR143/021/ERR14397221/ERR14397221_2.fastq.gz,ftp://ftp.sra.ebi.ac.uk/vol1/fastq/ERR156/091/ERR15628691/ERR15628691_2.fastq.gz
RCN26637,Laos,AmpSeqV2,Resistant,Sensitive,Sensitive,Resistant,Resistant,Resistant,Sensitive,Sensitive,Resistant,Sensitive,ERR15628695,8161542.0,ERR14397252,43899.0,ERR14397253,41152.0,ERR14397254,1051.0,ftp://ftp.sra.ebi.ac.uk/vol1/fastq/ERR143/052/ERR14397252/ERR14397252_1.fastq.gz,ftp://ftp.sra.ebi.ac.uk/vol1/fastq/ERR143/053/ERR14397253/ERR14397253_1.fastq.gz,ftp://ftp.sra.ebi.ac.uk/vol1/fastq/ERR143/054/ERR14397254/ERR14397254_1.fastq.gz,ftp://ftp.sra.ebi.ac.uk/vol1/fastq/ERR156/095/ERR15628695/ERR15628695_1.fastq.gz,ftp://ftp.sra.ebi.ac.uk/vol1/fastq/ERR143/052/ERR14397252/ERR14397252_2.fastq.gz,ftp://ftp.sra.ebi.ac.uk/vol1/fastq/ERR143/053/ERR14397253/ERR14397253_2.fastq.gz,ftp://ftp.sra.ebi.ac.uk/vol1/fastq/ERR143/054/ERR14397254/ERR14397254_2.fastq.gz,ftp://ftp.sra.ebi.ac.uk/vol1/fastq/ERR156/095/ERR15628695/ERR15628695_2.fastq.gz
RCN26646,Laos,AmpSeqV2,Resistant,Resistant,Sensitive,Resistant,Resistant,Resistant,Resistant,Sensitive,Resistant,Undetermined,ERR15628699,8754228.0,ERR14397276,56968.0,ERR14397277,41827.0,ERR14397278,1033.0,ftp://ftp.sra.ebi.ac.uk/vol1/fastq/ERR143/076/ERR14397276/ERR14397276_1.fastq.gz,ftp://ftp.sra.ebi.ac.uk/vol1/fastq/ERR143/077/ERR14397277/ERR14397277_1.fastq.gz,ftp://ftp.sra.ebi.ac.uk/vol1/fastq/ERR143/078/ERR14397278/ERR14397278_1.fastq.gz,ftp://ftp.sra.ebi.ac.uk/vol1/fastq/ERR156/099/ERR15628699/ERR15628699_1.fastq.gz,ftp://ftp.sra.ebi.ac.uk/vol1/fastq/ERR143/076/ERR14397276/ERR14397276_2.fastq.gz,ftp://ftp.sra.ebi.ac.uk/vol1/fastq/ERR143/077/ERR14397277/ERR14397277_2.fastq.gz,ftp://ftp.sra.ebi.ac.uk/vol1/fastq/ERR143/078/ERR14397278/ERR14397278_2.fastq.gz,ftp://ftp.sra.ebi.ac.uk/vol1/fastq/ERR156/099/ERR15628699/ERR15628699_2.fastq.gz
RCN26647,Laos,AmpSeqV2,Resistant,Sensitive,Sensitive,Resistant,Resistant,Resistant,Sensitive,Sensitive,Resistant,Sensitive,ERR15628700,15050845.0,ERR14397279,46725.0,ERR14397280,23421.0,ERR14397281,828.0,ftp://ftp.sra.ebi.ac.uk/vol1/fastq/ERR143/079/ERR14397279/ERR14397279_1.fastq.gz,ftp://ftp.sra.ebi.ac.uk/vol1/fastq/ERR143/080/ERR14397280/ERR14397280_1.fastq.gz,ftp://ftp.sra.ebi.ac.uk/vol1/fastq/ERR143/081/ERR14397281/ERR14397281_1.fastq.gz,ftp://ftp.sra.ebi.ac.uk/vol1/fastq/ERR156/000/ERR15628700/ERR15628700_1.fastq.gz,ftp://ftp.sra.ebi.ac.uk/vol1/fastq/ERR143/079/ERR14397279/ERR14397279_2.fastq.gz,ftp://ftp.sra.ebi.ac.uk/vol1/fastq/ERR143/080/ERR14397280/ERR14397280_2.fastq.gz,ftp://ftp.sra.ebi.ac.uk/vol1/fastq/ERR143/081/ERR14397281/ERR14397281_2.fastq.gz,ftp://ftp.sra.ebi.ac.uk/vol1/fastq/ERR156/000/ERR15628700/ERR15628700_2.fastq.gz
RCN26663,Laos,AmpSeqV2,Sensitive,Sensitive,Sensitive,Resistant,Resistant,Sensitive,Sensitive,Sensitive,Resistant,Sensitive,ERR15628710,18256799.0,ERR14397318,56912.0,ERR14397319,43277.0,ERR14397320,1032.0,ftp://ftp.sra.ebi.ac.uk/vol1/fastq/ERR143/018/ERR14397318/ERR14397318_1.fastq.gz,ftp://ftp.sra.ebi.ac.uk/vol1/fastq/ERR143/019/ERR14397319/ERR14397319_1.fastq.gz,ftp://ftp.sra.ebi.ac.uk/vol1/fastq/ERR143/020/ERR14397320/ERR14397320_1.fastq.gz,ftp://ftp.sra.ebi.ac.uk/vol1/fastq/ERR156/010/ERR15628710/ERR15628710_1.fastq.gz,ftp://ftp.sra.ebi.ac.uk/vol1/fastq/ERR143/018/ERR14397318/ERR14397318_2.fastq.gz,ftp://ftp.sra.ebi.ac.uk/vol1/fastq/ERR143/019/ERR14397319/ERR14397319_2.fastq.gz,ftp://ftp.sra.ebi.ac.uk/vol1/fastq/ERR143/020/ERR14397320/ERR14397320_2.fastq.gz,ftp://ftp.sra.ebi.ac.uk/vol1/fastq/ERR156/010/ERR15628710/ERR15628710_2.fastq.gz
RCN26664,Laos,AmpSeqV2,Resistant,Sensitive,Sensitive,Resistant,Resistant,Resistant,Sensitive,Sensitive,Resistant,Sensitive,ERR15628711,16341183.0,ERR14397321,60427.0,ERR14397322,40825.0,ERR14397323,938.0,ftp://ftp.sra.ebi.ac.uk/vol1/fastq/ERR143/021/ERR14397321/ERR14397321_1.fastq.gz,ftp://ftp.sra.ebi.ac.uk/vol1/fastq/ERR143/022/ERR14397322/ERR14397322_1.fastq.gz,ftp://ftp.sra.ebi.ac.uk/vol1/fastq/ERR143/023/ERR14397323/ERR14397323_1.fastq.gz,ftp://ftp.sra.ebi.ac.uk/vol1/fastq/ERR156/011/ERR15628711/ERR15628711_1.fastq.gz,ftp://ftp.sra.ebi.ac.uk/vol1/fastq/ERR143/021/ERR14397321/ERR14397321_2.fastq.gz,ftp://ftp.sra.ebi.ac.uk/vol1/fastq/ERR143/022/ERR14397322/ERR14397322_2.fastq.gz,ftp://ftp.sra.ebi.ac.uk/vol1/fastq/ERR143/023/ERR14397323/ERR14397323_2.fastq.gz,ftp://ftp.sra.ebi.ac.uk/vol1/fastq/ERR156/011/ERR15628711/ERR15628711_2.fastq.gz
RCN26670,Laos,AmpSeqV2,Resistant,Sensitive,Sensitive,Resistant,Resistant,Resistant,Sensitive,Sensitive,Resistant,Undetermined,ERR15628714,10179276.0,ERR14397333,37201.0,ERR14397334,31959.0,ERR14397335,805.0,ftp://ftp.sra.ebi.ac.uk/vol1/fastq/ERR143/033/ERR14397333/ERR14397333_1.fastq.gz,ftp://ftp.sra.ebi.ac.uk/vol1/fastq/ERR143/034/ERR14397334/ERR14397334_1.fastq.gz,ftp://ftp.sra.ebi.ac.uk/vol1/fastq/ERR143/035/ERR14397335/ERR14397335_1.fastq.gz,ftp://ftp.sra.ebi.ac.uk/vol1/fastq/ERR156/014/ERR15628714/ERR15628714_1.fastq.gz,ftp://ftp.sra.ebi.ac.uk/vol1/fastq/ERR143/033/ERR14397333/ERR14397333_2.fastq.gz,ftp://ftp.sra.ebi.ac.uk/vol1/fastq/ERR143/034/ERR14397334/ERR14397334_2.fastq.gz,ftp://ftp.sra.ebi.ac.uk/vol1/fastq/ERR143/035/ERR14397335/ERR14397335_2.fastq.gz,ftp://ftp.sra.ebi.ac.uk/vol1/fastq/ERR156/014/ERR15628714/ERR15628714_2.fastq.gz
RCN26673,Laos,AmpSeqV2,Resistant,Sensitive,Sensitive,Resistant,Resistant,Resistant,Sensitive,Sensitive,Resistant,Sensitive,ERR15628717,22319294.0,ERR14397339,46139.0,ERR14397340,26149.0,ERR14397341,571.0,ftp://ftp.sra.ebi.ac.uk/vol1/fastq/ERR143/039/ERR14397339/ERR14397339_1.fastq.gz,ftp://ftp.sra.ebi.ac.uk/vol1/fastq/ERR143/040/ERR14397340/ERR14397340_1.fastq.gz,ftp://ftp.sra.ebi.ac.uk/vol1/fastq/ERR143/041/ERR14397341/ERR14397341_1.fastq.gz,ftp://ftp.sra.ebi.ac.uk/vol1/fastq/ERR156/017/ERR15628717/ERR15628717_1.fastq.gz,ftp://ftp.sra.ebi.ac.uk/vol1/fastq/ERR143/039/ERR14397339/ERR14397339_2.fastq.gz,ftp://ftp.sra.ebi.ac.uk/vol1/fastq/ERR143/040/ERR14397340/ERR14397340_2.fastq.gz,ftp://ftp.sra.ebi.ac.uk/vol1/fastq/ERR143/041/ERR14397341/ERR14397341_2.fastq.gz,ftp://ftp.sra.ebi.ac.uk/vol1/fastq/ERR156/017/ERR15628717/ERR15628717_2.fastq.gz
RCN26677,Laos,AmpSeqV2,Resistant,Sensitive,Sensitive,Resistant,Resistant,Resistant,Sensitive,Sensitive,Resistant,Sensitive,ERR15628719,17779062.0,ERR14397348,64566.0,ERR14397349,51696.0,ERR14397350,1011.0,ftp://ftp.sra.ebi.ac.uk/vol1/fastq/ERR143/048/ERR14397348/ERR14397348_1.fastq.gz,ftp://ftp.sra.ebi.ac.uk/vol1/fastq/ERR143/049/ERR14397349/ERR14397349_1.fastq.gz,ftp://ftp.sra.ebi.ac.uk/vol1/fastq/ERR143/050/ERR14397350/ERR14397350_1.fastq.gz,ftp://ftp.sra.ebi.ac.uk/vol1/fastq/ERR156/019/ERR15628719/ERR15628719_1.fastq.gz,ftp://ftp.sra.ebi.ac.uk/vol1/fastq/ERR143/048/ERR14397348/ERR14397348_2.fastq.gz,ftp://ftp.sra.ebi.ac.uk/vol1/fastq/ERR143/049/ERR14397349/ERR14397349_2.fastq.gz,ftp://ftp.sra.ebi.ac.uk/vol1/fastq/ERR143/050/ERR14397350/ERR14397350_2.fastq.gz,ftp://ftp.sra.ebi.ac.uk/vol1/fastq/ERR156/019/ERR15628719/ERR15628719_2.fastq.gz
RCN26683,Laos,AmpSeqV2,Resistant,Sensitive,Sensitive,Resistant,Resistant,Resistant,Sensitive,Sensitive,Resistant,Sensitive,ERR15628724,12004562.0,ERR14397366,44810.0,ERR14397367,20300.0,ERR14397368,738.0,ftp://ftp.sra.ebi.ac.uk/vol1/fastq/ERR143/066/ERR14397366/ERR14397366_1.fastq.gz,ftp://ftp.sra.ebi.ac.uk/vol1/fastq/ERR143/067/ERR14397367/ERR14397367_1.fastq.gz,ftp://ftp.sra.ebi.ac.uk/vol1/fastq/ERR143/068/ERR14397368/ERR14397368_1.fastq.gz,ftp://ftp.sra.ebi.ac.uk/vol1/fastq/ERR156/024/ERR15628724/ERR15628724_1.fastq.gz,ftp://ftp.sra.ebi.ac.uk/vol1/fastq/ERR143/066/ERR14397366/ERR14397366_2.fastq.gz,ftp://ftp.sra.ebi.ac.uk/vol1/fastq/ERR143/067/ERR14397367/ERR14397367_2.fastq.gz,ftp://ftp.sra.ebi.ac.uk/vol1/fastq/ERR143/068/ERR14397368/ERR14397368_2.fastq.gz,ftp://ftp.sra.ebi.ac.uk/vol1/fastq/ERR156/024/ERR15628724/ERR15628724_2.fastq.gz
RCN26709,Laos,AmpSeqV2,Sensitive,Sensitive,Sensitive,Undetermined,Resistant,Sensitive,Sensitive,Sensitive,Sensitive,Sensitive,ERR15628730,11119556.0,ERR14397426,57677.0,ERR14397427,46609.0,ERR14397428,711.0,ftp://ftp.sra.ebi.ac.uk/vol1/fastq/ERR143/026/ERR14397426/ERR14397426_1.fastq.gz,ftp://ftp.sra.ebi.ac.uk/vol1/fastq/ERR143/027/ERR14397427/ERR14397427_1.fastq.gz,ftp://ftp.sra.ebi.ac.uk/vol1/fastq/ERR143/028/ERR14397428/ERR14397428_1.fastq.gz,ftp://ftp.sra.ebi.ac.uk/vol1/fastq/ERR156/030/ERR15628730/ERR15628730_1.fastq.gz,ftp://ftp.sra.ebi.ac.uk/vol1/fastq/ERR143/026/ERR14397426/ERR14397426_2.fastq.gz,ftp://ftp.sra.ebi.ac.uk/vol1/fastq/ERR143/027/ERR14397427/ERR14397427_2.fastq.gz,ftp://ftp.sra.ebi.ac.uk/vol1/fastq/ERR143/028/ERR14397428/ERR14397428_2.fastq.gz,ftp://ftp.sra.ebi.ac.uk/vol1/fastq/ERR156/030/ERR15628730/ERR15628730_2.fastq.gz
RCN26728,Laos,AmpSeqV2,Resistant,Sensitive,Sensitive,Resistant,Resistant,Resistant,Sensitive,Sensitive,Resistant,Sensitive,ERR15628734,15198354.0,ERR14397474,54602.0,ERR14397475,46333.0,ERR14397476,757.0,ftp://ftp.sra.ebi.ac.uk/vol1/fastq/ERR143/074/ERR14397474/ERR14397474_1.fastq.gz,ftp://ftp.sra.ebi.ac.uk/vol1/fastq/ERR143/075/ERR14397475/ERR14397475_1.fastq.gz,ftp://ftp.sra.ebi.ac.uk/vol1/fastq/ERR143/076/ERR14397476/ERR14397476_1.fastq.gz,ftp://ftp.sra.ebi.ac.uk/vol1/fastq/ERR156/034/ERR15628734/ERR15628734_1.fastq.gz,ftp://ftp.sra.ebi.ac.uk/vol1/fastq/ERR143/074/ERR14397474/ERR14397474_2.fastq.gz,ftp://ftp.sra.ebi.ac.uk/vol1/fastq/ERR143/075/ERR14397475/ERR14397475_2.fastq.gz,ftp://ftp.sra.ebi.ac.uk/vol1/fastq/ERR143/076/ERR14397476/ERR14397476_2.fastq.gz,ftp://ftp.sra.ebi.ac.uk/vol1/fastq/ERR156/034/ERR15628734/ERR15628734_2.fastq.gz
RCN26735,Laos,AmpSeqV2,Sensitive,Sensitive,Sensitive,Resistant,Sensitive,Sensitive,Sensitive,Sensitive,Sensitive,Sensitive,ERR15628738,14023255.0,ERR14397489,56516.0,ERR14397490,47929.0,ERR14397491,1028.0,ftp://ftp.sra.ebi.ac.uk/vol1/fastq/ERR143/089/ERR14397489/ERR14397489_1.fastq.gz,ftp://ftp.sra.ebi.ac.uk/vol1/fastq/ERR143/090/ERR14397490/ERR14397490_1.fastq.gz,ftp://ftp.sra.ebi.ac.uk/vol1/fastq/ERR143/091/ERR14397491/ERR14397491_1.fastq.gz,ftp://ftp.sra.ebi.ac.uk/vol1/fastq/ERR156/038/ERR15628738/ERR15628738_1.fastq.gz,ftp://ftp.sra.ebi.ac.uk/vol1/fastq/ERR143/089/ERR14397489/ERR14397489_2.fastq.gz,ftp://ftp.sra.ebi.ac.uk/vol1/fastq/ERR143/090/ERR14397490/ERR14397490_2.fastq.gz,ftp://ftp.sra.ebi.ac.uk/vol1/fastq/ERR143/091/ERR14397491/ERR14397491_2.fastq.gz,ftp://ftp.sra.ebi.ac.uk/vol1/fastq/ERR156/038/ERR15628738/ERR15628738_2.fastq.gz
RCN26736,Laos,AmpSeqV2,Sensitive,Sensitive,Sensitive,Sensitive,Resistant,Sensitive,Sensitive,Sensitive,Sensitive,Sensitive,ERR15628739,13994934.0,ERR14397492,43602.0,ERR14397493,33614.0,ERR14397494,707.0,ftp://ftp.sra.ebi.ac.uk/vol1/fastq/ERR143/092/ERR14397492/ERR14397492_1.fastq.gz,ftp://ftp.sra.ebi.ac.uk/vol1/fastq/ERR143/093/ERR14397493/ERR14397493_1.fastq.gz,ftp://ftp.sra.ebi.ac.uk/vol1/fastq/ERR143/094/ERR14397494/ERR14397494_1.fastq.gz,ftp://ftp.sra.ebi.ac.uk/vol1/fastq/ERR156/039/ERR15628739/ERR15628739_1.fastq.gz,ftp://ftp.sra.ebi.ac.uk/vol1/fastq/ERR143/092/ERR14397492/ERR14397492_2.fastq.gz,ftp://ftp.sra.ebi.ac.uk/vol1/fastq/ERR143/093/ERR14397493/ERR14397493_2.fastq.gz,ftp://ftp.sra.ebi.ac.uk/vol1/fastq/ERR143/094/ERR14397494/ERR14397494_2.fastq.gz,ftp://ftp.sra.ebi.ac.uk/vol1/fastq/ERR156/039/ERR15628739/ERR15628739_2.fastq.gz
RCN26765,Laos,AmpSeqV2,Sensitive,Sensitive,Sensitive,Resistant,Resistant,Sensitive,Sensitive,Sensitive,Sensitive,Sensitive,ERR15628750,12355117.0,ERR14397540,44559.0,ERR14397541,49949.0,ERR14397542,847.0,ftp://ftp.sra.ebi.ac.uk/vol1/fastq/ERR143/040/ERR14397540/ERR14397540_1.fastq.gz,ftp://ftp.sra.ebi.ac.uk/vol1/fastq/ERR143/041/ERR14397541/ERR14397541_1.fastq.gz,ftp://ftp.sra.ebi.ac.uk/vol1/fastq/ERR143/042/ERR14397542/ERR14397542_1.fastq.gz,ftp://ftp.sra.ebi.ac.uk/vol1/fastq/ERR156/050/ERR15628750/ERR15628750_1.fastq.gz,ftp://ftp.sra.ebi.ac.uk/vol1/fastq/ERR143/040/ERR14397540/ERR14397540_2.fastq.gz,ftp://ftp.sra.ebi.ac.uk/vol1/fastq/ERR143/041/ERR14397541/ERR14397541_2.fastq.gz,ftp://ftp.sra.ebi.ac.uk/vol1/fastq/ERR143/042/ERR14397542/ERR14397542_2.fastq.gz,ftp://ftp.sra.ebi.ac.uk/vol1/fastq/ERR156/050/ERR15628750/ERR15628750_2.fastq.gz
RCN26767,Laos,AmpSeqV2,Resistant,Sensitive,Sensitive,Resistant,Resistant,Resistant,Sensitive,Sensitive,Resistant,Sensitive,ERR15628752,18788821.0,ERR14397546,56160.0,ERR14397547,43362.0,ERR14397548,766.0,ftp://ftp.sra.ebi.ac.uk/vol1/fastq/ERR143/046/ERR14397546/ERR14397546_1.fastq.gz,ftp://ftp.sra.ebi.ac.uk/vol1/fastq/ERR143/047/ERR14397547/ERR14397547_1.fastq.gz,ftp://ftp.sra.ebi.ac.uk/vol1/fastq/ERR143/048/ERR14397548/ERR14397548_1.fastq.gz,ftp://ftp.sra.ebi.ac.uk/vol1/fastq/ERR156/052/ERR15628752/ERR15628752_1.fastq.gz,ftp://ftp.sra.ebi.ac.uk/vol1/fastq/ERR143/046/ERR14397546/ERR14397546_2.fastq.gz,ftp://ftp.sra.ebi.ac.uk/vol1/fastq/ERR143/047/ERR14397547/ERR14397547_2.fastq.gz,ftp://ftp.sra.ebi.ac.uk/vol1/fastq/ERR143/048/ERR14397548/ERR14397548_2.fastq.gz,ftp://ftp.sra.ebi.ac.uk/vol1/fastq/ERR156/052/ERR15628752/ERR15628752_2.fastq.gz
RCN26775,Laos,AmpSeqV2,Sensitive,Sensitive,Sensitive,Resistant,Resistant,Sensitive,Sensitive,Sensitive,Sensitive,Sensitive,ERR15628753,13952241.0,ERR14397570,51605.0,ERR14397571,34119.0,ERR14397572,734.0,ftp://ftp.sra.ebi.ac.uk/vol1/fastq/ERR143/070/ERR14397570/ERR14397570_1.fastq.gz,ftp://ftp.sra.ebi.ac.uk/vol1/fastq/ERR143/071/ERR14397571/ERR14397571_1.fastq.gz,ftp://ftp.sra.ebi.ac.uk/vol1/fastq/ERR143/072/ERR14397572/ERR14397572_1.fastq.gz,ftp://ftp.sra.ebi.ac.uk/vol1/fastq/ERR156/053/ERR15628753/ERR15628753_1.fastq.gz,ftp://ftp.sra.ebi.ac.uk/vol1/fastq/ERR143/070/ERR14397570/ERR14397570_2.fastq.gz,ftp://ftp.sra.ebi.ac.uk/vol1/fastq/ERR143/071/ERR14397571/ERR14397571_2.fastq.gz,ftp://ftp.sra.ebi.ac.uk/vol1/fastq/ERR143/072/ERR14397572/ERR14397572_2.fastq.gz,ftp://ftp.sra.ebi.ac.uk/vol1/fastq/ERR156/053/ERR15628753/ERR15628753_2.fastq.gz
RCN26820,Laos,AmpSeqV2,Resistant,Sensitive,Sensitive,Resistant,Resistant,Resistant,Sensitive,Sensitive,Resistant,Sensitive,ERR15628764,14159323.0,ERR14397663,57296.0,ERR14397664,52385.0,ERR14397665,1201.0,ftp://ftp.sra.ebi.ac.uk/vol1/fastq/ERR143/063/ERR14397663/ERR14397663_1.fastq.gz,ftp://ftp.sra.ebi.ac.uk/vol1/fastq/ERR143/064/ERR14397664/ERR14397664_1.fastq.gz,ftp://ftp.sra.ebi.ac.uk/vol1/fastq/ERR143/065/ERR14397665/ERR14397665_1.fastq.gz,ftp://ftp.sra.ebi.ac.uk/vol1/fastq/ERR156/064/ERR15628764/ERR15628764_1.fastq.gz,ftp://ftp.sra.ebi.ac.uk/vol1/fastq/ERR143/063/ERR14397663/ERR14397663_2.fastq.gz,ftp://ftp.sra.ebi.ac.uk/vol1/fastq/ERR143/064/ERR14397664/ERR14397664_2.fastq.gz,ftp://ftp.sra.ebi.ac.uk/vol1/fastq/ERR143/065/ERR14397665/ERR14397665_2.fastq.gz,ftp://ftp.sra.ebi.ac.uk/vol1/fastq/ERR156/064/ERR15628764/ERR15628764_2.fastq.gz
RCN26886,Laos,AmpSeqV2,Resistant,Sensitive,Sensitive,Resistant,Resistant,Resistant,Sensitive,Sensitive,Resistant,Sensitive,ERR15628789,11125400.0,ERR14397837,3713.0,ERR14397838,26113.0,ERR14397839,676.0,ftp://ftp.sra.ebi.ac.uk/vol1/fastq/ERR143/037/ERR14397837/ERR14397837_1.fastq.gz,ftp://ftp.sra.ebi.ac.uk/vol1/fastq/ERR143/038/ERR14397838/ERR14397838_1.fastq.gz,ftp://ftp.sra.ebi.ac.uk/vol1/fastq/ERR143/039/ERR14397839/ERR14397839_1.fastq.gz,ftp://ftp.sra.ebi.ac.uk/vol1/fastq/ERR156/089/ERR15628789/ERR15628789_1.fastq.gz,ftp://ftp.sra.ebi.ac.uk/vol1/fastq/ERR143/037/ERR14397837/ERR14397837_2.fastq.gz,ftp://ftp.sra.ebi.ac.uk/vol1/fastq/ERR143/038/ERR14397838/ERR14397838_2.fastq.gz,ftp://ftp.sra.ebi.ac.uk/vol1/fastq/ERR143/039/ERR14397839/ERR14397839_2.fastq.gz,ftp://ftp.sra.ebi.ac.uk/vol1/fastq/ERR156/089/ERR15628789/ERR15628789_2.fastq.gz
RCN26932,Laos,AmpSeqV2,Resistant,Sensitive,Sensitive,Resistant,Resistant,Resistant,Sensitive,Sensitive,Resistant,Sensitive,ERR15628798,7910579.0,ERR14397975,41980.0,ERR14397976,34576.0,ERR14397977,890.0,ftp://ftp.sra.ebi.ac.uk/vol1/fastq/ERR143/075/ERR14397975/ERR14397975_1.fastq.gz,ftp://ftp.sra.ebi.ac.uk/vol1/fastq/ERR143/076/ERR14397976/ERR14397976_1.fastq.gz,ftp://ftp.sra.ebi.ac.uk/vol1/fastq/ERR143/077/ERR14397977/ERR14397977_1.fastq.gz,ftp://ftp.sra.ebi.ac.uk/vol1/fastq/ERR156/098/ERR15628798/ERR15628798_1.fastq.gz,ftp://ftp.sra.ebi.ac.uk/vol1/fastq/ERR143/075/ERR14397975/ERR14397975_2.fastq.gz,ftp://ftp.sra.ebi.ac.uk/vol1/fastq/ERR143/076/ERR14397976/ERR14397976_2.fastq.gz,ftp://ftp.sra.ebi.ac.uk/vol1/fastq/ERR143/077/ERR14397977/ERR14397977_2.fastq.gz,ftp://ftp.sra.ebi.ac.uk/vol1/fastq/ERR156/098/ERR15628798/ERR15628798_2.fastq.gz
RCN26938,Laos,AmpSeqV2,Resistant,Sensitive,Sensitive,Resistant,Resistant,Resistant,Sensitive,Sensitive,Resistant,Sensitive,ERR15628802,9683996.0,ERR14397990,61156.0,ERR14397991,54973.0,ERR14397992,1527.0,ftp://ftp.sra.ebi.ac.uk/vol1/fastq/ERR143/090/ERR14397990/ERR14397990_1.fastq.gz,ftp://ftp.sra.ebi.ac.uk/vol1/fastq/ERR143/091/ERR14397991/ERR14397991_1.fastq.gz,ftp://ftp.sra.ebi.ac.uk/vol1/fastq/ERR143/092/ERR14397992/ERR14397992_1.fastq.gz,ftp://ftp.sra.ebi.ac.uk/vol1/fastq/ERR156/002/ERR15628802/ERR15628802_1.fastq.gz,ftp://ftp.sra.ebi.ac.uk/vol1/fastq/ERR143/090/ERR14397990/ERR14397990_2.fastq.gz,ftp://ftp.sra.ebi.ac.uk/vol1/fastq/ERR143/091/ERR14397991/ERR14397991_2.fastq.gz,ftp://ftp.sra.ebi.ac.uk/vol1/fastq/ERR143/092/ERR14397992/ERR14397992_2.fastq.gz,ftp://ftp.sra.ebi.ac.uk/vol1/fastq/ERR156/002/ERR15628802/ERR15628802_2.fastq.gz
RCN26946,Laos,AmpSeqV2,Resistant,Sensitive,Sensitive,Resistant,Resistant,Resistant,Sensitive,Sensitive,Resistant,Undetermined,ERR15628806,10168998.0,ERR14398014,44829.0,ERR14398015,39055.0,ERR14398016,1096.0,ftp://ftp.sra.ebi.ac.uk/vol1/fastq/ERR143/014/ERR14398014/ERR14398014_1.fastq.gz,ftp://ftp.sra.ebi.ac.uk/vol1/fastq/ERR143/015/ERR14398015/ERR14398015_1.fastq.gz,ftp://ftp.sra.ebi.ac.uk/vol1/fastq/ERR143/016/ERR14398016/ERR14398016_1.fastq.gz,ftp://ftp.sra.ebi.ac.uk/vol1/fastq/ERR156/006/ERR15628806/ERR15628806_1.fastq.gz,ftp://ftp.sra.ebi.ac.uk/vol1/fastq/ERR143/014/ERR14398014/ERR14398014_2.fastq.gz,ftp://ftp.sra.ebi.ac.uk/vol1/fastq/ERR143/015/ERR14398015/ERR14398015_2.fastq.gz,ftp://ftp.sra.ebi.ac.uk/vol1/fastq/ERR143/016/ERR14398016/ERR14398016_2.fastq.gz,ftp://ftp.sra.ebi.ac.uk/vol1/fastq/ERR156/006/ERR15628806/ERR15628806_2.fastq.gz
RCN26952,Laos,AmpSeqV2,Resistant,Sensitive,Sensitive,Resistant,Resistant,Resistant,Sensitive,Sensitive,Resistant,Sensitive,ERR15628810,13598768.0,ERR14398026,65011.0,ERR14398027,87031.0,ERR14398028,986.0,ftp://ftp.sra.ebi.ac.uk/vol1/fastq/ERR143/026/ERR14398026/ERR14398026_1.fastq.gz,ftp://ftp.sra.ebi.ac.uk/vol1/fastq/ERR143/027/ERR14398027/ERR14398027_1.fastq.gz,ftp://ftp.sra.ebi.ac.uk/vol1/fastq/ERR143/028/ERR14398028/ERR14398028_1.fastq.gz,ftp://ftp.sra.ebi.ac.uk/vol1/fastq/ERR156/010/ERR15628810/ERR15628810_1.fastq.gz,ftp://ftp.sra.ebi.ac.uk/vol1/fastq/ERR143/026/ERR14398026/ERR14398026_2.fastq.gz,ftp://ftp.sra.ebi.ac.uk/vol1/fastq/ERR143/027/ERR14398027/ERR14398027_2.fastq.gz,ftp://ftp.sra.ebi.ac.uk/vol1/fastq/ERR143/028/ERR14398028/ERR14398028_2.fastq.gz,ftp://ftp.sra.ebi.ac.uk/vol1/fastq/ERR156/010/ERR15628810/ERR15628810_2.fastq.gz
RCN26953,Laos,AmpSeqV2,Resistant,Sensitive,Sensitive,Resistant,Resistant,Resistant,Sensitive,Sensitive,Resistant,Sensitive,ERR15628812,9628720.0,ERR14398029,32923.0,ERR14398030,38511.0,ERR14398031,1168.0,ftp://ftp.sra.ebi.ac.uk/vol1/fastq/ERR143/029/ERR14398029/ERR14398029_1.fastq.gz,ftp://ftp.sra.ebi.ac.uk/vol1/fastq/ERR143/030/ERR14398030/ERR14398030_1.fastq.gz,ftp://ftp.sra.ebi.ac.uk/vol1/fastq/ERR143/031/ERR14398031/ERR14398031_1.fastq.gz,ftp://ftp.sra.ebi.ac.uk/vol1/fastq/ERR156/012/ERR15628812/ERR15628812_1.fastq.gz,ftp://ftp.sra.ebi.ac.uk/vol1/fastq/ERR143/029/ERR14398029/ERR14398029_2.fastq.gz,ftp://ftp.sra.ebi.ac.uk/vol1/fastq/ERR143/030/ERR14398030/ERR14398030_2.fastq.gz,ftp://ftp.sra.ebi.ac.uk/vol1/fastq/ERR143/031/ERR14398031/ERR14398031_2.fastq.gz,ftp://ftp.sra.ebi.ac.uk/vol1/fastq/ERR156/012/ERR15628812/ERR15628812_2.fastq.gz
